RX1 Comdty,,,,,
Date,Open Price  (L1),Low Price  (R1),Last Price  (R2),RX1 Comdty - High Price,RX1 Comdty - Volume
9/23/2025,128.26,128.13,128.24,128.41,937447
9/22/2025,128.19,128.01,128.26,128.41,826943
9/19/2025,128.48,128.16,128.18,128.49,790612
9/18/2025,128.76,128.42,128.51,129.02,1082455
9/17/2025,128.75,128.71,128.91,129.13,938292
9/16/2025,128.64,128.49,128.71,128.9,883979
9/15/2025,128.6,128.53,128.73,128.82,697630
9/12/2025,129.08,128.51,128.56,129.09,1037250
9/11/2025,129.18,128.75,129.1,129.38,1131808
9/10/2025,129.13,128.97,129.14,129.44,823050
9/9/2025,129.21,128.97,129.03,129.28,971948
9/8/2025,129.99,129.97,130.06,130.2,14038
9/5/2025,129.59,129.52,130.1,130.22,112777
9/4/2025,129.3,129.27,129.46,129.7,848353
9/3/2025,128.8,128.63,129.22,129.34,1848589
9/2/2025,129.2,128.68,128.81,129.24,1932277
9/1/2025,129.47,129.07,129.18,129.5,1085506
8/29/2025,129.64,129.42,129.55,129.77,951690
8/28/2025,129.68,129.5,129.69,129.9,873734
8/27/2025,129.46,129.33,129.78,129.83,1064178
8/26/2025,129.25,129.15,129.43,129.5,1005656
8/25/2025,129.28,128.84,128.99,129.31,677291
8/22/2025,129.12,128.94,129.44,129.55,723693
8/21/2025,129.36,128.97,129.05,129.55,879014
8/20/2025,129.04,128.88,129.46,129.49,744057
8/19/2025,129.04,128.73,129.07,129.15,771854
8/18/2025,128.7,128.7,128.83,129.18,784173
8/15/2025,129.56,128.64,128.8,129.62,830187
8/14/2025,129.82,129.44,129.51,130.06,739842
8/13/2025,129.15,129.06,129.83,129.85,776308
8/12/2025,129.57,128.98,129.11,129.7,804348
8/11/2025,129.71,129.57,129.62,130,440917
8/8/2025,130.26,129.62,129.73,130.26,628635
8/7/2025,130.07,129.91,130.23,130.37,844996
8/6/2025,130.34,129.79,130.18,130.41,631692
8/5/2025,130.44,130.1,130.35,130.6,725246
8/4/2025,130.06,129.5,130.27,130.44,736361
8/1/2025,129.43,129.12,129.8,130.21,1248702
7/31/2025,129.51,129.46,129.7,129.83,906210
7/30/2025,129.71,129.39,129.53,129.84,811810
7/29/2025,129.64,129.41,129.66,129.76,714523
7/28/2025,129.22,129.12,129.73,129.79,793757
7/25/2025,129.61,128.84,129.32,129.62,1034733
7/24/2025,129.97,129.44,129.58,130,1143399
7/23/2025,130.56,129.77,130.58,130.63,956921
7/22/2025,130.39,130.24,130.74,130.76,728411
7/21/2025,129.77,129.73,130.45,130.48,740490
7/18/2025,129.73,129.49,129.55,129.82,547847
7/17/2025,129.76,129.38,129.83,129.92,801787
7/16/2025,129.43,129.19,129.62,129.79,935623
7/15/2025,129.34,129.19,129.46,129.83,875957
7/14/2025,129.26,129.08,129.18,129.41,677788
7/11/2025,129.55,129.12,129.17,129.74,784802
7/10/2025,130,129.38,129.45,130.08,800955
7/9/2025,129.68,129.54,129.79,129.98,772595
7/8/2025,130.04,129.39,129.64,130.1,1055863
7/7/2025,130.55,130.02,130.06,130.62,720031
7/4/2025,130.32,130.31,130.51,130.76,521314
7/3/2025,129.93,129.84,130.33,130.42,1021582
7/2/2025,130.48,129.77,129.95,130.5,1144054
7/1/2025,130.21,130.18,130.49,130.73,940847
6/30/2025,130.2,130,130.15,130.52,900508
6/27/2025,130.52,130.05,130.12,130.66,905098
6/26/2025,130.52,130.38,130.49,130.8,759734
6/25/2025,130.62,130.31,130.46,131.12,899474
6/24/2025,130.77,130.35,130.84,131.18,1211596
6/23/2025,130.84,130.47,131.07,131.2,852267
6/20/2025,131,130.73,130.93,131.33,666673
6/19/2025,131.05,130.73,130.96,131.17,604829
6/18/2025,130.86,130.58,131.16,131.27,798538
6/17/2025,130.8,130.49,130.76,131.14,790579
6/16/2025,130.64,130.17,130.85,130.96,822519
6/13/2025,131.47,130.63,130.78,131.95,898966
6/12/2025,130.82,130.73,131.32,131.49,1008084
6/11/2025,130.89,130.53,130.8,130.97,954745
6/10/2025,130.48,130.37,130.83,130.96,783806
6/9/2025,130.26,130.13,130.3,130.99,731760
6/6/2025,130.5,130.44,130.78,130.92,8976
6/5/2025,131.25,130.28,130.34,131.64,140810
6/4/2025,131.27,130.94,131.07,131.39,974692
6/3/2025,131.17,131.05,131.3,131.49,1721448
6/2/2025,131.26,130.72,131.13,131.29,1619751
5/30/2025,131.2,130.94,131.21,131.44,1227213
5/29/2025,130.71,130.39,131.2,131.31,872306
5/28/2025,130.99,130.7,130.83,131.01,938772
5/27/2025,130.75,130.75,130.95,131.22,961615
5/26/2025,130.29,130.15,130.73,130.78,382879
5/23/2025,129.99,129.85,130.65,130.94,1236055
5/22/2025,129.61,129.49,129.85,130.04,1069937
5/21/2025,130.26,129.59,129.89,130.27,1083295
5/20/2025,130.61,129.99,130.24,130.75,1127831
5/19/2025,130.2,129.72,130.54,130.6,996239
5/16/2025,130.16,130.11,130.42,130.65,819430
5/15/2025,129.15,129.13,129.93,130.15,1013218
5/14/2025,129.45,129.15,129.39,129.68,1001962
5/13/2025,129.67,129.37,129.56,129.71,1095454
5/12/2025,130.49,129.59,129.78,130.5,1159826
5/9/2025,130.86,130.38,130.76,130.86,811258
5/8/2025,131.61,130.77,131.17,131.65,779854
5/7/2025,130.93,130.79,131.51,131.72,910022
5/6/2025,130.95,130.66,130.91,131.08,1025496
5/5/2025,130.96,130.69,131.06,131.24,470478
5/2/2025,131.75,130.83,131.05,131.81,832989
4/30/2025,131.4,131.33,131.78,131.95,1086233
4/29/2025,131.22,131.16,131.39,131.46,989743
4/28/2025,131.7,131.02,131.27,131.76,857072
4/25/2025,131.91,131.5,131.59,131.93,636017
4/24/2025,131.42,131.32,131.88,131.94,911857
4/23/2025,131.85,131.11,131.26,131.93,1125066
4/22/2025,131.5,131.46,131.95,132.01,837712
4/17/2025,131.25,130.87,131.71,131.83,970352
4/16/2025,131.02,131.02,131.26,131.52,981257
4/15/2025,131.34,130.75,130.86,131.57,912385
4/14/2025,130.48,130.34,131.04,131.47,813062
4/11/2025,130.15,129.92,130.98,131.42,1423870
4/10/2025,129.26,129.02,130.36,130.73,1585012
4/9/2025,129.92,128.6,130.57,130.75,1994577
4/8/2025,130.02,129.46,129.95,130.58,1532455
4/7/2025,131.23,129.11,130.36,132.03,2299134
4/4/2025,129.83,129.78,130.52,131.48,2599339
4/3/2025,129.75,129.43,129.84,129.94,1668606
4/2/2025,129.16,128.75,129.08,129.62,1176971
4/1/2025,128.78,128.68,129.27,129.6,1090940
3/31/2025,129.12,128.61,128.83,129.59,1334330
3/28/2025,128.47,128.47,128.84,129.07,1110872
3/27/2025,128.51,128.19,128.35,128.69,1031391
3/26/2025,128.05,127.96,128.15,128.47,1106663
3/25/2025,128.25,127.74,128.13,128.35,975571
3/24/2025,128.29,128.04,128.27,128.46,868938
3/21/2025,128.27,128.15,128.48,128.63,828410
3/20/2025,128.5,128.14,128.18,128.62,1010908
3/19/2025,127.96,127.88,128.11,128.66,953383
3/18/2025,127.74,127.45,127.87,128.08,881474
3/17/2025,127.38,127.2,127.98,128.05,988348
3/14/2025,127.51,126.64,127.23,127.58,1258879
3/13/2025,127.13,126.81,127.44,127.65,1256552
3/12/2025,126.75,126.62,127.08,127.32,1365380
3/11/2025,127.93,126.53,127.07,128.3,1528357
3/10/2025,127.5,127.21,127.83,128.33,1381075
3/7/2025,127.83,127.18,127.66,128.29,1741594
3/6/2025,128.57,127.53,128.47,128.57,14724
3/5/2025,130.55,128.72,129.05,130.82,282086
3/4/2025,132.61,130.67,132.24,132.85,2242823
3/3/2025,132.72,131.79,132.01,132.94,2621474
2/28/2025,132.94,132.94,133.19,133.46,1933900
2/27/2025,132.86,132.49,132.89,132.97,1844214
2/26/2025,132.47,132.24,132.67,132.97,1063464
2/25/2025,131.9,131.87,132.48,132.59,1427516
2/24/2025,132.3,131.83,132.4,132.5,1265834
2/21/2025,131.59,131.56,132.38,132.6,1229491
2/20/2025,131.47,131.3,131.6,131.67,974956
2/19/2025,131.87,131.26,131.51,131.94,1297966
2/18/2025,132.12,131.72,132.1,132.16,961216
2/17/2025,132.51,131.98,132.22,132.58,1003196
2/14/2025,132.87,132.54,132.85,132.94,1039181
2/13/2025,132.26,132.19,132.85,132.97,1174516
2/12/2025,132.72,132.1,132.15,132.79,1237278
2/11/2025,133.51,132.64,132.7,133.53,1105555
2/10/2025,133.4,133.21,133.5,133.61,791974
2/7/2025,133.42,132.95,133.25,133.69,1102823
2/6/2025,133.45,133.13,133.41,133.61,1263898
2/5/2025,133.24,133.18,133.55,133.71,1113789
2/4/2025,132.93,132.72,133.12,133.29,1194412
2/3/2025,132.47,132.41,133.29,133.58,1528424
1/31/2025,131.89,131.62,132.52,132.58,1545765
1/30/2025,131.29,131.26,131.9,132.12,1083572
1/29/2025,131.57,131.07,131.34,131.81,989506
1/28/2025,131.5,131.35,131.41,131.67,1020407
1/27/2025,131.38,131.38,131.63,132.14,1303072
1/24/2025,131.6,131,131.25,131.75,1029869
1/23/2025,131.75,131.34,131.56,131.91,1110888
1/22/2025,131.85,131.65,131.85,132.22,1082829
1/21/2025,131.95,131.65,131.94,132.15,994302
1/20/2025,131.71,131.5,131.84,131.9,727818
1/17/2025,131.59,131.5,131.78,131.97,926054
1/16/2025,131.47,131,131.51,131.69,1200067
1/15/2025,130.32,130.32,131.46,131.63,1298392
1/14/2025,130.93,130.28,130.47,131.09,1121276
1/13/2025,130.79,130.57,130.82,130.98,1049795
1/10/2025,131.35,130.7,131.12,131.37,1181245
1/9/2025,131.56,131.3,131.48,131.71,1203959
1/8/2025,131.9,131.33,131.72,132.14,1376072
1/7/2025,132.31,131.9,132,132.44,1147666
1/6/2025,132.42,132.11,132.26,132.57,988391
1/3/2025,133.29,132.48,132.64,133.48,703964
1/2/2025,132.94,132.9,133.29,133.86,820703
12/30/2024,132.8,132.71,133.44,133.48,543887
12/27/2024,133.71,132.81,133.02,133.79,540194
12/23/2024,134.06,133.61,133.73,134.06,380486
12/20/2024,133.96,133.81,134.14,134.29,589675
12/19/2024,134.05,133.72,133.91,134.27,900389
12/18/2024,134.73,134.03,134.62,134.82,671398
12/17/2024,134.74,134.46,134.84,134.94,707777
12/16/2024,134.44,134.43,134.73,134.83,668369
12/13/2024,134.86,134.39,134.64,135.15,879124
12/12/2024,135.85,134.82,135.35,136.01,1139573
12/11/2024,136.01,135.79,135.95,136.36,903886
12/10/2024,136.02,135.75,135.95,136.26,809535
12/9/2024,136.25,135.98,136.02,136.47,620744
12/6/2024,134.73,134.35,134.4,134.86,9108
12/5/2024,135.14,134.41,134.47,135.26,154459
12/4/2024,134.99,134.66,135.08,135.28,1198874
12/3/2024,135.36,134.95,135.12,135.45,2002435
12/2/2024,134.85,134.79,135.33,135.46,2369343
11/29/2024,134.37,134.34,134.78,134.94,1381715
11/28/2024,133.91,133.88,134.37,134.49,812083
11/27/2024,133.87,133.75,133.97,134.33,1369225
11/26/2024,133.57,133.42,133.57,133.99,1048094
11/25/2024,133.31,133.06,133.61,133.7,1086463
11/22/2024,132.39,132.14,133.11,133.32,1246179
11/21/2024,131.96,131.9,132.48,132.71,1155768
11/20/2024,132.18,131.7,132.08,132.28,987910
11/19/2024,132.06,132.06,132.33,132.99,1267913
11/18/2024,132.28,131.51,131.94,132.4,823054
11/15/2024,132.08,131.79,132.2,132.46,937479
11/14/2024,131.47,131.28,132.14,132.37,1077146
11/13/2024,131.73,131.41,131.83,132.11,1171307
11/12/2024,132.51,131.68,132.29,132.74,1006470
11/11/2024,132.13,131.97,132.51,132.61,696111
11/8/2024,131.46,131.39,132.08,132.33,996987
11/7/2024,131.53,130.68,131.42,131.69,1599903
11/6/2024,131.85,130.58,131.73,132.22,1620587
11/5/2024,131.74,131.24,131.45,131.86,1013007
11/4/2024,131.83,131.26,131.8,131.92,934195
11/1/2024,131.66,131.45,131.64,132.19,1121297
10/31/2024,131.49,131.15,131.8,131.93,1860968
10/30/2024,132.87,131.49,131.97,133.02,1632594
10/29/2024,133.17,132.44,132.51,133.25,1086815
10/28/2024,132.64,132.37,133.02,133.41,957100
10/25/2024,133.28,132.77,133.1,133.49,937983
10/24/2024,132.75,132.67,133.51,133.54,1226791
10/23/2024,132.88,132.59,132.71,132.95,1200170
10/22/2024,133.07,132.58,132.83,133.14,1367293
10/21/2024,134.05,133.06,133.16,134.18,1154139
10/18/2024,134.01,133.67,134.19,134.25,895826
10/17/2024,134.08,133.72,133.84,134.17,1186612
10/16/2024,133.76,133.68,134.2,134.25,926447
10/15/2024,133.33,133.3,133.75,133.79,983584
10/14/2024,133.2,133,133.14,133.41,608415
10/11/2024,133.49,132.92,133.15,133.57,895994
10/10/2024,133.19,132.75,133.29,133.5,1040934
10/9/2024,133.59,133.17,133.41,133.76,852977
10/8/2024,133.6,133.33,133.45,133.8,992127
10/7/2024,133.86,133.4,133.44,134.03,1033487
10/4/2024,134.59,133.64,133.92,134.63,1228084
10/3/2024,135.11,134.46,134.8,135.24,1193711
10/2/2024,135.87,135.04,135.14,135.92,1131649
10/1/2024,134.98,134.91,135.88,136.2,1476306
9/30/2024,134.99,134.45,134.92,135.13,1271054
9/27/2024,134.54,134.31,134.81,135.19,1189391
9/26/2024,134.48,134.39,134.49,135.03,1209299
9/25/2024,134.86,134.34,134.44,134.98,1032680
9/24/2024,134.75,134.23,134.95,135.01,1275607
9/23/2024,134.16,134.02,134.5,134.82,1214018
9/20/2024,134.29,133.92,133.93,134.53,933186
9/19/2024,134.13,133.99,134.32,134.4,1091561
9/18/2024,134.75,134.12,134.32,134.86,941302
9/17/2024,134.99,134.69,134.81,135.39,941938
9/16/2024,134.8,134.63,135.04,135.09,768417
9/13/2024,134.85,134.62,134.72,135.19,754199
9/12/2024,135.12,134.57,134.73,135.35,1110409
9/11/2024,134.89,134.67,135.36,135.49,1201095
9/10/2024,134.57,134.37,134.77,135.04,998389
9/9/2024,134.1,133.79,134.56,134.62,843304
9/6/2024,134.67,134.64,135.08,135.11,9324
9/5/2024,134.61,134.32,134.52,134.77,150817
9/4/2024,134.03,134.03,134.54,134.71,993281
9/3/2024,133.33,133.21,133.93,134.13,1721705
9/2/2024,133.58,133.16,133.28,133.62,1279568
8/30/2024,133.94,133.5,133.91,134.19,1107966
8/29/2024,134.01,133.79,133.88,134.49,1266188
8/28/2024,133.99,133.89,134.09,134.39,773877
8/27/2024,134.26,133.66,133.87,134.28,885263
8/26/2024,134.62,134.04,134.32,134.7,600525
8/23/2024,134.26,134.07,134.55,134.59,643023
8/22/2024,134.76,134.11,134.25,135.08,788636
8/21/2024,134.75,134.47,134.79,134.99,787757
8/20/2024,134.19,134.09,134.63,134.68,701611
8/19/2024,134.14,134.09,134.15,134.62,505866
8/16/2024,134.23,134.14,134.26,134.65,542253
8/15/2024,134.89,134.08,134.13,135.07,603647
8/14/2024,134.93,134.56,135.09,135.17,690667
8/13/2024,134.58,134.47,135.06,135.08,617070
8/12/2024,134.45,134.27,134.41,134.69,493490
8/9/2024,134.27,134.18,134.58,134.7,513278
8/8/2024,134.36,133.97,134.12,134.72,772324
8/7/2024,134.71,133.94,134.12,134.84,974925
8/6/2024,134.74,134.45,135.03,135.59,1107569
8/5/2024,135.49,134.88,135.19,136.28,1435400
8/2/2024,134.39,134.39,135.22,135.5,1398136
8/1/2024,133.97,133.77,134.46,134.54,1047082
7/31/2024,133.41,133.36,133.73,134.05,1046073
7/30/2024,133.19,133.06,133.38,133.6,730865
7/29/2024,132.77,132.72,133.18,133.36,718030
7/26/2024,132.43,132.08,132.72,132.88,821210
7/25/2024,131.96,131.95,132.64,132.92,1102341
7/24/2024,132.13,131.91,132.34,132.66,963072
7/23/2024,131.81,131.71,132.3,132.39,727180
7/22/2024,132.12,131.62,131.93,132.29,583367
7/19/2024,132.32,131.93,132.1,132.54,522547
7/18/2024,132.5,132.15,132.63,132.73,830808
7/17/2024,132.49,132.25,132.49,132.66,737896
7/16/2024,131.88,131.88,132.38,132.57,775393
7/15/2024,131.56,131.39,131.96,132.1,755161
7/12/2024,131.69,131.36,131.73,131.86,658502
7/11/2024,131.33,131.05,132.06,132.08,905446
7/10/2024,130.98,130.95,131.3,131.55,759528
7/9/2024,131.26,130.78,130.86,131.31,851750
7/8/2024,131.12,130.74,131.28,131.39,773647
7/5/2024,130.61,130.44,131.09,131.14,785973
7/4/2024,130.79,130.52,130.57,130.85,499045
7/3/2024,130.53,130.23,130.95,131.02,1052259
7/2/2024,130.47,130.28,130.38,130.76,935068
7/1/2024,131.15,130.32,130.41,131.25,1103097
6/28/2024,132.04,131.45,131.62,132.24,1187538
6/27/2024,131.91,131.68,132.04,132.19,905078
6/26/2024,132.56,131.97,132.02,132.56,824420
6/25/2024,132.55,132.37,132.51,132.8,774663
6/24/2024,132.62,132.22,132.37,132.72,874345
6/21/2024,132.35,132.3,132.53,133.06,987735
6/20/2024,132.46,132.02,132.24,132.59,894372
6/19/2024,132.62,132.31,132.55,132.94,703743
6/18/2024,132.49,132.16,132.6,132.79,953785
6/17/2024,132.82,132.18,132.43,133.07,1093110
6/14/2024,131.78,131.61,133.07,133.21,1793503
6/13/2024,130.97,130.8,131.33,131.97,1209383
6/12/2024,130.23,130.21,131.1,131.26,1283859
6/11/2024,129.69,129.6,130.16,130.36,1643441
6/10/2024,130.11,129.52,129.65,130.27,1020559
6/7/2024,131.01,130.05,130.22,131.05,786692
6/6/2024,130.62,130.4,130.51,130.63,17189
6/5/2024,130.36,130.19,130.7,130.8,128505
6/4/2024,130.02,129.81,130.4,130.78,1435315
6/3/2024,129.3,129.19,129.97,130.16,2001889
5/31/2024,129.28,128.73,129.34,129.44,1642072
5/30/2024,129.13,128.84,129.18,129.31,1082520
5/29/2024,129.69,128.75,129.06,129.82,1293854
5/28/2024,130.27,129.63,130.02,130.46,889592
5/27/2024,130.11,129.83,130.36,130.52,447631
5/24/2024,130.02,129.63,130.08,130.13,825536
5/23/2024,130.46,129.71,129.74,130.76,1216977
5/22/2024,130.73,130.3,130.55,130.86,1041100
5/21/2024,130.58,130.53,130.84,131.01,670686
5/20/2024,130.72,130.47,130.52,130.84,451701
5/17/2024,131.35,130.65,130.82,131.45,698564
5/16/2024,131.87,131.28,131.58,132.11,850257
5/15/2024,130.61,130.6,131.71,131.93,1117542
5/14/2024,130.89,130.24,130.51,131.13,1032531
5/13/2024,130.9,130.71,130.9,131.13,585432
5/10/2024,131.2,130.7,130.75,131.4,606940
5/9/2024,131.33,130.88,131.02,131.33,659311
5/8/2024,131.69,131.24,131.36,131.71,686343
5/7/2024,131.43,131.39,131.83,131.86,791727
5/6/2024,130.99,130.98,131.24,131.63,481729
5/3/2024,130.5,130.5,130.89,131.57,1016392
5/2/2024,130.24,130.12,130.39,130.72,981552
4/30/2024,130.81,129.83,130.08,130.97,1365196
4/29/2024,130.32,130.21,130.85,130.98,967891
4/26/2024,129.61,129.58,130.32,130.53,1001434
4/25/2024,130.07,129.53,129.78,130.38,1139011
4/24/2024,130.92,130.03,130.22,130.95,1233192
4/23/2024,131.27,130.78,131.07,131.47,1088294
4/22/2024,130.82,130.52,131.19,131.29,904226
4/19/2024,131.23,130.83,130.99,132.24,966877
4/18/2024,131.45,131.01,131.21,131.87,977836
4/17/2024,131.16,130.99,131.45,131.67,1000055
4/16/2024,131.93,130.97,131.21,132.11,1404152
4/15/2024,132.46,131.58,131.81,132.55,1176244
4/12/2024,131.52,131.52,132.71,133.05,1275690
4/11/2024,131.71,131.31,131.34,132.05,1236757
4/10/2024,132.59,131.53,131.94,132.86,1232367
4/9/2024,131.86,131.78,132.57,132.65,926657
4/8/2024,132.12,131.65,131.83,132.15,806687
4/5/2024,133.03,132.16,132.22,133.05,864975
4/4/2024,132.6,132.3,132.74,133.1,1036557
4/3/2024,132.35,131.93,132.22,132.7,1257809
4/2/2024,132.84,131.87,132.14,132.95,1349104
3/28/2024,133.22,132.96,133.38,133.43,1039632
3/27/2024,132.88,132.81,133.37,133.48,864674
3/26/2024,132.67,132.54,132.75,132.93,845660
3/25/2024,133.15,132.52,132.56,133.28,741246
3/22/2024,132.35,132.28,133.07,133.18,1103251
3/21/2024,132.03,131.83,132.26,132.54,1147114
3/20/2024,131.85,131.65,131.91,132.24,911529
3/19/2024,131.66,131.59,131.88,132.02,1056286
3/18/2024,131.86,131.54,131.66,132.1,853398
3/15/2024,131.85,131.71,131.83,132.05,824881
3/14/2024,132.57,131.86,132.01,132.78,1135404
3/13/2024,133.18,132.58,132.73,133.47,944543
3/12/2024,133.4,132.95,133.13,133.69,962511
3/11/2024,133.8,133.21,133.39,134.06,758792
3/8/2024,133.5,133.33,133.76,134.15,895157
3/7/2024,133.38,133.25,133.68,133.79,7805
3/6/2024,133.52,133.18,133.48,133.71,164412
3/5/2024,132.81,132.75,133.69,133.92,1255721
3/4/2024,132.68,132.46,132.76,132.94,1594616
3/1/2024,132.5,131.98,132.76,132.87,1701654
2/29/2024,132.25,131.62,132.65,132.8,1628257
2/28/2024,132.13,132.06,132.21,132.46,1024936
2/27/2024,132.46,132.02,132.26,132.71,1150405
2/26/2024,133.3,132.33,132.53,133.61,912520
2/23/2024,132.59,132.05,133.17,133.37,1158481
2/22/2024,132.32,131.78,132.58,132.8,1237801
2/21/2024,133.04,132.26,132.59,133.3,946030
2/20/2024,132.78,132.77,133.26,133.4,834112
2/19/2024,133,132.75,132.85,133.15,494714
2/16/2024,133.54,132.71,132.96,133.54,876544
2/15/2024,133.87,133.35,133.61,134.18,1049876
2/14/2024,132.89,132.77,133.57,133.93,949224
2/13/2024,133.57,132.81,133.11,134,1090678
2/12/2024,133.42,133.36,133.45,133.82,652107
2/9/2024,133.4,133.2,133.3,133.92,905341
2/8/2024,134.04,133.34,133.62,134.28,889854
2/7/2024,134.46,133.97,134.3,134.6,933086
2/6/2024,134.14,133.76,134.24,134.55,1167091
2/5/2024,134.9,133.87,133.91,134.98,984676
2/2/2024,135.78,134.82,134.93,135.88,1166462
2/1/2024,135.75,135.2,136.25,136.29,1204091
1/31/2024,134.91,134.84,135.85,135.94,1574839
1/30/2024,135.05,134.37,134.53,135.45,1043355
1/29/2024,134.5,134.38,134.99,135.24,766826
1/26/2024,134.65,134.16,134.29,135.02,862944
1/25/2024,133.65,133.55,134.53,134.63,1069169
1/24/2024,133.87,133.64,133.91,134.42,1039063
1/23/2024,134.52,133.72,133.92,134.55,896208
1/22/2024,134.17,134.16,134.47,134.66,657675
1/19/2024,133.75,133.71,134,134.31,790198
1/18/2024,134.19,133.73,133.95,134.48,977761
1/17/2024,134.62,134.15,134.23,134.94,1355211
1/16/2024,135.17,134.57,134.96,135.5,1095985
1/15/2024,135.66,134.97,135.25,135.72,694277
1/12/2024,135.8,135.32,135.67,135.99,965098
1/11/2024,134.96,134.92,135.14,135.78,1116168
1/10/2024,135.46,134.87,135.16,135.71,1051833
1/9/2024,135.79,135.24,135.46,135.88,1069770
1/8/2024,135.43,135.15,136.05,136.16,989393
1/5/2024,136.01,135.06,136.03,136.16,1004058
1/4/2024,137.42,135.89,136.31,137.96,1206240
1/3/2024,136.68,136.31,137.19,137.63,969492
1/2/2024,137.14,136.25,136.89,137.21,951648
12/29/2023,138.14,137.07,137.22,138.37,474435
12/28/2023,138.72,138.01,138.31,138.72,403605
12/27/2023,137.69,137.67,138.64,138.84,354368
12/22/2023,137.78,137.58,137.9,138.11,389203
12/21/2023,138.05,137.63,137.95,138.21,674615
12/20/2023,137.35,137.33,137.82,138.12,653477
12/19/2023,136.84,136.77,137.4,137.47,642557
12/18/2023,137.2,136.59,136.74,137.49,591204
12/15/2023,136.13,135.81,137.33,137.48,952565
12/14/2023,136.39,135.84,136.22,137.28,1326379
12/13/2023,135.08,135.07,135.67,136.52,815893
12/12/2023,134.8,134.8,135.08,135.6,800859
12/11/2023,134.71,134.53,134.63,134.89,583958
12/8/2023,135.38,134.37,134.68,135.46,894129
12/7/2023,134.9,134.42,135.12,135.21,9026
12/6/2023,134.55,134.11,134.91,135.08,158523
12/5/2023,133.53,133.5,134.53,134.59,1241612
12/4/2023,133.32,133.03,133.45,133.81,1706889
12/1/2023,132.47,132.23,133.22,133.53,1708630
11/30/2023,132.75,131.94,132.29,132.96,1464582
11/29/2023,132,131.95,132.71,132.79,1270652
11/28/2023,131.27,131.1,131.93,131.97,930540
11/27/2023,130.35,130.16,131.32,131.43,739462
11/24/2023,130.54,130.11,130.32,130.63,618964
11/23/2023,131.26,130.51,130.58,131.36,726057
11/22/2023,131.21,130.88,131.22,131.71,974250
11/21/2023,130.89,130.79,131.26,131.4,882153
11/20/2023,130.98,130.47,130.68,131,737286
11/17/2023,131.09,130.9,131.04,131.74,902867
11/16/2023,130.64,130.56,131.2,131.28,1017831
11/15/2023,130.96,130.36,130.64,131.22,1162181
11/14/2023,129.69,129.6,130.88,130.98,1145353
11/13/2023,129.61,129.35,129.64,129.99,779620
11/10/2023,129.73,129.45,129.82,130.13,901482
11/9/2023,130.8,129.77,130.44,130.93,950924
11/8/2023,130.45,130.25,130.73,130.92,1130492
11/7/2023,129.6,129.35,130.33,130.56,980493
11/6/2023,130.34,129.41,129.68,130.38,777210
11/3/2023,129.9,129.67,130.54,130.76,1147935
11/2/2023,129.89,129.48,129.91,130.39,1404202
11/1/2023,128.55,128.42,129.45,129.85,1023353
10/31/2023,128.68,128.5,128.99,129.47,1209272
10/30/2023,128.73,128.45,128.73,129.43,885093
10/27/2023,128.67,128.31,128.65,128.96,805796
10/26/2023,127.9,127.56,128.47,128.79,1002648
10/25/2023,128.78,127.83,128.13,129.02,791110
10/24/2023,128.27,128.22,128.56,129.12,963327
10/23/2023,127.76,127.18,128.16,128.36,847808
10/20/2023,127.52,127.48,128.09,128.13,802793
10/19/2023,127.67,127.28,127.53,127.88,1053433
10/18/2023,128.09,127.56,127.61,128.28,929345
10/17/2023,129.05,127.96,128.09,129.14,1034704
10/16/2023,129.49,128.92,129.08,129.59,694176
10/13/2023,128.92,128.82,129.52,129.96,878094
10/12/2023,129.92,128.76,129.16,130.2,1060923
10/11/2023,129.19,129.03,129.78,129.99,1179669
10/10/2023,129.3,128.61,129.15,129.47,1092455
10/9/2023,128.17,127.93,129.25,129.45,814304
10/6/2023,128.14,127.31,127.94,128.17,926429
10/5/2023,127.53,127.21,128.07,128.28,971522
10/4/2023,127.17,126.62,127.37,127.75,1080969
10/3/2023,127.66,127.1,127.28,127.95,918843
10/2/2023,128.17,127.62,127.75,128.5,696175
9/29/2023,127.63,127.46,128.64,128.79,1179201
9/28/2023,128.32,127.01,127.09,128.59,1487699
9/27/2023,128.93,128.06,128.64,129.23,936112
9/26/2023,128.83,128.69,128.89,129.3,845596
9/25/2023,129.54,128.78,129.02,129.56,820333
9/22/2023,129.6,129.24,129.56,130.19,761148
9/21/2023,129.45,129.11,129.6,129.73,866978
9/20/2023,129.37,129.3,129.89,129.97,659883
9/19/2023,129.99,129.39,129.56,130.1,670789
9/18/2023,130.2,129.73,129.76,130.24,566630
9/15/2023,131.11,130.21,130.31,131.27,700191
9/14/2023,130.6,130.39,131.23,131.49,927431
9/13/2023,130.35,129.95,130.43,130.74,723951
9/12/2023,130.63,130.45,130.63,130.99,524767
9/11/2023,130.84,130.6,130.64,130.92,410540
9/8/2023,130.99,130.79,131.09,131.47,516848
9/7/2023,131.01,130.94,131.16,131.34,13320
9/6/2023,131.39,130.89,130.99,131.69,135540
9/5/2023,131.83,131.33,131.57,131.98,793695
9/4/2023,132.37,131.79,131.86,132.37,1046876
9/1/2023,133.07,132.18,132.38,133.34,1145675
8/31/2023,132.07,131.83,133.19,133.24,1160111
8/30/2023,132.48,131.78,132.33,132.56,883077
8/29/2023,132.15,131.91,132.51,132.75,710935
8/28/2023,132.01,131.7,131.91,132.33,330284
8/25/2023,132.47,131.86,132.1,132.57,540291
8/24/2023,132.76,132.34,132.49,133.36,600764
8/23/2023,131.2,131.2,132.56,132.82,916079
8/22/2023,130.55,130.54,131.11,131.31,497712
8/21/2023,131.29,130.46,130.52,131.41,456192
8/18/2023,130.8,130.76,131.41,131.73,585623
8/17/2023,130.87,130.4,130.62,130.89,519682
8/16/2023,130.65,130.65,131.16,131.29,530537
8/15/2023,131.14,130.14,130.83,131.26,607901
8/14/2023,131.31,131.13,131.27,131.67,389569
8/11/2023,132,131.32,131.47,132.17,556203
8/10/2023,132.75,131.97,132.43,132.91,470625
8/9/2023,133.26,132.57,132.87,133.44,566429
8/8/2023,131.82,131.82,133.2,133.45,718431
8/7/2023,132.25,131.33,131.8,132.39,553602
8/4/2023,131.82,131.12,132.01,132.36,697474
8/3/2023,132.53,131.65,131.91,132.53,866844
8/2/2023,132.34,132.21,132.45,132.87,677658
8/1/2023,132.92,132.1,132.22,133.06,540220
7/31/2023,132.82,132.42,133,133.05,610519
7/28/2023,132.51,131.81,132.98,133.34,897454
7/27/2023,133.14,132.34,132.99,133.92,898756
7/26/2023,133.54,132.81,133.02,133.67,594748
7/25/2023,133.52,133.14,133.49,133.77,517824
7/24/2023,133.12,132.97,133.72,134.01,587269
7/21/2023,132.93,132.8,133.33,133.44,468832
7/20/2023,133.85,132.83,133.01,133.87,713291
7/19/2023,134.03,133.5,133.7,134.88,876392
7/18/2023,133.08,133.08,134.26,134.32,777511
7/17/2023,132.78,132.6,132.99,133.47,479135
7/14/2023,133.16,132.65,132.81,133.24,489339
7/13/2023,132.05,131.92,132.83,133.3,859073
7/12/2023,131.15,130.99,131.95,132.13,754135
7/11/2023,131.17,130.82,130.95,131.58,683717
7/10/2023,131.02,130.6,131.07,131.25,546486
7/7/2023,131.32,130.61,131.12,131.51,771305
7/6/2023,132.55,130.97,131.19,132.65,1105992
7/5/2023,133.24,132.49,132.87,133.68,730740
7/4/2023,133.33,132.8,133.06,133.4,535553
7/3/2023,133.62,133.13,133.37,134.14,630885
6/30/2023,133.52,133.09,133.74,133.93,774562
6/29/2023,134.78,133.33,133.64,134.78,807851
6/28/2023,134.24,133.92,134.58,134.85,723194
6/27/2023,134.82,134.08,134.16,135,707964
6/26/2023,134.26,134.04,134.76,134.94,712282
6/23/2023,132.78,132.73,134.28,134.68,878764
6/22/2023,133.65,132.47,132.68,133.71,747975
6/21/2023,133.69,133.12,133.42,133.85,691013
6/20/2023,132.58,132.54,133.77,133.88,709532
6/19/2023,133.25,132.4,132.41,133.53,451626
6/16/2023,132.77,132.18,133.15,133.24,754736
6/15/2023,133.26,132.2,132.69,133.44,1070333
6/14/2023,133.35,132.9,133.29,133.71,723180
6/13/2023,134.35,133.18,133.65,134.62,893727
6/12/2023,134.2,133.91,134.2,134.77,677613
6/9/2023,133.78,133.51,134.19,134.37,586756
6/8/2023,134.02,133.71,133.95,134.15,4777
6/7/2023,135.25,133.91,134.17,135.38,99970
6/6/2023,134.89,134.53,134.8,135.65,668144
6/5/2023,135.43,134.58,134.84,135.43,1169815
6/2/2023,136.36,135.45,135.64,136.36,1227120
6/1/2023,136.06,135.6,136.2,136.59,1129467
5/31/2023,135.31,135.31,136.05,136.4,1223246
5/30/2023,134.26,134.15,135.19,135.47,839624
5/29/2023,133.05,133.05,134.22,134.34,259449
5/26/2023,133.08,132.83,132.94,133.54,711021
5/25/2023,133.76,132.95,133.62,134.22,854669
5/24/2023,134.05,133.46,134.07,134.45,751087
5/23/2023,134.08,133.53,133.87,134.15,755627
5/22/2023,134.22,133.89,133.98,134.68,602529
5/19/2023,133.9,133.5,134.24,134.52,688847
5/18/2023,135.34,133.85,134.03,135.44,628557
5/17/2023,135.39,135.19,135.47,135.88,651445
5/16/2023,135.85,135.14,135.3,136.38,786150
5/15/2023,136.01,135.61,135.78,136.06,565782
5/12/2023,136.62,135.98,136.2,136.75,476992
5/11/2023,135.95,135.78,136.73,137.29,881677
5/10/2023,135.23,134.99,135.96,136.15,766631
5/9/2023,135.46,135.12,135.4,135.9,661270
5/8/2023,136.04,135.21,135.54,136.21,321624
5/5/2023,136.63,135.68,135.91,136.74,635476
5/4/2023,136.61,135.62,136.96,137.22,1036629
5/3/2023,136.26,135.91,136.3,136.7,744669
5/2/2023,135.01,134.35,136.24,136.37,884774
4/28/2023,133.89,133.64,135.56,135.68,970731
4/27/2023,134.72,133.89,134.12,134.87,711423
4/26/2023,135.08,134.52,134.99,135.74,980990
4/25/2023,133.54,133.51,135.02,135.46,950122
4/24/2023,133.71,133.28,133.69,134.21,543332
4/21/2023,134.02,133.54,133.59,134.41,581744
4/20/2023,133.55,133.42,134.01,134.19,707668
4/19/2023,133.67,133.1,133.43,133.76,662534
4/18/2023,133.83,133.49,133.96,134.26,714205
4/17/2023,134.22,133.6,133.68,134.5,592709
4/14/2023,134.98,134.2,134.39,135.28,719098
4/13/2023,135.32,134.7,135.12,135.52,710981
4/12/2023,135.94,134.66,135.15,136.44,833529
4/11/2023,136.62,135.71,135.87,136.88,532422
4/6/2023,137.11,136.95,137.3,138.09,680809
4/5/2023,136.48,135.85,137.28,137.49,844855
4/4/2023,136.52,135.39,136.29,136.6,703242
4/3/2023,135.9,135.15,136.58,136.67,641463
3/31/2023,135.35,134.7,135.84,136.24,801952
3/30/2023,135.63,134.76,135.22,136.77,837027
3/29/2023,135.81,135.45,135.87,136.3,651330
3/28/2023,136.42,135.55,136.02,136.56,757942
3/27/2023,137.55,136.17,136.93,137.85,778699
3/24/2023,137.4,137.35,138,139.54,1031761
3/23/2023,136.31,135.8,137.04,137.86,778433
3/22/2023,136.04,134.8,135.41,136.62,858360
3/21/2023,138.04,135.88,136.02,138.42,890089
3/20/2023,137.6,137.1,137.97,140.3,960158
3/17/2023,135.94,135.76,138.2,138.48,931328
3/16/2023,136.97,135.73,136.55,137.89,1285704
3/15/2023,133.91,133.33,137.62,137.97,1697837
3/14/2023,136.12,133.82,133.96,137.03,1225819
3/13/2023,133.61,133.17,136.2,137.24,1847830
3/10/2023,132.37,132.37,133.73,134.23,1132001
3/9/2023,131.74,131.07,131.69,132.28,723655
3/8/2023,131.93,131.67,132.41,132.43,15691
3/7/2023,131.65,131.49,132.07,132.67,113224
3/6/2023,132.27,131.45,131.86,132.74,822863
3/3/2023,131.49,131.43,131.71,132.25,1089800
3/2/2023,131.82,131.31,131.7,132.13,1594530
3/1/2023,132.56,131.76,132,132.99,1275852
2/28/2023,133.55,132.06,132.91,133.61,1316535
2/27/2023,134.19,133.4,133.63,134.36,705495
2/24/2023,134.82,133.67,134.05,135.3,880713
2/23/2023,134.18,133.78,134.66,134.91,835587
2/22/2023,133.9,133.63,134.32,134.43,807879
2/21/2023,134.87,133.76,133.95,134.97,807175
2/20/2023,135.21,134.81,134.86,135.32,390349
2/17/2023,134.5,133.67,134.89,135.33,829340
2/16/2023,134.74,134.22,134.54,135.11,755050
2/15/2023,135.29,134.64,134.74,135.6,838593
2/14/2023,136.1,135.02,135.21,136.56,932149
2/13/2023,135.99,135.59,135.84,136.3,590806
2/10/2023,136.28,135.84,135.91,136.48,663538
2/9/2023,136.35,135.96,136.66,137.38,763588
2/8/2023,136.13,135.62,136.02,136.42,889590
2/7/2023,136.83,135.86,136.7,137.03,889982
2/6/2023,137.66,136.7,136.91,137.79,695293
2/3/2023,139.56,137.7,138.05,139.65,1003407
2/2/2023,137.11,137,139.83,139.86,1248075
2/1/2023,136.92,136.66,136.75,137.5,718882
1/31/2023,136.66,136.49,136.82,137.3,892375
1/30/2023,137.54,136.38,136.7,137.93,720481
1/27/2023,137.78,136.88,137.44,137.78,649101
1/26/2023,138.62,137.7,137.75,138.62,694934
1/25/2023,138.5,138.2,138.36,139.36,895036
1/24/2023,137.88,137.54,138.33,138.49,819809
1/23/2023,138.16,137.66,137.97,138.44,617044
1/20/2023,139.35,138.12,138.27,139.55,716267
1/19/2023,140.27,139.12,139.55,140.73,921825
1/18/2023,139.13,138.97,140.3,140.68,964694
1/17/2023,138.22,137.66,139.26,139.52,950670
1/16/2023,137.94,137.53,138.21,138.36,476094
1/13/2023,138.45,138.01,138.31,139.06,662328
1/12/2023,137.84,137.63,138.22,139.09,1024609
1/11/2023,136.51,136.46,137.64,137.98,981849
1/10/2023,136.86,136.04,136.2,136.93,765634
1/9/2023,137.13,136.4,137.03,137.38,722518
1/6/2023,136.08,135.74,137.43,137.47,753862
1/5/2023,136.3,135.55,135.99,136.48,902523
1/4/2023,135.34,135.08,136.47,136.67,930926
1/3/2023,134.19,133.79,135.08,135.55,778978
1/2/2023,132.73,132.6,134.32,134.54,225593
12/30/2022,134.15,132.72,132.93,134.19,380263
12/29/2022,133.5,133.35,133.99,134.42,309226
12/28/2022,133.48,133.29,133.52,134.11,348500
12/27/2022,134.69,133.25,133.45,134.75,298332
12/23/2022,135.38,134.62,134.95,135.41,322593
12/22/2022,135.86,134.98,135.31,136.2,396382
12/21/2022,135.84,135.6,135.88,136.32,455112
12/20/2022,137.2,135.78,135.91,137.22,599353
12/19/2022,137.57,136.81,137.15,137.76,451022
12/16/2022,138.46,136.96,137.43,138.62,870204
12/15/2022,140.06,138.12,138.65,140.78,1081768
12/14/2022,140.62,139.65,140.45,141.06,752285
12/13/2022,140.17,139.77,140.84,141.7,718779
12/12/2022,140.41,139.96,140.48,141.17,478618
12/9/2022,141.61,140.35,140.52,141.94,593587
12/8/2022,142.79,142.49,142.74,142.96,9055
12/7/2022,142.76,142.17,142.64,143.38,117626
12/6/2022,141.85,141.35,142.64,143.02,778625
12/5/2022,142.06,141.46,141.77,142.47,1129205
12/2/2022,142.65,141.74,141.89,143.18,1219411
12/1/2022,141.86,141.67,142.43,142.77,1497066
11/30/2022,141.01,140.5,140.88,141.7,946070
11/29/2022,140.37,140.08,141.38,141.74,810583
11/28/2022,140.8,139.78,140.42,141.42,612214
11/25/2022,142.03,140.34,140.49,142.03,560703
11/24/2022,141.2,141.2,142.14,142.6,515883
11/23/2022,140.47,139.77,141.15,141.3,705091
11/22/2022,140.06,139.89,140.39,140.64,521674
11/21/2022,140.14,139.55,140.42,140.88,513825
11/18/2022,140.01,139.17,140.18,140.5,531199
11/17/2022,140.7,139.73,140.01,141.09,701189
11/16/2022,139.71,138.7,140.38,140.86,763835
11/15/2022,138.62,138.38,139.33,139.92,842088
11/14/2022,138.41,138.26,138.54,139.26,541006
11/11/2022,140.32,138.4,138.52,140.38,601218
11/10/2022,138.57,137.97,140.5,140.72,898601
11/9/2022,137.1,136.92,138.2,138.46,717497
11/8/2022,136.14,135.76,137.09,137.32,673542
11/7/2022,136.83,136.08,136.45,137.16,545086
11/4/2022,137.42,136.38,136.72,137.91,610208
11/3/2022,138,136.71,137.21,138.07,752537
11/2/2022,138.75,138.09,138.64,139.24,541672
11/1/2022,138.48,138.41,138.84,139.95,636525
10/31/2022,138.85,138.12,138.44,139.15,662652
10/28/2022,140.86,138.29,139.33,140.92,802581
10/27/2022,138.92,137.57,140.26,140.83,924236
10/26/2022,138.24,137.69,138.87,139.05,782220
10/25/2022,136.46,136.46,138.21,138.45,757850
10/24/2022,135.53,135.23,136.16,136.82,776968
10/21/2022,135,134.02,135.12,135.64,811030
10/20/2022,135.6,134.86,135.7,136.15,733164
10/19/2022,137.2,135.6,136.1,137.28,759337
10/18/2022,136.78,135.93,137.22,137.68,783972
10/17/2022,136.37,136.12,136.88,137.65,504839
10/14/2022,136.8,135.82,136.08,138.52,814195
10/13/2022,136.29,135.15,136.22,137.54,999507
10/12/2022,135.8,135.14,135.84,136.59,870442
10/11/2022,136.55,135.56,136.45,136.77,876446
10/10/2022,137.68,135.83,136.08,138.46,786668
10/7/2022,138.9,137.35,137.67,138.91,655006
10/6/2022,139.81,138.64,138.96,140.13,771686
10/5/2022,141.5,139.52,139.76,141.74,826800
10/4/2022,141.24,140.81,141.62,142.87,917561
10/3/2022,138.29,138.05,141.18,141.39,852825
9/30/2022,137.16,136.98,138.49,139.24,1025589
9/29/2022,138.33,136.22,137.5,138.49,989178
9/28/2022,137,135.52,137.91,138.74,1412914
9/27/2022,137.7,136.62,137.14,139.29,1219163
9/26/2022,139.2,137.41,138.87,139.22,907363
9/23/2022,140.14,138.45,139.48,140.99,1098272
9/22/2022,141.16,139.9,140.02,142.02,928306
9/21/2022,140.86,140.73,141.2,141.98,760749
9/20/2022,142.4,140.53,140.7,142.58,902528
9/19/2022,143.19,142.18,142.62,143.26,352175
9/16/2022,142.98,142.15,142.73,143.24,612935
9/15/2022,143.58,142.74,143.22,143.63,724960
9/14/2022,143.26,142.65,143.63,143.87,723341
9/13/2022,144.17,143,143.39,144.47,754326
9/12/2022,143.52,142.91,144.5,144.56,561506
9/9/2022,143.14,142.46,143.57,144.48,853718
9/8/2022,147.8,147.19,147.58,148.06,8797
9/7/2022,147.02,146.74,147.53,147.88,69551
9/6/2022,147.77,146.68,147.27,149.02,989320
9/5/2022,149.07,147.37,147.73,149.25,1091652
9/2/2022,147.77,147.14,148.33,149.1,1260243
9/1/2022,147.49,146.78,147.39,147.83,1252875
8/31/2022,148.48,147.38,147.97,148.99,1071503
8/30/2022,148.63,147.86,148.2,149.32,869148
8/29/2022,148.95,147.92,148.61,148.99,559520
8/26/2022,151.2,149.35,149.96,151.24,660557
8/25/2022,150.31,150.02,150.98,151.42,608132
8/24/2022,150.69,150.02,150.26,151.06,598796
8/23/2022,151.29,150.23,150.99,152.4,706693
8/22/2022,152.16,151.03,151.36,152.84,599337
8/19/2022,153.66,152.03,152.17,153.66,562752
8/18/2022,154.2,153.24,154.16,154.47,530657
8/17/2022,155.81,153.83,154.12,155.96,618589
8/16/2022,156.69,155.31,155.53,156.78,451778
8/15/2022,155.65,155.08,156.7,156.88,360865
8/12/2022,155.36,154.88,155.34,155.92,418938
8/11/2022,156.53,155.28,155.51,157.45,508798
8/10/2022,156.37,156.04,156.86,157.74,525723
8/9/2022,156.97,155.77,156.18,157.05,414662
8/8/2022,155.97,155.86,156.71,157.12,364170
8/5/2022,158.07,155.72,155.94,158.21,483667
8/4/2022,157.39,156.66,157.9,158.28,581392
8/3/2022,157.48,156.29,156.96,158.33,652710
8/2/2022,158.57,157.1,158.1,159.7,680972
8/1/2022,157.35,156.74,158.42,158.54,562818
7/29/2022,157.48,156.21,157.64,157.93,811718
7/28/2022,155.75,154.75,157.9,157.97,809485
7/27/2022,155.8,155.36,156.16,156.24,645606
7/26/2022,154.82,154.52,156.01,156.28,648744
7/25/2022,154.21,153.78,154.75,154.86,502180
7/22/2022,152.32,152.13,154.46,155.16,796397
7/21/2022,151.88,149.69,152.18,152.38,917593
7/20/2022,151.01,150.83,151.28,152.37,713598
7/19/2022,152.2,150.62,151.1,152.6,695477
7/18/2022,152.95,151.47,151.92,153.32,508831
7/15/2022,152.84,152.26,153.1,153.8,578803
7/14/2022,152.98,151.21,152.17,153.01,785110
7/13/2022,152.7,151.66,152.62,153.17,780995
7/12/2022,151.32,151.26,153.01,153.48,808504
7/11/2022,149.9,149.75,151.4,151.67,467791
7/8/2022,150.46,149.79,150.07,151.17,559023
7/7/2022,151.33,150.15,150.55,151.65,809461
7/6/2022,150.85,150.56,151.93,152.92,881975
7/5/2022,149.24,148.72,151.24,151.45,803632
7/4/2022,150.53,149.05,149.11,150.72,446046
7/1/2022,148.76,148.24,150.85,151.65,955046
6/30/2022,146.97,146.5,148.78,149.35,977262
6/29/2022,145.36,145.14,146.99,147.37,839074
6/28/2022,146.34,144.72,145.18,146.8,795503
6/27/2022,147.76,146.03,146.49,147.82,603121
6/24/2022,147.7,146.91,147.94,149,781647
6/23/2022,145.24,144.81,148.19,148.45,1208578
6/22/2022,143.52,143.4,145.28,145.72,889856
6/21/2022,143.29,143.05,143.33,144.01,782885
6/20/2022,144.29,143.15,143.46,144.98,586743
6/17/2022,143.54,142.56,144.3,144.99,854887
6/16/2022,145.36,140.67,143.74,145.36,1238916
6/15/2022,142.73,142.25,144.61,145.51,1289411
6/14/2022,144.65,142.29,143.59,145.58,1260901
6/13/2022,146.71,144.19,145.18,147.19,1095073
6/10/2022,147.74,146.61,146.98,148.51,956292
6/9/2022,148.69,147.32,147.8,149.43,1040139
6/8/2022,149.15,148.87,148.98,149.3,7605
6/7/2022,148.99,148.68,149.53,149.62,131194
6/6/2022,149.75,148.91,148.95,150.13,578358
6/3/2022,150.13,149.57,149.63,150.35,875620
6/2/2022,150.99,150.06,150.26,151.09,1141864
6/1/2022,151.53,150.78,151.01,151.85,1833503
5/31/2022,152.5,151.34,151.57,152.89,1550057
5/30/2022,153.48,152.36,152.65,153.52,638118
5/27/2022,153.31,153.22,153.74,154.14,629944
5/26/2022,153.86,153.19,153.26,154.74,783651
5/25/2022,153.55,153.48,153.92,154.43,802672
5/24/2022,153.1,152.77,153.94,153.98,940984
5/23/2022,153.82,152.85,153.11,154.11,772403
5/20/2022,153.6,153.16,153.93,154.22,676711
5/19/2022,153.07,152.48,153.88,154.45,935723
5/18/2022,152.58,151.89,152.94,153.06,942439
5/17/2022,153.72,152.33,152.54,153.74,863001
5/16/2022,153.88,152.99,154.03,154.2,611239
5/13/2022,155.06,153.65,153.76,155.12,653539
5/12/2022,153.85,153.61,154.76,155.33,1063475
5/11/2022,152.64,151.87,152.91,153.86,1020569
5/10/2022,151.93,151.5,152.95,153.17,787777
5/9/2022,151.01,150.49,151.74,152.01,778271
5/6/2022,152.55,150.81,150.94,152.74,901944
5/5/2022,153.6,152.15,152.55,154.18,970861
5/4/2022,152.86,152.44,153.18,153.73,672878
5/3/2022,153.34,152.66,153.67,154.1,759384
5/2/2022,153.61,153.23,153.49,154.19,421177
4/29/2022,154.44,153.43,153.59,154.69,979005
4/28/2022,155.35,154.02,154.15,156,960264
4/27/2022,155.45,154.82,155.46,155.83,779875
4/26/2022,154.77,154.18,155.48,155.74,786585
4/25/2022,153.14,153.11,154.89,155.26,814506
4/22/2022,153.47,153.05,153.25,153.92,732989
4/21/2022,154.57,153.28,153.8,154.66,852392
4/20/2022,153.44,153.25,154.61,155,773025
4/19/2022,154.55,153.29,153.7,154.7,753447
4/14/2022,155.48,154.63,154.95,156.17,814988
4/13/2022,155.1,154.51,155.86,155.91,759540
4/12/2022,154.75,154.27,155.36,155.76,820616
4/11/2022,156.13,154.93,155.03,156.19,738447
4/8/2022,157.01,156.26,156.57,157.29,648081
4/7/2022,157.59,156.4,156.83,157.87,911683
4/6/2022,157.76,156.84,157.24,157.78,818431
4/5/2022,159.31,157.62,157.73,159.42,832869
4/4/2022,158.5,158.12,159.1,159.79,772701
4/1/2022,158.55,157.71,158.35,158.89,816143
3/31/2022,157.04,156.9,158.66,159.05,999816
3/30/2022,157.53,156.37,157.16,158.06,878661
3/29/2022,158.22,156.05,157.37,158.33,916296
3/28/2022,158.47,157.65,158.32,158.67,694001
3/25/2022,159.15,158.08,158.65,159.64,657964
3/24/2022,160.05,158.73,159.26,160.26,737864
3/23/2022,159.39,159.06,159.8,160.31,656775
3/22/2022,159.99,159.07,159.43,159.99,790434
3/21/2022,161.26,159.77,160.3,161.34,526098
3/18/2022,161.19,160.76,161.37,161.77,490019
3/17/2022,161.16,160.68,161.01,161.69,715286
3/16/2022,161.63,160.56,161.07,161.81,690097
3/15/2022,161.34,160.9,161.97,162.05,617481
3/14/2022,162.46,161.14,161.21,162.73,605353
3/11/2022,162.94,162.01,162.44,163.2,647578
3/10/2022,163.63,162.02,162.78,164.43,961958
3/9/2022,164.96,163.38,163.58,165.29,850508
3/8/2022,169.8,168.23,168.49,170.12,10846
3/7/2022,171.35,169.61,169.9,171.66,155406
3/4/2022,169.54,169.17,170.96,171.22,926175
3/3/2022,169.55,168.46,169.2,169.75,1517446
3/2/2022,170.45,169.01,169.38,170.85,1497317
3/1/2022,167.75,167.31,170.3,171.12,1794285
2/28/2022,167.03,166.25,167.04,168,969076
2/25/2022,166.63,165.87,166.15,167.2,853800
2/24/2022,166.18,166.01,166.93,168.01,1187083
2/23/2022,165.65,165.39,165.99,166.17,764909
2/22/2022,166.92,165.16,165.7,167.17,1038533
2/21/2022,166.77,165.8,166.26,166.97,633558
2/18/2022,166.2,165.61,166.34,166.74,678084
2/17/2022,165.35,165.14,165.84,166.08,836679
2/16/2022,164.75,164.34,165.23,165.47,805446
2/15/2022,165.44,164.42,164.54,165.53,942120
2/14/2022,165.89,164.95,165.23,166.38,942670
2/11/2022,164.71,164.48,164.95,166.46,965982
2/10/2022,165.8,164.37,164.94,165.96,1107724
2/9/2022,165.33,165.33,165.86,166.01,870190
2/8/2022,165.71,165.03,165.18,166.11,1085866
2/7/2022,166.07,165.38,165.6,166.49,1079010
2/4/2022,166.89,165.72,166.02,167,1267554
2/3/2022,168.76,166.84,166.9,168.81,1313517
2/2/2022,168.81,168.41,168.66,169.17,759459
2/1/2022,169.03,168.65,168.76,169.54,791631
1/31/2022,169.91,168.81,169.11,169.93,936454
1/28/2022,170.21,169.42,170.02,170.22,783916
1/27/2022,169.78,169.67,170.16,170.42,788198
1/26/2022,170.34,169.66,170.35,170.58,685628
1/25/2022,170.62,170.26,170.66,170.89,794865
1/24/2022,170.23,170.1,170.87,171.07,740078
1/21/2022,170,169.92,170.29,170.63,704572
1/20/2022,169.28,169.21,169.74,169.94,614298
1/19/2022,169.3,168.95,169.38,169.54,772795
1/18/2022,169.67,169.31,169.57,169.81,737045
1/17/2022,169.8,169.53,169.65,169.92,377167
1/14/2022,170.83,169.87,170.08,170.95,708918
1/13/2022,170.08,169.86,170.71,171,722576
1/12/2022,169.87,169.74,170.22,170.51,801001
1/11/2022,169.92,169.57,169.79,170.2,771347
1/10/2022,169.96,169.71,169.96,170.21,679202
1/7/2022,170.45,169.88,170,170.53,613339
1/6/2022,170.53,169.95,170.34,170.61,762897
1/5/2022,170.75,170.53,170.75,170.93,639223
1/4/2022,170.69,170.5,170.81,171.17,717148
1/3/2022,171.36,170.55,170.74,171.53,492408
12/30/2021,171.42,171.31,171.37,171.79,314731
12/29/2021,172.31,171.31,171.51,172.42,325490
12/28/2021,172.36,172.09,172.36,172.47,189528
12/27/2021,172.48,172.08,172.41,172.64,180057
12/23/2021,173.17,172.28,172.43,173.19,371680
12/22/2021,173.47,172.77,173.14,173.52,362638
12/21/2021,174.23,173.23,173.31,174.44,476936
12/20/2021,174.74,174.09,174.42,174.94,403160
12/17/2021,174.25,174.08,174.43,174.66,405405
12/16/2021,174.09,173.43,174.05,174.44,667659
12/15/2021,174.39,174.04,174.32,174.56,403490
12/14/2021,174.64,174.18,174.46,174.75,394657
12/13/2021,173.91,173.89,174.68,174.7,359926
12/10/2021,174.13,173.78,174.24,174.27,448423
12/9/2021,173.59,173.44,174.19,174.31,464436
12/8/2021,172.54,172.4,172.86,172.96,8241
12/7/2021,172.69,172.27,172.53,172.79,117812
12/6/2021,172.92,172.6,172.91,173.01,662453
12/3/2021,172.83,172.41,172.77,173.14,1122100
12/2/2021,172.47,172.12,172.75,173.06,1415576
12/1/2021,172.19,171.63,172.07,172.59,1047059
11/30/2021,171.99,171.84,172.37,172.71,1019198
11/29/2021,172.03,171.65,172.02,172.38,671180
11/26/2021,171.19,171.14,172.34,172.46,879093
11/25/2021,170.6,170.6,170.98,171.06,349083
11/24/2021,170.74,170.31,170.54,171.18,793129
11/23/2021,171.68,170.56,170.81,171.7,784989
11/22/2021,172.19,171.53,171.77,172.57,644228
11/19/2021,171.21,171,172.32,172.42,891764
11/18/2021,170.94,170.88,171.24,171.38,640488
11/17/2021,170.62,170.55,170.77,170.97,536995
11/16/2021,170.54,170.36,170.77,170.86,618967
11/15/2021,171.01,170.42,170.75,171.4,628905
11/12/2021,170.5,170.32,170.85,171.07,676530
11/11/2021,170.41,170.21,170.42,170.87,582155
11/10/2021,171.26,170.27,170.69,171.38,843968
11/9/2021,170.6,170.52,171.25,171.44,709915
11/8/2021,171.1,170.43,170.69,171.12,556850
11/5/2021,170.16,170.06,171.07,171.24,850913
11/4/2021,169.17,169.03,170.21,170.33,894289
11/3/2021,169.25,168.98,169.34,169.7,803099
11/2/2021,168.39,168.31,169.33,169.36,875011
11/1/2021,168.18,167.69,168.15,168.56,740860
10/29/2021,168.95,167.71,168.12,168.98,1345061
10/28/2021,169.61,168.29,169.06,169.65,1267716
10/27/2021,168.78,168.51,169.54,169.83,958582
10/26/2021,168.56,168.4,168.69,168.97,630949
10/25/2021,168.44,168.07,168.65,168.68,583711
10/22/2021,167.9,167.84,168.28,168.55,758775
10/21/2021,168.5,167.92,168.25,168.8,722503
10/20/2021,168.26,168.08,168.71,168.87,678201
10/19/2021,169.08,168.34,168.54,169.48,846461
10/18/2021,169.22,168.64,169.11,169.3,913620
10/15/2021,169.84,169.17,169.56,169.84,671005
10/14/2021,168.86,168.64,169.65,169.92,984015
10/13/2021,168.34,168.31,168.94,169.12,1127103
10/12/2021,168.83,168.21,168.41,169,1074493
10/11/2021,169.1,168.57,168.78,169.11,547629
10/8/2021,169.55,169.11,169.22,169.69,832293
10/7/2021,169.53,169.4,169.71,170,706344
10/6/2021,169.63,169.12,169.65,169.91,923808
10/5/2021,170.17,169.64,169.66,170.39,704297
10/4/2021,170.45,169.92,170.11,170.55,604568
10/1/2021,170.03,169.92,170.22,170.53,781482
9/30/2021,170.12,169.56,169.82,170.19,942176
9/29/2021,169.65,169.61,170.15,170.32,737214
9/28/2021,170.25,169.48,169.86,170.31,943322
9/27/2021,170.33,169.73,170.17,170.68,786122
9/24/2021,170.59,170.14,170.3,170.62,804154
9/23/2021,171.67,170.6,170.7,171.72,905351
9/22/2021,171.69,171.41,171.74,171.93,585099
9/21/2021,171.7,171.27,171.74,171.96,652920
9/20/2021,171.01,170.99,171.55,171.84,702845
9/17/2021,171.2,170.81,171,171.32,675355
9/16/2021,171.48,171.1,171.43,171.53,684754
9/15/2021,171.86,171.34,171.57,172.07,727413
9/14/2021,171.7,171.33,171.91,172.12,807834
9/13/2021,171.71,171.62,171.8,171.92,418815
9/10/2021,172.44,171.71,171.88,172.46,521582
9/9/2021,171.69,171.59,172.28,172.48,763554
9/8/2021,174.44,174.33,174.6,174.71,9309
9/7/2021,175.1,174.36,174.49,175.18,186557
9/6/2021,175.09,174.9,175.25,175.27,512628
9/3/2021,175.42,174.9,175.17,175.64,1168791
9/2/2021,175.23,175.2,175.47,175.65,1461063
9/1/2021,175.35,174.98,175.23,175.5,1140537
8/31/2021,176.46,175.34,175.45,176.48,996522
8/30/2021,176.11,175.83,176.28,176.4,387012
8/27/2021,175.86,175.66,175.99,176.11,540729
8/26/2021,175.91,175.71,175.93,176.14,736494
8/25/2021,176.77,175.91,175.98,176.87,811472
8/24/2021,176.93,176.66,176.83,177.08,518084
8/23/2021,177.1,176.56,176.89,177.16,507278
8/20/2021,177.02,176.99,177.15,177.22,318424
8/19/2021,177.01,176.86,177.04,177.24,518027
8/18/2021,176.81,176.71,176.92,177.08,430203
8/17/2021,176.75,176.68,176.8,177.24,510269
8/16/2021,176.86,176.48,176.8,177.07,468506
8/13/2021,176.52,176.29,176.64,176.8,394284
8/12/2021,176.76,176.35,176.58,176.77,416083
8/11/2021,176.55,176.21,176.57,176.83,579582
8/10/2021,176.6,176.41,176.59,176.95,451128
8/9/2021,176.45,176.39,176.52,176.91,405746
8/6/2021,177.2,176.47,176.5,177.27,581024
8/5/2021,177.16,177.05,177.29,177.61,561189
8/4/2021,177.01,176.85,176.94,177.52,661160
8/3/2021,176.82,176.67,176.97,177.12,459059
8/2/2021,176.55,176.35,176.82,177.07,504545
7/30/2021,176.54,176.29,176.57,176.73,584895
7/29/2021,176.57,176.03,176.44,176.67,594916
7/28/2021,176.27,176.2,176.41,176.66,628190
7/27/2021,175.88,175.82,176.26,176.37,503698
7/26/2021,176,175.62,175.83,176.42,541468
7/23/2021,175.9,175.56,175.81,175.97,476079
7/22/2021,175.54,175.24,175.94,176.15,695784
7/21/2021,175.77,175.41,175.53,176.11,755377
7/20/2021,175.48,175.41,175.85,176.28,912579
7/19/2021,175.15,175.02,175.52,175.72,742943
7/16/2021,174.86,174.65,174.87,175.04,451477
7/15/2021,174.55,174.45,174.58,174.9,623769
7/14/2021,173.72,173.7,174.34,174.49,612530
7/13/2021,174.05,173.7,174.12,174.31,802446
7/12/2021,173.91,173.91,174.05,174.32,456598
7/9/2021,174.16,173.87,173.9,174.32,552531
7/8/2021,174.16,174.09,174.34,174.77,892128
7/7/2021,173.6,173.46,174.02,174.27,782430
7/6/2021,172.72,172.49,173.6,173.65,753361
7/5/2021,173.12,172.65,172.7,173.18,344344
7/2/2021,172.62,172.54,173.09,173.19,692345
7/1/2021,172.5,172.22,172.54,172.69,666568
6/30/2021,172.13,171.98,172.61,172.74,724062
6/29/2021,172.25,171.86,172.07,172.33,666529
6/28/2021,171.79,171.71,172.26,172.34,496383
6/25/2021,172.24,171.68,171.77,172.3,551487
6/24/2021,172.21,171.88,172.33,172.39,573156
6/23/2021,172.02,171.76,172.17,172.46,687022
6/22/2021,172.12,171.67,171.95,172.2,679589
6/21/2021,172.69,171.93,172.16,173.03,770499
6/18/2021,172.47,172.36,172.6,172.88,828098
6/17/2021,171.97,171.8,172.44,172.7,802655
6/16/2021,172.3,171.91,172.53,172.66,555125
6/15/2021,172.62,172.25,172.32,172.8,686030
6/14/2021,172.91,172.52,172.64,173.04,441098
6/11/2021,172.87,172.79,172.88,173.16,572706
6/10/2021,172.55,171.97,172.53,172.88,797336
6/9/2021,172.11,172.08,172.56,172.85,715933
6/8/2021,170.15,170.09,170.23,170.35,16194
6/7/2021,170.29,170.05,170.12,170.4,156250
6/4/2021,169.9,169.84,170.33,170.43,759175
6/3/2021,170.17,169.81,169.94,170.2,1175377
6/2/2021,169.92,169.88,170.15,170.2,1328625
6/1/2021,170.06,169.68,169.83,170.15,1184096
5/31/2021,169.87,169.48,169.94,170.08,487143
5/28/2021,169.81,169.53,169.94,170.08,731711
5/27/2021,170.3,169.68,169.79,170.38,784831
5/26/2021,169.88,169.69,170.29,170.4,871997
5/25/2021,169.37,169.29,169.69,169.92,819603
5/24/2021,169.18,169.02,169.32,169.41,465550
5/21/2021,168.82,168.75,169.14,169.31,770576
5/20/2021,168.63,168.48,168.84,168.92,705685
5/19/2021,168.76,168.29,168.9,169.12,1007072
5/18/2021,168.83,168.69,168.82,169.14,842696
5/17/2021,169.13,168.67,168.86,169.35,779427
5/14/2021,169.02,168.77,168.98,169.21,739776
5/13/2021,168.8,168.59,168.89,169.08,801722
5/12/2021,169.42,168.83,168.94,169.77,964245
5/11/2021,170.13,169.39,169.45,170.25,997634
5/10/2021,170.18,169.97,170.29,170.32,561907
5/7/2021,170.43,170.2,170.47,170.98,1002366
5/6/2021,170.57,170.23,170.59,170.88,838069
5/5/2021,170.62,170.2,170.47,170.64,705689
5/4/2021,170.15,169.89,170.66,170.8,877319
5/3/2021,169.98,169.47,170.16,170.34,611314
4/30/2021,169.79,169.77,170,170.19,747802
4/29/2021,170.61,169.66,169.88,170.64,929331
4/28/2021,170.59,170.04,170.48,170.67,803042
4/27/2021,170.75,170.51,170.76,170.91,564463
4/26/2021,170.75,170.46,170.83,170.95,576130
4/23/2021,171.02,170.67,170.83,171.13,617355
4/22/2021,171.02,170.53,170.94,171.27,845848
4/21/2021,170.82,170.61,170.88,171.12,697259
4/20/2021,170.38,170.09,170.74,170.93,820263
4/19/2021,170.94,170.17,170.48,171.07,819388
4/16/2021,171.28,170.77,170.91,171.31,648177
4/15/2021,170.66,170.6,171.33,171.52,776664
4/14/2021,171.57,170.66,170.87,171.62,748423
4/13/2021,171.22,170.98,171.26,171.54,852830
4/12/2021,171.25,171.23,171.3,171.87,664710
4/9/2021,171.98,171.15,171.37,172.07,737978
4/8/2021,171.67,171.63,171.89,172.12,573507
4/7/2021,171.67,171.6,171.67,172.06,666395
4/6/2021,171.55,171.32,171.68,171.89,595427
4/1/2021,171.1,171.07,171.83,171.86,572536
3/31/2021,171.14,170.88,171.28,171.4,771397
3/30/2021,171.53,170.71,171,171.56,933497
3/29/2021,172.08,171.45,171.62,172.34,623817
3/26/2021,172.56,171.91,172.12,172.58,628745
3/25/2021,172.3,172.15,172.58,172.66,641254
3/24/2021,172.19,171.93,172.17,172.44,700316
3/23/2021,171.54,171.42,171.92,172.17,775981
3/22/2021,171.3,171.23,171.49,171.8,584357
3/19/2021,170.96,170.93,171.22,171.43,665343
3/18/2021,171.44,170.52,170.72,171.47,965021
3/17/2021,171.68,170.98,171.08,171.8,817433
3/16/2021,171.77,171.64,171.78,172,689013
3/15/2021,171.32,171.2,171.78,171.87,653503
3/12/2021,171.62,171.05,171.12,171.65,734510
3/11/2021,171.43,171.3,171.64,172.2,988953
3/10/2021,171.38,171.07,171.32,171.53,590189
3/9/2021,170.93,170.83,171.23,171.7,740721
3/8/2021,173.95,173.71,174.01,174,15498
3/5/2021,173.69,173.63,174,174.28,209173
3/4/2021,173.79,173.71,174.27,174.51,938857
3/3/2021,174.93,173.75,173.95,174.97,1436438
3/2/2021,174.75,174.14,174.67,174.93,1415547
3/1/2021,174.02,173.77,174.56,174.75,1154954
2/26/2021,172.11,172.11,173.4,173.91,1504768
2/25/2021,174.21,172.08,173.06,174.25,1702088
2/24/2021,174.49,173.65,174.04,174.57,1147177
2/23/2021,174.57,173.82,174.35,174.65,1178172
2/22/2021,173.95,173.58,174.72,175.02,1270898
2/19/2021,174.64,173.98,174.18,174.7,944886
2/18/2021,175.12,174.38,174.68,175.26,1021727
2/17/2021,174.45,174.38,175.04,175.14,1149816
2/16/2021,175.24,174.49,174.8,175.45,1053604
2/15/2021,175.65,175.15,175.23,175.7,670779
2/12/2021,176.39,175.77,175.97,176.53,758703
2/11/2021,176.27,176.24,176.43,176.64,658756
2/10/2021,176.07,175.94,176.1,176.38,688532
2/9/2021,176.1,175.92,176.21,176.36,764999
2/8/2021,175.96,175.61,176.12,176.23,643913
2/5/2021,176.28,175.63,176.17,176.48,980519
2/4/2021,176.35,176.1,176.32,176.57,848300
2/3/2021,176.6,176.35,176.47,176.7,761774
2/2/2021,177.13,176.63,176.75,177.23,876689
2/1/2021,177.36,176.97,177.22,177.42,636770
1/29/2021,177.58,176.89,177.25,177.66,1155117
1/28/2021,177.64,177.46,177.77,177.96,701487
1/27/2021,177.56,177.39,177.79,178.12,863974
1/26/2021,177.82,177.45,177.52,177.96,617109
1/25/2021,177.13,177.12,177.83,177.88,676470
1/22/2021,176.76,176.63,177.16,177.27,644005
1/21/2021,177.41,176.74,176.8,177.56,860429
1/20/2021,177.33,177.25,177.45,177.5,507453
1/19/2021,177.31,177.1,177.4,177.45,720922
1/18/2021,177.71,177.24,177.37,177.81,432299
1/15/2021,177.65,177.5,177.66,177.94,547660
1/14/2021,177.49,177.32,177.84,177.96,748879
1/13/2021,176.84,176.72,177.36,177.6,989425
1/12/2021,176.83,176.34,176.44,176.87,914856
1/11/2021,177.28,176.84,176.93,177.55,739758
1/8/2021,177.33,177.16,177.3,177.53,542402
1/7/2021,177.47,177.17,177.25,177.69,792789
1/6/2021,177.85,177.02,177.37,177.85,842515
1/5/2021,178.22,177.71,177.9,178.27,613781
1/4/2021,177.78,177.52,178.12,178.37,695838
12/30/2020,177.73,177.27,177.64,177.84,340909
12/29/2020,177.6,177.52,177.7,177.75,264996
12/28/2020,177.35,177.17,177.39,177.77,196409
12/23/2020,178.07,177.01,177.07,178.18,507278
12/22/2020,177.7,177.63,177.93,178.09,344003
12/21/2020,177.83,177.61,177.86,178.44,520416
12/18/2020,177.74,177.28,177.66,177.85,416574
12/17/2020,177.6,177.34,177.69,177.98,520025
12/16/2020,178.28,177.27,177.55,178.31,692199
12/15/2020,178.37,178.17,178.27,178.57,440881
12/14/2020,178.37,178.13,178.42,178.56,444213
12/11/2020,178.27,178.17,178.68,178.77,562345
12/10/2020,178.3,177.77,178.08,178.55,704186
12/9/2020,178.08,177.91,178.19,178.3,419412
12/8/2020,175.37,175.35,175.43,175.61,16392
12/7/2020,175.03,175.03,175.41,175.51,128886
12/4/2020,175.15,174.81,174.82,175.22,768396
12/3/2020,174.63,174.56,174.94,175.18,1330414
12/2/2020,174.56,174.37,174.48,174.69,1153833
12/1/2020,175.32,174.47,174.56,175.45,1186624
11/30/2020,175.63,175.21,175.25,175.72,744764
11/27/2020,175.59,175.41,175.5,175.65,360715
11/26/2020,175.18,175.16,175.51,175.59,333128
11/25/2020,175.1,174.96,175.33,175.46,507492
11/24/2020,175.37,175.12,175.26,175.47,520857
11/23/2020,175.7,175.26,175.41,175.71,552775
11/20/2020,175.45,175.25,175.53,175.73,512288
11/19/2020,175.2,175.1,175.33,175.41,522083
11/18/2020,175.28,174.91,175.12,175.46,526036
11/17/2020,174.94,174.85,175.18,175.27,528184
11/16/2020,174.94,174.45,174.93,175.29,677915
11/13/2020,174.91,174.78,174.94,175.17,512706
11/12/2020,174.42,174.26,174.74,174.97,666820
11/11/2020,174.01,173.66,174.3,174.5,653875
11/10/2020,174.54,173.92,174.02,174.63,995727
11/9/2020,176.09,174.26,174.36,176.46,1190804
11/6/2020,176.42,175.86,176.03,176.49,591309
11/5/2020,176.52,176.09,176.33,176.65,617547
11/4/2020,175.71,175.53,176.4,176.83,787734
11/3/2020,176.29,175.82,176.02,176.37,584729
11/2/2020,176.25,175.9,176.24,176.36,529997
10/30/2020,176.18,175.9,176.15,176.38,683406
10/29/2020,176.03,175.92,176.31,176.44,698875
10/28/2020,176.08,175.95,176.07,176.43,793207
10/27/2020,175.45,175.27,175.94,176.06,593179
10/26/2020,175.5,175.1,175.3,175.73,574258
10/23/2020,175.2,175,175.26,175.52,551138
10/22/2020,175.54,175.17,175.19,175.73,613665
10/21/2020,175.67,175.34,175.71,175.86,649237
10/20/2020,176.1,175.66,175.81,176.24,585677
10/19/2020,176.01,175.77,176.11,176.17,486447
10/16/2020,175.82,175.77,176.07,176.29,479596
10/15/2020,175.37,175.35,175.9,176.28,836969
10/14/2020,175.07,175.04,175.35,175.5,546064
10/13/2020,174.88,174.76,175.06,175.13,492809
10/12/2020,174.74,174.6,174.81,174.87,307189
10/9/2020,174.52,174.49,174.68,174.86,493554
10/8/2020,174.1,174.04,174.48,174.58,455960
10/7/2020,174.58,173.93,174.13,174.61,716961
10/6/2020,174.18,174.15,174.27,174.65,665813
10/5/2020,174.67,174.19,174.42,174.9,530283
10/2/2020,174.61,174.6,174.66,174.97,527044
10/1/2020,174.5,174.17,174.66,174.71,715321
9/30/2020,174.81,174.34,174.52,174.95,714272
9/29/2020,174.63,174.58,174.87,174.9,500463
9/28/2020,174.58,174.31,174.62,174.68,427860
9/25/2020,174.27,174.16,174.67,174.7,472462
9/24/2020,174.43,174.22,174.44,174.72,557158
9/23/2020,174.38,174.19,174.21,174.64,574539
9/22/2020,174.56,174.25,174.37,174.74,590252
9/21/2020,174.08,173.95,174.65,174.85,608306
9/18/2020,174.07,173.93,174.07,174.43,438515
9/17/2020,174.05,173.74,174.26,174.45,647265
9/16/2020,174.12,173.84,173.92,174.29,456236
9/15/2020,174.05,173.78,174,174.15,473821
9/14/2020,174.02,173.91,174,174.32,433609
9/11/2020,173.66,173.54,173.96,174.04,462581
9/10/2020,173.61,173.06,173.11,173.91,667105
9/9/2020,174.34,173.51,173.68,174.41,608711
9/8/2020,176.52,176.42,176.93,176.94,14264
9/7/2020,176.47,176.19,176.52,176.86,133125
9/4/2020,176.93,176.37,176.78,177.04,615880
9/3/2020,176.74,176.49,177.07,177.18,1289954
9/2/2020,176.12,176,176.67,176.82,1138611
9/1/2020,175.46,175.17,175.72,176.18,988390
8/31/2020,175.63,175.22,175.56,175.78,629222
8/28/2020,175.29,175.06,175.68,175.82,916048
8/27/2020,175.94,175.28,175.44,176.58,873374
8/26/2020,176,175.47,175.66,176.04,733619
8/25/2020,176.95,175.75,175.89,176.95,760035
8/24/2020,177.21,176.73,177.02,177.25,461448
8/21/2020,176.87,176.75,177.1,177.37,531631
8/20/2020,176.58,176.45,176.95,177.18,562698
8/19/2020,176.47,176.39,176.57,176.87,542392
8/18/2020,176.14,176.03,176.43,176.51,514883
8/17/2020,175.61,175.54,176.21,176.27,470445
8/14/2020,175.26,175.25,175.76,175.81,486095
8/13/2020,176.43,175.27,175.56,176.6,635292
8/12/2020,176.86,175.93,176.24,176.88,642976
8/11/2020,177.39,176.56,176.66,177.5,562339
8/10/2020,177.16,176.89,177.5,177.64,366166
8/7/2020,177.38,177.07,177.17,177.67,394367
8/6/2020,177.02,176.92,177.6,177.81,547061
8/5/2020,177.96,177,177.1,178,492402
8/4/2020,177.31,177.19,177.81,178.01,454198
8/3/2020,177.44,177.03,177.31,177.48,380277
7/31/2020,177.71,177.25,177.52,178.01,573934
7/30/2020,177,176.92,177.69,177.8,531226
7/29/2020,177.15,176.83,176.95,177.29,431543
7/28/2020,176.51,176.49,177.13,177.24,494529
7/27/2020,176.06,175.96,176.8,176.87,481823
7/24/2020,176.77,175.95,176.09,176.98,608253
7/23/2020,176.79,176.59,176.72,176.89,404140
7/22/2020,176.37,176.2,176.93,176.95,482282
7/21/2020,176.24,176.06,176.37,176.45,407568
7/20/2020,176.19,175.77,176.37,176.54,465199
7/17/2020,176.41,176.1,176.27,176.68,332009
7/16/2020,176.17,176.07,176.62,176.74,472597
7/15/2020,176.03,175.92,176.12,176.47,538076
7/14/2020,175.98,175.74,176.2,176.25,476670
7/13/2020,176.48,175.54,175.63,176.49,503253
7/10/2020,176.41,176.34,176.63,176.92,477230
7/9/2020,176.01,175.96,176.52,176.61,443337
7/8/2020,176.11,176.02,176.13,176.37,435173
7/7/2020,176.07,175.72,175.88,176.3,413698
7/6/2020,175.88,175.62,175.96,176.15,407429
7/3/2020,175.98,175.85,176.02,176.24,244234
7/2/2020,175.19,175.04,176.01,176.06,628124
7/1/2020,176.15,175.2,175.29,176.2,550704
6/30/2020,176.58,176.16,176.52,176.86,534406
6/29/2020,176.75,176.35,176.66,176.86,350341
6/26/2020,176.39,176.32,176.7,176.8,399577
6/25/2020,176.11,176.09,176.55,176.72,526347
6/24/2020,175.53,175.2,176.01,176.12,592629
6/23/2020,175.85,175.45,175.61,176.13,559797
6/22/2020,175.74,175.6,176.11,176.37,440626
6/19/2020,175.61,175.3,175.68,175.79,383643
6/18/2020,175.28,175.16,175.59,175.76,548603
6/17/2020,175.34,174.8,175.4,175.63,596315
6/16/2020,175.22,174.9,175.4,175.58,592816
6/15/2020,175.62,175.28,175.52,175.98,475613
6/12/2020,175.25,174.9,175.57,175.6,513632
6/11/2020,174.28,174.12,175.24,175.34,598108
6/10/2020,173.47,173.25,173.81,174.18,644911
6/9/2020,173.61,173.3,173.46,174.02,646569
6/8/2020,170.13,169.88,170.22,170.27,11884
6/5/2020,170.55,169.66,169.86,170.7,183510
6/4/2020,171.04,170.37,170.54,171.34,1106159
6/3/2020,171.66,170.86,170.97,171.87,1448746
6/2/2020,171.92,171.67,171.86,172.15,1109518
6/1/2020,172.37,171.47,171.65,172.42,638434
5/29/2020,172.15,172,172.46,172.57,810335
5/28/2020,171.82,171.68,172.05,172.32,637250
5/27/2020,172.28,171.5,172.07,172.53,841045
5/26/2020,173.11,172.01,172.16,173.16,705336
5/25/2020,173.05,172.98,173.06,173.28,136199
5/22/2020,173.11,172.93,173.12,173.52,460081
5/21/2020,172.89,172.66,173.15,173.27,432622
5/20/2020,172.76,172.51,172.72,172.97,547619
5/19/2020,172.82,172.26,172.7,173.11,685895
5/18/2020,173.75,172.61,173.16,174.09,678104
5/15/2020,173.62,173.59,173.74,174.23,471060
5/14/2020,173.56,173.5,173.65,174.08,540227
5/13/2020,173.55,173.41,173.63,173.92,550622
5/12/2020,173.18,172.8,173.37,173.49,616386
5/11/2020,173.47,173.13,173.53,173.74,445976
5/8/2020,173.87,173.52,173.77,174.24,302213
5/7/2020,173.49,172.89,173.89,174.08,652672
5/6/2020,174.15,173.19,173.3,174.23,599619
5/5/2020,174.13,173.42,174.41,174.55,642956
5/4/2020,174.37,173.77,174.04,174.69,497878
4/30/2020,172.95,172.94,174.43,174.57,780386
4/29/2020,172.75,172.58,173.06,173.28,531309
4/28/2020,172.4,172.09,172.75,172.84,423808
4/27/2020,172.68,172.23,172.45,172.91,392523
4/24/2020,172.38,172.27,172.76,172.87,417984
4/23/2020,171.85,171.29,172.1,172.48,571166
4/22/2020,172.71,171.67,172,172.95,517771
4/21/2020,172.54,172.45,172.91,173.26,528249
4/20/2020,172.65,172.19,172.41,173.01,392721
4/17/2020,172.44,172.17,172.85,172.89,299089
4/16/2020,172.43,172.04,172.67,172.9,459933
4/15/2020,171.42,171.36,172.68,172.78,532337
4/14/2020,170.47,170.28,171.54,171.71,273464
4/9/2020,170.12,170.01,170.9,171.09,455321
4/8/2020,170.79,170,170.46,171.31,620310
4/7/2020,171.81,170.24,170.49,171.9,567349
4/6/2020,171.85,171.42,171.82,172.05,319103
4/3/2020,171.96,171.8,172.06,172.44,391643
4/2/2020,172.56,171.6,171.92,172.6,540021
4/1/2020,172.7,172.23,172.57,173.48,483245
3/31/2020,172.84,172.33,172.51,173.16,508923
3/30/2020,172.94,172.62,173.6,173.83,427475
3/27/2020,170.95,170.9,172.56,173.07,560941
3/26/2020,169.69,169.69,171.07,171.35,545087
3/25/2020,170.5,169.34,169.62,170.78,464922
3/24/2020,171.13,170.19,170.27,171.38,454207
3/23/2020,170.69,170.22,171.12,171.54,496860
3/20/2020,168.53,168.52,170.42,170.84,543197
3/19/2020,170.01,167.52,167.94,171.18,813148
3/18/2020,171.39,168.24,168.79,171.39,879198
3/17/2020,172,170.9,171.93,172.47,773971
3/16/2020,174.6,171.97,172.17,175.25,623389
3/13/2020,176.32,173.12,174.17,176.57,1007324
3/12/2020,176.81,175.9,176.5,177.64,1009816
3/11/2020,177.07,176.55,176.77,177.91,1012794
3/10/2020,177.55,175.41,177.59,177.91,1282692
3/9/2020,177.21,177.05,178.23,179.31,994789
3/6/2020,179.02,179,179.44,179.56,12754
3/5/2020,177.55,177.5,178.59,178.9,167781
3/4/2020,178.23,177.46,177.9,178.36,1170286
3/3/2020,177.41,176.83,177.74,178.25,1843311
3/2/2020,177.82,177,177.83,178.38,1984519
2/28/2020,176.52,176.52,177.46,177.79,1463490
2/27/2020,175.99,175.86,176.58,176.89,1342659
2/26/2020,175.88,175.38,175.83,176.3,1407416
2/25/2020,175.37,175.21,176.02,176.21,1128961
2/24/2020,175.39,175.13,175.58,175.86,1261625
2/21/2020,174.98,174.77,174.93,175.37,955610
2/20/2020,174.55,174.51,174.96,175.12,869932
2/19/2020,174.41,174.28,174.66,174.74,635292
2/18/2020,174.51,174.29,174.53,174.92,761810
2/17/2020,174.35,174.08,174.45,174.52,264963
2/14/2020,174.29,174.1,174.48,174.59,470649
2/13/2020,174.16,174.05,174.27,174.64,879840
2/12/2020,174.17,173.72,174.02,174.2,737949
2/11/2020,174.48,174.13,174.26,174.55,766465
2/10/2020,174.33,174.01,174.57,174.69,500705
2/7/2020,173.87,173.84,174.18,174.42,725074
2/6/2020,173.71,173.42,173.82,173.96,762856
2/5/2020,174.33,173.65,173.92,174.63,947840
2/4/2020,175.06,174.25,174.53,175.07,837828
2/3/2020,175.1,174.62,174.88,175.14,692500
1/31/2020,174.29,174.16,175.04,175.3,763628
1/30/2020,174.23,174.23,174.57,174.65,761982
1/29/2020,173.66,173.41,174.06,174.28,628557
1/28/2020,174.11,173.48,173.68,174.48,885015
1/27/2020,173.75,173.41,174.23,174.27,892313
1/24/2020,172.82,172.6,173.28,173.54,812604
1/23/2020,172.41,172.35,173.03,173.09,765002
1/22/2020,172.04,171.91,172.33,172.5,584939
1/21/2020,171.75,171.55,172.21,172.27,752505
1/20/2020,171.76,171.52,171.67,171.76,233912
1/17/2020,171.66,171.46,171.61,171.82,484597
1/16/2020,171.62,171.35,171.72,171.8,637672
1/15/2020,171.05,171.01,171.46,171.72,672851
1/14/2020,170.74,170.65,171.01,171.08,694216
1/13/2020,171.36,170.71,170.76,171.43,611475
1/10/2020,171.31,170.85,171.35,171.43,555738
1/9/2020,171.31,171.01,171.14,171.51,732941
1/8/2020,172.5,171.26,171.78,173.22,825675
1/7/2020,172.21,171.91,172.12,172.31,582593
1/6/2020,172.45,172.07,172.24,172.6,496413
1/3/2020,171.1,171.1,172.12,172.38,528221
1/2/2020,170.54,170.19,171.26,171.42,509178
12/30/2019,171.58,170.42,170.49,171.68,360676
12/27/2019,171.69,171.42,171.61,171.79,168137
12/23/2019,171.56,171.3,171.43,171.88,193933
12/20/2019,171.26,171.06,171.54,171.63,304511
12/19/2019,171.6,170.9,171.28,171.66,562470
12/18/2019,172.11,171.35,171.48,172.4,485077
12/17/2019,172.03,171.96,172.13,172.29,417672
12/16/2019,172.16,171.8,171.92,172.43,511324
12/13/2019,171.23,170.75,172.1,172.31,729472
12/12/2019,172.7,171.61,171.75,172.99,665976
12/11/2019,172.31,172.17,172.63,172.88,431703
12/10/2019,172.34,172.07,172.23,172.45,488016
12/9/2019,172.1,172.02,172.37,172.59,374594
12/6/2019,170.37,170.18,170.53,170.53,12897
12/5/2019,170.7,170.06,170.32,170.84,147383
12/4/2019,171.06,170.56,170.7,171.31,966680
12/3/2019,170.02,169.74,171.04,171.14,1645820
12/2/2019,170.99,169.85,169.92,171,1684294
11/29/2019,171.29,170.91,171.07,171.4,884112
11/28/2019,171.42,171.16,171.26,171.6,486681
11/27/2019,171.3,171.13,171.35,171.52,639286
11/26/2019,171.04,170.88,171.45,171.49,497717
11/25/2019,171.15,170.94,171.09,171.24,473056
11/22/2019,170.65,170.31,171.24,171.27,687670
11/21/2019,171.24,170.56,170.75,171.35,686084
11/20/2019,171,170.95,171.09,171.56,703989
11/19/2019,170.84,170.66,170.91,171,448277
11/18/2019,170.89,170.55,170.84,171.06,481696
11/15/2019,170.92,170.65,170.85,171.05,413777
11/14/2019,170.26,170.26,170.99,171.15,620539
11/13/2019,169.75,169.67,170.36,170.45,703016
11/12/2019,169.67,169.26,169.54,169.83,576490
11/11/2019,169.64,169.46,169.56,169.99,350119
11/8/2019,169.4,169.12,169.69,169.89,693212
11/7/2019,170.87,169.17,169.57,170.97,1142561
11/6/2019,170.45,170.22,170.67,170.94,567253
11/5/2019,170.9,170.3,170.53,170.95,736200
11/4/2019,171.47,170.91,170.99,171.47,449131
11/1/2019,171.84,171.35,171.42,171.99,485299
10/31/2019,171.24,171.17,171.76,172.03,723716
10/30/2019,171.05,170.79,171.06,171.36,520842
10/29/2019,170.68,170.6,171.04,171.14,507309
10/28/2019,171.26,170.56,170.7,171.35,569508
10/25/2019,171.67,171.12,171.35,171.8,480486
10/24/2019,171.55,171.16,171.83,171.96,705591
10/23/2019,171.68,171.44,171.67,171.93,490851
10/22/2019,170.88,170.76,171.42,171.73,533814
10/21/2019,171.45,170.78,170.89,171.46,432770
10/18/2019,171.73,171.24,171.49,171.88,441619
10/17/2019,171.64,170.73,171.72,171.93,845835
10/16/2019,171.72,171.37,171.58,172.29,884388
10/15/2019,172.57,171.63,171.89,172.82,742153
10/14/2019,172.38,172.32,172.58,172.94,405054
10/11/2019,172.67,172.08,172.39,173.15,951592
10/10/2019,174.06,172.57,173,174.14,793955
10/9/2019,174.52,173.85,174.05,174.56,481564
10/8/2019,174.24,173.86,174.67,174.69,556102
10/7/2019,174.54,174.17,174.31,174.72,337410
10/4/2019,174.53,174.33,174.49,174.75,429513
10/3/2019,173.88,173.88,174.46,174.78,618526
10/2/2019,173.86,173.6,173.79,174.04,612929
10/1/2019,174.23,173.31,174.2,174.25,848640
9/30/2019,174.35,173.77,174.25,174.36,531343
9/27/2019,174.35,174.05,174.21,174.54,451673
9/26/2019,174.11,174.03,174.32,174.46,523324
9/25/2019,174.88,173.93,174.36,174.97,692838
9/24/2019,174.19,174.03,174.73,174.88,576509
9/23/2019,173.6,173.29,174.54,174.64,683113
9/20/2019,173.32,173.23,173.47,173.84,475445
9/19/2019,173.07,172.86,173.3,173.4,531380
9/18/2019,172.87,172.65,173.37,173.48,505359
9/17/2019,172.99,172.67,172.87,173.16,581502
9/16/2019,172.51,172.4,172.98,173.13,600072
9/13/2019,173.52,172.18,172.44,173.63,948891
9/12/2019,174.03,173.23,173.93,175.62,1235881
9/11/2019,173.8,173.65,174.24,174.38,619386
9/10/2019,174.31,173.75,173.98,174.52,711969
9/9/2019,175.21,174.19,174.24,175.3,645230
9/6/2019,177.35,177.09,177.7,177.78,8212
9/5/2019,178.57,176.97,177.31,178.57,225596
9/4/2019,178.97,177.98,178.52,179,972346
9/3/2019,178.89,178.81,179.32,179.67,1614613
9/2/2019,179.18,178.6,178.96,179.2,608729
8/30/2019,178.91,178.63,179.1,179.27,721955
8/29/2019,179.2,178.57,178.94,179.36,734952
8/28/2019,179,178.88,179.3,179.46,709332
8/27/2019,178.51,178.45,178.94,179.07,518167
8/26/2019,179.08,178.22,178.52,179.21,448005
8/23/2019,178.01,177.48,178.54,178.83,648613
8/22/2019,178.73,177.65,178.04,178.94,886720
8/21/2019,178.76,178.19,178.68,178.83,545223
8/20/2019,178.19,178.19,178.9,179.19,638035
8/19/2019,178.72,177.82,178.15,178.84,738395
8/16/2019,179.39,178.14,178.6,179.58,739016
8/15/2019,178.4,178.18,179.06,179.66,885057
8/14/2019,177.71,177.62,178.31,178.49,638591
8/13/2019,177.5,177.31,177.68,177.84,579108
8/12/2019,177.15,177.03,177.44,177.68,340323
8/9/2019,177.5,176.96,177.16,177.55,535282
8/8/2019,177,176.38,176.93,177.42,851117
8/7/2019,176.75,176.72,177.36,177.74,801144
8/6/2019,176.61,176.12,176.58,176.74,538517
8/5/2019,175.98,175.93,176.22,176.63,588132
8/2/2019,175.72,175.62,175.82,176.1,864955
8/1/2019,175.03,174.73,175.44,175.88,728992
7/31/2019,174.61,174.52,175.07,175.28,594047
7/30/2019,174.43,174.36,174.55,174.65,402733
7/29/2019,174.32,174.27,174.46,174.57,390381
7/26/2019,174.25,173.92,174.21,174.3,407411
7/25/2019,174.26,173.49,174.01,174.92,985684
7/24/2019,173.78,173.74,174.3,174.51,600271
7/23/2019,173.61,173.56,173.91,173.97,397220
7/22/2019,173.39,173.29,173.78,173.79,408536
7/19/2019,173.47,173.27,173.39,173.57,436417
7/18/2019,173.12,173.02,173.25,173.63,629368
7/17/2019,172.47,172.44,172.93,173.13,528061
7/16/2019,172.33,172.16,172.34,172.68,580062
7/15/2019,171.74,171.49,172.33,172.42,502403
7/12/2019,171.55,171.25,171.68,171.88,766694
7/11/2019,172.54,171.5,171.82,172.73,812399
7/10/2019,173.05,172.02,172.51,173.08,1088823
7/9/2019,173.35,173.04,173.21,173.46,565770
7/8/2019,173.41,173.29,173.51,173.7,512168
7/5/2019,173.94,172.99,173.18,173.96,709057
7/4/2019,173.72,173.61,173.85,174.05,483437
7/3/2019,173.59,173.53,173.67,173.9,653582
7/2/2019,173.3,172.97,173.35,173.5,600455
7/1/2019,172.57,172.47,173.3,173.33,622875
6/28/2019,172.67,172.46,172.74,172.84,487241
6/27/2019,172.36,171.92,172.62,172.77,699716
6/26/2019,172.76,172.26,172.5,172.82,646982
6/25/2019,172.45,172.45,172.88,172.91,578799
6/24/2019,172.02,172.02,172.47,172.59,463680
6/21/2019,172.55,171.95,172.07,172.65,711933
6/20/2019,172.59,172.41,172.64,172.7,667615
6/19/2019,172.67,172.09,172.16,172.72,713166
6/18/2019,171.54,171.51,172.86,172.88,1000244
6/17/2019,171.71,171.42,171.56,171.75,479352
6/14/2019,171.63,171.59,171.78,171.99,586201
6/13/2019,171.45,171.39,171.54,171.69,507649
6/12/2019,171.38,171.32,171.48,171.62,565266
6/11/2019,171.11,170.98,171.36,171.42,540195
6/10/2019,171.55,171.06,171.11,171.66,488845
6/7/2019,171.3,171.25,171.72,171.8,674789
6/6/2019,168.72,168.7,168.95,169.01,25352
6/5/2019,168.5,168.38,168.68,168.84,231628
6/4/2019,168.48,168.39,168.46,168.68,1449084
6/3/2019,168.59,168.33,168.37,168.69,1700775
5/31/2019,168.33,168.3,168.34,168.63,1330357
5/30/2019,167.84,167.72,168,168.21,730315
5/29/2019,167.91,167.85,168.02,168.13,838692
5/28/2019,167.55,167.52,167.8,167.93,944511
5/27/2019,167.35,167.18,167.64,167.69,260208
5/24/2019,167.28,167.1,167.24,167.33,524817
5/23/2019,166.91,166.86,167.22,167.4,784236
5/22/2019,166.52,166.44,166.72,166.9,681336
5/21/2019,166.74,166.33,166.49,166.9,772870
5/20/2019,166.98,166.63,166.79,167.07,551282
5/17/2019,167.04,166.86,167.06,167.41,626131
5/16/2019,167.06,166.78,166.95,167.27,793121
5/15/2019,166.66,166.57,166.94,167.43,963276
5/14/2019,166.51,166.31,166.59,166.72,583821
5/13/2019,166.33,166.1,166.52,166.61,581367
5/10/2019,166.12,165.94,166.25,166.4,617039
5/9/2019,166.14,166.1,166.26,166.54,713527
5/8/2019,166.06,165.92,166.2,166.47,807467
5/7/2019,165.59,165.24,166.08,166.18,825199
5/6/2019,165.51,165.31,165.44,165.86,324793
5/3/2019,165.12,164.82,165.26,165.45,599610
5/2/2019,165.16,164.97,165.24,165.48,772196
4/30/2019,165.48,164.84,165.31,165.69,938719
4/29/2019,165.8,165.33,165.55,165.84,523115
4/26/2019,165.77,165.55,165.82,165.92,503153
4/25/2019,165.7,165.56,165.69,165.8,533568
4/24/2019,164.99,164.96,165.73,165.78,717025
4/23/2019,165.01,164.71,164.94,165.13,557087
4/18/2019,164.42,164.33,165.22,165.27,768220
4/17/2019,164.5,164.06,164.3,164.59,679000
4/16/2019,164.65,164.39,164.6,164.94,661544
4/15/2019,164.59,164.33,164.66,164.76,650826
4/12/2019,165.64,164.56,164.62,165.79,951266
4/11/2019,165.82,165.51,165.58,165.87,510179
4/10/2019,165.54,165.4,165.89,166,583756
4/9/2019,165.29,165.11,165.48,165.64,543179
4/8/2019,165.38,165.14,165.36,165.55,358592
4/5/2019,165.35,165.07,165.36,165.52,552256
4/4/2019,165.28,165.19,165.52,165.66,596190
4/3/2019,165.93,165.18,165.4,166,820784
4/2/2019,165.7,165.7,166.11,166.17,563232
4/1/2019,166.21,165.6,165.67,166.21,730962
3/29/2019,166.26,166.02,166.34,166.42,695143
3/28/2019,166.54,166.21,166.39,166.75,755693
3/27/2019,165.79,165.68,166.59,166.7,1065658
3/26/2019,165.79,165.45,165.58,165.83,600787
3/25/2019,165.58,165.34,165.66,165.97,623210
3/22/2019,164.65,164.62,165.74,165.86,1010742
3/21/2019,164.39,164.32,164.85,164.93,725539
3/20/2019,163.89,163.84,164.25,164.53,566585
3/19/2019,164.22,163.63,163.96,164.35,727885
3/18/2019,164.22,163.96,164.27,164.36,454397
3/15/2019,164.22,163.94,164.14,164.45,560005
3/14/2019,164.21,164.07,164.13,164.45,542776
3/13/2019,164.56,164.18,164.47,164.68,459077
3/12/2019,164.25,163.92,164.54,164.74,733723
3/11/2019,164.61,164.32,164.53,164.62,509730
3/8/2019,164.44,164.31,164.39,164.74,804481
3/7/2019,166.15,166.03,166.24,166.28,15396
3/6/2019,165.8,165.63,166.11,166.29,335509
3/5/2019,165.67,165.26,165.52,165.79,1417266
3/4/2019,165.19,165.01,165.59,165.71,1380979
3/1/2019,165.33,164.97,165.22,165.38,1036780
2/28/2019,165.71,165.15,165.31,165.97,997602
2/27/2019,166.35,165.56,165.68,166.48,1038699
2/26/2019,166.5,166.16,166.27,166.66,731373
2/25/2019,166.56,166.2,166.4,166.62,530946
2/22/2019,166.17,166.11,166.62,166.72,514633
2/21/2019,166.6,165.85,166.07,166.67,983248
2/20/2019,166.45,166.35,166.51,166.69,492425
2/19/2019,166.42,166.27,166.42,166.75,654664
2/18/2019,166.53,166.28,166.36,166.55,238957
2/15/2019,166.55,166.28,166.47,166.64,474923
2/14/2019,166.22,166.02,166.54,166.73,628466
2/13/2019,166,165.86,166.12,166.24,531264
2/12/2019,166.26,165.84,166.02,166.26,634368
2/11/2019,166.68,166.15,166.35,166.73,602027
2/8/2019,166.39,166.26,166.75,166.83,635900
2/7/2019,165.59,165.52,166.36,166.45,896171
2/6/2019,165.42,165.37,165.51,165.68,491944
2/5/2019,165.4,164.93,165.49,165.52,623597
2/4/2019,165.61,165.22,165.28,165.64,418541
2/1/2019,165.73,165.43,165.5,165.77,711766
1/31/2019,165.52,165.3,165.67,165.87,801430
1/30/2019,165.24,164.99,165.18,165.53,571073
1/29/2019,164.94,164.85,165.08,165.28,566210
1/28/2019,165.19,164.69,164.91,165.3,647823
1/25/2019,165.35,164.96,165.07,165.43,603232
1/24/2019,164.72,164.59,165.32,165.54,890974
1/23/2019,164.65,164.34,164.57,164.77,600559
1/22/2019,164.25,164.12,164.47,164.75,608301
1/21/2019,164.2,164.04,164.13,164.3,272114
1/18/2019,164.28,163.84,164.07,164.34,712268
1/17/2019,164.72,164.23,164.3,164.89,566676
1/16/2019,164.8,164.36,164.59,164.9,638525
1/15/2019,164.62,164.38,164.89,164.98,706551
1/14/2019,164.51,164.43,164.57,164.88,540338
1/11/2019,164.25,164.16,164.41,164.64,563194
1/10/2019,163.93,163.93,164.21,164.38,647105
1/9/2019,163.71,163.48,163.96,164.11,656380
1/8/2019,163.76,163.5,163.74,163.9,658669
1/7/2019,163.93,163.76,163.96,164.32,541364
1/4/2019,165.01,163.88,163.97,165.04,649416
1/3/2019,164.91,164.38,164.82,165.1,683676
1/2/2019,163.7,163.58,164.64,164.94,713330
12/31/2018,,,163.54,,
12/28/2018,163.64,163.42,163.54,163.76,335361
12/27/2018,163.18,163.15,163.73,163.79,334721
12/24/2018,,,163.36,,
12/21/2018,163.54,163.27,163.36,163.54,385743
12/20/2018,163.74,163.41,163.56,164.01,696497
12/19/2018,163.48,163.24,163.38,163.85,543107
12/18/2018,163.29,163.22,163.34,163.55,482974
12/17/2018,163.28,162.96,163.14,163.3,398427
12/14/2018,162.89,162.81,163.2,163.3,554180
12/13/2018,162.77,162.51,162.87,163.14,806925
12/12/2018,163.35,162.6,162.98,163.53,708400
12/11/2018,163.24,162.83,163.48,163.59,741273
12/10/2018,163.61,162.98,163.4,163.64,668405
12/7/2018,163.23,162.93,163.17,163.46,619944
12/6/2018,162.3,162.12,162.38,162.48,25101
12/5/2018,162.28,161.97,161.99,162.45,439469
12/4/2018,161.91,161.61,162.09,162.43,1917850
12/3/2018,161.01,161.01,161.5,161.7,1605468
11/30/2018,161.31,161.27,161.54,161.58,849022
11/29/2018,161,160.98,161.41,161.42,852035
11/28/2018,161,160.83,160.9,161.18,880824
11/27/2018,160.9,160.82,161.02,161.21,649683
11/26/2018,160.93,160.64,160.74,160.99,628250
11/23/2018,160.65,160.51,161.1,161.19,649263
11/22/2018,160.7,160.53,160.63,160.87,436793
11/21/2018,160.71,160.48,160.58,160.78,627426
11/20/2018,160.64,160.54,160.89,161.04,777045
11/19/2018,160.73,160.24,160.6,160.73,613084
11/16/2018,160.54,160.54,160.65,160.76,590153
11/15/2018,160.14,160.07,160.81,160.92,1050374
11/14/2018,160.36,159.96,160.14,160.47,709577
11/13/2018,160.19,159.98,160.08,160.42,777657
11/12/2018,159.95,159.93,160.29,160.45,497503
11/9/2018,159.43,159.43,160.03,160.07,578856
11/8/2018,159.29,159.19,159.37,159.51,536074
11/7/2018,159.82,159.28,159.5,159.89,615172
11/6/2018,159.71,159.61,159.7,160.04,525127
11/5/2018,159.6,159.58,159.74,159.91,480071
11/2/2018,159.72,159.45,159.63,159.81,658295
11/1/2018,160.23,159.75,159.98,160.27,649785
10/31/2018,160.2,160.01,160.26,160.37,660228
10/30/2018,160.35,159.96,160.44,160.56,752795
10/29/2018,160.62,160.06,160.35,160.79,729929
10/26/2018,160.32,160.22,160.87,160.9,865941
10/25/2018,160.29,159.83,160.16,160.33,681400
10/24/2018,159.67,159.66,160.18,160.35,729989
10/23/2018,159.55,159.43,159.79,159.98,765600
10/22/2018,159.07,158.84,159.34,159.52,655438
10/19/2018,159.78,159.07,159.4,160.08,1044791
10/18/2018,158.89,158.82,159.52,159.94,832964
10/17/2018,158.73,158.72,159.16,159.24,681734
10/16/2018,158.49,158.34,158.72,158.81,578937
10/15/2018,158.66,158.46,158.59,158.87,428866
10/12/2018,158.16,157.95,158.53,158.74,584152
10/11/2018,158.33,158.12,158.35,158.71,927373
10/10/2018,158.1,157.45,157.88,158.16,759645
10/9/2018,157.95,157.61,158.09,158.18,880493
10/8/2018,157.56,157.5,157.95,158.23,591262
10/5/2018,158.03,157.33,157.61,158.12,848352
10/4/2018,157.99,157.74,158.04,158.48,1039039
10/3/2018,159.17,158.21,158.93,159.46,840412
10/2/2018,159.06,159,159.52,159.78,901213
10/1/2018,158.74,158.37,158.77,158.99,736060
9/28/2018,158.54,158.4,158.79,159.25,1054065
9/27/2018,158.56,158.02,158.06,158.79,861140
9/26/2018,157.92,157.89,158.04,158.49,518047
9/25/2018,158.21,157.75,157.87,158.21,783454
9/24/2018,159.03,158.21,158.32,159.14,745994
9/21/2018,158.75,158.68,159,159.1,530180
9/20/2018,158.73,158.38,158.74,158.93,734225
9/19/2018,158.67,158.42,158.62,158.87,704493
9/18/2018,159.07,158.66,158.74,159.26,650229
9/17/2018,159.28,158.84,159.02,159.29,489765
9/14/2018,159.5,159.01,159.17,159.54,558067
9/13/2018,159.71,159.26,159.46,159.78,676492
9/12/2018,159.35,159.34,159.63,159.8,669389
9/11/2018,159.67,159.23,159.3,159.67,612067
9/10/2018,159.94,159.52,159.69,160.1,607667
9/7/2018,160.42,159.83,159.95,160.43,568738
9/6/2018,162.48,162.45,162.62,162.7,29850
9/5/2018,162.88,162.28,162.44,163.03,489970
9/4/2018,163.21,162.8,162.87,163.22,1466777
9/3/2018,163.19,163.04,163.21,163.49,1251943
8/31/2018,162.92,162.83,163.27,163.32,1041441
8/30/2018,162.28,162.13,162.98,163.08,865703
8/29/2018,162.62,162.1,162.18,162.68,708192
8/28/2018,162.67,162.35,162.52,162.87,815847
8/27/2018,163.17,162.55,162.64,163.36,391910
8/24/2018,163.01,162.8,163.09,163.16,500671
8/23/2018,163.22,162.93,163.06,163.23,454718
8/22/2018,163.36,162.91,163,163.45,597125
8/21/2018,163.6,163.17,163.24,163.71,469569
8/20/2018,163.65,163.42,163.73,163.74,354620
8/17/2018,163.53,163.42,163.67,163.88,435264
8/16/2018,163.41,163.36,163.49,163.67,402817
8/15/2018,163.33,163.1,163.71,163.82,506862
8/14/2018,163.35,163.11,163.21,163.35,434945
8/13/2018,163.46,163.22,163.36,163.62,647393
8/10/2018,162.69,162.69,163.34,163.45,754285
8/9/2018,162.27,162.22,162.5,162.62,445903
8/8/2018,162.04,161.96,162.11,162.27,347532
8/7/2018,162.23,161.97,162.01,162.39,341621
8/6/2018,162.01,161.83,162.35,162.38,352122
8/3/2018,161.37,161.37,162.05,162.12,668423
8/2/2018,161.16,161.05,161.26,161.55,679542
8/1/2018,161.42,160.86,160.91,161.45,690866
7/31/2018,161.9,161.41,161.58,162.05,692914
7/30/2018,162.13,161.33,161.43,162.3,631434
7/27/2018,162.05,161.97,162.07,162.23,450080
7/26/2018,161.95,161.88,162.18,162.37,546245
7/25/2018,162.34,161.9,162.37,162.47,441496
7/24/2018,162.03,161.82,162.28,162.33,536468
7/23/2018,162.41,161.97,162.1,162.54,570469
7/20/2018,163.16,162.44,162.53,163.39,596602
7/19/2018,162.78,162.7,163.08,163.26,457413
7/18/2018,162.75,162.75,162.95,163.2,429737
7/17/2018,162.59,162.57,162.85,162.9,365314
7/16/2018,162.97,162.44,162.47,162.97,388742
7/13/2018,162.68,162.66,162.98,163.22,452726
7/12/2018,162.55,162.45,162.77,162.82,412717
7/11/2018,162.59,162.4,162.53,162.8,547378
7/10/2018,162.49,162.26,162.38,162.57,488689
7/9/2018,162.67,162.35,162.61,162.73,406314
7/6/2018,162.5,162.47,162.82,162.93,428971
7/5/2018,162.37,162.06,162.7,162.78,608844
7/4/2018,162.6,162.37,162.55,162.87,316426
7/3/2018,162.41,162.22,162.72,162.81,504751
7/2/2018,162.57,162.42,162.63,162.89,460778
6/29/2018,162.15,161.85,162.55,162.65,699207
6/28/2018,162.42,162.18,162.46,162.66,512915
6/27/2018,162.09,162.01,162.3,162.55,607009
6/26/2018,162.05,161.75,162.09,162.37,598315
6/25/2018,162.34,162.01,162.23,162.57,510179
6/22/2018,162.15,161.8,162.1,162.24,536054
6/21/2018,161.31,161.26,162.15,162.35,977018
6/20/2018,161.43,161.31,161.51,161.69,521727
6/19/2018,161.49,161.46,161.53,161.86,721501
6/18/2018,161.17,161.02,161.15,161.41,456231
6/15/2018,160.88,160.75,161.16,161.52,792238
6/14/2018,160,159.45,160.71,160.85,953585
6/13/2018,159.8,159.63,160.07,160.22,620454
6/12/2018,159.84,159.37,159.85,159.92,634990
6/11/2018,160.22,159.55,159.74,160.22,623118
6/8/2018,160.23,160.18,160.4,161.13,959958
6/7/2018,160.12,159.54,159.57,160.14,31809
6/6/2018,161.06,159.94,160.24,161.32,600579
6/5/2018,160.82,160.81,161.46,161.68,1885827
6/4/2018,161.24,160.78,160.89,161.42,1738616
6/1/2018,161.67,160.99,161.46,161.83,1225610
5/31/2018,161.75,160.95,162.14,162.23,1468191
5/30/2018,163.04,161.41,162.02,163.06,1629582
5/29/2018,161.86,161.79,162.8,164.15,1721393
5/28/2018,160.75,160.29,161.93,162,857650
5/25/2018,160.09,160.05,161.02,161.34,1332111
5/24/2018,159.7,159.31,160.22,160.29,1056314
5/23/2018,159.06,159.03,159.76,159.84,1195176
5/22/2018,159.38,158.74,158.9,159.43,958509
5/21/2018,158.64,158.61,159.24,159.5,803279
5/18/2018,157.82,157.8,158.67,158.82,777688
5/17/2018,158.02,157.73,157.87,158.39,905263
5/16/2018,157.9,157.84,158.18,158.5,1085172
5/15/2018,158.13,157.61,157.76,158.17,832065
5/14/2018,158.98,158.12,158.14,159.01,747329
5/11/2018,158.92,158.79,158.85,159.16,421368
5/10/2018,158.84,158.81,159.07,159.25,572673
5/9/2018,158.79,158.52,158.85,158.9,585280
5/8/2018,159.25,158.77,158.85,159.28,547045
5/7/2018,159.1,159.07,159.31,159.42,254131
5/4/2018,159.14,159.05,159.08,159.39,626752
5/3/2018,158.65,158.43,159.26,159.35,894937
5/2/2018,158.68,158.44,158.59,158.7,612130
4/30/2018,158.64,158.38,158.74,158.91,606831
4/27/2018,158.38,158.38,158.66,158.78,647938
4/26/2018,157.79,157.74,158.31,158.46,752359
4/25/2018,157.88,157.45,157.72,157.88,740999
4/24/2018,157.88,157.43,157.76,158.04,759493
4/23/2018,157.88,157.62,157.8,157.97,861851
4/20/2018,158.28,157.9,158.13,158.4,744536
4/19/2018,159.03,158.06,158.17,159.04,1094636
4/18/2018,159.26,158.96,159.05,159.55,753065
4/17/2018,159.09,158.95,159.34,159.45,584951
4/16/2018,159.24,158.74,159.15,159.27,622222
4/13/2018,159.29,158.95,159.34,159.37,600233
4/12/2018,159.4,159.15,159.29,159.52,659304
4/11/2018,159.17,159.17,159.5,159.65,665485
4/10/2018,159.34,159,159.05,159.59,877264
4/9/2018,159.44,159.24,159.3,159.49,487942
4/6/2018,159.24,159.15,159.5,159.57,531413
4/5/2018,159.22,158.89,159.11,159.26,720300
4/4/2018,159.28,159.22,159.47,159.66,705993
4/3/2018,159.57,159.07,159.3,159.61,702617
3/29/2018,159.24,159.14,159.43,159.48,578411
3/28/2018,159.3,159.12,159.31,159.69,824206
3/27/2018,158.77,158.73,159.23,159.42,733467
3/26/2018,158.87,158.59,158.93,158.95,539218
3/23/2018,158.9,158.55,158.87,159.01,714821
3/22/2018,158.09,158.05,158.96,159,948815
3/21/2018,158,157.75,157.88,158.1,490662
3/20/2018,158.12,157.91,158.06,158.17,501560
3/19/2018,158.16,157.67,158.23,158.3,655359
3/16/2018,158.24,157.98,158.19,158.35,466021
3/15/2018,157.85,157.81,158.14,158.24,606465
3/14/2018,157.62,157.34,157.94,157.97,674070
3/13/2018,157.25,157.17,157.47,157.61,682426
3/12/2018,157,156.91,157.27,157.36,440187
3/9/2018,157.15,156.88,156.98,157.25,527884
3/8/2018,159.4,159.32,159.36,159.56,12676
3/7/2018,159.43,159.26,159.43,159.63,357290
3/6/2018,159.54,158.89,159.25,159.74,1616680
3/5/2018,160,159.41,159.88,160.38,1503345
3/2/2018,159.9,159.58,159.77,160.21,912660
3/1/2018,159.45,159.44,159.7,160.09,959073
2/28/2018,159.24,159.03,159.44,159.52,701486
2/27/2018,159.45,159.05,159.2,159.51,813659
2/26/2018,159.65,159.25,159.56,159.67,678750
2/23/2018,158.68,158.68,159.48,159.66,777959
2/22/2018,158.24,158.18,158.76,158.85,630339
2/21/2018,158.41,158.17,158.51,158.85,675671
2/20/2018,158.17,157.9,158.39,158.55,614787
2/19/2018,158.49,158.17,158.27,158.53,338583
2/16/2018,157.76,157.65,158.61,158.78,575895
2/15/2018,157.65,157.42,157.88,158.01,720047
2/14/2018,158.25,157.65,157.98,158.38,782147
2/13/2018,158.03,157.95,158.11,158.44,664396
2/12/2018,157.75,157.54,157.97,158.17,637061
2/9/2018,158.05,157.7,158.04,158.65,920806
2/8/2018,157.92,157.26,157.74,158.23,1156905
2/7/2018,158.68,157.92,158.23,158.92,928913
2/6/2018,158.96,158.48,158.86,159.24,1274011
2/5/2018,157.67,157.62,158.09,159.3,871668
2/2/2018,158.17,157.71,157.87,158.36,1033697
2/1/2018,158.55,158.15,158.6,158.81,1077614
1/31/2018,158.96,158.5,158.82,159.33,917380
1/30/2018,158.74,158.73,158.91,159.18,840357
1/29/2018,159.59,158.66,158.71,159.64,1017774
1/26/2018,160.15,159.74,159.79,160.36,751023
1/25/2018,160.57,159.66,160.05,160.75,1010414
1/24/2018,160.85,160.32,160.4,160.85,675757
1/23/2018,160.7,160.68,160.8,161.13,605821
1/22/2018,160.55,160.38,160.74,160.82,432972
1/19/2018,160.42,160.31,160.66,160.85,530114
1/18/2018,160.62,160.3,160.58,160.7,613314
1/17/2018,160.78,160.65,160.82,160.97,514175
1/16/2018,160.46,160.41,160.77,160.97,632567
1/15/2018,160.59,160.3,160.34,160.76,328101
1/12/2018,160.42,160.11,160.38,160.65,781171
1/11/2018,161.38,160.27,160.31,161.55,1055863
1/10/2018,161,160.91,161.07,161.37,870619
1/9/2018,161.67,161.2,161.3,162,724367
1/8/2018,161.64,161.39,161.8,162.04,454686
1/5/2018,161.7,161.5,161.59,161.87,467090
1/4/2018,161.44,161.26,161.59,161.75,640608
1/3/2018,161.26,161.2,161.58,161.82,605530
1/2/2018,161.78,161.18,161.28,161.78,485599
12/29/2017,161.76,161.46,161.68,161.86,250042
12/28/2017,162.27,161.67,161.79,162.28,267091
12/27/2017,161.63,161.63,162.29,162.37,248658
12/22/2017,161.63,161.58,161.77,161.86,202340
12/21/2017,161.78,161.5,161.71,161.83,395268
12/20/2017,162.36,161.58,161.74,162.48,680826
12/19/2017,163.3,162.15,162.38,163.37,617133
12/18/2017,163.46,163.27,163.4,163.57,385839
12/15/2017,163.48,163.37,163.47,163.69,449991
12/14/2017,163.31,162.9,163.23,163.52,628323
12/13/2017,163.37,162.91,163.27,163.48,591064
12/12/2017,163.58,163.18,163.27,163.64,473178
12/11/2017,163.47,163.37,163.64,163.78,442503
12/8/2017,163.41,163.17,163.48,163.55,525023
12/7/2017,163.65,163.51,163.67,163.88,29725
12/6/2017,163.65,163.52,163.78,163.9,465006
12/5/2017,163.23,163.1,163.48,163.66,1644006
12/4/2017,163.3,163.11,163.28,163.41,1647886
12/1/2017,162.73,162.59,163.8,163.92,1403692
11/30/2017,162.52,162.24,162.72,162.88,935095
11/29/2017,163.05,162.4,162.48,163.1,950505
11/28/2017,163.16,162.97,163.17,163.32,656547
11/27/2017,162.85,162.76,163.11,163.21,639560
11/24/2017,162.98,162.67,162.86,163.03,522320
11/23/2017,163.01,162.89,163.06,163.11,254615
11/22/2017,163.22,162.61,162.98,163.3,721523
11/21/2017,162.93,162.87,163.08,163.27,663045
11/20/2017,163.08,162.83,162.96,163.16,447223
11/17/2017,162.75,162.5,162.86,162.94,435196
11/16/2017,162.68,162.38,162.7,162.82,551299
11/15/2017,162.53,162.49,162.64,163.08,783768
11/14/2017,162.02,161.91,162.39,162.47,627841
11/13/2017,162.24,162.02,162.08,162.55,502931
11/10/2017,162.54,162.13,162.19,162.56,689669
11/9/2017,163.27,162.48,162.58,163.4,940680
11/8/2017,163.35,163.22,163.4,163.63,690800
11/7/2017,163.1,162.95,163.28,163.39,725914
11/6/2017,162.83,162.79,163.14,163.24,560851
11/3/2017,162.65,162.61,162.74,162.99,570318
11/2/2017,162.53,162.24,162.69,162.7,776426
11/1/2017,162.61,162.37,162.63,162.79,590441
10/31/2017,162.77,162.44,162.75,162.83,626142
10/30/2017,162.5,162.25,162.71,162.75,585568
10/27/2017,161.76,161.63,162.38,162.48,898797
10/26/2017,161.21,160.95,161.61,162,954973
10/25/2017,161.11,160.76,161.04,161.31,801864
10/24/2017,161.68,161.01,161.11,161.71,701234
10/23/2017,161.46,161.46,161.68,161.78,585680
10/20/2017,162.02,161.35,161.44,162.04,859420
10/19/2017,162.14,162.04,162.28,162.56,719268
10/18/2017,162.66,162.13,162.18,162.77,720826
10/17/2017,162.4,162.35,162.62,162.78,668789
10/16/2017,162.04,161.9,162.46,162.55,604027
10/13/2017,161.48,161.42,162.02,162.15,721425
10/12/2017,161.25,161.16,161.45,161.57,587521
10/11/2017,161.25,161.11,161.26,161.4,568499
10/10/2017,161.4,161.13,161.48,161.68,756460
10/9/2017,161.07,161.07,161.44,161.49,362385
10/6/2017,161.27,160.59,161.16,161.3,842245
10/5/2017,161.25,161.05,161.22,161.66,759204
10/4/2017,161.23,161.16,161.32,161.82,958419
10/3/2017,161.09,160.65,161.12,161.21,535001
10/2/2017,160.81,160.66,161.22,161.37,712863
9/29/2017,160.94,160.79,161.01,161.31,739820
9/28/2017,160.56,160.24,160.8,160.96,767971
9/27/2017,161.67,160.65,161.02,161.68,1051494
9/26/2017,161.93,161.62,161.71,161.95,566003
9/25/2017,161.3,161.12,161.93,161.98,806358
9/22/2017,161.19,160.88,161.12,161.26,511178
9/21/2017,160.92,160.66,161.14,161.2,729118
9/20/2017,161.07,160.76,161.32,161.41,530232
9/19/2017,161.01,160.92,161.09,161.37,633450
9/18/2017,161.26,160.86,160.94,161.42,553595
9/15/2017,161.77,161.07,161.19,161.82,676738
9/14/2017,161.71,161.37,161.56,162.05,733985
9/13/2017,161.96,161.62,161.72,162.07,619964
9/12/2017,162.67,161.73,161.87,162.7,757283
9/11/2017,162.85,162.64,162.77,162.89,459138
9/8/2017,163.4,162.82,162.96,163.43,625183
9/7/2017,165.24,165.18,165.37,165.38,29035
9/6/2017,165.68,165.2,165.48,165.74,455146
9/5/2017,165.05,164.84,165.52,165.83,1385310
9/4/2017,164.98,164.89,165.04,165.15,931545
9/1/2017,165.15,164.52,164.86,165.21,959778
8/31/2017,165.13,164.85,165.08,165.29,706070
8/30/2017,165.26,164.92,165.14,165.31,676228
8/29/2017,165.03,165,165.43,165.69,788843
8/28/2017,164.86,164.58,164.96,164.98,298546
8/25/2017,164.69,164.36,164.77,164.8,454029
8/24/2017,164.87,164.66,164.75,164.9,420389
8/23/2017,164.35,164.22,164.85,164.89,615176
8/22/2017,164.39,164.12,164.44,164.47,468241
8/21/2017,164.09,164.05,164.44,164.57,376485
8/18/2017,164.18,164,164.36,164.48,500843
8/17/2017,163.98,163.71,163.95,164.33,482661
8/16/2017,163.8,163.36,163.75,164.02,532766
8/15/2017,163.94,163.45,163.85,164.08,522924
8/14/2017,164.43,163.86,164.2,164.44,392761
8/11/2017,164.34,164.19,164.54,164.64,551027
8/10/2017,163.78,163.64,164.11,164.3,467221
8/9/2017,163.28,163.25,163.9,163.99,609012
8/8/2017,163.32,163.03,163.13,163.42,343112
8/7/2017,163.09,162.84,163.3,163.38,324000
8/4/2017,163.48,162.89,163.13,163.51,490006
8/3/2017,162.86,162.71,163.3,163.48,567058
8/2/2017,162.89,162.63,162.86,162.97,493841
8/1/2017,161.88,161.82,162.8,162.94,684204
7/31/2017,162.17,161.72,161.95,162.18,509597
7/28/2017,162.19,161.37,161.98,162.38,728936
7/27/2017,162.01,161.95,162.23,162.5,572932
7/26/2017,161.71,161.64,161.78,162.1,486324
7/25/2017,162.47,161.56,161.6,162.56,667184
7/24/2017,162.34,162.26,162.54,162.67,370146
7/21/2017,162.02,161.99,162.48,162.56,560203
7/20/2017,161.83,161.55,161.93,162.14,908180
7/19/2017,161.61,161.57,161.92,162.03,521928
7/18/2017,161.45,161.24,161.61,161.77,577327
7/17/2017,161.08,161.06,161.28,161.53,369064
7/14/2017,161.35,161.06,161.14,161.75,513700
7/13/2017,161.44,161.02,161.15,161.92,785938
7/12/2017,160.97,160.83,161.42,161.44,689814
7/11/2017,160.78,160.48,160.69,160.95,584656
7/10/2017,160.44,160.44,160.94,161.13,600631
7/7/2017,160.54,160.31,160.49,160.73,782908
7/6/2017,161.83,160.43,160.5,161.9,1225775
7/5/2017,161.85,161.54,161.93,162.12,659034
7/4/2017,161.92,161.8,161.85,162.2,418055
7/3/2017,161.55,161.52,161.65,162.32,598644
6/30/2017,162.05,161.65,161.87,162.6,959622
6/29/2017,163.3,162.06,162.17,163.31,1052629
6/28/2017,163.05,162.78,163.45,164.04,1223067
6/27/2017,165.13,163.13,163.75,165.33,1120289
6/26/2017,165,164.99,165.14,165.44,582560
6/23/2017,165.05,164.94,165.07,165.16,446216
6/22/2017,164.99,164.88,165.09,165.25,637887
6/21/2017,165,164.79,164.97,165.29,671527
6/20/2017,164.65,164.6,164.92,165.02,493108
6/19/2017,164.68,164.43,164.65,164.82,475052
6/16/2017,164.54,164.13,164.73,164.76,537343
6/15/2017,165.33,164.4,164.59,165.44,768892
6/14/2017,165.05,164.83,165.46,165.55,682882
6/13/2017,165.09,164.72,164.93,165.13,496430
6/12/2017,164.95,164.86,165.1,165.26,474841
6/9/2017,165.14,164.74,164.87,165.18,499063
6/8/2017,162.71,162.46,162.56,162.81,21374
6/7/2017,162.78,162.63,162.87,163.03,353363
6/6/2017,162.6,162.55,162.92,162.99,1481271
6/5/2017,162.62,162.33,162.49,162.68,980829
6/2/2017,162.13,162.13,162.69,162.77,1186083
6/1/2017,162.19,161.95,162.28,162.32,889487
5/31/2017,162.42,162.07,162.32,162.45,953498
5/30/2017,162.29,162.06,162.33,162.43,781453
5/29/2017,161.8,161.68,162.28,162.32,257675
5/26/2017,161.48,161.33,161.79,161.88,638473
5/25/2017,161.1,161.02,161.31,161.43,537911
5/24/2017,160.8,160.68,160.8,161.13,666479
5/23/2017,161.09,160.59,160.87,161.32,666271
5/22/2017,161.22,160.79,160.99,161.47,551072
5/19/2017,161.46,161.17,161.3,161.55,485003
5/18/2017,161.25,161.1,161.53,162.02,1012438
5/17/2017,160.58,160.47,161.06,161.57,884706
5/16/2017,160.61,160.17,160.48,160.63,700766
5/15/2017,160.84,160.46,160.51,160.89,553414
5/12/2017,160.5,160.41,160.88,160.99,598554
5/11/2017,160.3,160,160.42,160.56,727359
5/10/2017,160.41,160.22,160.6,160.83,646867
5/9/2017,160.47,160.11,160.29,160.48,681243
5/8/2017,160.29,160.25,160.46,160.98,723295
5/5/2017,161,160.37,160.46,161.17,714720
5/4/2017,161.53,160.74,160.9,161.53,792814
5/3/2017,161.77,161.53,161.69,161.94,532370
5/2/2017,161.7,161.45,161.69,161.81,480154
4/28/2017,161.94,161.26,161.78,161.98,785332
4/27/2017,161.25,161.02,162.01,162.15,774193
4/26/2017,160.7,160.64,161.27,161.36,746217
4/25/2017,161.32,160.65,160.98,161.47,841149
4/24/2017,161.52,160.93,161.35,161.63,985541
4/21/2017,162.91,162.49,162.74,162.94,528563
4/20/2017,163.39,162.52,162.74,163.44,711948
4/19/2017,163.77,163.16,163.25,163.8,630807
4/18/2017,163.6,163.34,163.68,163.99,571565
4/13/2017,163.58,163.41,163.54,163.82,490704
4/12/2017,163.26,163.01,163.25,163.53,535916
4/11/2017,163.28,162.87,163.21,163.39,660594
4/10/2017,162.59,162.59,162.99,163.3,507219
4/7/2017,162.78,162.5,162.85,163.05,595785
4/6/2017,162.63,162.25,162.39,162.67,589191
4/5/2017,162.53,162.02,162.4,162.69,654752
4/4/2017,162.21,162.17,162.53,162.72,833246
4/3/2017,161.4,161.34,162.09,162.18,622567
3/31/2017,161.46,161.21,161.42,161.53,618281
3/30/2017,161.16,161.06,161.44,161.57,704625
3/29/2017,160.24,160.18,161.15,161.24,791616
3/28/2017,160.22,160.14,160.6,160.71,672586
3/27/2017,160.51,160.23,160.26,161,710739
3/24/2017,159.94,159.73,160.22,160.35,537388
3/23/2017,160.12,159.88,160.03,160.47,745141
3/22/2017,159.72,159.65,160.2,160.33,829609
3/21/2017,159.69,159.12,159.56,159.84,881146
3/20/2017,159.93,159.38,159.78,159.96,521599
3/17/2017,159.33,159.09,159.82,159.89,634353
3/16/2017,160.23,159.16,159.72,160.38,797754
3/15/2017,159.55,159.42,160.09,160.45,678357
3/14/2017,159.03,158.73,159.56,159.66,728154
3/13/2017,159.09,158.94,159.19,159.68,603305
3/10/2017,159.63,158.87,159.01,159.85,941355
3/9/2017,160.53,159.57,159.99,160.66,921291
3/8/2017,164.42,163.81,164,164.49,16880
3/7/2017,164.14,164.07,164.39,164.76,314992
3/6/2017,164.14,164.05,164.09,164.54,1264538
3/3/2017,164.8,163.89,163.98,164.85,1535914
3/2/2017,164.99,164.42,164.61,164.99,1294596
3/1/2017,165.78,164.75,164.93,165.9,1406475
2/28/2017,166.04,165.7,166.05,166.22,964851
2/27/2017,166.22,165.9,166.08,166.32,640091
2/24/2017,165.72,165.6,166.21,166.4,841355
2/23/2017,165.1,164.84,165.64,165.8,781978
2/22/2017,164.35,164.31,164.99,165.53,1140900
2/21/2017,164.57,164.09,164.41,164.64,692504
2/20/2017,164.28,164.18,164.58,164.68,597814
2/17/2017,163.79,163.62,164.43,164.64,751339
2/16/2017,163.48,163.32,163.84,163.88,754372
2/15/2017,163.52,163.13,163.3,163.55,665674
2/14/2017,163.97,163.26,163.42,164.07,740039
2/13/2017,163.93,163.68,163.76,164.03,512868
2/10/2017,163.96,163.76,163.91,164.17,639537
2/9/2017,164.21,163.97,164.23,164.46,771865
2/8/2017,163.53,163.44,164.22,164.41,993921
2/7/2017,163.49,162.97,163.38,163.74,965267
2/6/2017,162.5,162.44,163.19,163.48,938640
2/3/2017,162.15,162.01,162.49,162.68,657266
2/2/2017,161.94,161.63,162.37,162.56,856473
2/1/2017,161.9,161.51,161.61,162.02,737846
1/31/2017,162.07,161.49,162.13,162.29,1001325
1/30/2017,161.93,161.35,162.07,162.22,814240
1/27/2017,161.54,161.49,161.85,161.93,699866
1/26/2017,161.6,161.31,161.43,161.88,875402
1/25/2017,162.44,161.52,161.76,162.49,1048098
1/24/2017,163.14,162.48,162.76,163.23,723034
1/23/2017,162.77,162.45,163.13,163.38,794009
1/20/2017,163.18,162.2,162.29,163.28,726842
1/19/2017,163,162.62,163.03,163.15,870073
1/18/2017,163.81,163.04,163.42,163.82,789279
1/17/2017,163.73,163.71,163.9,164.45,877774
1/16/2017,163.83,163.39,163.58,163.92,455940
1/13/2017,163.52,163.14,163.41,164.04,746655
1/12/2017,163.86,163.52,163.89,164.19,821923
1/11/2017,163.16,163.04,163.48,163.98,906802
1/10/2017,163.14,162.92,163.12,163.36,617957
1/9/2017,162.7,162.47,162.95,163.33,599720
1/6/2017,163.64,162.67,162.84,163.67,636677
1/5/2017,163.51,162.81,163.54,163.74,1019510
1/4/2017,163.46,163.1,163.19,163.62,655358
1/3/2017,164.39,162.99,163.21,164.52,833312
1/2/2017,164.07,164.07,164.47,164.94,122958
12/30/2016,164.55,164.09,164.15,164.56,295686
12/29/2016,164.44,164.27,164.6,164.65,262952
12/28/2016,164.18,163.89,164.05,164.33,230213
12/27/2016,163.55,163.55,164.15,164.18,148150
12/23/2016,163.23,163.17,163.66,163.79,167237
12/22/2016,163.33,162.88,163.17,163.45,316787
12/21/2016,163.13,163.01,163.28,163.36,337082
12/20/2016,163.2,162.84,163.04,163.29,420584
12/19/2016,162.12,162.04,163.15,163.52,506858
12/16/2016,161.91,161.82,162.19,162.58,539684
12/15/2016,161.8,161.19,161.58,162.03,765405
12/14/2016,161.94,161.69,162.46,162.62,644346
12/13/2016,161.37,161.08,161.71,161.95,638102
12/12/2016,161.38,160.8,161.05,161.4,675173
12/9/2016,161.1,161,161.86,162.29,835858
12/8/2016,160.32,159.99,160.15,160.47,14315
12/7/2016,159.74,159.7,160.32,160.51,320387
12/6/2016,160.49,159.82,160.05,160.73,1342489
12/5/2016,161.45,159.86,160.45,161.45,1469755
12/2/2016,159.96,159.81,161,161.13,1087698
12/1/2016,160.77,159.54,160.26,160.97,1335661
11/30/2016,161.87,160.8,161.06,162.01,1166158
11/29/2016,161.98,161.33,161.5,162.01,888395
11/28/2016,161.73,161.48,162.02,162.08,698974
11/25/2016,161.09,161.03,161.36,161.59,612704
11/24/2016,161.09,160.88,161.01,161.4,430567
11/23/2016,161.31,160.31,160.76,161.72,1265754
11/22/2016,160.75,160.7,161.4,161.58,742146
11/21/2016,160.95,160.5,160.79,160.97,522080
11/18/2016,160.16,159.98,160.73,161.09,889644
11/17/2016,160.58,160.35,160.77,160.96,796998
11/16/2016,160.32,159.82,160.32,160.59,781330
11/15/2016,160.21,160.15,160.41,160.63,882925
11/14/2016,159.72,159.14,159.9,160.38,1161299
11/11/2016,160.62,159.77,160.27,160.62,756875
11/10/2016,161.22,160.08,160.64,161.54,1385054
11/9/2016,162.66,160.89,162.01,163.19,1204379
11/8/2016,162.24,161.69,161.92,162.45,564410
11/7/2016,162,161.94,162.29,162.37,455189
11/4/2016,162.1,162.1,162.5,162.62,596884
11/3/2016,162.57,161.93,162.1,162.7,792855
11/2/2016,162.31,162.18,162.57,162.78,837664
11/1/2016,161.94,161.53,161.84,162.36,751505
10/31/2016,162.08,161.95,162.17,162.32,666426
10/28/2016,161.85,161.37,162.08,162.28,908480
10/27/2016,163.02,161.72,161.97,163.19,1165604
10/26/2016,163.9,162.89,163.04,164.06,995619
10/25/2016,163.88,163.71,164.02,164.16,658472
10/24/2016,164.4,163.86,163.96,164.54,607305
10/21/2016,164.28,164.04,164.22,164.34,555696
10/20/2016,163.68,163.24,164.29,164.33,840423
10/19/2016,163.74,163.71,163.82,164.04,599568
10/18/2016,163.42,163.3,163.74,163.81,597518
10/17/2016,163.31,162.81,163.47,163.57,685572
10/14/2016,163.6,163.2,163.46,163.69,619879
10/13/2016,163.7,163.47,163.76,163.96,667698
10/12/2016,163.58,163.15,163.3,163.82,587640
10/11/2016,163.52,163.4,163.72,163.92,777310
10/10/2016,164.05,163.31,163.42,164.18,584949
10/7/2016,164.25,163.72,163.91,164.3,860601
10/6/2016,164.38,164.04,164.18,164.87,1066393
10/5/2016,164.84,164.14,164.23,165.03,1018759
10/4/2016,165.41,164.68,165.3,165.68,832829
10/3/2016,165.69,165.3,165.4,165.85,352828
9/30/2016,166.09,165.54,165.7,166.36,899096
9/29/2016,165.72,165.59,165.74,166.08,587019
9/28/2016,165.97,165.75,166.15,166.19,702974
9/27/2016,165.5,165.46,165.98,166.27,764442
9/26/2016,165.14,165.08,165.5,165.75,536174
9/23/2016,165.08,164.98,165.03,165.28,484484
9/22/2016,164.32,164.32,165.22,165.32,775785
9/21/2016,163.96,163.8,163.84,164.37,583275
9/20/2016,163.65,163.65,164.18,164.29,547872
9/19/2016,163.86,163.63,163.75,164.11,469634
9/16/2016,163.72,163.57,163.96,164.29,609324
9/15/2016,163.44,163.04,163.48,163.78,699458
9/14/2016,162.93,162.79,163.53,163.7,716156
9/13/2016,163.7,162.56,163.29,163.93,757025
9/12/2016,163.5,163.04,163.35,163.69,833455
9/9/2016,164.6,163.53,163.65,164.62,898026
9/8/2016,168.31,168.12,168.14,168.37,28163
9/7/2016,168.12,168.06,168.32,168.42,272180
9/6/2016,167.29,167.15,168.06,168.21,1355028
9/5/2016,167.22,167.13,167.26,167.44,962973
9/2/2016,167.34,166.92,166.96,167.7,906656
9/1/2016,167.26,166.95,167.38,167.48,928286
8/31/2016,167.74,167.25,167.38,167.76,579312
8/30/2016,167.6,167.37,167.73,167.86,530082
8/29/2016,166.96,166.55,167.57,167.75,351011
8/26/2016,167.49,166.87,167.7,167.76,478784
8/25/2016,167.6,167.12,167.47,167.64,455930
8/24/2016,167.67,167.44,167.56,167.73,401916
8/23/2016,167.5,167.37,167.67,167.84,476583
8/22/2016,166.9,166.85,167.5,167.65,432532
8/19/2016,167.46,166.76,166.97,167.59,414307
8/18/2016,167.24,167.16,167.46,167.68,400111
8/17/2016,166.82,166.65,166.95,167.31,458737
8/16/2016,167.4,166.66,166.7,167.61,556497
8/15/2016,167.65,167.17,167.24,167.86,337200
8/12/2016,167.52,167.4,167.78,167.97,374590
8/11/2016,167.87,167.31,167.66,168.02,381893
8/10/2016,167.6,167.49,167.84,168,492783
8/9/2016,167.2,166.91,167.44,167.57,438210
8/8/2016,166.98,166.76,167.1,167.24,393233
8/5/2016,167.62,167.05,167.15,167.64,426661
8/4/2016,166.69,166.56,167.59,167.69,660720
8/3/2016,166.54,166.42,166.64,166.92,438835
8/2/2016,167.35,166.38,166.59,167.4,688028
8/1/2016,167.84,167.37,167.45,167.85,365278
7/29/2016,167.05,166.92,167.81,168,603893
7/28/2016,167.55,167.12,167.41,167.62,455640
7/27/2016,166.54,166.36,167.36,167.61,525250
7/26/2016,166.81,166.42,166.49,167.03,495606
7/25/2016,166.42,166.16,166.72,166.8,403368
7/22/2016,166.58,166.01,166.37,166.68,480864
7/21/2016,166.31,165.63,166.17,166.45,682343
7/20/2016,166.56,166.15,166.32,166.74,540753
7/19/2016,166.57,166.33,166.49,166.87,536134
7/18/2016,166.27,166.17,166.36,166.67,463116
7/15/2016,166.78,165.95,166.06,166.84,482625
7/14/2016,167.07,166.26,166.67,167.17,643851
7/13/2016,166.67,166.62,167.29,167.37,612640
7/12/2016,167.43,166.32,166.65,167.47,715765
7/11/2016,167.85,167.43,167.58,168.05,412674
7/8/2016,167.72,167.36,167.79,168.06,485655
7/7/2016,167.77,167.25,167.57,167.79,556051
7/6/2016,167.98,167.58,167.72,168.13,612857
7/5/2016,167.3,167.23,167.77,167.99,500976
7/4/2016,167.1,166.72,167.08,167.25,235831
7/1/2016,166.33,166.09,166.97,167.31,646627
6/30/2016,166.7,165.51,167.12,167.33,852129
6/29/2016,166.75,166.64,166.92,167.12,522740
6/28/2016,166.71,166.27,166.86,166.9,531012
6/27/2016,166.05,166.02,166.69,166.92,621558
6/24/2016,168.5,165.59,165.99,168.86,882008
6/23/2016,164.36,163.52,163.95,164.62,737535
6/22/2016,164.38,164.17,164.23,164.67,500129
6/21/2016,164.37,164.08,164.44,164.59,532514
6/20/2016,164.58,164.15,164.25,164.72,606941
6/17/2016,165.06,164.7,164.87,165.29,604686
6/16/2016,165.54,165.07,165.45,165.68,610967
6/15/2016,165.02,164.87,165.24,165.44,604740
6/14/2016,164.87,164.72,165.21,165.61,787779
6/13/2016,164.95,164.6,164.7,164.95,555897
6/10/2016,164.64,164.55,164.85,164.98,543873
6/9/2016,164.53,164.43,164.55,164.81,561869
6/8/2016,165.27,165.27,165.36,165.63,22981
6/7/2016,164.95,164.84,165.38,165.49,517319
6/6/2016,165.12,164.86,164.95,165.17,1109087
6/3/2016,164.41,164.4,165.1,165.23,1314129
6/2/2016,164.14,163.87,164.49,164.59,1182069
6/1/2016,164.15,164.05,164.15,164.42,884869
5/31/2016,163.76,163.39,163.97,164.21,771355
5/30/2016,163.94,163.53,163.65,163.99,219424
5/27/2016,164.04,163.9,164,164.36,494314
5/26/2016,163.84,163.57,164.03,164.19,555952
5/25/2016,163.53,163.13,163.9,163.95,730563
5/24/2016,163.69,163.41,163.51,163.77,582223
5/23/2016,163.66,163.34,163.42,164.07,631379
5/20/2016,163.66,163.33,163.56,163.75,463959
5/19/2016,163.21,163.06,163.61,163.71,743616
5/18/2016,163.91,163.16,163.63,163.96,714864
5/17/2016,163.82,163.49,164.15,164.17,595706
5/16/2016,164.28,163.75,163.92,164.28,311410
5/13/2016,163.95,163.76,164.19,164.3,520184
5/12/2016,164.2,163.62,163.82,164.49,737585
5/11/2016,164.26,163.97,164.18,164.35,562603
5/10/2016,164.05,163.86,164.26,164.36,674337
5/9/2016,163.52,163.5,164.05,164.14,610386
5/6/2016,163.8,163.42,163.82,163.93,597664
5/5/2016,162.99,162.73,163.5,163.86,546274
5/4/2016,162.9,162.67,162.98,163.09,736786
5/3/2016,162.03,161.9,163.03,163.12,830401
5/2/2016,162.05,161.84,161.86,162.4,299158
4/29/2016,162.45,161.57,161.88,162.6,868168
4/28/2016,162.28,162.21,162.36,162.79,829153
4/27/2016,161.65,161.53,161.85,162.15,614207
4/26/2016,162.22,161.46,161.63,162.31,733116
4/25/2016,162.7,161.9,162.18,162.8,722562
4/22/2016,162.57,162.34,162.49,162.68,550979
4/21/2016,163.22,162.33,162.49,163.34,984561
4/20/2016,163.52,163.19,163.68,163.74,551670
4/19/2016,163.4,163.09,163.24,163.6,658310
4/18/2016,164.09,163.36,163.48,164.17,589300
4/15/2016,163.34,163.27,163.88,164,471150
4/14/2016,163.86,163.17,163.49,163.98,659501
4/13/2016,163.25,163.16,163.74,163.96,649921
4/12/2016,164.01,163.24,163.44,164.02,811361
4/11/2016,164.4,163.74,164.04,164.6,635439
4/8/2016,164.18,164.05,164.2,164.39,409244
4/7/2016,164,163.82,164.37,164.43,662487
4/6/2016,164.1,163.72,163.9,164.28,617477
4/5/2016,163.89,163.87,164.19,164.43,689531
4/4/2016,163.88,163.43,163.73,163.93,450582
4/1/2016,163.43,163.24,163.51,163.8,554370
3/31/2016,163.59,163.03,163.32,163.64,590955
3/30/2016,163.67,163.13,163.26,163.84,540365
3/29/2016,163.1,163.07,163.53,163.83,459482
3/24/2016,162.95,162.82,163.01,163.33,434316
3/23/2016,162.3,162.22,162.73,162.93,499144
3/22/2016,162.47,162.3,162.54,163.05,594136
3/21/2016,162.6,162.19,162.42,163,546618
3/18/2016,162.49,162.33,162.44,162.81,463333
3/17/2016,161.95,161.88,162.32,162.47,673289
3/16/2016,161.21,161.09,161.5,161.8,673649
3/15/2016,161.43,161.02,161.17,161.78,581601
3/14/2016,161.72,161.26,161.64,162.22,537492
3/11/2016,161.3,161.03,161.65,161.96,667861
3/10/2016,162.16,160.81,161.16,163.4,1172059
3/9/2016,162.75,161.94,162.21,162.82,639287
3/8/2016,165.22,165.22,165.93,165.95,33907
3/7/2016,165.11,164.99,165.21,165.43,461216
3/4/2016,165.73,164.76,164.87,165.75,1087775
3/3/2016,165.11,164.73,165.59,165.85,1226288
3/2/2016,165.8,165.04,165.19,165.83,1266213
3/1/2016,166.56,165.8,165.99,166.59,918566
2/29/2016,166.1,165.94,166.58,166.63,717745
2/26/2016,166.1,165.77,165.95,166.13,527776
2/25/2016,165.71,165.59,166.13,166.25,606733
2/24/2016,165.58,165.51,165.97,166.25,805444
2/23/2016,165.43,164.75,165.44,165.56,745748
2/22/2016,165.01,164.9,165.51,165.57,442898
2/19/2016,165.1,164.85,165.18,165.47,673649
2/18/2016,164.38,164.24,165.02,165.2,675494
2/17/2016,164.56,164.02,164.19,164.64,656446
2/16/2016,164.49,164.06,164.35,164.68,694807
2/15/2016,164.1,163.79,164.68,164.86,439562
2/12/2016,164.96,164.15,164.39,165.22,716124
2/11/2016,164.88,164.86,165.59,166.16,1081579
2/10/2016,164.71,164.14,164.48,164.78,727974
2/9/2016,165.13,164.1,164.63,165.23,1029579
2/8/2016,163.78,163.72,164.84,165.06,874896
2/5/2016,163.8,163.31,163.62,164.03,712455
2/4/2016,163.73,163.25,163.52,163.87,817710
2/3/2016,163.72,163.28,164.03,164.22,867950
2/2/2016,163.28,163.16,163.46,163.76,716273
2/1/2016,163.45,162.88,162.97,163.78,706484
1/29/2016,162.77,162.7,163.35,163.52,949098
1/28/2016,162.12,161.92,162.37,162.72,810748
1/27/2016,161.92,161.61,161.87,162.25,631774
1/26/2016,161.73,161.55,161.83,162.03,658222
1/25/2016,161.18,161.13,161.42,161.55,438486
1/22/2016,161.45,161.02,161.31,161.61,631431
1/21/2016,160.88,160.81,161.52,161.94,787568
1/20/2016,160.55,160.55,161.13,161.34,947860
1/19/2016,160.16,159.87,160.17,160.38,575906
1/18/2016,160.14,159.96,160.38,160.42,339646
1/15/2016,159.96,159.83,160.39,160.52,756435
1/14/2016,159.9,159.53,159.71,160.33,764449
1/13/2016,159.34,159.12,159.77,160.12,729656
1/12/2016,159.36,158.7,159.39,159.67,722234
1/11/2016,159.77,159.15,159.35,159.8,525525
1/8/2016,159.3,159.07,159.66,159.85,549424
1/7/2016,159.95,159.04,159.18,160.19,779672
1/6/2016,159.2,159.17,159.69,159.92,505197
1/5/2016,158.47,158.45,159.05,159.25,501288
1/4/2016,158.39,158.33,158.79,158.95,453301
12/31/2015,,,157.92,,
12/30/2015,157.7,157.65,157.92,158.22,257325
12/29/2015,158.76,157.52,157.88,158.88,275441
12/28/2015,158,157.88,158.89,159,173532
12/24/2015,,,157.84,,
12/23/2015,158.41,157.81,157.84,158.56,215481
12/22/2015,158.96,158.26,158.3,159.08,307792
12/21/2015,159.01,158.57,159.02,159.28,277409
12/18/2015,158.58,158.5,159.01,159.2,436447
12/17/2015,157.61,157.51,158.33,158.5,551669
12/16/2015,157.65,156.78,157.32,157.95,466724
12/15/2015,158.65,157.33,157.49,158.71,723023
12/14/2015,159.06,158.51,158.73,159.21,550837
12/11/2015,158.57,158.56,159.18,159.36,462680
12/10/2015,158.55,158.36,158.77,158.97,439662
12/9/2015,158.74,158.13,158.26,158.83,508016
12/8/2015,156.55,156.55,156.94,157.11,19767
12/7/2015,155.73,155.7,156.93,157.12,299221
12/4/2015,155.54,155.03,155.71,156.21,1268041
12/3/2015,158.3,155.17,156.11,158.63,1546177
12/2/2015,158.42,158.24,158.44,158.75,1168109
12/1/2015,158.24,157.72,158.48,158.61,939524
11/30/2015,158.45,158.15,158.31,158.53,600080
11/27/2015,158.42,158.3,158.59,158.78,500104
11/26/2015,158.31,158.15,158.3,158.47,284174
11/25/2015,157.67,157.53,158.27,158.34,674574
11/24/2015,157.63,157.43,157.79,158.01,700827
11/23/2015,157.84,157.15,157.34,157.98,696068
11/20/2015,157.96,157.78,158.02,158.19,485668
11/19/2015,157.78,157.64,158.02,158.1,584671
11/18/2015,157.6,157.34,157.69,157.85,608228
11/17/2015,157.25,157.18,157.33,157.72,512932
11/16/2015,157.29,156.78,157.31,157.39,572723
11/13/2015,156.33,156.32,156.92,157.09,605448
11/12/2015,156.25,156.17,156.33,156.61,564241
11/11/2015,156.07,155.92,156.33,156.6,551186
11/10/2015,155.69,155.46,156.07,156.21,715037
11/9/2015,155.16,154.81,155.42,155.68,813551
11/6/2015,156.38,155.03,155.18,156.51,883070
11/5/2015,156.44,156.11,156.28,156.62,720787
11/4/2015,156.61,156.21,156.34,156.94,650229
11/3/2015,156.77,156.43,156.6,157.07,495363
11/2/2015,157.43,156.5,156.68,157.44,605090
10/30/2015,157.21,156.96,157.21,157.56,637404
10/29/2015,158.03,156.99,157.1,158.24,740374
10/28/2015,158.26,157.92,158.34,158.6,592903
10/27/2015,157.61,157.6,158.35,158.38,556810
10/26/2015,157.44,157.4,157.59,157.73,345085
10/23/2015,157.52,157.21,157.46,157.79,585536
10/22/2015,156.64,156.42,157.47,157.72,676006
10/21/2015,155.76,155.72,156.59,156.69,567913
10/20/2015,156.81,155.71,155.91,156.88,702742
10/19/2015,156.8,156.45,156.64,156.92,446535
10/16/2015,156.7,156.69,156.91,157.11,403364
10/15/2015,156.85,156.65,156.75,157.12,477274
10/14/2015,156.4,156.4,156.88,157.01,561343
10/13/2015,156.42,156.1,156.18,156.71,536082
10/12/2015,156.03,155.83,156.42,156.47,272324
10/9/2015,156.16,155.77,155.92,156.27,475355
10/8/2015,156.45,156,156.32,156.76,524385
10/7/2015,156.11,155.74,156.17,156.31,616396
10/6/2015,156.62,155.91,156.18,156.68,615787
10/5/2015,157.13,156.44,156.51,157.23,504150
10/2/2015,156.62,156.44,157.24,157.67,753730
10/1/2015,156.11,155.94,156.77,156.96,730435
9/30/2015,156.12,155.85,156.19,156.29,590228
9/29/2015,156.36,155.86,156.17,156.53,637872
9/28/2015,155.71,155.42,156.04,156.29,534340
9/25/2015,155.75,155.13,155.43,155.82,620388
9/24/2015,156.05,155.75,156.19,156.45,697699
9/23/2015,156.2,155.71,155.92,156.26,495245
9/22/2015,154.97,154.89,156.06,156.19,717876
9/21/2015,155.27,154.75,154.85,155.32,420000
9/18/2015,154.76,154.65,155.1,155.44,738438
9/17/2015,153.72,153.59,153.7,154.7,454701
9/16/2015,153.92,153.5,153.76,154.22,716900
9/15/2015,155.29,153.77,154.11,155.34,656901
9/14/2015,155.2,155,155.28,155.51,342085
9/11/2015,154.81,154.7,155.25,155.31,417129
9/10/2015,154.86,154.54,154.73,155.07,480269
9/9/2015,154.48,154.31,154.49,154.95,549079
9/8/2015,154.73,154.42,154.66,154.77,30620
9/7/2015,154.78,154.42,154.63,154.89,264409
9/4/2015,154.25,154.11,154.63,154.96,1037406
9/3/2015,153.16,153.05,153.86,154.08,1199828
9/2/2015,153.07,152.75,153.14,153.36,1124440
9/1/2015,153.03,152.65,152.94,153.38,1058874
8/31/2015,153.76,152.66,153.09,154,401970
8/28/2015,153.86,153.5,153.84,154.37,531912
8/27/2015,153.95,153.6,153.74,154.13,525607
8/26/2015,153.63,153.52,154.21,154.52,819329
8/25/2015,155.36,153.38,153.58,155.45,1027563
8/24/2015,155.99,155.17,155.68,156.49,777408
8/21/2015,155.87,155.4,155.61,155.95,449231
8/20/2015,155.45,155.25,155.58,155.76,545628
8/19/2015,154.84,154.55,154.92,155.54,446107
8/18/2015,154.99,154.57,154.82,155.28,421952
8/17/2015,154.78,154.52,154.98,155.09,347947
8/14/2015,154.97,154.54,154.66,155.15,342037
8/13/2015,154.78,154.54,154.92,155.13,463769
8/12/2015,155.24,154.81,155.29,155.48,630542
8/11/2015,154.23,154.14,154.94,154.99,497060
8/10/2015,154.43,153.86,153.94,154.45,274055
8/7/2015,153.77,153.57,154.43,154.55,409466
8/6/2015,153.31,153.22,153.71,153.95,496107
8/5/2015,154.2,152.91,153.34,154.37,656741
8/4/2015,154.62,154.16,154.56,155.09,479366
8/3/2015,154.39,154.09,154.57,154.95,344919
7/31/2015,154.42,153.67,154.4,154.49,669063
7/30/2015,153.45,153.4,154.37,154.5,528425
7/29/2015,153.83,153.35,153.61,153.92,346308
7/28/2015,153.88,153.28,153.84,153.93,435610
7/27/2015,153.95,153.69,153.9,154.21,394083
7/24/2015,153.45,153.35,153.85,153.94,432352
7/23/2015,153.14,153.02,153.13,153.46,384258
7/22/2015,153,152.67,153.21,153.3,397214
7/21/2015,153,152.5,152.75,153.32,465064
7/20/2015,152.64,152.42,152.9,153.33,410866
7/17/2015,152.22,152.22,152.65,152.88,424533
7/16/2015,152.3,151.61,152.07,152.54,575409
7/15/2015,151.47,151.3,152.2,152.69,609401
7/14/2015,151.1,150.94,151.38,151.75,481850
7/13/2015,151.2,149.49,151.12,151.34,721333
7/10/2015,152.09,150.34,150.7,152.09,845927
7/9/2015,153.19,152.29,152.65,153.4,533859
7/8/2015,153.45,153.1,153.22,154.24,709615
7/7/2015,152.5,152.27,153.9,154.05,815487
7/6/2015,153.18,152.03,152.17,153.35,604569
7/3/2015,151.01,150.97,151.8,151.98,405954
7/2/2015,151.28,150.46,151.04,151.29,691630
7/1/2015,152.01,151.1,151.56,152.22,721098
6/30/2015,152.4,151.48,152,152.56,816265
6/29/2015,152.53,151.13,151.77,152.91,858819
6/26/2015,151.03,149.86,150.19,151.1,589392
6/25/2015,151.32,150.45,150.87,151.45,650505
6/24/2015,150.67,150.62,151.08,151.57,598761
6/23/2015,150.36,150.02,150.69,150.85,669490
6/22/2015,151.75,150.29,150.36,151.79,815626
6/19/2015,151.43,151.38,152.04,152.22,542101
6/18/2015,152.06,150.6,151.47,152.47,765099
6/17/2015,151.73,151.26,151.43,151.94,584347
6/16/2015,151.44,151.28,151.43,152.21,787121
6/15/2015,151.38,151,151.27,151.83,672962
6/12/2015,150.91,149.93,151.04,151.3,781339
6/11/2015,149.04,148.66,150.39,150.76,869586
6/10/2015,149.41,148.23,148.98,149.64,1034988
6/9/2015,150.67,149.34,149.41,150.83,760950
6/8/2015,151.45,150.89,151.5,151.82,18668
6/5/2015,151.54,150.49,151.65,151.75,293302
6/4/2015,150.71,149.6,151.54,151.9,1310603
6/3/2015,152.9,150.61,151.18,153.19,1708813
6/2/2015,154.85,152.73,153.13,154.97,1682032
6/1/2015,155.47,154.58,155.25,155.79,876618
5/29/2015,155.27,155.06,155.43,155.7,638808
5/28/2015,154.9,154.79,154.9,155.24,567318
5/27/2015,154.71,154.36,154.71,155.15,714432
5/26/2015,154.26,154.04,154.77,154.95,636492
5/25/2015,,,154,,
5/22/2015,153.58,153.55,154,154.19,576922
5/21/2015,153.68,153,153.6,153.99,859150
5/20/2015,153.88,153.55,153.67,154.46,682008
5/19/2015,153.54,153.48,153.89,154.77,989314
5/18/2015,153.46,153.24,153.51,153.84,566665
5/15/2015,153.1,153.01,153.56,153.9,669241
5/14/2015,152.15,152.01,152.7,153.21,709421
5/13/2015,152.95,151.97,152.72,154.16,1032992
5/12/2015,153.3,152.27,153.04,153.51,1250870
5/11/2015,154.77,153.39,154.13,155.03,720366
5/8/2015,154.36,153.56,154.76,154.96,989295
5/7/2015,153.73,151.44,154,154.44,1726129
5/6/2015,154.74,153.7,153.93,154.97,1301671
5/5/2015,155.53,154.6,154.85,156.22,1220065
5/4/2015,156.68,155.46,155.67,156.75,632893
4/30/2015,157.74,156.42,156.7,157.89,1231806
4/29/2015,159.19,157.6,157.73,159.21,1151925
4/28/2015,159.2,159.05,159.27,159.47,495182
4/27/2015,159.4,159.03,159.19,159.55,392866
4/24/2015,159.17,158.93,159.29,159.38,547211
4/23/2015,159.24,159.02,159.17,159.58,613264
4/22/2015,159.98,159.11,159.19,160.18,716865
4/21/2015,160.36,159.82,160,160.44,507041
4/20/2015,160.34,160.24,160.36,160.51,353240
4/17/2015,160.32,160.21,160.29,160.69,487091
4/16/2015,159.92,159.9,160.18,160.4,610413
4/15/2015,159.47,159.44,159.96,160.05,491767
4/14/2015,159.35,159.24,159.54,159.62,455018
4/13/2015,159.21,159.03,159.2,159.4,385523
4/10/2015,159.04,159.01,159.19,159.37,385103
4/9/2015,159.15,159,159.12,159.44,454395
4/8/2015,158.95,158.93,159.08,159.19,386082
4/7/2015,158.86,158.63,158.77,158.9,284943
4/2/2015,158.92,158.62,158.75,159.07,399226
4/1/2015,158.72,158.56,158.94,159.21,572912
3/31/2015,158.54,158.35,158.76,158.88,496362
3/30/2015,158.52,158.39,158.48,158.89,395262
3/27/2015,158.44,158.05,158.54,158.6,530930
3/26/2015,158.29,158.17,158.41,158.56,434261
3/25/2015,158.33,158.13,158.33,158.56,454483
3/24/2015,158.39,158.1,158.13,158.67,492773
3/23/2015,158.88,158.24,158.37,158.95,430618
3/20/2015,158.79,158.59,158.76,158.98,369246
3/19/2015,158.93,158.45,158.69,159,529843
3/18/2015,157.67,157.62,158.65,159.13,735186
3/17/2015,157.78,157.5,157.59,157.83,477877
3/16/2015,158.02,157.46,157.7,158.06,511890
3/13/2015,157.93,157.58,157.99,158.18,593089
3/12/2015,158.61,157.9,157.96,158.83,753515
3/11/2015,158.4,158.14,158.64,158.79,770400
3/10/2015,157.29,157.26,158.33,158.49,800501
3/9/2015,156.23,156.2,157.28,157.37,692522
3/6/2015,159.27,159,159.06,159.35,21866
3/5/2015,158.72,158.06,158.99,159.55,608327
3/4/2015,158.78,158.6,158.77,159.04,1208721
3/3/2015,159.08,158.74,159,159.26,1329110
3/2/2015,159.44,159.01,159.13,159.64,733144
2/27/2015,159.8,159.22,159.46,159.8,844120
2/26/2015,159.54,159.47,159.8,160,693464
2/25/2015,158.95,158.9,159.45,159.58,720527
2/24/2015,158.95,158.51,158.86,158.95,558585
2/23/2015,158.53,158.41,158.86,158.95,467780
2/20/2015,158.48,158.2,158.82,159.2,759076
2/19/2015,158.7,158.33,158.63,158.88,690539
2/18/2015,158.55,158.23,158.53,158.72,712189
2/17/2015,159.36,158.29,158.61,159.36,577444
2/16/2015,158.81,158.77,158.93,159.37,268262
2/13/2015,159.09,158.72,158.99,159.13,520223
2/12/2015,158.78,158.45,159.1,159.24,748383
2/11/2015,158.56,158.52,158.61,158.88,424002
2/10/2015,158.62,158.18,158.46,158.8,755376
2/9/2015,158.58,158.45,158.84,159.11,520432
2/6/2015,158.57,158.32,158.42,158.96,612584
2/5/2015,159.13,158.32,158.58,159.18,661934
2/4/2015,158.66,158.52,158.62,159.04,675532
2/3/2015,159.34,158.66,158.91,159.37,639666
2/2/2015,159.37,159.16,159.35,159.5,484014
1/30/2015,158.7,158.62,159.39,159.54,635136
1/29/2015,158.95,158.47,158.72,159.11,578757
1/28/2015,158.17,157.83,158.74,159.19,674540
1/27/2015,158.31,158.15,158.42,158.48,595591
1/26/2015,158.88,158.13,158.15,159.05,548489
1/23/2015,157.82,157.69,158.73,158.94,820311
1/22/2015,156.62,156,157.74,158.08,1217942
1/21/2015,157.7,156.61,156.81,157.76,1053407
1/20/2015,157.63,157.53,157.69,157.85,618254
1/19/2015,157.58,157.4,157.77,157.88,366578
1/16/2015,157.65,157.37,157.44,157.97,761388
1/15/2015,157.02,157,157.44,157.7,902556
1/14/2015,156.95,156.84,157.26,157.41,745538
1/13/2015,156.71,156.56,156.68,157.04,606751
1/12/2015,156.52,156.3,156.71,156.9,484531
1/9/2015,156.37,156.1,156.74,156.77,664812
1/8/2015,156.61,156.27,156.33,156.75,677006
1/7/2015,156.85,156.51,156.73,157.26,760235
1/6/2015,156.4,156.29,156.92,157.2,735007
1/5/2015,156.51,156.2,156.22,156.58,593828
1/2/2015,155.84,155.74,156.48,156.57,337386
12/31/2014,,,155.87,,
12/30/2014,155.69,155.56,155.87,155.96,225759
12/29/2014,155.14,155.06,155.82,155.88,238113
12/24/2014,,,155.17,,
12/23/2014,155.13,154.92,155.17,155.31,204142
12/22/2014,155.23,154.9,155.05,155.23,228920
12/19/2014,154.9,154.58,155.11,155.21,353952
12/18/2014,155.05,154.59,154.83,155.39,566335
12/17/2014,155.02,154.92,155.12,155.45,552023
12/16/2014,154.62,154.53,155.03,155.44,846542
12/15/2014,154.7,154.35,154.65,154.73,472299
12/12/2014,154.29,154.23,154.73,154.8,555938
12/11/2014,154.13,153.96,154.06,154.33,606412
12/10/2014,153.83,153.82,153.97,154.23,516264
12/9/2014,153.56,153.45,153.91,153.98,764858
12/8/2014,151.99,151.9,152.45,152.47,24725
12/5/2014,152.3,151.8,151.93,152.42,297791
12/4/2014,152.35,151.89,152.1,152.57,1183436
12/3/2014,152.25,152.1,152.29,152.45,1279313
12/2/2014,152.2,152.15,152.29,152.54,1000582
12/1/2014,152.96,152.16,152.53,153.01,749026
11/28/2014,152.9,152.75,152.85,153,505355
11/27/2014,152.49,152.48,152.88,152.97,387806
11/26/2014,152.42,152.25,152.55,152.57,570845
11/25/2014,151.99,151.95,152.32,152.43,574514
11/24/2014,151.98,151.8,151.88,152.06,440455
11/21/2014,151.59,151.54,151.97,152.05,565677
11/20/2014,151.15,151.09,151.64,151.77,756936
11/19/2014,151.65,150.94,151.13,151.75,725963
11/18/2014,151.68,151.55,151.59,151.85,486284
11/17/2014,152.02,151.51,151.66,152.08,545481
11/14/2014,151.68,151.62,151.74,151.93,454086
11/13/2014,151.34,151.29,151.62,151.8,553543
11/12/2014,151.33,151.31,151.49,151.71,600253
11/11/2014,151.11,150.97,151.26,151.35,325470
11/10/2014,151.37,151.08,151.3,151.59,424516
11/7/2014,151.11,150.78,151.27,151.4,649111
11/6/2014,151.26,150.77,151.13,151.35,715466
11/5/2014,151.19,151.07,151.16,151.31,495937
11/4/2014,150.98,150.83,151.36,151.45,718256
11/3/2014,151.17,150.68,150.76,151.35,521211
10/31/2014,150.76,150.55,150.91,151.15,814480
10/30/2014,150.26,150.23,150.88,151.1,795926
10/29/2014,150.56,150.06,150.33,150.66,498391
10/28/2014,150.55,150.23,150.53,150.71,570435
10/27/2014,150.29,150.07,150.61,150.72,531576
10/24/2014,150.4,150.27,150.35,150.74,615975
10/23/2014,150.79,150.08,150.26,150.93,633907
10/22/2014,150.59,150.29,150.64,150.83,658343
10/21/2014,151.01,150.26,150.58,151.12,777381
10/20/2014,150.68,150.64,150.78,151.12,695657
10/17/2014,151.21,150.49,150.64,151.26,951841
10/16/2014,151.65,150.87,151.12,152.47,1412563
10/15/2014,150.92,150.92,151.81,152.49,1640806
10/14/2014,150.38,150.24,150.91,151.19,959256
10/13/2014,150.75,150.22,150.37,150.76,474934
10/10/2014,150.3,150.02,150.4,150.58,711390
10/9/2014,150.32,150.14,150.21,150.78,947169
10/8/2014,150.18,149.95,150.2,150.43,767141
10/7/2014,150.16,149.83,150.11,150.35,841263
10/6/2014,149.94,149.93,150.12,150.23,570062
10/3/2014,149.99,149.45,149.82,150.07,629706
10/2/2014,150.33,149.85,150.12,150.35,896034
10/1/2014,149.72,149.65,150.21,150.42,892526
9/30/2014,149.47,149.3,149.7,149.8,892519
9/29/2014,149.46,149.21,149.52,149.68,568402
9/26/2014,149.51,149.26,149.44,149.72,724533
9/25/2014,148.9,148.9,149.37,149.48,632857
9/24/2014,148.95,148.78,149.01,149.17,580633
9/23/2014,148.9,148.82,148.93,149.25,591051
9/22/2014,148.77,148.57,148.76,148.97,523456
9/19/2014,147.8,147.63,148.49,148.71,764000
9/18/2014,147.99,147.72,147.88,148.47,850390
9/17/2014,148.15,148.04,148.4,148.6,657340
9/16/2014,148.32,148.1,148.2,148.62,680847
9/15/2014,147.92,147.81,148.17,148.38,565029
9/12/2014,148.31,147.77,147.9,148.33,658335
9/11/2014,148.36,148.28,148.39,148.72,890933
9/10/2014,148.34,148.02,148.38,148.45,836599
9/9/2014,148.62,148.16,148.4,148.69,959073
9/8/2014,151.13,151.05,151.3,151.38,37382
9/5/2014,150.63,150.6,151.11,151.28,443510
9/4/2014,150.95,150.49,150.65,151.49,1579443
9/3/2014,151.03,150.54,150.84,151.09,1471997
9/2/2014,151.52,150.86,151.09,151.53,1210068
9/1/2014,151.52,151.42,151.57,151.63,293936
8/29/2014,151.67,151.26,151.54,151.71,669594
8/28/2014,151.39,151.24,151.58,151.83,730113
8/27/2014,151,150.94,151.3,151.47,674951
8/26/2014,150.91,150.76,150.82,151.03,557815
8/25/2014,150.41,150.4,150.73,151.09,381709
8/22/2014,150.28,150.1,150.27,150.62,603089
8/21/2014,150.13,149.95,150.21,150.4,591435
8/20/2014,150.07,149.94,150.32,150.37,476678
8/19/2014,149.85,149.82,150.11,150.25,490599
8/18/2014,150.2,149.81,149.91,150.27,433686
8/15/2014,149.88,149.86,150.41,150.7,655997
8/14/2014,149.88,149.79,149.92,150.16,721942
8/13/2014,149.24,149.07,149.73,149.87,695322
8/12/2014,149.31,149.25,149.37,149.54,471248
8/11/2014,149.22,149.16,149.34,149.51,430209
8/8/2014,149.68,149.16,149.48,149.84,813981
8/7/2014,148.9,148.86,149.24,149.49,709066
8/6/2014,148.21,148.19,148.82,148.99,775145
8/5/2014,148.4,147.84,148.01,148.48,550957
8/4/2014,148.4,148.33,148.46,148.57,391968
8/1/2014,147.98,147.74,148.42,148.62,813564
7/31/2014,147.94,147.65,147.99,148.27,921218
7/30/2014,148.64,147.75,148.1,148.71,742473
7/29/2014,148.24,148.18,148.69,148.78,626941
7/28/2014,148.35,148.06,148.27,148.46,429779
7/25/2014,147.95,147.81,148.29,148.4,484294
7/24/2014,148.32,147.78,147.88,148.39,604309
7/23/2014,148.14,148.01,148.32,148.44,461842
7/22/2014,148.29,147.91,148,148.33,638569
7/21/2014,148.3,148.2,148.41,148.45,324658
7/18/2014,148.35,148.12,148.25,148.49,467526
7/17/2014,147.95,147.87,148.2,148.48,644760
7/16/2014,147.63,147.6,147.76,147.86,497249
7/15/2014,147.62,147.43,147.5,147.9,673304
7/14/2014,147.5,147.46,147.58,147.66,232401
7/11/2014,147.64,147.39,147.64,147.72,464743
7/10/2014,147.54,147.47,147.61,148.06,759988
7/9/2014,147.4,147.23,147.33,147.54,437978
7/8/2014,146.88,146.81,147.38,147.47,535163
7/7/2014,146.8,146.71,146.96,146.98,310255
7/4/2014,146.55,146.52,146.84,147.01,227651
7/3/2014,146.62,145.85,146.53,146.62,728216
7/2/2014,147.01,146.55,146.65,147.25,615424
7/1/2014,146.98,146.85,147.11,147.19,424746
6/30/2014,146.9,146.77,147.01,147.13,485087
6/27/2014,147.19,146.81,146.92,147.19,456902
6/26/2014,146.78,146.73,147.13,147.18,580068
6/25/2014,146.35,146.21,146.84,146.92,576840
6/24/2014,146.02,145.99,146.11,146.3,481385
6/23/2014,145.81,145.72,146.14,146.26,392391
6/20/2014,146.05,145.66,145.83,146.08,421887
6/19/2014,145.77,145.71,146.14,146.33,596068
6/18/2014,145.14,144.91,145.46,145.68,580060
6/17/2014,145.66,145.02,145.05,145.72,562374
6/16/2014,145.65,145.51,145.7,145.81,389391
6/13/2014,145.35,144.91,145.45,145.65,626779
6/12/2014,144.97,144.9,145.25,145.63,557718
6/11/2014,144.89,144.58,145.18,145.3,715740
6/10/2014,145.56,144.94,145,145.57,543497
6/9/2014,145.52,145.33,145.39,145.76,334515
6/6/2014,146.49,146.4,146.77,146.86,18728
6/5/2014,145.99,145.25,146.19,146.43,236312
6/4/2014,146.06,145.81,145.93,146.26,1183999
6/3/2014,146.72,145.95,146.12,146.72,1284058
6/2/2014,146.72,146.52,146.72,147.04,833248
5/30/2014,146.63,146.52,146.81,146.84,590176
5/29/2014,147.08,146.65,146.93,147.12,550763
5/28/2014,146.5,146.41,147.04,147.09,777210
5/27/2014,146.02,145.9,146.4,146.54,545435
5/26/2014,146.06,145.85,146.09,146.21,111399
5/23/2014,145.99,145.95,146.09,146.2,384035
5/22/2014,145.75,145.67,146.1,146.24,514337
5/21/2014,146.28,145.75,145.85,146.32,640574
5/20/2014,146.09,145.95,146.09,146.34,584963
5/19/2014,146.34,146.07,146.27,146.58,529560
5/16/2014,146.63,146.25,146.33,146.76,642976
5/15/2014,145.78,145.73,146.65,146.75,1069761
5/14/2014,145.28,145.25,145.84,145.97,781311
5/13/2014,144.68,144.65,145.31,145.33,727059
5/12/2014,144.72,144.62,144.77,144.84,357470
5/9/2014,144.92,144.71,144.86,145.03,465134
5/8/2014,144.55,144.34,144.89,144.96,768873
5/7/2014,144.78,144.29,144.55,144.89,639292
5/6/2014,144.63,144.41,144.67,144.78,460222
5/5/2014,144.83,144.62,144.66,144.92,183804
5/2/2014,144.75,144.11,144.8,144.97,733876
4/30/2014,144.32,144,144.54,144.73,775329
4/29/2014,144.18,143.8,144.25,144.3,691363
4/28/2014,144.29,144.1,144.27,144.43,436805
4/25/2014,143.98,143.97,144.47,144.51,542505
4/24/2014,143.84,143.55,143.92,144.17,711010
4/23/2014,143.85,143.65,144,144.08,548496
4/22/2014,143.84,143.62,143.7,143.99,392474
4/17/2014,144.43,143.65,144.09,144.48,470592
4/16/2014,144.38,144.22,144.36,144.48,529389
4/15/2014,143.88,143.83,144.55,144.64,652081
4/14/2014,144.28,143.82,143.88,144.3,460630
4/11/2014,143.79,143.72,144.08,144.32,716968
4/10/2014,143.57,143.51,143.89,144.05,695082
4/9/2014,143.5,143.15,143.26,143.54,519068
4/8/2014,143.5,143.36,143.42,143.69,573633
4/7/2014,143.67,143.34,143.67,143.79,555797
4/4/2014,142.87,142.62,143.5,143.7,804553
4/3/2014,142.84,142.49,142.92,142.99,821096
4/2/2014,143.23,142.72,142.78,143.24,638035
4/1/2014,143.4,143.12,143.21,143.41,516033
3/31/2014,143.55,143.02,143.38,143.68,769039
3/28/2014,143.68,143.42,143.58,144.08,666132
3/27/2014,143.5,143.46,143.84,143.92,632584
3/26/2014,143.18,143.16,143.41,143.6,617690
3/25/2014,143.09,143.04,143.24,143.32,854256
3/24/2014,142.37,142.22,143.03,143.18,731420
3/21/2014,142.37,142.32,142.51,142.59,415031
3/20/2014,142.61,142.1,142.4,142.65,891765
3/19/2014,143.26,142.32,142.96,143.28,712157
3/18/2014,143.26,143.08,143.26,143.46,716250
3/17/2014,143.37,143.13,143.24,143.55,578487
3/14/2014,143.75,143.36,143.46,143.97,1024366
3/13/2014,142.82,142.79,143.44,143.79,908853
3/12/2014,142.45,142.42,142.83,143.11,836758
3/11/2014,142.38,142.07,142.32,142.68,771064
3/10/2014,142.34,142.12,142.48,142.6,559934
3/7/2014,142.23,141.81,142.24,142.46,753553
3/6/2014,144.59,144.39,144.47,144.61,47556
3/5/2014,144.67,144.38,144.7,144.75,710442
3/4/2014,145,144.6,144.76,145,1419861
3/3/2014,144.95,144.83,145.14,145.42,1344107
2/28/2014,145.1,144.18,144.38,145.2,1286210
2/27/2014,144.64,144.58,145.07,145.33,929787
2/26/2014,143.97,143.9,144.46,144.8,809527
2/25/2014,143.66,143.49,143.97,144.12,582103
2/24/2014,143.97,143.52,143.68,144.02,460838
2/21/2014,143.45,143.45,143.87,143.95,605978
2/20/2014,143.87,143.41,143.45,144.24,890209
2/19/2014,143.81,143.72,143.91,144.29,781135
2/18/2014,143.5,143.43,143.72,143.96,772370
2/17/2014,143.67,143.33,143.6,143.68,261431
2/14/2014,143.84,143.49,143.6,143.84,563646
2/13/2014,143.39,143.36,143.78,143.98,725292
2/12/2014,143.56,143.09,143.17,143.66,701931
2/11/2014,143.59,143.39,143.64,143.69,602950
2/10/2014,143.91,143.56,143.65,143.94,392631
2/7/2014,143.33,143.32,143.83,144.14,937329
2/6/2014,144.02,143.27,143.33,144.06,964304
2/5/2014,143.96,143.88,144.07,144.57,921885
2/4/2014,144.12,143.85,143.98,144.23,657086
2/3/2014,143.99,143.59,144.02,144.32,748723
1/31/2014,143.43,143.36,143.88,144.06,1081661
1/30/2014,143.09,142.95,143.23,143.42,961902
1/29/2014,142.37,142.25,142.9,143.3,1010615
1/28/2014,142.43,142.26,142.46,142.63,692453
1/27/2014,142.63,142.4,142.55,142.69,556273
1/24/2014,142.33,142.21,142.66,142.9,988323
1/23/2014,141.53,141.37,142.04,142.45,861974
1/22/2014,141.57,141.36,141.51,141.73,560453
1/21/2014,141.47,141.3,141.65,141.78,593413
1/20/2014,141.49,141.41,141.57,141.76,281810
1/17/2014,141.16,141.15,141.4,141.57,562125
1/16/2014,140.59,140.57,141.16,141.23,672106
1/15/2014,140.55,140.38,140.54,140.8,656343
1/14/2014,140.77,140.5,140.68,140.83,591607
1/13/2014,140.34,140.19,140.65,140.91,507434
1/10/2014,139.62,139.58,140.25,140.37,718732
1/9/2014,139.55,139.25,139.56,139.83,750117
1/8/2014,139.76,139.43,139.54,139.92,716720
1/7/2014,139.64,139.5,139.76,139.85,498427
1/6/2014,139.08,139.08,139.54,139.63,384626
1/3/2014,139.1,138.94,139.09,139.25,269715
1/2/2014,138.69,138.68,139.12,139.22,295893
12/30/2013,138.74,138.69,139.17,139.25,235347
12/27/2013,139.58,138.83,138.96,139.63,216955
12/23/2013,139.77,139.62,139.75,139.93,148650
12/20/2013,139.81,139.43,139.92,139.96,409496
12/19/2013,140.15,139.63,139.8,140.25,584914
12/18/2013,140.39,139.69,140.14,140.49,483359
12/17/2013,140.23,140.12,140.29,140.43,361717
12/16/2013,140.47,140.14,140.25,140.59,387397
12/13/2013,140.19,140.01,140.25,140.38,388206
12/12/2013,140.17,139.97,140.1,140.42,547838
12/11/2013,140.2,140.11,140.3,140.47,393951
12/10/2013,140.08,140.03,140.17,140.4,451733
12/9/2013,140.12,139.94,140.09,140.24,352242
12/6/2013,139.76,139.76,140,140.17,6295
12/5/2013,140.39,139.75,139.96,140.59,123429
12/4/2013,141.23,140.26,140.38,141.24,806261
12/3/2013,141.17,140.94,141.28,141.42,766244
12/2/2013,141.57,141.05,141.12,141.64,752086
11/29/2013,141.69,141.51,141.71,141.88,516110
11/28/2013,141.57,141.14,141.65,141.7,417697
11/27/2013,141.65,141.37,141.63,141.75,588884
11/26/2013,141.39,141.28,141.7,141.78,578136
11/25/2013,140.86,140.84,141.32,141.38,435666
11/22/2013,141,140.69,140.95,141.11,551432
11/21/2013,140.77,140.56,140.98,141.04,837152
11/20/2013,141.31,140.81,141.44,141.6,812697
11/19/2013,141.85,141.33,141.41,141.91,554063
11/18/2013,141.7,141.45,141.85,141.95,384690
11/15/2013,141.67,141.35,141.63,141.74,409295
11/14/2013,141.49,141.39,141.7,141.78,642524
11/13/2013,140.7,140.66,141.33,141.4,619584
11/12/2013,140.96,140.53,140.7,140.99,666419
11/11/2013,141.08,140.93,141.01,141.26,259319
11/8/2013,141.92,140.87,141.02,141.95,768830
11/7/2013,141.2,141.05,141.83,142.1,802806
11/6/2013,141.37,141.06,141.15,141.44,623970
11/5/2013,141.88,141.11,141.16,141.97,726353
11/4/2013,141.85,141.83,141.89,142.08,343716
11/1/2013,142.06,141.69,141.85,142.19,606016
10/31/2013,141.57,141.52,142,142.32,981946
10/30/2013,141.52,141.42,141.85,141.9,663231
10/29/2013,141.1,140.94,141.27,141.45,555421
10/28/2013,140.94,140.92,141.15,141.23,420335
10/25/2013,140.86,140.84,141.06,141.12,476676
10/24/2013,140.71,140.7,140.87,141.22,639564
10/23/2013,140.69,140.55,140.86,140.91,618353
10/22/2013,139.9,139.78,140.54,140.64,691464
10/21/2013,140.07,139.82,139.91,140.12,378097
10/18/2013,139.7,139.58,140.05,140.24,583469
10/17/2013,139.5,139.26,139.68,139.77,698137
10/16/2013,139.17,138.79,138.91,139.35,648361
10/15/2013,139.41,139.07,139.24,139.55,650809
10/14/2013,139.77,139.29,139.75,139.91,235897
10/11/2013,139.8,139.47,139.79,139.87,612985
10/10/2013,139.94,139.51,139.65,140.12,768992
10/9/2013,140.26,140.11,140.24,140.65,649841
10/8/2013,140.24,139.96,140.22,140.34,553709
10/7/2013,140.09,140.04,140.31,140.45,400397
10/4/2013,140.2,139.81,139.96,140.35,478798
10/3/2013,140.17,139.75,140.23,140.47,679496
10/2/2013,140.19,139.91,140.32,140.46,803026
10/1/2013,140.43,140.07,140.26,140.61,676718
9/30/2013,140.78,140.22,140.5,140.87,712271
9/27/2013,139.82,139.74,140.45,140.54,585975
9/26/2013,139.85,139.71,139.87,140.09,616418
9/25/2013,139.65,139.55,139.94,139.99,583837
9/24/2013,138.79,138.7,139.54,139.75,766600
9/23/2013,138.55,138.02,138.78,138.8,525561
9/20/2013,138.6,138.13,138.32,138.88,638238
9/19/2013,139.45,138.44,138.56,139.5,875771
9/18/2013,138.1,137.59,137.72,139.19,649470
9/17/2013,138.3,138,138.07,138.47,514407
9/16/2013,138.48,138.13,138.5,138.66,553547
9/13/2013,137.29,137.17,137.99,138.16,586954
9/12/2013,137.46,137.4,137.78,137.94,663871
9/11/2013,136.71,136.71,137.1,137.35,631001
9/10/2013,137.2,136.6,136.73,137.29,720771
9/9/2013,137.53,137.36,137.62,137.75,413331
9/6/2013,138.35,138.35,138.98,138.99,3509
9/5/2013,139.43,138.42,138.59,139.48,144657
9/4/2013,139.74,139.51,139.73,139.96,542503
9/3/2013,140.16,139.55,139.61,140.27,801009
9/2/2013,140.32,139.79,140.1,140.34,399463
8/30/2013,140.6,140.4,140.66,140.94,544645
8/29/2013,140.28,140.06,140.6,140.83,654404
8/28/2013,140.79,140.14,140.3,140.92,646730
8/27/2013,140,139.93,140.54,140.95,658838
8/26/2013,139.65,139.57,140.05,140.15,215574
8/23/2013,139.77,139.06,139.58,139.85,721412
8/22/2013,139.8,139.46,139.73,139.98,671350
8/21/2013,140.52,139.96,140.14,140.71,532317
8/20/2013,140.25,140.14,140.61,140.68,586885
8/19/2013,139.77,139.71,139.93,140.24,549942
8/16/2013,140.08,139.72,140.22,140.38,454655
8/15/2013,140.95,139.83,140.11,141.01,757480
8/14/2013,140.76,140.56,140.95,141.11,661428
8/13/2013,141.9,140.63,140.86,141.93,782882
8/12/2013,142.44,141.91,142.23,142.44,444660
8/9/2013,142.1,142.01,142.28,142.52,336789
8/8/2013,142.46,142.04,142.29,142.71,514178
8/7/2013,142.13,141.83,142.26,142.55,582642
8/6/2013,142.15,141.86,142.07,142.27,426685
8/5/2013,142.73,142.11,142.22,142.96,455864
8/2/2013,142.3,141.67,142.6,142.82,736771
8/1/2013,142.67,142.25,142.39,143.29,807109
7/31/2013,142.47,141.82,142.37,142.96,1056712
7/30/2013,142.46,142.25,142.45,142.57,452818
7/29/2013,142.57,142.23,142.46,142.73,415953
7/26/2013,142.61,142.17,142.48,142.75,542861
7/25/2013,142.47,142.16,142.28,142.8,796863
7/24/2013,143.86,142.31,142.72,143.94,874788
7/23/2013,144.25,143.56,143.82,144.31,657882
7/22/2013,144.28,144.06,144.2,144.35,350469
7/19/2013,144.24,143.99,144.22,144.37,396795
7/18/2013,143.95,143.93,144.23,144.35,585012
7/17/2013,143.81,143.27,143.94,143.98,645816
7/16/2013,143.42,143.24,143.69,143.8,436988
7/15/2013,143.66,143.23,143.39,143.68,411512
7/12/2013,143.1,143.09,143.64,143.84,660186
7/11/2013,143.11,142.69,142.93,143.24,674339
7/10/2013,142.78,142.35,142.58,142.87,557414
7/9/2013,141.93,141.85,142.56,142.69,582996
7/8/2013,141.68,141.54,141.94,142,509138
7/5/2013,142.27,141.39,141.66,142.42,781995
7/4/2013,142.07,142,142.29,143.01,606218
7/3/2013,142.1,142.05,142.26,142.64,760093
7/2/2013,141.57,141.43,141.69,142.18,550716
7/1/2013,141.3,141,141.59,141.67,498879
6/28/2013,141.65,140.97,141.52,141.85,690691
6/27/2013,140.95,140.82,141.46,141.9,703382
6/26/2013,140.45,140.45,141.03,141.34,731132
6/25/2013,140.76,140.17,140.54,141.01,932161
6/24/2013,140.85,139.9,140.31,141.01,1135027
6/21/2013,141.94,141.07,141.39,142.09,913956
6/20/2013,142.03,141.84,142.13,142.6,1166880
6/19/2013,143.35,142.35,143.44,143.74,658279
6/18/2013,143.56,143.13,143.21,143.68,622009
6/17/2013,143.62,143.48,143.78,143.99,518144
6/14/2013,143.46,143.38,143.86,143.94,573677
6/13/2013,143,142.91,143.19,143.44,818015
6/12/2013,142.65,142.46,142.79,142.95,699077
6/11/2013,142.73,142.02,142.74,142.87,1159222
6/10/2013,143.24,142.6,142.85,143.69,690352
6/7/2013,143.88,143.19,143.39,144.15,879773
6/6/2013,143.8,143.78,143.84,144.02,30344
6/5/2013,143.56,143.32,143.79,143.91,474863
6/4/2013,143.38,143.13,143.36,143.55,1236053
6/3/2013,143.83,142.98,143.56,143.84,1498220
5/31/2013,143.79,143.43,143.71,144.38,1206083
5/30/2013,143.6,143.47,143.73,143.86,770208
5/29/2013,143.3,143.25,143.41,143.73,1058098
5/28/2013,144.15,143.58,143.82,144.38,1003880
5/27/2013,144.49,144.25,144.26,144.65,142835
5/24/2013,144.54,144.12,144.58,144.83,872381
5/23/2013,144.61,144.31,144.39,145.15,1092607
5/22/2013,144.65,144.26,144.6,145.2,1116981
5/21/2013,144.86,144.25,144.33,144.92,871196
5/20/2013,145.09,144.65,144.86,145.33,518659
5/17/2013,145.25,145.13,145.45,145.74,777073
5/16/2013,144.84,144.53,145.31,145.36,919615
5/15/2013,144.53,144.33,144.64,145.01,914896
5/14/2013,144.84,144.22,144.74,144.99,679104
5/13/2013,144.43,144.43,144.89,145.07,755893
5/10/2013,145.65,144.43,144.66,145.66,961509
5/9/2013,145.82,145.77,145.89,146.23,595255
5/8/2013,145.47,145.42,145.85,145.9,655670
5/7/2013,146.18,145.37,145.43,146.27,840435
5/6/2013,146.15,145.97,146.16,146.36,289903
5/3/2013,146.95,146,146.15,147.11,896835
5/2/2013,146.73,146.17,147.16,147.2,951796
4/30/2013,146.55,146.39,146.58,146.87,679489
4/29/2013,146.59,146.27,146.66,146.74,643863
4/26/2013,146.37,146.29,146.54,146.63,532205
4/25/2013,146.16,146.04,146.2,146.37,582363
4/24/2013,145.92,145.62,146.19,146.29,903623
4/23/2013,146.35,145.91,146.09,146.77,1025452
4/22/2013,145.95,145.72,146.35,146.43,659737
4/19/2013,146.15,145.85,146.03,146.21,597943
4/18/2013,146.2,145.86,146.27,146.39,686921
4/17/2013,145.76,145.35,146.24,146.36,975692
4/16/2013,146.01,145.55,145.73,146.11,689466
4/15/2013,145.9,145.63,146.04,146.22,602659
4/12/2013,145.29,145.27,145.88,145.98,664091
4/11/2013,145.24,144.93,145.25,145.5,723808
4/10/2013,145.65,145.15,145.35,145.68,702063
4/9/2013,145.87,145.51,145.8,146.06,776696
4/8/2013,146.31,145.85,146.08,146.34,598166
4/5/2013,145.97,145.82,146.34,146.54,843052
4/4/2013,145.59,145.45,145.96,146.08,784025
4/3/2013,145.25,145.13,145.52,145.65,556674
4/2/2013,145.58,145.1,145.24,145.63,582435
3/28/2013,145.67,145.34,145.49,145.87,764000
3/27/2013,144.93,144.83,145.52,145.67,878567
3/26/2013,144.65,144.49,144.82,144.9,721723
3/25/2013,144.01,143.91,144.72,144.93,747025
3/22/2013,144.71,144.21,144.37,144.83,732945
3/21/2013,144.2,144.04,144.46,144.66,780820
3/20/2013,144.64,143.95,144.3,144.64,915806
3/19/2013,144.05,143.98,144.62,144.82,984761
3/18/2013,144.41,143.87,143.94,144.69,724290
3/15/2013,143.1,143,143.39,143.54,561324
3/14/2013,143.12,142.82,143.14,143.24,561306
3/13/2013,143,142.92,143.14,143.37,649714
3/12/2013,142.6,142.52,143.04,143.21,632120
3/11/2013,142.72,142.51,142.72,142.87,426552
3/8/2013,142.78,142.27,142.46,142.95,760912
3/7/2013,145.14,144.92,145.27,145.29,43559
3/6/2013,145.1,144.86,145.12,145.25,496794
3/5/2013,145.36,145.01,145.03,145.43,1349237
3/4/2013,145.77,145.35,145.51,145.8,1088901
3/1/2013,145.19,144.86,145.51,145.64,923369
2/28/2013,145,144.81,144.99,145.23,865803
2/27/2013,145.11,144.8,145.09,145.4,989335
2/26/2013,144.51,144.43,144.9,145.13,1153151
2/25/2013,143.52,142.85,143.52,144.47,1063579
2/22/2013,143.4,143.17,143.62,143.74,870420
2/21/2013,142.71,142.71,143.38,143.6,1097337
2/20/2013,142.72,142.23,142.42,142.72,848004
2/19/2013,142.83,142.61,142.82,142.98,654777
2/18/2013,142.51,142.48,142.76,142.92,355006
2/15/2013,142.7,142.29,142.34,143.01,770754
2/14/2013,142.03,141.87,142.59,142.68,1019912
2/13/2013,142.61,141.84,142.05,142.69,937667
2/12/2013,142.92,142.41,142.55,143.03,723656
2/11/2013,142.94,142.63,142.85,143.11,529456
2/8/2013,142.73,142.62,142.83,143.11,723908
2/7/2013,142.54,142.14,142.82,143.01,1024089
2/6/2013,142.29,142.22,142.54,142.78,832699
2/5/2013,142.65,141.94,142.2,142.93,928846
2/4/2013,141.48,141.47,142.64,142.82,1030766
2/1/2013,141.67,141.54,142.01,142.45,1020721
1/31/2013,141.88,141.55,141.9,142.17,963172
1/30/2013,141.75,141.28,141.43,141.98,1118032
1/29/2013,141.87,141.7,141.82,142.27,929365
1/28/2013,142.21,141.61,141.79,142.53,870255
1/25/2013,143.27,142.2,142.5,143.49,1114416
1/24/2013,143.55,143.18,143.2,144.07,982838
1/23/2013,143.17,143.07,143.59,143.68,794032
1/22/2013,142.96,142.54,143.12,143.23,892405
1/21/2013,143.25,142.85,142.9,143.34,389614
1/18/2013,142.5,142.38,143.32,143.38,851014
1/17/2013,143.5,142.51,142.76,143.62,1021389
1/16/2013,143.14,143.14,143.37,143.64,817409
1/15/2013,142.86,142.79,143.29,143.39,856270
1/14/2013,142.48,142.44,142.77,142.94,604961
1/11/2013,142.55,142.05,142.31,142.78,933428
1/10/2013,143.53,142.43,142.7,143.66,947158
1/9/2013,143.26,143.19,143.58,143.77,675376
1/8/2013,143.22,143.01,143.43,143.52,676093
1/7/2013,142.95,142.79,143.06,143.18,528630
1/4/2013,143.17,142.52,142.75,143.43,899521
1/3/2013,143.91,143.19,143.57,144.17,663119
1/2/2013,144.85,143.94,144.07,144.9,553926
12/31/2012,,,145.64,,
12/28/2012,145.55,145.42,145.64,145.82,224009
12/27/2012,144.78,144.62,145.54,145.63,210140
12/21/2012,144.6,144.44,144.77,144.85,357454
12/20/2012,144.19,144.16,144.32,144.5,425826
12/19/2012,144.26,143.8,144.15,144.41,621747
12/18/2012,144.57,144.11,144.41,144.84,513488
12/17/2012,144.71,144.61,144.86,145.02,357625
12/14/2012,144.98,144.73,144.93,145.24,404164
12/13/2012,144.9,144.83,145.06,145.54,713419
12/12/2012,145.24,145.02,145.26,145.41,475682
12/11/2012,145.69,145.24,145.41,145.78,577854
12/10/2012,145.81,145.54,145.6,146.17,553848
12/7/2012,145.59,145.42,145.72,145.88,619919
12/6/2012,143.24,143.14,143.38,143.39,34949
12/5/2012,142.6,142.54,143.28,143.37,563214
12/4/2012,142.48,142.33,142.74,142.79,1249618
12/3/2012,142.89,142.07,142.51,143.05,1261818
11/30/2012,142.88,142.72,142.79,143.12,711578
11/29/2012,142.8,142.63,142.84,143.02,687399
11/28/2012,142.4,142.32,142.95,143.15,782638
11/27/2012,142.12,141.84,142.23,142.36,641010
11/26/2012,142.23,142.15,142.43,142.5,446478
11/23/2012,142.15,142.01,142.12,142.48,477506
11/22/2012,142.19,142.03,142.16,142.27,298305
11/21/2012,142.57,142.13,142.17,142.64,673521
11/20/2012,143.06,142.33,142.38,143.22,682734
11/19/2012,143.11,142.87,143,143.19,406537
11/16/2012,143.32,143,143.31,143.45,501759
11/15/2012,143.34,142.91,143.13,143.37,610745
11/14/2012,143.2,142.83,143.14,143.41,680923
11/13/2012,143.33,142.98,143.14,143.48,678428
11/12/2012,143.2,143.03,143.17,143.27,317740
11/9/2012,143.05,142.94,143.14,143.47,655460
11/8/2012,142.71,142.57,142.98,143.18,747120
11/7/2012,142.08,141.77,142.75,142.88,845012
11/6/2012,142.05,141.65,142.09,142.3,532739
11/5/2012,142.07,141.95,142.13,142.28,547385
11/2/2012,141.68,141.39,141.87,142.04,666280
11/1/2012,141.62,141.46,141.71,141.83,515621
10/31/2012,141.57,141.18,141.68,141.86,771184
10/30/2012,141.82,141.35,141.54,142,471887
10/29/2012,141.06,141.03,141.7,141.88,475667
10/26/2012,140.56,140.52,140.85,141.16,824549
10/25/2012,140.2,139.88,140.39,140.46,728768
10/24/2012,140.19,140.13,140.47,140.65,838395
10/23/2012,139.87,139.87,140.35,140.5,761537
10/22/2012,140.22,139.67,139.87,140.3,681939
10/19/2012,139.74,139.71,140.11,140.48,629559
10/18/2012,139.49,139.45,139.82,140.13,805434
10/17/2012,140.55,139.57,139.75,140.59,865307
10/16/2012,141.38,140.63,140.77,141.46,811290
10/15/2012,141.75,141.39,141.55,141.83,475656
10/12/2012,141.41,141.21,141.7,141.91,603933
10/11/2012,141.68,140.98,141.15,141.9,666759
10/10/2012,141.4,141.02,141.23,141.53,645012
10/9/2012,141.29,141.05,141.38,141.57,655914
10/8/2012,141.07,141.06,141.39,141.45,438373
10/5/2012,141.32,140.71,140.87,141.54,627228
10/4/2012,141.57,141.13,141.67,141.8,682202
10/3/2012,141.74,141.44,141.59,141.91,517386
10/2/2012,141.65,141.1,141.43,141.69,611437
10/1/2012,141.69,141.12,141.4,141.75,550444
9/28/2012,141.46,141.36,141.77,141.95,640633
9/27/2012,141.5,141.29,141.57,141.72,610158
9/26/2012,140.69,140.62,141.63,141.73,884298
9/25/2012,140.41,139.96,140.06,140.95,828934
9/24/2012,140.18,139.95,140.4,140.49,489218
9/21/2012,139.82,139.6,140,140.21,682861
9/20/2012,139.91,139.78,140.21,140.35,743729
9/19/2012,139.08,139.03,139.71,139.95,708784
9/18/2012,139.23,139.01,139.46,139.67,665119
9/17/2012,138.82,138.41,139,139.15,624069
9/14/2012,140.08,138.6,138.74,140.09,974904
9/13/2012,139.63,139.48,140.29,140.47,754815
9/12/2012,140.32,139.24,139.55,140.5,941030
9/11/2012,140.81,140.33,140.38,140.98,579888
9/10/2012,140.52,140.13,140.32,140.93,583995
9/7/2012,140.17,139.43,140.65,140.77,962973
9/6/2012,143,142.31,142.66,143.01,27502
9/5/2012,143.51,142.82,143.13,143.9,652636
9/4/2012,143.56,143.02,143.5,143.69,1413126
9/3/2012,144,143.46,143.55,144.16,622654
8/31/2012,144.2,143.17,144.02,144.31,809951
8/30/2012,143.68,143.63,144.15,144.26,505821
8/29/2012,143.87,143.39,143.58,144.37,616455
8/28/2012,143.9,143.62,143.96,144.06,515214
8/27/2012,143.89,143.55,143.8,143.99,215011
8/24/2012,143.51,143.42,144,144.13,611653
8/23/2012,142.74,142.7,143.5,143.72,776526
8/22/2012,142.02,141.63,142.61,142.88,660825
8/21/2012,141.95,141.27,141.38,141.99,577160
8/20/2012,141.85,141.14,142,142.17,573858
8/17/2012,141.73,141.45,142.12,142.22,425398
8/16/2012,141.05,140.78,141.78,141.89,628227
8/15/2012,142.38,141.33,141.41,142.45,594259
8/14/2012,143,142.28,142.43,143.08,516864
8/13/2012,143.33,142.61,143.18,143.58,435989
8/10/2012,143.04,142.94,143.4,143.66,445505
8/9/2012,142.63,142.36,142.56,143.16,537869
8/8/2012,142.36,142.35,142.75,143.18,621588
8/7/2012,143.08,142.17,142.33,143.36,632298
8/6/2012,142.95,142.81,143.2,143.64,453048
8/3/2012,144.85,142.68,142.95,144.96,804094
8/2/2012,143.45,142.83,144.88,145.17,920835
8/1/2012,144.5,143.23,143.5,144.5,685079
7/31/2012,143.33,143.29,144.57,144.62,727454
7/30/2012,143.08,142.99,143.39,143.66,581013
7/27/2012,143.86,142.64,143.21,144.29,777594
7/26/2012,144.66,143.77,144.01,145.11,798910
7/25/2012,145.11,144.02,144.69,145.2,769547
7/24/2012,145.45,144.51,145.03,145.49,871888
7/23/2012,146.1,145.52,145.55,146.26,567173
7/20/2012,145.2,145.12,145.77,145.88,440035
7/19/2012,145.21,144.83,145.14,145.34,453890
7/18/2012,145.06,144.83,145.34,145.5,491475
7/17/2012,144.83,144.62,145.12,145.27,544260
7/16/2012,144.88,144.67,145.04,145.3,417811
7/13/2012,144.94,144.52,144.72,145.16,475095
7/12/2012,144.62,144.57,144.84,145.01,484175
7/11/2012,144.18,143.95,144.64,144.71,629661
7/10/2012,144.13,143.66,144.11,144.24,580717
7/9/2012,143.94,143.85,143.99,144.28,460411
7/6/2012,143.2,143.15,143.94,144.02,593553
7/5/2012,142.4,142.14,143.12,143.29,732884
7/4/2012,141.43,141.38,142.32,142.44,434183
7/3/2012,141.57,141.25,141.46,141.73,526839
7/2/2012,140.9,140.68,141.68,141.78,663220
6/29/2012,140.65,139.72,140.9,141.03,857826
6/28/2012,141.28,141.11,141.71,142.01,689929
6/27/2012,141.57,140.98,141.11,141.72,550599
6/26/2012,142,141.24,141.7,142.11,826152
6/25/2012,140.99,140.95,142.15,142.26,652927
6/22/2012,141.4,140.52,140.88,141.73,734845
6/21/2012,140.56,140.35,141.52,141.57,898926
6/20/2012,141.42,140.17,140.49,141.46,996565
6/19/2012,142.64,141.19,141.36,142.95,893114
6/18/2012,141.59,141.14,142.64,143.09,834088
6/15/2012,141.75,141.69,142.29,142.63,721116
6/14/2012,141.99,141.53,141.83,142.43,965635
6/13/2012,142.17,141.44,141.71,142.34,1121295
6/12/2012,143.92,141.75,142.48,143.97,1181364
6/11/2012,142.67,142.48,143.89,144.08,847094
6/8/2012,143.41,143.26,143.53,144.18,859679
6/7/2012,144.58,143.9,144.22,144.68,32140
6/6/2012,145.5,144.31,144.66,145.72,579997
6/5/2012,145.69,145.59,145.76,146.34,946015
6/4/2012,146.31,145.63,145.78,146.33,755352
6/1/2012,145.89,145.84,146.34,146.89,1385858
5/31/2012,145.34,144.97,146.03,146.08,1147525
5/30/2012,144.25,144.24,145.33,145.47,1206133
5/29/2012,144.22,144.02,144.3,144.58,743941
5/28/2012,144.07,143.89,144.37,144.47,259711
5/25/2012,144.02,143.63,144.23,144.39,683157
5/24/2012,143.83,143.83,143.97,144.55,932851
5/23/2012,143.57,143.35,144.06,144.28,859782
5/22/2012,143.35,143.03,143.09,143.55,700822
5/21/2012,143.41,143.17,143.57,143.69,614856
5/18/2012,144.01,143.54,143.64,144.06,576322
5/17/2012,143.18,143.1,143.67,144.03,681884
5/16/2012,143.45,142.83,143.18,143.69,1028708
5/15/2012,143.39,142.89,143.45,143.53,879015
5/14/2012,143.04,142.95,143.4,143.69,656746
5/11/2012,142.87,142.49,142.77,143.09,618799
5/10/2012,142.64,142.26,142.61,143,825461
5/9/2012,142.49,142.41,142.8,143.03,719252
5/8/2012,141.95,141.92,142.55,142.64,638729
5/7/2012,142.32,141.77,141.82,142.44,294535
5/4/2012,141.73,141.47,142.05,142.13,545276
5/3/2012,141.7,141.26,141.71,141.82,651488
5/2/2012,140.87,140.71,141.73,141.83,732371
4/30/2012,140.7,140.59,141.09,141.21,524917
4/27/2012,141.22,140.63,140.7,141.38,691325
4/26/2012,140.39,140.2,140.92,141.07,800936
4/25/2012,140.52,140.04,140.2,140.61,863902
4/24/2012,141.14,140.49,140.62,141.19,832015
4/23/2012,140.61,140.58,141.29,141.37,648702
4/20/2012,140.58,140.21,140.38,140.86,675751
4/19/2012,140.31,140.06,140.62,140.78,817999
4/18/2012,139.98,139.82,140.36,140.49,746555
4/17/2012,140.3,139.82,139.96,140.41,673036
4/16/2012,140.39,140.09,140.39,140.56,621473
4/13/2012,139.91,139.79,140.36,140.42,650915
4/12/2012,139.83,139.49,139.67,140.05,746026
4/11/2012,140.27,139.52,139.82,140.28,847469
4/10/2012,139.9,139.45,140.32,140.44,792738
4/5/2012,138.56,138.37,139.15,139.38,748991
4/4/2012,137.84,137.8,138.42,138.74,822180
4/3/2012,138.26,137.6,138.29,138.5,585970
4/2/2012,137.89,137.72,138.42,138.55,684911
3/30/2012,138.44,138.02,138.49,138.58,626973
3/29/2012,137.88,137.73,138.31,138.43,668609
3/28/2012,137.45,137.12,137.86,138.06,693691
3/27/2012,136.85,136.63,137.31,137.55,729973
3/26/2012,137.46,136.59,136.74,137.59,681101
3/23/2012,137,136.87,137.39,137.7,794882
3/22/2012,136.43,136.32,137.09,137.26,899253
3/21/2012,135.56,135.3,136.33,136.51,879764
3/20/2012,135.51,135.45,135.64,135.89,663880
3/19/2012,135.56,135.27,135.6,136.04,652863
3/16/2012,136.39,135.27,135.46,136.56,920153
3/15/2012,136.35,136.26,136.48,136.86,856516
3/14/2012,137.61,136.53,136.8,137.67,948368
3/13/2012,138.68,137.75,138.23,138.77,659673
3/12/2012,138.6,138.5,138.87,139.06,431948
3/9/2012,138.28,138.14,138.48,138.58,492410
3/8/2012,140.22,139.84,140,140.29,56131
3/7/2012,140.22,140.1,140.27,140.52,718866
3/6/2012,139.98,139.92,140.27,140.48,1280796
3/5/2012,139.91,139.71,139.83,140.39,946495
3/2/2012,139.5,139.39,140.06,140.16,657594
3/1/2012,139.85,139.13,139.3,140.03,794676
2/29/2012,139.93,139.48,139.89,140.28,910757
2/28/2012,139.61,139.52,140.06,140.2,725694
2/27/2012,139.12,138.81,139.74,139.95,812049
2/24/2012,138.99,138.81,139.03,139.17,485220
2/23/2012,138.76,138.51,139.02,139.18,652777
2/22/2012,137.85,137.72,138.53,139.02,713171
2/21/2012,137.88,137.7,137.96,138.3,623290
2/20/2012,138.18,137.85,137.97,138.38,344465
2/17/2012,138.79,138.18,138.42,138.86,551820
2/16/2012,139.42,138.63,139.03,139.59,821834
2/15/2012,138.31,138.15,139.09,139.3,733830
2/14/2012,138.49,137.89,138.52,138.75,739110
2/13/2012,138.09,137.64,138.23,138.42,520048
2/10/2012,137.46,137.36,138.23,138.78,722635
2/9/2012,137.65,136.93,137.1,137.96,833202
2/8/2012,137.78,137.5,137.84,137.96,623174
2/7/2012,138.83,137.83,137.95,139.13,812768
2/6/2012,138.47,138.44,138.63,139.14,555461
2/3/2012,139.34,138.13,138.32,139.59,730110
2/2/2012,139.04,138.88,139.08,139.79,759514
2/1/2012,139.75,138.99,139.24,139.77,703181
1/31/2012,139.59,139.08,139.72,139.89,717058
1/30/2012,139.25,139.11,139.67,139.77,503534
1/27/2012,138.8,138.52,138.89,139.26,637797
1/26/2012,138.07,137.88,138.69,138.92,705113
1/25/2012,137.32,137.18,137.82,138.41,755934
1/24/2012,137.52,137.18,137.3,137.9,793107
1/23/2012,138.19,137.25,137.44,138.45,698214
1/20/2012,138.89,137.86,138.12,138.99,785424
1/19/2012,139.62,138.84,138.96,139.75,709878
1/18/2012,139.73,139.38,139.87,140.01,623983
1/17/2012,139.72,139.24,139.68,139.88,630859
1/16/2012,140.14,139.7,139.86,140.16,294431
1/13/2012,139.01,138.73,139.94,140.23,821033
1/12/2012,139.23,138.95,139.16,139.44,581697
1/11/2012,138.73,138.5,139.35,139.44,622241
1/10/2012,138.81,138.43,138.72,139.05,501918
1/9/2012,139.03,138.49,139.1,139.12,346760
1/6/2012,138.62,138.28,138.84,139,420617
1/5/2012,137.94,137.7,138.79,138.98,621714
1/4/2012,138.2,137.77,138.09,138.48,565747
1/3/2012,138.34,137.79,138.29,138.48,377508
1/2/2012,139.3,138.09,138.19,139.32,91298
12/30/2011,138.86,138.6,139.04,139.13,114998
12/29/2011,138.45,138.13,138.92,138.96,164888
12/28/2011,138.19,137.74,138.21,138.5,132562
12/27/2011,137.97,137.5,137.98,138.62,90892
12/23/2011,137.58,137.45,137.55,137.94,99827
12/22/2011,137.77,137.15,137.83,137.9,255289
12/21/2011,137.51,136.69,137.83,138.08,401964
12/20/2011,138.23,137.39,137.5,138.36,298109
12/19/2011,138.65,138.08,138.39,138.69,235893
12/16/2011,137.77,137.6,138.58,138.86,355499
12/15/2011,138.18,137.43,137.63,138.21,455732
12/14/2011,136.76,136.61,137.86,138.08,505610
12/13/2011,136.62,135.97,136.61,136.91,459087
12/12/2011,135.22,135.22,136.54,136.83,426276
12/9/2011,137.1,135.3,135.37,137.12,514028
12/8/2011,135.52,135.23,135.56,135.73,30547
12/7/2011,134.65,134.32,135.51,135.92,420999
12/6/2011,134.37,134.04,134.78,134.98,1163064
12/5/2011,135.35,134.06,134.82,135.4,1008537
12/2/2011,134.9,134.53,135.51,135.62,717736
12/1/2011,133.67,133.56,134.88,135.21,874828
11/30/2011,133.89,133.36,133.82,134.5,1001653
11/29/2011,133.94,132.99,133.39,134.37,823334
11/28/2011,134.03,133.36,133.88,134.52,642884
11/25/2011,134.8,134.06,134.12,135.4,561242
11/24/2011,135.42,134.36,135.05,135.46,628464
11/23/2011,137.5,135.27,135.81,137.79,1045742
11/22/2011,137.15,136.73,137.25,137.48,693893
11/21/2011,136.84,136.68,137.15,137.7,599258
11/18/2011,138,136.19,136.5,138.03,812651
11/17/2011,138.23,137.19,137.32,138.79,933174
11/16/2011,138.91,137.92,138.15,139,828774
11/15/2011,138.6,138.23,138.71,139.07,759033
11/14/2011,137.28,137.03,138.26,138.7,667546
11/11/2011,138.35,136.92,137.26,138.43,548663
11/10/2011,139.5,137.9,138.55,139.58,862383
11/9/2011,137.19,137.08,138.81,139.32,1003941
11/8/2011,137.99,137.06,138.03,138.24,734315
11/7/2011,137.69,137.52,137.91,138.5,686445
11/4/2011,136.52,136.35,137.6,137.96,741451
11/3/2011,138.09,136.44,136.87,138.36,1005227
11/2/2011,137.9,137.16,137.57,138,803812
11/1/2011,137,136.81,138.15,138.54,1042929
10/31/2011,134.09,133.98,135.47,136.68,833065
10/28/2011,133.4,132.89,133.67,134.04,839673
10/27/2011,134.55,133.15,133.71,134.78,1040210
10/26/2011,135.33,134.72,135.62,136.04,901416
10/25/2011,134.8,134.14,135.26,135.39,966435
10/24/2011,134.44,134.42,134.77,135.53,682640
10/21/2011,135.28,134.52,134.67,135.8,742616
10/20/2011,135.48,134.62,135.43,135.94,985375
10/19/2011,135.12,134.32,135.09,135.45,954403
10/18/2011,134.8,134.8,135.58,135.85,971324
10/17/2011,133.29,132.94,134.62,134.97,895356
10/14/2011,134.14,133.29,133.4,134.55,926651
10/13/2011,133.57,133.21,134.39,134.75,987602
10/12/2011,134.73,133.15,133.56,134.86,928180
10/11/2011,134.75,134.4,134.55,134.99,694801
10/10/2011,135.68,134.4,134.62,135.8,633070
10/7/2011,135.87,135.08,135.41,136.25,775304
10/6/2011,136.99,135.81,135.88,137.33,1129109
10/5/2011,138,136.81,137.06,138.28,956613
10/4/2011,137.91,137.85,138.24,138.8,974223
10/3/2011,136.88,136.83,137.44,138.1,619663
9/30/2011,135.65,135.48,136.49,136.8,879918
9/29/2011,135.56,135.17,135.25,136.04,784527
9/28/2011,136.13,135.01,135.66,136.29,1046082
9/27/2011,136.75,135.53,135.88,136.75,1160682
9/26/2011,137.95,136.85,137.27,138.39,943981
9/23/2011,138.77,137.48,138.12,139.19,898129
9/22/2011,138.25,138.22,138.56,139.07,1025435
9/21/2011,137.55,137.17,137.8,137.94,797817
9/20/2011,137.77,137.2,137.44,138.14,807234
9/19/2011,137.16,137.05,137.43,137.73,586437
9/16/2011,136.13,135.69,136.65,136.83,876096
9/15/2011,136.81,135.12,135.99,136.94,1114937
9/14/2011,137.99,136.53,136.87,138.26,1149889
9/13/2011,138.1,137.46,137.73,138.91,1077404
9/12/2011,138.05,137.95,138.24,138.61,781482
9/9/2011,136.7,136.56,137.77,138.23,847945
9/8/2011,138.06,137.88,138.16,138.21,20147
9/7/2011,137.94,137.53,137.8,138.27,503408
9/6/2011,138.57,137.65,138.61,138.86,1620154
9/5/2011,137,136.9,138.32,138.74,996448
9/2/2011,135.53,135.51,136.64,136.97,964829
9/1/2011,134.25,134.22,135.3,135.54,1105867
8/31/2011,135.14,134.3,134.56,135.29,876156
8/30/2011,134.52,134.31,135.28,135.61,697965
8/29/2011,134.81,134.18,134.39,135.16,325828
8/26/2011,134.77,134.67,135.21,135.84,685610
8/25/2011,134.45,133.88,134.84,135.01,889223
8/24/2011,135.16,134.25,134.54,135.33,883812
8/23/2011,135.13,134.63,135.28,135.47,746450
8/22/2011,135.37,134.74,135.18,135.84,597737
8/19/2011,135.88,135.02,135.31,136.18,868797
8/18/2011,134.32,134.29,135.75,136.26,1017919
8/17/2011,133.53,133.36,133.92,134.37,692661
8/16/2011,132.87,132.52,133.11,133.79,655883
8/15/2011,132.8,132.47,132.93,133.14,374887
8/12/2011,133.5,132.51,132.96,133.81,802973
8/11/2011,133.75,132.78,133.3,134.54,1141867
8/10/2011,133.1,132.64,134.1,134.54,1001727
8/9/2011,133.25,132.22,132.41,133.96,1022255
8/8/2011,131.6,130.57,133.08,133.7,1216535
8/5/2011,133.16,130.52,132.36,133.77,1417138
8/4/2011,131.55,131.27,132.79,133.28,1340869
8/3/2011,132.18,131.43,131.81,132.63,1048951
8/2/2011,131.27,131.18,131.82,132.24,1059792
8/1/2011,130.05,129.89,131.17,131.37,894446
7/29/2011,129.86,129.66,130.36,130.7,1022585
7/28/2011,129.35,129.13,129.43,129.87,918664
7/27/2011,128.38,128.31,129.37,129.48,909577
7/26/2011,128,127.76,128.34,128.55,831128
7/25/2011,127.62,127.56,128.26,128.45,681037
7/22/2011,127,126.39,127.69,127.82,1096609
7/21/2011,127.97,126.88,127.01,128.24,1233487
7/20/2011,129.05,128.08,128.14,129.07,923862
7/19/2011,129.4,128.62,129.05,129.53,900331
7/18/2011,129.02,129.01,129.44,129.74,694296
7/15/2011,128.5,128.43,128.99,129.29,732703
7/14/2011,128.59,128.19,128.42,128.87,865220
7/13/2011,129.09,128.21,128.35,129.31,1311143
7/12/2011,129.27,128.59,128.89,130.91,1777042
7/11/2011,127.5,127.36,129.14,129.36,1419462
7/8/2011,126.03,125.85,127.45,127.5,1172025
7/7/2011,126.17,125.79,125.96,126.53,1231702
7/6/2011,125.71,125.64,126.52,126.64,1260752
7/5/2011,125.62,125.41,125.62,125.98,818880
7/4/2011,125.58,125.42,125.48,125.77,425534
7/1/2011,125.6,125.22,125.42,125.82,1023762
6/30/2011,125.81,125.26,125.48,126.08,1149718
6/29/2011,126.27,125.6,125.9,126.33,1311898
6/28/2011,126.97,126.16,126.56,127.07,1121596
6/27/2011,127.55,126.78,126.9,127.57,863974
6/24/2011,126.88,126.73,127.45,127.54,964505
6/23/2011,126.2,126.18,127.19,127.22,1165750
6/22/2011,125.78,125.7,126.21,126.38,1053138
6/21/2011,126.06,125.73,125.89,126.24,859762
6/20/2011,126.3,125.98,126.15,126.59,836458
6/17/2011,126.49,125.93,126.07,126.56,1149191
6/16/2011,126.44,126.13,126.48,126.62,1502411
6/15/2011,125.61,125.47,125.95,126.35,1074519
6/14/2011,125.8,125.32,125.41,125.94,970052
6/13/2011,125.88,125.76,125.94,126.11,599469
6/10/2011,125.16,125.15,125.88,126,920970
6/9/2011,124.93,124.7,125.18,125.44,1036608
6/8/2011,125.04,125,125.3,125.31,55552
6/7/2011,125.52,124.77,124.87,125.57,788942
6/6/2011,125.22,125.2,125.44,125.7,1464802
6/3/2011,125.48,125.03,125.22,126.04,1526608
6/2/2011,125.76,125.31,125.72,125.98,1000350
6/1/2011,125.15,124.96,125.67,125.89,1347088
5/31/2011,125.41,125.02,125.35,125.5,1120837
5/30/2011,125.68,125.51,125.69,125.77,151640
5/27/2011,125.59,125.33,125.64,125.79,961958
5/26/2011,124.8,124.74,125.51,125.59,1075768
5/25/2011,125.12,124.86,125.01,125.23,1118620
5/24/2011,125.11,124.71,124.73,125.17,965413
5/23/2011,124.93,124.87,125.18,125.33,939449
5/20/2011,124.21,124.12,124.76,124.83,1003394
5/19/2011,124.05,123.73,124.13,124.23,1015497
5/18/2011,124.26,124.05,124.31,124.5,865098
5/17/2011,124.2,123.87,124.42,124.48,1074337
5/16/2011,124.57,124.03,124.13,124.62,810527
5/13/2011,123.99,123.82,124.42,124.63,955846
5/12/2011,124.21,123.9,124.3,124.49,1043058
5/11/2011,123.85,123.58,123.93,124.32,1055035
5/10/2011,124.18,123.86,124.01,124.23,1046423
5/9/2011,123.68,123.55,124.28,124.44,1091005
5/6/2011,123.16,123,123.44,123.95,1238964
5/5/2011,122.3,122.07,123.07,123.39,1304304
5/4/2011,122.8,122.15,122.48,122.82,1068007
5/3/2011,122.96,122.55,122.64,122.96,744572
5/2/2011,122.84,122.51,122.82,122.94,276902
4/29/2011,122.59,122.48,122.92,122.98,371524
4/28/2011,122.27,122.12,122.67,122.79,823612
4/27/2011,122.52,121.89,121.99,122.55,785495
4/26/2011,122.43,122.24,122.51,122.58,477177
4/21/2011,121.74,121.67,122.31,122.4,782295
4/20/2011,122,121.67,121.94,122.07,867764
4/19/2011,122.65,121.85,122.17,122.65,1031444
4/18/2011,121.24,121.13,122.45,122.6,1280268
4/15/2011,120.69,120.59,121.2,121.25,885361
4/14/2011,120.68,120.57,120.69,121.11,1046236
4/13/2011,120.35,120.2,120.47,120.8,866969
4/12/2011,120.1,120.08,120.46,120.57,932360
4/11/2011,120,119.86,119.9,120.17,577375
4/8/2011,120.47,119.95,120.04,120.56,839733
4/7/2011,120.55,120.3,120.71,120.82,1065630
4/6/2011,120.8,120.51,120.62,120.96,873771
4/5/2011,120.98,120.82,120.93,121.23,742115
4/4/2011,121.11,120.84,121.17,121.2,578857
4/1/2011,121.1,120.73,121,121.16,888943
3/31/2011,121.5,121.06,121.28,121.61,1039489
3/30/2011,121.17,121.16,121.43,121.49,706367
3/29/2011,121.8,121.21,121.5,121.86,772106
3/28/2011,121.67,121.46,121.69,121.89,684094
3/25/2011,121.96,121.72,122.03,122.17,681796
3/24/2011,122.48,122.01,122.2,122.74,860755
3/23/2011,122.14,122.05,122.3,122.56,1118502
3/22/2011,122.18,121.79,122.02,122.24,881685
3/21/2011,122.5,122.09,122.17,122.55,702622
3/18/2011,122.78,122.53,122.63,123.21,881712
3/17/2011,123.57,122.72,122.83,123.6,1126004
3/16/2011,122.83,122.66,123.65,123.92,1262722
3/15/2011,122.88,122.82,123.02,123.69,1353756
3/14/2011,122.39,121.7,122.19,122.53,967422
3/11/2011,122.23,122.18,122.36,122.63,953590
3/10/2011,121.81,121.73,122.03,122.26,965677
3/9/2011,121.45,121.42,121.59,121.76,694128
3/8/2011,123.06,122.92,123.05,123.15,30047
3/7/2011,123.31,122.72,123.03,123.32,629254
3/4/2011,122.65,122.56,123.15,123.33,1350882
3/3/2011,123.64,122.66,122.87,123.67,1586235
3/2/2011,124.37,123.68,123.87,124.49,991283
3/1/2011,124.05,123.79,124.06,124.32,1313570
2/28/2011,124.4,123.96,124.12,124.52,752084
2/25/2011,124.3,123.98,124.32,124.39,675569
2/24/2011,124.28,124.16,124.41,124.6,828501
2/23/2011,124.15,123.99,124.28,124.45,782826
2/22/2011,123.95,123.89,124.13,124.36,968016
2/21/2011,123.32,123.27,123.75,123.85,520470
2/18/2011,123.73,123,123.09,123.89,869035
2/17/2011,123.24,123.13,123.75,123.84,853066
2/16/2011,122.65,122.64,123.07,123.44,1078066
2/15/2011,122.51,122.34,122.68,122.8,833159
2/14/2011,122.5,122.42,122.67,122.88,649907
2/11/2011,122.47,122.46,122.78,123.01,785157
2/10/2011,122.61,122.29,122.42,122.98,910575
2/9/2011,122.5,122.3,122.33,122.88,884840
2/8/2011,122.76,122.55,122.82,123.12,804446
2/7/2011,122.45,122.42,122.86,122.92,565025
2/4/2011,123.03,122.58,122.65,123.16,843943
2/3/2011,122.78,122.63,123.22,123.33,1043185
2/2/2011,123.1,122.68,122.87,123.29,823705
2/1/2011,123.44,122.88,123.01,123.51,997784
1/31/2011,123.71,123.45,123.74,123.94,723716
1/28/2011,123.53,123.17,123.73,123.88,824471
1/27/2011,123.57,123.23,123.34,123.79,1005308
1/26/2011,123.96,123.47,123.61,124.13,852837
1/25/2011,123.77,123.71,123.97,124.34,866756
1/24/2011,123.55,123.5,123.92,124.04,695257
1/21/2011,123.7,123.37,123.76,123.86,809086
1/20/2011,124.47,123.48,123.67,124.5,1068753
1/19/2011,124.04,123.86,124.34,124.39,750018
1/18/2011,124.75,123.97,124.06,124.75,1014643
1/17/2011,124.58,124.47,124.76,124.99,444307
1/14/2011,124.85,124.49,124.91,125.17,916044
1/13/2011,124.73,124.27,124.64,124.98,1104501
1/12/2011,125.94,124.57,124.69,125.94,1161761
1/11/2011,126.07,125.7,125.79,126.47,856615
1/10/2011,126.3,125.98,126.28,126.46,634735
1/7/2011,125.91,125.31,126.13,126.38,806557
1/6/2011,125.39,125.07,125.73,125.94,945021
1/5/2011,126.06,125.2,125.49,126.52,1076231
1/4/2011,125.89,125.49,126.11,126.18,626497
1/3/2011,125.34,125.26,125.73,125.99,327105
12/30/2010,125.35,125.11,125.31,125.6,271214
12/29/2010,124.58,124.52,124.77,125.39,216201
12/28/2010,125.06,124.42,125.19,125.46,150726
12/27/2010,125.2,124.36,124.67,125.22,146076
12/23/2010,125.41,125.07,125.15,125.68,228194
12/22/2010,125.1,125,125.47,125.61,339575
12/21/2010,124.77,124.76,125.17,125.3,315773
12/20/2010,124.91,124.67,125.3,125.34,459842
12/17/2010,124.48,124.2,124.38,124.99,463002
12/16/2010,124,123.78,123.87,124.35,554723
12/15/2010,124.07,123.76,124.23,124.36,596435
12/14/2010,124.97,123.76,124.12,124.98,664738
12/13/2010,124.55,124.36,124.57,125,498961
12/10/2010,125.3,124.7,124.98,125.33,530545
12/9/2010,124.55,124.44,124.95,125.34,729455
12/8/2010,124.86,124.86,125.22,125.38,42120
12/7/2010,126.45,125.27,125.59,126.58,646460
12/6/2010,126.36,126.26,126.57,126.68,1229846
12/3/2010,126.54,125.83,126.19,126.56,1087493
12/2/2010,126.91,126.27,126.47,127.02,1136110
12/1/2010,127.85,126.63,127.02,127.94,1212739
11/30/2010,127.28,127.18,128.02,128.05,1064954
11/29/2010,127.23,126.69,127.07,127.46,897160
11/26/2010,127.48,127.16,127.35,128.07,783939
11/25/2010,127.58,127.21,127.29,127.9,541189
11/24/2010,128.61,127.47,127.72,129.2,1331171
11/23/2010,128.23,128.08,128.88,128.94,1075755
11/22/2010,127.25,127.13,127.94,128.18,792659
11/19/2010,127.65,127.32,127.41,127.79,707951
11/18/2010,128.07,127.31,127.5,128.17,1268559
11/17/2010,128.34,128.11,128.45,128.71,926504
11/16/2010,128.56,127.98,128.14,128.89,1117346
11/15/2010,128.8,128.35,128.87,129.17,823349
11/12/2010,130.44,129.08,129.41,130.64,1285810
11/11/2010,130.33,129.95,130.18,130.68,802647
11/10/2010,130.02,129.56,130.2,130.53,1406127
11/9/2010,130.61,129.87,130.36,130.95,1020299
11/8/2010,130.42,130.27,130.51,130.75,681615
11/5/2010,130.59,129.95,130.25,130.87,1187780
11/4/2010,130.16,129.33,130.43,130.75,1393803
11/3/2010,129.69,129.68,130.24,130.32,845780
11/2/2010,129.7,129.57,129.78,130.09,803273
11/1/2010,129.23,129.16,129.68,130.03,839951
10/29/2010,128.92,128.85,129.23,129.48,991165
10/28/2010,128.87,128.6,128.79,129.14,860607
10/27/2010,129.23,128.52,128.8,129.33,1183010
10/26/2010,129.74,129.19,129.36,129.79,857082
10/25/2010,129.72,129.56,129.84,129.99,573219
10/22/2010,129.5,129.4,129.65,129.84,757026
10/21/2010,129.87,129.39,129.62,130.04,1037104
10/20/2010,130.39,129.81,129.95,130.45,973226
10/19/2010,130.43,129.92,130.23,130.72,1084508
10/18/2010,130.69,130.37,130.56,130.75,676858
10/15/2010,131.11,130.34,130.72,131.29,1001932
10/14/2010,131.66,130.98,131.44,131.84,796843
10/13/2010,131.36,131.21,131.57,131.7,820031
10/12/2010,131.75,131.38,132.01,132.36,1022078
10/11/2010,131.73,131.42,131.63,131.85,366867
10/8/2010,131.69,131.13,131.85,131.89,989228
10/7/2010,131.81,131.39,131.64,131.89,909723
10/6/2010,131.45,131.34,132.02,132.1,984457
10/5/2010,131.81,131.31,131.45,132.17,985266
10/4/2010,131.44,131.36,131.71,131.88,683443
10/1/2010,131.54,130.63,131.31,131.57,1115596
9/30/2010,131.9,130.97,131.43,132.2,1432185
9/29/2010,131.79,131.46,131.81,132.03,952075
9/28/2010,131.52,131.32,131.79,131.99,1150195
9/27/2010,130.83,130.8,131.51,131.67,796231
9/24/2010,131.29,130.68,130.85,131.67,1125112
9/23/2010,130.6,130.47,131.39,131.58,1172616
9/22/2010,130.33,130.29,130.75,130.99,1175589
9/21/2010,129.58,129.24,129.65,130.25,866372
9/20/2010,129.84,129.27,129.39,129.87,681796
9/17/2010,129.37,129.08,129.77,130.21,1111102
9/16/2010,130,129.22,129.38,130.07,1223169
9/15/2010,130.45,129.84,130.11,130.56,961142
9/14/2010,130.15,130.05,130.51,130.79,1056618
9/13/2010,130,129.53,129.92,130.21,823188
9/10/2010,130.77,129.97,130.05,130.89,866684
9/9/2010,131.42,130.46,130.78,131.69,1029606
9/8/2010,133.25,133.04,133.44,133.65,45362
9/7/2010,132.26,132.26,133.2,133.25,754947
9/6/2010,131.9,131.86,132.16,132.4,838816
9/3/2010,132.72,131.73,132,132.82,1476627
9/2/2010,133.31,132.44,132.72,133.43,1368099
9/1/2010,134.12,133.02,133.23,134.37,1492844
8/31/2010,134.45,134.35,134.43,134.77,847177
8/30/2010,133.48,133.48,134.19,134.44,472918
8/27/2010,134.05,133.25,133.66,134.54,1121507
8/26/2010,133.94,133.67,133.94,134.35,954573
8/25/2010,133.75,133.51,134.19,134.73,1227277
8/24/2010,132.9,132.83,133.9,134.26,1024065
8/23/2010,132.72,132.6,132.76,132.89,507881
8/20/2010,132.5,132.38,132.89,133.02,727495
8/19/2010,132.07,131.78,132.45,132.62,899575
8/18/2010,131.69,131.68,132.16,132.31,756833
8/17/2010,132.05,131.64,131.69,132.17,807199
8/16/2010,131.53,131.38,132.05,132.3,724230
8/13/2010,130.98,130.94,131.48,131.54,698263
8/12/2010,130.98,130.9,131.22,131.4,731646
8/11/2010,130.58,130.41,131.14,131.24,803888
8/10/2010,130,129.81,129.95,130.59,523610
8/9/2010,130.06,129.97,130.03,130.14,338449
8/6/2010,129.64,129.44,130.1,130.15,713895
8/5/2010,129.23,129.05,129.63,129.76,709362
8/4/2010,129.24,129.08,129.2,129.47,654906
8/3/2010,128.36,128.34,129.06,129.29,755189
8/2/2010,128.46,128.09,128.34,128.5,496077
7/30/2010,128.3,128.21,128.55,128.66,806247
7/29/2010,128,127.78,128.06,128.28,656178
7/28/2010,127.63,127.45,127.81,128.05,715480
7/27/2010,127.82,127.37,127.69,127.84,782762
7/26/2010,128.03,127.58,127.73,128.27,599393
7/23/2010,128.8,127.85,128.33,128.91,802156
7/22/2010,129.21,128.53,128.69,129.43,702815
7/21/2010,128.78,128.59,128.91,129.3,635986
7/20/2010,128.65,128.61,128.9,129.14,667157
7/19/2010,129.16,128.58,128.73,129.54,677007
7/16/2010,128.84,128.42,129.16,129.39,709217
7/15/2010,128.92,128.18,128.8,129.02,926741
7/14/2010,128.65,128.57,128.72,129.09,695219
7/13/2010,129.26,128.66,128.88,129.47,705887
7/12/2010,128.84,128.76,129.34,129.53,487381
7/9/2010,128.78,128.49,128.89,129.07,666916
7/8/2010,129.1,128.66,128.93,129.36,786337
7/7/2010,129.4,129.08,129.22,129.57,544192
7/6/2010,129.65,129.05,129.3,129.7,672104
7/5/2010,129.41,129.34,129.7,129.82,277288
7/2/2010,129.42,129.05,129.31,129.61,604098
7/1/2010,129.54,128.98,129.56,129.65,957472
6/30/2010,129.61,129.22,129.39,129.68,795326
6/29/2010,129.56,129.36,129.43,129.86,831872
6/28/2010,128.96,128.67,129.2,129.39,640283
6/25/2010,128.9,128.78,128.98,129.15,574729
6/24/2010,128.42,128.4,129.14,129.16,712809
6/23/2010,128.35,128.19,128.62,128.67,704379
6/22/2010,127.64,127.47,128.1,128.46,895737
6/21/2010,127.37,127.12,127.4,127.63,644907
6/18/2010,128.27,127.54,127.67,128.41,711625
6/17/2010,128.4,127.89,128.36,128.54,1007382
6/16/2010,128.15,127.92,128.33,128.7,812507
6/15/2010,128.91,128.03,128.3,129.14,1008703
6/14/2010,128.98,128.41,128.53,129.02,655806
6/11/2010,128.57,128.4,129.25,129.3,799418
6/10/2010,129.27,128.38,128.68,129.39,946258
6/9/2010,129.62,129.08,129.2,129.72,836065
6/8/2010,129.64,129.64,130.16,130.37,34446
6/7/2010,129.6,129.41,129.74,129.99,496001
6/4/2010,128.79,128.54,129.39,129.63,1362022
6/3/2010,128.5,128.13,128.5,128.8,1439737
6/2/2010,128.71,128.62,128.8,129.17,1102957
6/1/2010,128.65,128.34,128.66,129.43,1051001
5/31/2010,128.61,128.52,128.8,128.85,161714
5/28/2010,128.11,128.11,128.5,128.87,771500
5/27/2010,128.62,128.11,128.33,128.76,1006601
5/26/2010,129.13,128.6,128.72,129.23,1136668
5/25/2010,128.85,128.82,129.38,129.55,1015407
5/24/2010,128.41,128.31,128.61,128.9,598253
5/21/2010,128.17,128.1,128.54,128.97,1176464
5/20/2010,127.55,127.19,128.31,128.58,1171780
5/19/2010,127.72,127.04,127.47,127.84,1120208
5/18/2010,126.41,126.26,126.86,127.81,1071747
5/17/2010,126.95,126.21,126.6,126.97,745267
5/14/2010,126.12,125.98,126.53,126.85,900058
5/13/2010,125.55,125.37,125.86,126.1,722392
5/12/2010,125.88,125.43,125.67,125.95,835463
5/11/2010,125.69,125.56,125.63,126.29,1076441
5/10/2010,125.81,124.94,125.49,125.87,1358798
5/7/2010,127.2,126.41,126.97,127.65,1693210
5/6/2010,126.37,125.74,127.01,127.99,1620821
5/5/2010,125.61,125.44,126.35,126.59,1487658
5/4/2010,124.47,124.43,125.51,125.82,1284156
5/3/2010,124.61,124.27,124.5,124.66,353576
4/30/2010,124.59,124.31,124.85,124.91,821376
4/29/2010,124.75,124.23,124.43,124.76,951400
4/28/2010,125.2,124.3,124.6,125.51,1825659
4/27/2010,124.09,124.05,124.64,125.34,1109904
4/26/2010,123.89,123.77,124.06,124.34,812541
4/23/2010,123.95,123.57,123.97,124.12,989744
4/22/2010,123.77,123.64,124.01,124.31,1261161
4/21/2010,123.42,123.37,123.76,123.87,921092
4/20/2010,123.66,123.39,123.5,123.74,874059
4/19/2010,123.71,123.59,123.74,123.88,704667
4/16/2010,123.28,123.25,123.65,123.74,829035
4/15/2010,122.93,122.87,123.19,123.39,1032386
4/14/2010,122.89,122.78,123.14,123.26,998151
4/13/2010,122.7,122.62,122.98,123.13,920852
4/12/2010,122.53,122.11,122.67,122.78,811377
4/9/2010,123.32,122.71,122.84,123.36,936649
4/8/2010,123.28,123.27,123.47,123.6,731922
4/7/2010,122.88,122.83,123.11,123.41,821389
4/6/2010,122.98,122.54,122.88,123.18,884345
4/1/2010,123.38,123.13,123.44,123.5,664195
3/31/2010,123.25,123.18,123.35,123.52,837461
3/30/2010,122.92,122.77,123.18,123.32,800621
3/29/2010,122.74,122.62,122.97,123.13,631128
3/26/2010,122.76,122.6,122.74,122.88,738598
3/25/2010,123.28,122.53,122.87,123.36,1039743
3/24/2010,123.66,123.24,123.53,123.77,1102593
3/23/2010,123.56,123.53,123.67,123.78,632006
3/22/2010,123.17,123.13,123.58,123.69,640475
3/19/2010,123.06,122.87,123.19,123.27,723182
3/18/2010,123.26,122.98,123.08,123.39,741747
3/17/2010,123.04,122.94,123.16,123.36,814315
3/16/2010,122.71,122.45,122.86,123.24,834834
3/15/2010,122.55,122.52,122.71,122.77,469159
3/12/2010,122.4,122.07,122.56,122.68,824603
3/11/2010,122.65,122.19,122.4,122.69,819945
3/10/2010,122.82,122.59,122.61,122.88,690951
3/9/2010,122.49,122.49,122.83,123.02,878601
3/8/2010,124.03,123.96,124,124.13,43035
3/5/2010,124.27,123.93,124.01,124.38,834139
3/4/2010,124.25,123.87,124.29,124.44,1450436
3/3/2010,124.3,123.97,124.08,124.34,1156633
3/2/2010,124.32,123.94,124.2,124.4,972211
3/1/2010,124.3,124.06,124.33,124.45,632735
2/26/2010,124.29,124.09,124.45,124.5,989451
2/25/2010,124.25,124.09,124.3,124.44,933988
2/24/2010,123.7,123.64,124.01,124.16,1123028
2/23/2010,122.88,122.68,123.67,123.87,1365345
2/22/2010,122.7,122.54,122.82,122.9,597890
2/19/2010,122.95,122.56,122.66,123.05,941915
2/18/2010,123.33,122.87,123,123.42,1029402
2/17/2010,123.51,123.32,123.51,123.61,680589
2/16/2010,123.48,123.21,123.38,123.7,691279
2/15/2010,123.37,123.32,123.37,123.57,294354
2/12/2010,123.15,123.1,123.55,123.63,836996
2/11/2010,123.16,122.92,123.15,123.37,1219464
2/10/2010,123.34,122.98,123.47,123.71,1324886
2/9/2010,123.94,123.22,123.98,124.06,1251304
2/8/2010,124.3,123.88,123.91,124.3,795493
2/5/2010,123.84,123.78,124.2,124.53,1238589
2/4/2010,123.02,123,123.7,123.95,1210006
2/3/2010,123.38,122.96,123.21,123.39,957580
2/2/2010,123.48,123.18,123.47,123.58,904157
2/1/2010,123.58,123.35,123.51,123.63,673031
1/29/2010,123.47,122.95,123.38,123.7,923100
1/28/2010,123,122.81,123.3,123.47,1061044
1/27/2010,123.3,122.97,123.38,123.61,1082891
1/26/2010,123.44,123.16,123.28,123.51,733356
1/25/2010,123.24,122.92,123.15,123.29,545870
1/22/2010,123.39,123.03,123.15,123.49,822516
1/21/2010,122.87,122.62,123.15,123.34,1005314
1/20/2010,122.63,122.58,123.04,123.12,834309
1/19/2010,122.73,122.29,122.48,122.85,766388
1/18/2010,122.69,122.55,122.72,122.78,317433
1/15/2010,122.39,122.24,122.57,122.66,704440
1/14/2010,121.95,121.88,122.24,122.39,774872
1/13/2010,122,121.86,122.2,122.25,779856
1/12/2010,121.8,121.74,122.14,122.24,837784
1/11/2010,121.32,121.18,121.71,121.79,587045
1/8/2010,121.28,121.19,121.4,121.84,823864
1/7/2010,121.16,121.11,121.44,121.49,729657
1/6/2010,121.36,121.15,121.23,121.48,581663
1/5/2010,121.29,121.1,121.44,121.6,590703
1/4/2010,120.99,120.84,121.34,121.42,469426
12/30/2009,121.5,121.02,121.19,121.57,261375
12/29/2009,121.28,121.26,121.49,121.63,215251
12/28/2009,121.4,121.28,121.42,121.7,109855
12/23/2009,122.13,121.68,121.89,122.34,311002
12/22/2009,122.66,122.22,122.36,122.71,424446
12/21/2009,123.43,122.85,123.04,123.53,328861
12/18/2009,123.41,123.3,123.54,123.66,357732
12/17/2009,122.7,122.69,123.4,123.54,592253
12/16/2009,122.55,122.11,122.78,122.99,655847
12/15/2009,122.94,122.37,122.48,123.09,704569
12/14/2009,122.72,122.61,122.97,123.13,465806
12/11/2009,122.98,122.55,122.69,123,574614
12/10/2009,123.41,122.93,123.11,123.45,609039
12/9/2009,123.32,123.22,123.51,123.72,564924
12/8/2009,123.22,123.1,123.57,123.64,36292
12/7/2009,122.84,122.81,123.15,123.24,491198
12/4/2009,123.37,122.58,122.74,123.47,1441733
12/3/2009,123.23,122.92,123.36,123.44,1205305
12/2/2009,123.32,123.25,123.56,123.61,1044118
12/1/2009,123.75,123.34,123.66,123.8,961632
11/30/2009,123.56,123.44,123.63,123.77,724903
11/27/2009,123.76,123.3,123.48,124.06,891244
11/26/2009,122.88,122.84,123.54,123.75,674275
11/25/2009,122.8,122.53,122.65,122.89,646060
11/24/2009,122.68,122.48,122.72,122.82,621747
11/23/2009,122.56,122.27,122.45,122.59,470352
11/20/2009,122.49,122.21,122.56,122.7,680045
11/19/2009,122.24,122.06,122.48,122.5,706532
11/18/2009,122.31,121.92,122.24,122.34,619007
11/17/2009,122.04,121.82,122.24,122.34,720793
11/16/2009,121.38,121.33,121.81,122.12,638192
11/13/2009,121.54,121.16,121.32,121.79,792876
11/12/2009,121.7,121.2,121.56,121.96,811157
11/11/2009,121.58,121.24,121.71,121.76,603330
11/10/2009,121.29,121.18,121.72,121.81,700803
11/9/2009,120.73,120.71,121.33,121.39,540296
11/6/2009,121.13,120.72,120.95,121.36,844860
11/5/2009,121.12,120.66,121.01,121.45,993456
11/4/2009,121.6,120.91,121.25,121.62,706565
11/3/2009,121.94,121.45,121.75,122.44,909546
11/2/2009,121.98,121.77,121.91,122.12,646772
10/30/2009,121.2,121.2,121.9,122.14,918983
10/29/2009,121.81,120.98,121.21,121.82,912089
10/28/2009,121.5,121.36,121.67,121.8,749108
10/27/2009,120.78,120.72,121.52,121.66,877977
10/26/2009,120.69,120.51,120.83,120.94,719980
10/23/2009,120.97,120.74,120.84,121.15,722856
10/22/2009,121.16,121.01,121.19,121.43,745111
10/21/2009,121.75,120.95,121.16,121.84,983612
10/20/2009,121.28,121.25,121.82,122.04,949246
10/19/2009,121.34,121.1,121.3,121.46,436369
10/16/2009,121.25,121.06,121.46,121.58,767757
10/15/2009,121.7,121.13,121.43,121.75,1033792
10/14/2009,122.34,121.75,122,122.35,896213
10/13/2009,122.26,122.19,122.55,122.6,661314
10/12/2009,122,121.76,122.3,122.42,568832
10/9/2009,122.5,121.92,122.09,122.85,997932
10/8/2009,122.73,122.43,122.87,123.04,591722
10/7/2009,122.41,122.31,122.79,122.91,732808
10/6/2009,122.54,122.35,122.43,122.59,595246
10/5/2009,122.7,122.54,122.7,122.81,515507
10/2/2009,122.62,122.49,122.67,122.97,938357
10/1/2009,121.72,121.51,122.32,122.55,1045393
9/30/2009,121.71,121.58,121.88,122,888267
9/29/2009,121.58,121.25,121.74,121.84,813287
9/28/2009,121.8,121.4,121.56,121.91,551897
9/25/2009,120.99,120.94,121.48,121.7,651043
9/24/2009,120.8,120.66,121.12,121.22,873704
9/23/2009,120.15,119.97,120.48,120.81,715742
9/22/2009,120.13,119.85,120.24,120.39,766150
9/21/2009,120.18,120.04,120.35,120.54,603491
9/18/2009,120.67,120.08,120.44,120.97,589479
9/17/2009,120.64,120.25,120.46,120.72,792874
9/16/2009,121.04,120.54,120.76,121.32,902225
9/15/2009,121.28,120.78,121.07,121.38,821552
9/14/2009,121.59,121.31,121.38,121.62,501465
9/11/2009,121.1,121.02,121.61,121.74,762059
9/10/2009,120.42,120.17,120.9,121.27,859938
9/9/2009,121.08,120.22,120.48,121.34,968874
9/8/2009,122.97,122.67,122.75,123,25988
9/7/2009,122.66,122.31,122.91,123.02,294224
9/4/2009,122.74,122.42,122.92,123.04,1096328
9/3/2009,122.86,122.52,122.76,122.91,1156913
9/2/2009,122.86,122.72,122.9,123.12,944593
9/1/2009,122.72,122.32,122.61,122.94,792082
8/31/2009,122.92,122.37,122.63,123.02,310909
8/28/2009,122.57,122.18,122.63,122.84,500754
8/27/2009,122.84,122.4,122.7,122.94,620385
8/26/2009,122.49,122.27,122.81,122.89,697811
8/25/2009,122.43,122.17,122.44,122.63,544851
8/24/2009,121.9,121.76,122.01,122.4,493839
8/21/2009,122.74,121.86,122.03,122.85,646802
8/20/2009,122.4,122.13,122.52,122.7,541456
8/19/2009,122.25,122.22,122.67,122.74,645290
8/18/2009,122.1,121.8,122.17,122.22,538402
8/17/2009,122.15,121.92,122.24,122.34,542933
8/14/2009,121,121,121.89,121.94,588550
8/13/2009,120.46,120.13,120.86,121.14,683277
8/12/2009,120.58,120.32,120.65,120.99,566242
8/11/2009,120.37,120.22,120.49,120.77,562009
8/10/2009,120,119.96,120.35,120.59,392960
8/7/2009,121.2,120,120.26,121.5,713540
8/6/2009,121.31,121.06,121.43,122.04,839525
8/5/2009,121.59,121.09,121.67,121.86,821046
8/4/2009,121.63,121.46,121.59,122.01,634134
8/3/2009,122.07,121.44,121.62,122.18,638656
7/31/2009,121.19,121.14,122.04,122.28,822792
7/30/2009,120.65,120.37,120.82,121.4,649778
7/29/2009,120.69,120.57,120.83,121.05,633340
7/28/2009,120.12,119.98,120.77,120.97,672474
7/27/2009,120.15,119.92,120.3,120.36,598831
7/24/2009,120.52,120.15,120.33,120.61,584369
7/23/2009,121.1,120.4,120.55,121.33,833322
7/22/2009,121.3,121.04,121.31,121.7,686263
7/21/2009,121.22,120.62,121.26,121.51,662125
7/20/2009,120.82,120.39,120.94,121.34,584869
7/17/2009,121.69,120.82,121.15,121.8,644456
7/16/2009,121.28,120.97,121.48,121.88,711344
7/15/2009,121.74,121.05,121.36,121.85,645431
7/14/2009,122.04,121.49,121.9,122.05,633568
7/13/2009,122.33,122.06,122.29,122.47,358944
7/10/2009,122.04,121.81,122.32,122.41,426304
7/9/2009,122.25,121.73,121.98,122.32,649841
7/8/2009,122.1,121.89,122.16,122.49,595826
7/7/2009,121.88,121.53,121.75,122.05,534269
7/6/2009,121.69,121.61,121.96,122,426470
7/3/2009,121.64,121.44,121.57,121.66,206608
7/2/2009,120.94,120.88,121.65,121.74,783192
7/1/2009,121.11,120.76,120.92,121.15,631966
6/30/2009,121.22,120.77,121.08,121.24,659386
6/29/2009,121.06,120.9,121.15,121.29,411058
6/26/2009,120.73,120.45,120.96,121.09,498158
6/25/2009,120.01,119.95,120.63,120.81,682725
6/24/2009,120.15,120.06,120.33,120.48,629543
6/23/2009,120.3,119.85,120.23,120.32,688619
6/22/2009,119.82,119.63,120.18,120.3,551917
6/19/2009,119.24,118.78,119.69,119.85,616934
6/18/2009,119.67,119.05,119.28,119.87,715874
6/17/2009,119.54,119.47,119.86,120,634234
6/16/2009,119.56,119.26,119.38,119.68,642709
6/15/2009,118.65,118.61,119.48,119.6,564916
6/12/2009,118.34,118.32,118.52,118.8,492506
6/11/2009,118.02,117.52,117.93,118.38,585138
6/10/2009,118.3,117.78,118.2,118.41,631649
6/9/2009,118.2,118.05,118.59,118.69,600590
6/8/2009,118.16,118.13,118.5,118.6,30991
6/5/2009,119.09,118.21,118.34,119.32,416747
6/4/2009,119.72,119.04,119.24,119.97,1241057
6/3/2009,119.1,118.86,119.83,119.99,1292785
6/2/2009,118.89,118.76,119.01,119.27,831470
6/1/2009,119.6,118.63,118.99,119.75,460814
5/29/2009,119.25,119.15,119.53,119.84,699881
5/28/2009,118.83,118.82,119.18,119.33,723289
5/27/2009,119.31,118.77,119.4,119.52,695105
5/26/2009,119.65,119.21,119.63,120.05,678897
5/25/2009,119.88,119.49,119.63,119.91,166247
5/22/2009,120.32,119.77,120.25,120.53,513329
5/21/2009,120.68,120.32,121.18,121.52,659573
5/20/2009,120.51,120.26,120.53,120.84,729273
5/19/2009,120.96,120.34,120.51,120.96,763983
5/18/2009,121.3,120.97,121.33,121.55,449577
5/15/2009,121.64,121.07,121.14,122.07,620845
5/14/2009,121.36,121.16,121.7,121.94,759391
5/13/2009,120.52,120.47,121.32,121.51,725036
5/12/2009,121,120.52,120.62,121,632151
5/11/2009,120.31,120.3,120.87,121,610872
5/8/2009,120.56,120.11,120.31,120.77,600281
5/7/2009,122.03,120.58,120.93,122.03,1159955
5/6/2009,122.55,121.7,122.09,122.65,708447
5/5/2009,122.03,121.83,122.35,122.45,545802
5/4/2009,122.6,121.84,122.02,122.68,343077
4/30/2009,122.68,122.2,122.53,122.82,731558
4/29/2009,122.79,122.29,123.08,123.17,860346
4/28/2009,123.19,122.64,122.96,123.33,584385
4/27/2009,122.73,122.67,122.78,123.37,627343
4/24/2009,122.29,122.13,122.46,122.74,570457
4/23/2009,122.3,121.94,122.17,122.46,686610
4/22/2009,123,122.23,122.34,123.28,850143
4/21/2009,122.97,122.66,123.19,123.47,879581
4/20/2009,121.78,121.72,122.89,123.04,610284
4/17/2009,122.55,121.64,121.8,122.59,510346
4/16/2009,122.83,122.25,122.65,122.83,520956
4/15/2009,122.66,122.56,122.94,123.14,537555
4/14/2009,122.36,122.13,122.3,122.58,434722
4/9/2009,121.96,121.61,121.81,122.28,518132
4/8/2009,122.36,121.9,122.29,122.69,469155
4/7/2009,122.24,122.02,122.14,122.46,454817
4/6/2009,121.78,121.76,122.23,122.39,520812
4/3/2009,122.53,121.77,122.28,122.94,667808
4/2/2009,124.25,122.66,122.94,124.41,1020842
4/1/2009,124.45,124.22,124.38,124.66,572495
3/31/2009,124.06,123.92,124.43,124.55,518707
3/30/2009,123.23,123.23,124.2,124.27,558633
3/27/2009,123.12,122.94,123.59,123.72,626091
3/26/2009,122.7,122.53,123.08,123.3,534558
3/25/2009,122.93,122.63,123.02,123.34,687444
3/24/2009,123.92,122.81,123.04,123.99,753385
3/23/2009,124.55,123.95,124.1,124.64,572290
3/20/2009,123.92,123.87,124.6,124.71,649757
3/19/2009,124.25,123.39,123.94,124.4,1025618
3/18/2009,122.55,122.11,122.25,124.47,856973
3/17/2009,122.97,122.41,122.61,123.35,824311
3/16/2009,123.55,123.02,123.2,123.57,538538
3/13/2009,124.02,123.13,124,124.13,794174
3/12/2009,124.2,124.1,124.45,124.7,662299
3/11/2009,124.49,123.57,123.79,124.52,767902
3/10/2009,125.09,124.35,124.49,125.11,617617
3/9/2009,125.2,125,125.1,125.63,561765
3/6/2009,125.7,125.67,126.42,126.52,30206
3/5/2009,124.47,124.29,125.42,125.92,595924
3/4/2009,125.17,124.23,124.53,125.17,1148929
3/3/2009,125.22,124.92,125.35,125.4,846319
3/2/2009,125.03,124.99,125.36,125.58,704001
2/27/2009,124.67,124.52,124.7,125.57,713020
2/26/2009,125.47,124.36,124.45,125.47,785334
2/25/2009,125.36,125.22,125.82,125.95,574762
2/24/2009,125.43,125.37,125.69,126.01,622209
2/23/2009,125.07,124.8,125.41,125.63,516702
2/20/2009,124.94,124.9,125.49,125.72,698463
2/19/2009,125.38,124.37,124.71,125.45,808590
2/18/2009,125.8,125.28,125.72,126.05,826942
2/17/2009,125.23,125.18,125.76,125.97,746312
2/16/2009,124.51,124.36,125.19,125.25,332015
2/13/2009,124.67,124.13,124.52,124.71,569828
2/12/2009,123.79,123.72,124.75,124.9,872011
2/11/2009,122.66,122.63,123.77,124,891870
2/10/2009,121.85,121.7,122.35,122.73,809028
2/9/2009,122.18,121.55,121.72,122.22,439351
2/6/2009,122.4,121.78,122.02,122.75,645768
2/5/2009,121.8,121.57,122.26,122.61,753003
2/4/2009,121.99,121.56,121.92,122.18,684471
2/3/2009,122.64,121.83,122.18,122.83,591544
2/2/2009,122.36,122.31,122.69,123.21,435215
1/30/2009,122.47,122.14,122.37,122.95,679449
1/29/2009,122.45,122.24,122.89,123.25,737366
1/28/2009,122.89,122.54,123.06,123.39,670090
1/27/2009,122.39,121.97,122.72,123.24,613836
1/26/2009,123.28,122.12,122.36,123.35,660543
1/23/2009,124.34,122.92,123.29,124.54,804416
1/22/2009,124.75,124.09,124.27,125.34,864140
1/21/2009,125.27,124.86,125.29,125.55,537166
1/20/2009,125.38,124.57,124.98,125.62,765020
1/19/2009,125.61,124.44,125.18,125.66,487342
1/16/2009,125.62,125.38,125.59,126.14,696216
1/15/2009,126.09,125.68,126.17,126.53,742634
1/14/2009,125.09,124.69,125.83,126.04,760498
1/13/2009,125.19,125.03,125.12,125.47,662854
1/12/2009,124.65,124.41,125.13,125.21,439621
1/9/2009,123.64,123.47,124.72,124.93,608114
1/8/2009,123.23,122.54,123.57,123.9,725386
1/7/2009,123.43,122.69,122.86,123.69,766733
1/6/2009,124.54,123.03,123.43,124.67,567167
1/5/2009,124.78,124.01,124.65,124.89,428405
1/2/2009,124.65,124.05,125.28,125.51,212352
12/30/2008,125.55,124.83,124.84,125.56,163392
12/29/2008,125.1,124.82,125.35,125.55,132151
12/23/2008,124.83,124.83,124.92,125.21,132049
12/22/2008,123.89,123.75,125.02,125.2,235600
12/19/2008,124.6,123.89,124.35,124.91,284789
12/18/2008,124.45,124.02,124.53,124.85,493527
12/17/2008,124.05,124.05,124.75,124.9,577550
12/16/2008,122.6,122.47,122.99,124.19,488501
12/15/2008,121.77,121.57,122.4,122.72,390852
12/12/2008,122.97,121.33,121.56,123.43,660110
12/11/2008,122.31,122.05,122.42,122.8,478358
12/10/2008,122.44,121.82,122.48,122.63,520294
12/9/2008,123.12,121.96,122.17,123.45,596107
12/8/2008,123.12,122.4,122.47,123.2,26270
12/5/2008,123.63,123.15,123.75,124.34,536664
12/4/2008,124.27,123.11,123.34,124.91,1394204
12/3/2008,123.45,123.15,123.93,124.49,1091397
12/2/2008,122.96,122.71,123.47,123.87,792255
12/1/2008,121.69,121.53,122.49,123.15,613504
11/28/2008,121.52,121.4,121.47,121.79,488070
11/27/2008,121.23,121.04,121.27,121.54,391557
11/26/2008,120.84,120.7,121.34,121.58,679791
11/25/2008,120.07,120,120.83,121.06,775234
11/24/2008,120.71,119.77,120.27,120.96,625741
11/21/2008,121.01,120.31,120.7,121.48,921902
11/20/2008,120.12,120.07,120.83,121.45,962930
11/19/2008,119.27,119.06,119.7,119.99,728119
11/18/2008,118.85,118.7,118.76,119.23,541040
11/17/2008,118.61,118.39,118.74,118.84,394474
11/14/2008,118.15,117.78,118.76,118.82,583770
11/13/2008,118.5,118.01,118.33,118.7,646904
11/12/2008,117.84,117.66,118.46,118.62,750747
11/11/2008,117.93,117.56,118.04,118.11,461930
11/10/2008,117.54,117.18,117.87,117.96,404250
11/7/2008,117.55,117.3,117.74,117.93,575790
11/6/2008,117.05,116.76,117.52,118.01,770558
11/5/2008,116.84,116.01,117.07,117.12,775253
11/4/2008,116.6,116.43,116.68,117.06,473472
11/3/2008,116.04,115.96,116.57,116.94,492745
10/31/2008,117.31,115.88,115.93,117.46,865959
10/30/2008,116.78,116.21,117.22,117.32,753341
10/29/2008,117.01,116.78,116.96,117.31,506500
10/28/2008,116.7,116.28,117.22,117.53,768235
10/27/2008,117.22,116.82,117.11,117.53,543182
10/24/2008,117.3,116.85,117.08,117.72,886430
10/23/2008,116.76,116.38,116.64,117.33,935672
10/22/2008,115.72,115.63,116.63,116.97,864310
10/21/2008,114.91,114.73,115.24,115.67,734986
10/20/2008,114.5,114.25,114.78,114.96,532083
10/17/2008,114,113.87,114.76,115.33,852520
10/16/2008,114.19,113.67,114.53,114.55,858300
10/15/2008,114.06,113.79,113.98,114.45,760829
10/14/2008,114.05,113.78,113.99,114.73,847526
10/13/2008,114.69,114.05,114.44,114.75,643292
10/10/2008,116.3,114.44,115.38,116.79,1203123
10/9/2008,116.4,115.46,116.11,116.6,997272
10/8/2008,117.5,116.13,116.85,117.82,1339379
10/7/2008,116.92,116.58,117.05,117.4,1132519
10/6/2008,116.55,116.31,117.17,117.35,871358
10/3/2008,115.73,115.37,115.65,116.71,1110446
10/2/2008,115.13,114.83,115.72,115.93,935221
10/1/2008,115.04,114.8,115.37,115.62,827960
9/30/2008,115.79,114.76,115.07,115.94,1022205
9/29/2008,113.9,113.82,115.49,116.07,1091746
9/26/2008,113.58,113.5,113.81,114.06,624822
9/25/2008,113.78,113.25,113.33,113.99,921813
9/24/2008,113.3,113.23,113.99,114.08,771464
9/23/2008,113.25,113.21,113.3,113.67,849144
9/22/2008,113.51,112.91,113.23,113.8,923510
9/19/2008,114.54,113.35,113.73,114.72,1318475
9/18/2008,115.45,114.83,115.28,115.58,948644
9/17/2008,115.05,114.73,115.32,115.84,1280427
9/16/2008,115.62,114.9,115.43,116.13,1558015
9/15/2008,115.01,114.76,114.89,115.65,1332367
9/12/2008,114.49,113.7,113.95,114.71,1117629
9/11/2008,114.79,114.6,114.79,115.26,1001349
9/10/2008,115.04,114.56,114.94,115.22,1007083
9/9/2008,115.05,114.25,115.08,115.2,1035996
9/8/2008,114.66,114.29,114.78,114.9,52619
9/5/2008,115.27,115.03,115.66,115.85,796315
9/4/2008,114.28,113.92,114.97,115.23,1859845
9/3/2008,114.52,114.17,114.41,114.82,1467318
9/2/2008,114.54,113.56,114.21,114.57,1378439
9/1/2008,114.17,114.11,114.52,114.64,420340
8/29/2008,114.42,113.9,114.16,114.54,810665
8/28/2008,114.35,113.8,114.15,114.59,926326
8/27/2008,114.77,113.93,114.11,114.87,917625
8/26/2008,114.6,114.46,114.65,114.96,744617
8/25/2008,114.02,113.92,114.64,114.74,358473
8/22/2008,114.1,113.5,113.86,114.28,754827
8/21/2008,114.69,114.03,114.15,114.82,808747
8/20/2008,114.31,113.96,114.54,114.94,797057
8/19/2008,114.48,114.17,114.33,114.91,757660
8/18/2008,114.3,114.23,114.41,114.59,472308
8/15/2008,113.98,113.95,114.2,114.5,411062
8/14/2008,113.89,113.65,113.95,114.08,635649
8/13/2008,113.8,113.63,114.03,114.17,792198
8/12/2008,113.55,113.52,113.8,113.97,620290
8/11/2008,113.57,113.32,113.46,113.68,375908
8/8/2008,113.5,113.4,113.58,113.8,755888
8/7/2008,112.82,112.77,113.48,113.6,850148
8/6/2008,112.94,112.55,112.85,113.29,839637
8/5/2008,112.7,112.57,112.9,113.02,605784
8/4/2008,112.61,112.48,112.8,112.95,669274
8/1/2008,112.6,112.29,112.53,112.83,872421
7/31/2008,112.15,111.77,112.51,112.67,1034251
7/30/2008,111.63,111.54,112.05,112.36,900415
7/29/2008,111.18,110.99,111.64,111.73,941253
7/28/2008,110.54,110.41,111.14,111.24,630671
7/25/2008,110.98,110.25,110.61,111.53,1102840
7/24/2008,110.16,110.1,110.76,111.02,824155
7/23/2008,110,109.7,109.97,110.2,966962
7/22/2008,110.32,110.04,110.21,110.64,752757
7/21/2008,110.75,110.14,110.2,110.95,773157
7/18/2008,111.81,110.6,110.85,111.91,1079246
7/17/2008,112.15,111.58,111.92,112.18,858500
7/16/2008,112.36,112.12,112.3,112.76,886379
7/15/2008,112.39,112.24,112.42,112.88,1011418
7/14/2008,111.62,111.57,112.28,112.4,749026
7/11/2008,112.02,111.56,112.06,112.57,1097273
7/10/2008,112.43,111.94,112.32,112.43,813970
7/9/2008,112.06,111.66,112.2,112.47,871380
7/8/2008,112.2,111.84,112.14,112.44,957900
7/7/2008,111.45,111.42,112.03,112.36,812944
7/4/2008,111.19,110.9,111.41,112.32,380057
7/3/2008,110.17,109.87,110.82,111.2,1184246
7/2/2008,110.53,109.86,110.13,110.53,1015292
7/1/2008,110.45,110.29,110.4,111.32,1130450
6/30/2008,111.33,110.04,110.57,111.35,1111644
6/27/2008,111.4,111.06,111.37,111.54,935228
6/26/2008,110.57,110.43,111.23,111.45,1004980
6/25/2008,110.48,110.23,110.45,110.6,656429
6/24/2008,110.3,110.11,110.58,110.76,820865
6/23/2008,110.11,110.1,110.48,110.7,661877
6/20/2008,109.93,109.85,110.26,110.42,675014
6/19/2008,110.33,109.65,109.8,110.74,1143850
6/18/2008,110.28,110.19,110.3,110.5,660860
6/17/2008,110.26,110.09,110.2,110.47,798439
6/16/2008,110,109.8,110.09,110.37,729340
6/13/2008,110.3,109.8,109.87,110.48,1115005
6/12/2008,110.72,110.22,110.42,110.85,994397
6/11/2008,110.76,110.52,110.88,111.32,1217943
6/10/2008,111.18,110.78,111.17,111.42,1038457
6/9/2008,112,111.2,111.33,113.29,1694449
6/6/2008,111.23,111.23,111.66,111.72,37128
6/5/2008,111.84,111.19,111.37,111.93,741700
6/4/2008,112.05,111.86,112.05,112.33,1621428
6/3/2008,112.45,111.57,111.61,112.67,1948932
6/2/2008,111.76,111.71,112.33,112.48,1118814
5/30/2008,111.78,111.68,111.92,112.15,1006434
5/29/2008,112.15,111.49,111.59,112.24,1256187
5/28/2008,112.63,112.22,112.33,112.66,945771
5/27/2008,112.68,112.53,112.7,113.01,787038
5/26/2008,113.01,112.7,112.83,113.02,90745
5/23/2008,112.66,112.53,113.06,113.29,873133
5/22/2008,112.98,112.64,112.67,113.13,858499
5/21/2008,113.66,112.86,112.97,113.71,1090118
5/20/2008,113.36,113.26,113.58,113.69,760098
5/19/2008,113.5,113.13,113.25,113.78,666135
5/16/2008,113.4,113.14,113.63,113.68,877179
5/15/2008,113.63,112.81,113.18,113.68,1326920
5/14/2008,114.12,113.48,113.72,114.18,1132815
5/13/2008,114.84,114.1,114.35,115.21,1307684
5/12/2008,115.09,114.78,115.02,115.2,587797
5/9/2008,114.69,114.51,115.14,115.29,1126956
5/8/2008,113.88,113.78,114.53,114.73,1148220
5/7/2008,113.6,113.45,113.57,113.85,797886
5/6/2008,113.66,113.56,113.98,114.18,902123
5/5/2008,113.55,113.51,113.77,113.88,342986
5/2/2008,114.03,113.28,113.42,114.32,931915
4/30/2008,113.83,113.83,114.07,114.17,891799
4/29/2008,113.49,113.42,114.05,114.1,860959
4/28/2008,113.49,113.34,113.53,113.75,647370
4/25/2008,113.45,113.1,113.68,113.84,840968
4/24/2008,113.84,113.48,113.55,114.46,1269878
4/23/2008,113.96,113.8,113.9,114.09,954447
4/22/2008,114.24,113.58,113.76,114.24,1143358
4/21/2008,114.01,113.9,114.07,114.32,869776
4/18/2008,114.42,113.63,113.93,114.5,1110874
4/17/2008,114.86,114.24,114.48,114.92,1253257
4/16/2008,115.32,114.77,114.87,115.43,1104761
4/15/2008,115.86,115.32,115.53,116.06,1142819
4/14/2008,115.96,115.74,115.97,116.13,923451
4/11/2008,115.14,115.08,115.87,116.04,968348
4/10/2008,115.3,115.14,115.33,115.72,941985
4/9/2008,114.96,114.67,114.91,115.39,969792
4/8/2008,115.07,114.88,114.96,115.28,751606
4/7/2008,115.28,114.84,115.04,115.34,678811
4/4/2008,115.19,115.17,115.54,115.77,900805
4/3/2008,115.23,115.09,115.29,115.47,910247
4/2/2008,115.22,115.04,115.18,115.51,1074602
4/1/2008,115.94,115.13,115.34,116.03,1147002
3/31/2008,115.81,115.68,115.98,116.12,935709
3/28/2008,115.61,113.93,115.73,115.93,902899
3/27/2008,116.04,115.58,115.77,116.06,1088806
3/26/2008,116.24,115.92,116.04,116.47,1159238
3/25/2008,117.01,116.12,116.25,117.02,1128349
3/20/2008,117.86,117.35,117.55,117.9,814652
3/19/2008,117.59,117.26,117.56,118.06,1373395
3/18/2008,118.15,117.35,117.59,118.18,1127835
3/17/2008,118.24,118,118.23,118.48,1253067
3/14/2008,117.74,117.25,117.83,118.2,1576681
3/13/2008,117.9,117.5,117.71,118.12,1275587
3/12/2008,117.55,117.09,117.63,117.83,1330538
3/11/2008,117.89,117.21,117.47,118,1516609
3/10/2008,117.67,117.59,118.05,118.23,997429
3/7/2008,117.45,117.04,117.41,117.99,1519253
3/6/2008,117.35,117.24,117.4,117.53,81879
3/5/2008,117.62,117.16,117.24,117.67,1215025
3/4/2008,117.28,117.16,117.75,117.89,2012047
3/3/2008,117.25,117.04,117.45,117.53,2115854
2/29/2008,116.27,116.21,117.06,117.27,1823320
2/28/2008,115.43,115.34,116.05,116.22,1371563
2/27/2008,115.38,115.13,115.26,115.69,1382501
2/26/2008,115.66,115.16,115.41,115.75,1420064
2/25/2008,115.69,115.54,115.62,115.95,1093536
2/22/2008,115.97,115.76,116.05,116.26,1346720
2/21/2008,115.73,115.32,115.93,116.09,1577188
2/20/2008,116,115.63,115.93,116.12,1465385
2/19/2008,115.91,115.71,116.21,116.39,1384775
2/18/2008,116.3,115.84,115.92,116.32,517119
2/15/2008,116,115.79,116.43,116.62,1233806
2/14/2008,116.14,115.81,116.13,116.32,1409595
2/13/2008,116.93,116.16,116.53,116.94,1427521
2/12/2008,117.18,116.43,116.46,117.42,1697060
2/11/2008,117.47,117.05,117.45,117.7,1159571
2/8/2008,116.8,116.54,117.23,117.49,1390380
2/7/2008,117.12,116.58,117.22,117.39,1324825
2/6/2008,117.49,116.86,116.91,117.5,1251204
2/5/2008,116.56,116.43,117.38,117.46,1465475
2/4/2008,116.47,116.33,116.53,116.66,722619
2/1/2008,116.74,116.23,116.78,116.87,1334474
1/31/2008,116.18,116.03,116.69,116.81,1484563
1/30/2008,116.24,115.6,115.88,116.37,1191835
1/29/2008,116.5,116.04,116.09,116.54,984898
1/28/2008,116.64,116.39,116.55,116.73,960258
1/25/2008,115.7,115.58,116.33,116.64,1326610
1/24/2008,116.43,115.86,116.03,116.78,1790676
1/23/2008,116.5,116.39,117.07,117.55,2043075
1/22/2008,117.04,116.03,116.07,118.08,2444971
1/21/2008,116.44,116.39,116.86,116.96,925575
1/18/2008,116.31,116.04,116.31,116.46,1260900
1/17/2008,116.09,115.79,116.17,116.55,1538575
1/16/2008,116.13,115.75,116.23,116.37,1667729
1/15/2008,115.61,115.49,115.81,116.02,1236965
1/14/2008,115.43,115.4,115.51,115.73,1174985
1/11/2008,115.32,114.85,115.25,115.5,1334934
1/10/2008,115.21,115.08,115.28,115.49,1187580
1/9/2008,114.92,114.82,115.32,115.41,1165301
1/8/2008,114.94,114.58,114.68,114.95,1055304
1/7/2008,114.85,114.73,115.03,115.14,847696
1/4/2008,114.41,114.36,114.9,115.08,1002052
1/3/2008,114.08,114.05,114.37,114.56,986029
1/2/2008,113.14,112.85,114.13,114.41,749150
12/28/2007,112.74,112.67,113.11,113.19,269160
12/27/2007,112.9,112.6,112.71,112.93,239425
12/21/2007,113.39,112.87,112.95,113.47,394563
12/20/2007,113.33,113.19,113.5,113.65,525113
12/19/2007,113.17,112.97,113.1,113.6,725781
12/18/2007,113.2,112.91,113.18,113.4,607546
12/17/2007,113.13,113,113.13,113.29,437903
12/14/2007,113.13,112.9,112.98,113.34,805277
12/13/2007,113.29,112.85,113.24,113.4,1061526
12/12/2007,113.88,112.92,113.1,113.97,1176124
12/11/2007,113.59,113.38,113.74,114.16,837140
12/10/2007,114.32,113.42,113.52,114.36,1015963
12/7/2007,115.12,114.03,114.1,115.15,1354685
12/6/2007,114.81,114.71,114.89,114.94,58163
12/5/2007,114.97,114.9,114.97,115.23,858929
12/4/2007,114.93,114.74,115.18,115.22,1930819
12/3/2007,114.45,114.3,114.78,115.01,1594707
11/30/2007,114.81,114.1,114.38,114.89,1468913
11/29/2007,114.32,114.29,114.81,114.96,1433306
11/28/2007,115.06,114.3,114.46,115.07,1505928
11/27/2007,115.44,114.85,115.08,115.58,1559065
11/26/2007,115.04,114.88,115.23,115.83,973725
11/23/2007,115.32,114.99,115.18,115.5,920578
11/22/2007,115.27,115.08,115.33,115.43,503672
11/21/2007,115.18,114.95,115.17,115.39,1359395
11/20/2007,114.94,114.67,114.72,115.13,1492842
11/19/2007,114.42,114.31,115,115.22,1214686
11/16/2007,114.58,114.29,114.52,114.76,1276503
11/15/2007,114.21,114.01,114.33,114.61,1170657
11/14/2007,114.02,113.8,114.15,114.27,1439629
11/13/2007,114.55,114.15,114.35,114.63,1120781
11/12/2007,114.75,114.43,114.55,114.82,490247
11/9/2007,114.25,114.15,114.7,114.74,1246858
11/8/2007,114.5,113.92,114.27,114.56,1395449
11/7/2007,113.9,113.77,114.1,114.37,1489084
11/6/2007,113.78,113.62,113.79,113.94,951608
11/5/2007,113.85,113.76,113.89,114.17,1053047
11/2/2007,113.71,113.18,113.87,114.12,1680847
11/1/2007,112.77,112.58,113.57,113.77,1610410
10/31/2007,113.78,112.86,113.33,113.95,1622412
10/30/2007,113.85,113.61,113.79,113.89,835985
10/29/2007,113.82,113.65,113.91,113.95,708580
10/26/2007,113.85,113.59,113.76,114.06,1198888
10/25/2007,114.05,113.84,113.97,114.13,1065486
10/24/2007,113.8,113.73,114.15,114.23,1445304
10/23/2007,113.66,113.47,113.7,113.79,972251
10/22/2007,113.62,113.48,113.79,114.05,1610139
10/19/2007,112.79,112.71,113.39,113.66,1464936
10/18/2007,112.05,112.01,112.59,112.71,1397789
10/17/2007,111.8,111.64,112.06,112.23,1295028
10/16/2007,111.78,111.61,111.7,111.91,1247223
10/15/2007,111.63,111.54,111.75,111.85,902938
10/12/2007,112.25,111.59,111.76,112.35,1318207
10/11/2007,112.37,111.92,112.07,112.39,1282788
10/10/2007,112.48,112.19,112.35,112.57,1055486
10/9/2007,112.43,112.3,112.68,112.74,993502
10/8/2007,112.39,112.2,112.34,112.48,450082
10/5/2007,112.93,112.26,112.41,113.09,1291575
10/4/2007,112.57,112.48,112.88,113.06,1063505
10/3/2007,112.77,112.49,112.57,113.01,1039878
10/2/2007,112.58,112.36,112.73,112.93,1025106
10/1/2007,112.56,112.39,112.74,112.81,916460
9/28/2007,112.38,112.31,112.68,112.75,970155
9/27/2007,112.23,112.03,112.27,112.47,1244571
9/26/2007,112.54,112.14,112.22,112.61,1163618
9/25/2007,112.49,112.43,112.71,112.88,1120070
9/24/2007,112.41,112.19,112.36,112.62,926188
9/21/2007,112.41,112.24,112.5,112.64,1052431
9/20/2007,112.98,112.28,112.69,113.24,1376946
9/19/2007,113.71,113,113.06,113.71,1499423
9/18/2007,114.3,113.47,113.64,114.32,1346282
9/17/2007,113.99,113.91,114.11,114.37,899671
9/14/2007,114.19,113.93,114.06,114.46,1117992
9/13/2007,114.5,113.94,114.08,114.62,1248825
9/12/2007,114.66,114.34,114.41,114.75,998067
9/11/2007,114.69,114.52,114.71,114.79,1148322
9/10/2007,114.49,114.34,114.95,114.98,1191890
9/7/2007,113.72,113.61,114.46,114.53,1320914
9/6/2007,113.88,113.81,113.99,113.99,117345
9/5/2007,113.57,113.42,113.98,114.08,1690602
9/4/2007,113.66,113.35,113.43,113.86,1792307
9/3/2007,113.57,113.47,113.54,113.84,590978
8/31/2007,113.61,113.24,113.77,113.89,1296441
8/30/2007,113.77,113.62,113.79,113.98,1194378
8/29/2007,114.1,113.62,113.9,114.25,1137756
8/28/2007,113.84,113.56,113.85,114.06,974727
8/27/2007,113.51,113.17,113.72,113.8,365067
8/24/2007,113.59,113.46,113.58,113.84,916710
8/23/2007,113.1,112.89,113.46,113.7,1186982
8/22/2007,113.68,113.1,113.29,113.71,1309955
8/21/2007,113.55,113.47,113.75,114.05,1211853
8/20/2007,113.15,113.1,113.46,113.61,778002
8/17/2007,113.77,113.05,113.33,113.9,1483470
8/16/2007,113.24,113.12,113.52,114.11,1770812
8/15/2007,112.9,112.82,112.89,113.24,1411777
8/14/2007,112.75,112.19,112.74,112.84,1342614
8/13/2007,112.55,112.38,112.55,112.8,885150
8/10/2007,112.55,112.46,112.71,113.04,1483464
8/9/2007,112.08,112.08,112.39,112.79,1761843
8/8/2007,112.49,111.92,112.1,112.58,1381158
8/7/2007,112.71,112.52,112.76,112.98,779774
8/6/2007,113.13,112.63,112.95,113.22,777260
8/3/2007,112.53,112.51,112.96,113.15,1148604
8/2/2007,112.74,112.37,112.54,112.82,1222151
8/1/2007,113.35,112.63,112.78,113.38,1767338
7/31/2007,112.9,112.53,112.75,113.14,1671303
7/30/2007,112.8,112.8,113.13,113.34,1577915
7/27/2007,113.05,112.71,112.89,113.11,1851623
7/26/2007,112.17,112.05,112.76,113.1,2221290
7/25/2007,112.19,111.98,112.23,112.34,1462755
7/24/2007,112.05,111.83,112.01,112.24,1208311
7/23/2007,112.04,111.78,111.95,112.26,1405800
7/20/2007,111.09,111.06,111.92,112.02,2038552
7/19/2007,110.85,110.76,111.09,111.14,1119247
7/18/2007,110.99,110.71,110.98,111.2,1608053
7/17/2007,110.92,110.41,110.54,111.1,1624971
7/16/2007,110.66,110.39,110.71,110.97,963636
7/13/2007,110.24,110.07,110.34,110.74,1437781
7/12/2007,110.7,110.14,110.44,110.82,1556688
7/11/2007,111.09,110.61,110.74,111.31,2196890
7/10/2007,109.98,109.97,110.66,110.82,1857712
7/9/2007,109.81,109.75,109.99,110.06,592392
7/6/2007,110.21,109.77,109.92,110.21,1396263
7/5/2007,110.44,110.07,110.23,110.5,1542886
7/4/2007,110.82,110.33,110.56,110.84,820928
7/3/2007,111.4,110.79,110.85,111.44,1563533
7/2/2007,111.05,110.97,111.32,111.52,1478587
6/29/2007,110.84,110.66,110.75,111.14,1633500
6/28/2007,110.81,110.6,110.94,111,1415985
6/27/2007,110.73,110.67,111.02,111.18,1730758
6/26/2007,110.5,110.43,110.59,110.7,1229364
6/25/2007,110.39,110.25,110.39,110.58,1123861
6/22/2007,110.06,109.93,110.09,110.38,1139994
6/21/2007,110.14,109.92,110.19,110.47,1749111
6/20/2007,110.53,110.09,110.24,110.82,2083649
6/19/2007,110.1,110.06,110.38,110.61,1281847
6/18/2007,110.15,109.9,110.05,110.37,1099972
6/15/2007,110.09,109.86,110.17,110.26,1587658
6/14/2007,110.21,110.02,110.17,110.46,1991653
6/13/2007,110.27,109.66,110.22,110.36,3130598
6/12/2007,110.75,110.26,110.44,110.8,1739103
6/11/2007,110.77,110.7,110.8,111.05,1155011
6/8/2007,110.82,110.27,110.74,110.97,2251545
6/7/2007,111.6,111.28,111.34,111.65,86466
6/6/2007,111.44,111.39,111.79,111.83,1350151
6/5/2007,111.68,111.41,111.47,111.77,2426848
6/4/2007,111.69,111.69,111.78,111.85,1462533
6/1/2007,112,111.65,111.71,112.1,1617820
5/31/2007,112.22,111.88,112.05,112.28,1764837
5/30/2007,112.3,112.17,112.27,112.42,1280124
5/29/2007,112.23,112.15,112.17,112.35,870279
5/25/2007,112.64,112.23,112.32,112.66,1228824
5/24/2007,112.5,112.32,112.51,112.64,1582397
5/23/2007,112.53,112.32,112.43,112.67,1544962
5/22/2007,112.87,112.55,112.69,112.9,1025973
5/21/2007,112.82,112.72,112.77,112.9,745777
5/18/2007,112.87,112.77,112.92,113.06,1040066
5/17/2007,112.97,112.71,112.85,113.07,1038148
5/16/2007,113.03,112.84,112.97,113.08,1372234
5/15/2007,113.18,112.83,112.94,113.28,1867012
5/14/2007,113.53,113.12,113.24,113.54,1252871
5/11/2007,113.8,113.52,113.74,114.17,1757707
5/10/2007,113.5,113.46,113.61,113.78,1015852
5/9/2007,113.66,113.52,113.7,113.77,764075
5/8/2007,113.73,113.61,113.8,113.89,893244
5/7/2007,113.83,113.49,113.68,113.84,425230
5/4/2007,113.53,113.43,113.79,113.92,1191368
5/3/2007,113.66,113.45,113.49,113.87,1338688
5/2/2007,114.1,113.61,113.66,114.1,1441208
4/30/2007,113.65,113.62,114.15,114.27,1172888
4/27/2007,113.49,113.41,113.61,113.79,1380167
4/26/2007,113.77,113.46,113.65,113.9,1202912
4/25/2007,114.08,113.75,113.9,114.11,1444291
4/24/2007,114.07,113.93,114.07,114.2,1310002
4/23/2007,113.82,113.74,113.94,114.09,1039366
4/20/2007,113.73,113.58,113.72,113.94,1126944
4/19/2007,114.23,113.69,113.82,114.39,1560883
4/18/2007,113.9,113.85,114.16,114.23,1361177
4/17/2007,113.76,113.36,113.92,113.98,1667280
4/16/2007,113.43,113.43,113.71,113.84,1083064
4/13/2007,113.87,113.42,113.45,113.9,1586483
4/12/2007,114.15,113.79,113.91,114.25,1279426
4/11/2007,114.41,114.07,114.25,114.44,906715
4/10/2007,114.24,114.14,114.38,114.43,833141
4/5/2007,114.8,114.56,114.66,114.83,795230
4/4/2007,114.57,114.57,114.88,114.95,1118617
4/3/2007,114.85,114.59,114.63,114.9,1172902
4/2/2007,114.88,114.78,114.9,115.14,934092
3/30/2007,114.99,114.79,114.92,115.39,1617060
3/29/2007,115.12,114.94,115.06,115.17,1202923
3/28/2007,115.34,115.02,115.3,115.42,1452501
3/27/2007,115.35,115.22,115.34,115.46,1245682
3/26/2007,115.49,115.25,115.56,115.64,1398261
3/23/2007,115.84,115.45,115.56,115.97,1598794
3/22/2007,116.32,115.8,115.96,116.45,1521891
3/21/2007,116.25,115.9,116.14,116.43,1078517
3/20/2007,116.13,116.02,116.28,116.33,1094952
3/19/2007,116.19,116.06,116.13,116.22,755325
3/16/2007,116.35,116.12,116.33,116.45,1118486
3/15/2007,116.33,116.19,116.3,116.42,1195854
3/14/2007,116.55,116.33,116.57,116.63,1800836
3/13/2007,116.14,116.04,116.28,116.46,1670122
3/12/2007,115.84,115.66,116.01,116.18,1246137
3/9/2007,116.06,115.74,115.87,116.19,1235646
3/8/2007,116.66,116.44,116.46,116.72,270085
3/7/2007,116.62,116.51,116.7,116.79,1192237
3/6/2007,116.59,116.47,116.66,116.72,1973938
3/5/2007,116.72,116.6,116.64,116.89,1869994
3/2/2007,116.38,116.23,116.42,116.56,1302509
3/1/2007,116.34,116.08,116.34,116.64,2190378
2/28/2007,116.35,116.06,116.21,116.44,1881516
2/27/2007,115.95,115.91,116.15,116.66,1715740
2/26/2007,115.44,115.44,115.89,115.98,1457678
2/23/2007,115.05,114.97,115.45,115.52,1228802
2/22/2007,115.41,115.05,115.09,115.47,1311092
2/21/2007,115.4,115.21,115.44,115.55,1368998
2/20/2007,115.29,114.96,115.27,115.41,1277153
2/19/2007,115.41,115.23,115.26,115.41,296286
2/16/2007,115.51,115.35,115.39,115.63,1294200
2/15/2007,114.98,114.95,115.44,115.55,1768714
2/14/2007,114.79,114.7,114.97,115.13,1633097
2/13/2007,114.77,114.68,114.76,114.9,1320861
2/12/2007,115.01,114.76,114.89,115.07,1103229
2/9/2007,115.41,114.94,115.06,115.45,1358047
2/8/2007,115.55,115.31,115.43,115.62,1213818
2/7/2007,115.62,115.41,115.55,115.68,1242792
2/6/2007,115.46,115.38,115.52,115.65,1196352
2/5/2007,115.25,115.25,115.53,115.58,1015847
2/2/2007,114.95,114.85,115.26,115.34,1553468
2/1/2007,114.97,114.91,115.01,115.34,1637811
1/31/2007,114.85,114.62,114.97,115.08,1837652
1/30/2007,114.67,114.67,114.82,114.94,1252974
1/29/2007,114.93,114.65,114.74,115.02,1019345
1/26/2007,115,114.72,115,115.07,1437465
1/25/2007,115.37,114.95,115.1,115.55,1612918
1/24/2007,115.44,115.29,115.37,115.55,1299452
1/23/2007,115.48,115.38,115.57,115.75,1294805
1/22/2007,115.23,115.18,115.57,115.61,868963
1/19/2007,115.38,115.23,115.25,115.58,1369106
1/18/2007,115.32,114.84,115.16,115.39,1949278
1/17/2007,115.47,115.27,115.43,115.72,1255344
1/16/2007,115.3,115.21,115.43,115.61,1321266
1/15/2007,115.21,115.19,115.29,115.34,363421
1/12/2007,115.56,115.15,115.16,115.65,1304030
1/11/2007,115.58,115.34,115.65,115.77,1441660
1/10/2007,115.65,115.52,115.62,115.84,1291230
1/9/2007,115.94,115.63,115.7,115.98,1311637
1/8/2007,116.01,115.84,115.96,116.05,761674
1/5/2007,116.38,115.75,115.9,116.55,1243703
1/4/2007,116.25,116.15,116.35,116.42,886995
1/3/2007,116.24,116.13,116.19,116.46,1023902
1/2/2007,116.01,116.01,116.35,116.44,520440
12/29/2006,116.15,116.01,116.03,116.37,241123
12/28/2006,116.2,115.96,116.08,116.35,421887
12/27/2006,116.47,116.21,116.33,116.73,312262
12/22/2006,116.87,116.49,116.62,116.98,387555
12/21/2006,116.88,116.66,116.75,116.96,558656
12/20/2006,116.87,116.73,116.92,117.03,630029
12/19/2006,117.21,116.81,116.89,117.36,1061601
12/18/2006,117.34,117.06,117.22,117.46,614139
12/15/2006,117.51,117.27,117.49,117.87,1250490
12/14/2006,117.9,117.53,117.6,117.98,1116757
12/13/2006,118.22,117.79,118.06,118.53,1460496
12/12/2006,118.11,117.97,118.1,118.2,811392
12/11/2006,118.11,117.99,118.1,118.24,771313
12/8/2006,118.4,118.05,118.32,118.67,1357545
12/7/2006,118.43,118.38,118.57,118.61,119845
12/6/2006,118.61,118.36,118.5,118.7,1092980
12/5/2006,118.69,118.43,118.54,118.8,1767005
12/4/2006,118.68,118.59,118.69,118.73,1072533
12/1/2006,118.52,118.34,118.73,118.88,1614615
11/30/2006,118.16,118.1,118.48,118.53,1576695
11/29/2006,118.42,118.12,118.21,118.47,1212409
11/28/2006,118.39,118.25,118.44,118.55,1296969
11/27/2006,118.31,118.04,118.18,118.43,1030732
11/24/2006,118.09,117.98,118.46,118.49,901069
11/23/2006,118.21,117.9,117.97,118.32,744815
11/22/2006,118.27,118.1,118.23,118.32,821715
11/21/2006,118.3,118.08,118.2,118.4,918967
11/20/2006,118.13,118.07,118.2,118.29,829802
11/17/2006,117.68,117.47,118.02,118.16,1552592
11/16/2006,117.81,117.56,117.84,118.17,1497470
11/15/2006,118.01,117.81,117.86,118.27,1503745
11/14/2006,117.77,117.66,118.06,118.26,1432392
11/13/2006,118.03,117.79,117.9,118.31,1286155
11/10/2006,117.91,117.89,118.09,118.16,1126886
11/9/2006,117.82,117.61,117.82,117.87,966788
11/8/2006,117.81,117.59,117.64,118,1342498
11/7/2006,117.49,117.43,117.83,117.87,1299665
11/6/2006,117.44,117.3,117.36,117.52,709321
11/3/2006,117.9,117.43,117.58,118.19,1399472
11/2/2006,118.07,117.77,117.82,118.13,1326922
11/1/2006,117.82,117.72,118.16,118.2,1253763
10/31/2006,117.44,117.33,117.82,117.86,1538571
10/30/2006,117.24,117.18,117.32,117.45,990113
10/27/2006,116.78,116.7,117.17,117.31,1491200
10/26/2006,116.72,116.59,116.76,116.84,1139749
10/25/2006,116.6,116.43,116.58,116.73,1004515
10/24/2006,116.58,116.53,116.67,116.79,1104602
10/23/2006,116.95,116.58,116.66,116.95,978633
10/20/2006,116.96,116.91,116.99,117.23,866958
10/19/2006,117.14,116.86,116.92,117.25,1405271
10/18/2006,117.22,117.04,117.18,117.37,1360806
10/17/2006,117.08,117.07,117.33,117.4,1171175
10/16/2006,116.96,116.95,117.08,117.19,842967
10/13/2006,117.27,116.98,117.1,117.5,1238821
10/12/2006,117.06,117.03,117.35,117.47,1186446
10/11/2006,117.28,117.03,117.31,117.46,1235097
10/10/2006,117.67,117.2,117.27,117.71,1584392
10/9/2006,117.78,117.63,117.73,117.8,526864
10/6/2006,118.13,117.67,117.85,118.6,1620512
10/5/2006,118.25,118.04,118.12,118.37,1234759
10/4/2006,117.88,117.76,118.27,118.35,1348067
10/3/2006,118.23,117.82,117.92,118.35,1231576
10/2/2006,118.01,117.83,118.32,118.38,1133953
9/29/2006,118.47,118.02,118.1,118.57,1429140
9/28/2006,118.35,118.2,118.26,118.48,1224892
9/27/2006,118.4,118.24,118.4,118.7,1492033
9/26/2006,118.52,118.31,118.56,118.63,1337159
9/25/2006,118.19,118.16,118.51,118.59,1258792
9/22/2006,117.98,117.84,118.24,118.28,1385108
9/21/2006,117.38,117.28,117.54,118.02,1070096
9/20/2006,117.47,117.37,117.49,117.62,886948
9/19/2006,117.03,116.93,117.38,117.5,1664493
9/18/2006,117.16,116.85,116.94,117.16,1094139
9/15/2006,117.12,117.07,117.5,117.59,1224918
9/14/2006,117.28,117.14,117.33,117.39,931780
9/13/2006,117.14,117.1,117.27,117.4,1168418
9/12/2006,117.15,116.84,116.94,117.19,1345189
9/11/2006,117.31,117.11,117.22,117.42,1012071
9/8/2006,117.15,117.1,117.37,117.47,1019900
9/7/2006,117.77,117.62,117.67,117.77,174246
9/6/2006,117.97,117.59,117.65,118.05,1711006
9/5/2006,118.32,117.95,118.01,118.33,1816055
9/4/2006,118.36,118.29,118.37,118.4,596324
9/1/2006,118.31,118.18,118.47,118.49,1435715
8/31/2006,117.97,117.74,118.27,118.35,1316848
8/30/2006,117.93,117.71,117.95,117.98,809704
8/29/2006,117.85,117.62,117.64,117.94,752916
8/28/2006,117.99,117.84,117.97,118.04,248061
8/25/2006,117.99,117.82,118.01,118.11,597875
8/24/2006,117.8,117.48,117.86,117.99,1130682
8/23/2006,117.78,117.55,117.71,117.83,958308
8/22/2006,117.39,117.31,117.85,117.9,1430409
8/21/2006,117.04,116.99,117.3,117.44,836628
8/18/2006,116.84,116.65,116.99,117.04,728310
8/17/2006,116.78,116.73,116.83,117.04,939104
8/16/2006,116.33,116.26,116.71,116.78,1045747
8/15/2006,116.01,115.91,116.37,116.45,832898
8/14/2006,116.18,115.95,116.09,116.18,564534
8/11/2006,116.77,116.23,116.32,116.78,969033
8/10/2006,116.75,116.66,116.73,117.08,840955
8/9/2006,116.99,116.61,116.7,116.99,704688
8/8/2006,116.87,116.82,116.97,117.1,515715
8/7/2006,116.87,116.83,116.92,117.02,469216
8/4/2006,116.33,116.15,116.93,116.99,1244310
8/3/2006,116.77,116.21,116.3,116.82,1333936
8/2/2006,116.79,116.55,116.67,116.94,960315
8/1/2006,116.78,116.44,116.69,116.85,1256601
7/31/2006,116.73,116.55,116.8,116.84,769912
7/28/2006,116.47,116.38,116.78,116.87,999619
7/27/2006,116.37,116.33,116.49,116.71,1298460
7/26/2006,116.38,116.03,116.2,116.52,1325984
7/25/2006,116.34,116.33,116.38,116.69,1084349
7/24/2006,116.37,116.29,116.44,116.5,515005
7/21/2006,116.27,116.24,116.51,116.53,893587
7/20/2006,116.21,116.01,116.17,116.38,931990
7/19/2006,115.91,115.58,116.14,116.27,1474838
7/18/2006,116.15,115.82,115.91,116.21,1169895
7/17/2006,116.2,115.95,116.05,116.3,1008861
7/14/2006,115.79,115.79,116.15,116.26,1371781
7/13/2006,115.3,115.3,115.65,115.78,1493939
7/12/2006,115.49,115.03,115.17,115.54,1171973
7/11/2006,115.28,115.21,115.56,115.6,897903
7/10/2006,115.31,115.13,115.16,115.41,558816
7/7/2006,114.97,114.96,115.41,115.53,1052923
7/6/2006,114.8,114.67,114.91,115.09,1333502
7/5/2006,115.36,114.65,114.77,115.36,1352070
7/4/2006,115.21,115.13,115.29,115.38,357885
7/3/2006,115.38,115.1,115.17,115.52,627337
6/30/2006,115.56,114.96,115.32,115.59,1163386
6/29/2006,114.96,114.94,115.39,115.5,1012772
6/28/2006,115.06,114.92,115.05,115.16,821919
6/27/2006,115.15,114.86,115.11,115.25,1216391
6/26/2006,115.28,114.98,115.03,115.37,816691
6/23/2006,115.33,115.11,115.15,115.6,1116306
6/22/2006,115.69,115.3,115.38,115.7,983772
6/21/2006,115.99,115.7,115.82,115.99,944696
6/20/2006,116.19,115.89,115.94,116.44,1014148
6/19/2006,116.33,116.1,116.2,116.36,747528
6/16/2006,116.32,116.23,116.5,116.65,835651
6/15/2006,116.74,116.29,116.36,116.78,1201212
6/14/2006,117.02,116.69,116.88,117.16,1310596
6/13/2006,116.8,116.8,117.17,117.26,1698022
6/12/2006,116.47,116.42,116.69,116.77,659698
6/9/2006,116.38,116.31,116.5,116.68,1027508
6/8/2006,115.88,115.85,116.1,116.16,176967
6/7/2006,115.83,115.53,115.72,115.86,1243144
6/6/2006,115.94,115.61,115.69,116.02,1792696
6/5/2006,116.36,115.94,116.06,116.44,972537
6/2/2006,115.81,115.64,116.31,116.43,1652238
6/1/2006,115.78,115.57,115.81,115.88,1635559
5/31/2006,116.39,115.8,116.05,116.46,1873044
5/30/2006,116.71,116.21,116.29,116.89,1563552
5/29/2006,116.65,116.52,116.69,116.7,169326
5/26/2006,116.65,116.46,116.73,116.82,975632
5/25/2006,116.75,116.61,116.82,116.9,1065591
5/24/2006,116.5,116.28,116.66,116.95,2351887
5/23/2006,116.37,116.11,116.26,116.43,1702644
5/22/2006,115.79,115.78,116.39,116.49,1895148
5/19/2006,115.74,115.42,115.87,115.89,1602877
5/18/2006,115.12,115,115.63,115.67,2003623
5/17/2006,115.61,114.85,114.93,115.63,2108502
5/16/2006,115.26,115.23,115.64,115.69,1647486
5/15/2006,114.66,114.65,115.28,115.37,1452598
5/12/2006,114.83,114.55,114.81,115.14,1697993
5/11/2006,115.15,114.76,114.83,115.22,1670713
5/10/2006,115.06,114.86,115.35,115.48,1516631
5/9/2006,115.19,114.99,115.11,115.2,937512
5/8/2006,115.27,115.12,115.18,115.5,697434
5/5/2006,115.06,114.9,115.29,115.39,1446248
5/4/2006,115.28,114.82,114.98,115.29,1439499
5/3/2006,115.35,115.16,115.23,115.45,1090964
5/2/2006,115.31,115.16,115.43,115.56,1254802
4/28/2006,115.59,115.24,115.58,115.74,1530502
4/27/2006,115.26,114.91,115.35,115.58,1958998
4/26/2006,115.35,115.1,115.29,115.44,1537844
4/25/2006,115.87,115.18,115.25,115.93,1867944
4/24/2006,115.77,115.63,115.74,116.02,1276455
4/21/2006,115.82,115.58,115.7,116.08,1109775
4/20/2006,115.7,115.59,115.82,115.91,1257149
4/19/2006,115.8,115.55,115.63,116.18,1724914
4/18/2006,115.76,115.52,115.58,115.89,1157925
4/13/2006,116.19,115.51,115.59,116.21,1522065
4/12/2006,116.4,116.11,116.22,116.53,935993
4/11/2006,116.05,116.05,116.29,116.43,1045635
4/10/2006,115.97,115.97,116.09,116.27,951266
4/7/2006,116.11,115.98,116.16,116.46,1704851
4/6/2006,116.38,116.07,116.2,116.81,2015803
4/5/2006,116.48,116.32,116.43,116.63,1598038
4/4/2006,116.68,116.34,116.53,116.84,1419399
4/3/2006,116.96,116.46,116.69,117.04,1526905
3/31/2006,117.01,116.92,117.17,117.24,1414370
3/30/2006,117.15,116.85,117.16,117.29,1475903
3/29/2006,117.3,117.11,117.24,117.38,1291039
3/28/2006,118.26,117.29,117.42,118.27,1995695
3/27/2006,118.3,118.19,118.28,118.43,668995
3/24/2006,117.98,117.92,118.23,118.33,950112
3/23/2006,118.18,117.87,117.97,118.45,1319087
3/22/2006,118.03,117.94,118.18,118.32,1358532
3/21/2006,117.94,117.83,117.9,118.22,1372816
3/20/2006,117.77,117.69,118.06,118.12,954511
3/17/2006,118.13,117.74,117.77,118.4,1487305
3/16/2006,117.8,117.59,118.09,118.23,1558196
3/15/2006,118.05,117.74,117.92,118.12,1339181
3/14/2006,117.72,117.68,118.07,118.14,1418870
3/13/2006,117.79,117.52,117.72,117.81,1010731
3/10/2006,118.14,117.72,117.75,118.22,1346678
3/9/2006,118.18,117.97,118.13,118.34,1232188
3/8/2006,119.39,119.18,119.22,119.53,93086
3/7/2006,119.34,119.13,119.35,119.41,1519307
3/6/2006,119.41,119.32,119.55,119.57,1574039
3/3/2006,119.57,119.33,119.37,119.64,1525728
3/2/2006,120.12,119.48,119.55,120.21,1802931
3/1/2006,120.3,120.06,120.13,120.4,1219036
2/28/2006,120.04,119.98,120.39,120.43,1237308
2/27/2006,120.2,119.93,120.01,120.27,1083114
2/24/2006,120.44,120.26,120.36,120.59,1009141
2/23/2006,121.05,120.39,120.47,121.05,1389267
2/22/2006,120.67,120.54,120.95,121.05,1127642
2/21/2006,120.77,120.58,120.73,120.96,1105724
2/20/2006,120.67,120.65,120.76,120.87,401591
2/17/2006,120.28,120.25,120.62,120.74,1229596
2/16/2006,120.25,119.95,120.19,120.28,1113900
2/15/2006,120.2,120.09,120.26,120.56,1397333
2/14/2006,120.29,120,120.33,120.39,1324645
2/13/2006,120.3,120.04,120.15,120.37,1020813
2/10/2006,120.32,120.19,120.56,120.83,1377470
2/9/2006,120.13,119.83,120.39,120.47,1584543
2/8/2006,120.13,120.03,120.18,120.28,1116903
2/7/2006,120.21,119.96,119.99,120.53,1446062
2/6/2006,120.28,120.2,120.26,120.48,884279
2/3/2006,119.9,119.81,120.28,120.37,1380355
2/2/2006,119.94,119.77,119.92,120.12,1384725
2/1/2006,120.38,119.85,119.95,120.63,1710821
1/31/2006,120.37,120.14,120.43,120.48,1185890
1/30/2006,120.2,120.06,120.37,120.4,1006205
1/27/2006,120.18,120.08,120.22,120.58,1558227
1/26/2006,120.68,120.15,120.26,120.78,1854051
1/25/2006,121.15,120.58,120.73,121.19,1687514
1/24/2006,121.26,121.12,121.27,121.4,1275801
1/23/2006,121.53,121.09,121.17,121.59,1319510
1/20/2006,121.55,121.28,121.31,121.75,1130645
1/19/2006,122.1,121.41,121.56,122.1,1674510
1/18/2006,122.5,122.04,122.23,122.65,1633504
1/17/2006,122.23,122.2,122.33,122.49,1144018
1/16/2006,122.3,122.13,122.18,122.31,379348
1/13/2006,122.22,122,122.26,122.37,1025108
1/12/2006,121.9,121.85,122.25,122.31,1173934
1/11/2006,122.01,121.79,121.92,122.09,1188039
1/10/2006,122.42,122.05,122.08,122.44,1290901
1/9/2006,122.28,122.23,122.35,122.46,819763
1/6/2006,122.2,122.12,122.34,122.6,896869
1/5/2006,122.16,121.91,122.22,122.26,972565
1/4/2006,121.7,121.65,122.17,122.23,1191613
1/3/2006,121.43,121.24,121.63,121.74,881198
1/2/2006,121.85,121.37,121.54,121.87,214269
12/30/2005,121.77,121.74,121.84,122.09,194137
12/29/2005,121.82,121.62,121.69,121.82,211819
12/28/2005,121.65,121.5,121.87,121.97,254049
12/27/2005,121.68,121.41,121.59,121.74,103687
12/23/2005,121.4,121.28,121.7,121.75,196858
12/22/2005,121.15,120.89,121.24,121.48,559334
12/21/2005,121.48,120.99,121.08,121.48,500684
12/20/2005,121.56,121.25,121.45,121.59,535567
12/19/2005,121.44,121.34,121.56,121.65,421383
12/16/2005,121.44,121.21,121.43,121.6,583718
12/15/2005,121.3,121.13,121.21,121.48,786867
12/14/2005,121.2,121.09,121.19,121.41,855645
12/13/2005,120.86,120.6,120.96,121.23,900291
12/12/2005,120.58,120.55,120.85,120.89,514338
12/9/2005,121.2,120.51,120.54,121.25,898694
12/8/2005,120.78,120.78,120.94,121.05,120316
12/7/2005,120.97,120.68,120.74,121.08,897727
12/6/2005,120.53,120.52,121,121.06,1628735
12/5/2005,120.64,120.32,120.57,120.69,1166944
12/2/2005,120.58,120.4,120.76,120.81,1170381
12/1/2005,120.26,120.14,120.63,120.89,1520056
11/30/2005,120.15,120.05,120.27,120.33,1128497
11/29/2005,120.67,120,120.13,120.83,1477071
11/28/2005,120.46,120.21,120.53,120.68,850463
11/25/2005,120.5,120.42,120.5,120.85,966802
11/24/2005,119.83,119.78,120.59,120.65,1053980
11/23/2005,119.83,119.72,119.85,119.94,1064253
11/22/2005,119.63,119.47,119.68,119.89,1000847
11/21/2005,119.37,119.14,119.79,119.85,1118683
11/18/2005,120.14,119.09,119.38,120.31,1866768
11/17/2005,120.27,119.73,120.2,120.33,1407242
11/16/2005,119.51,119.51,120.26,120.34,1614973
11/15/2005,119.1,119.06,119.59,119.6,1632981
11/14/2005,119.44,119.03,119.11,119.7,1034658
11/11/2005,119.47,119.35,119.35,119.55,341803
11/10/2005,119.25,119.21,119.37,119.48,1156962
11/9/2005,119.89,119.22,119.33,119.97,1293857
11/8/2005,119.55,119.32,119.85,119.93,1340563
11/7/2005,119.47,119.43,119.46,119.72,755328
11/4/2005,119.63,119.43,119.54,120.02,1521526
11/3/2005,119.75,119.67,119.82,120.19,1449261
11/2/2005,120.33,119.77,119.91,120.4,1396992
11/1/2005,120.44,120.13,120.35,120.68,1178075
10/31/2005,120.25,120.2,120.42,120.6,940241
10/28/2005,120.43,120.17,120.28,120.63,1347236
10/27/2005,120.66,120.22,120.31,120.77,1469620
10/26/2005,120.79,120.44,120.62,120.87,1829284
10/25/2005,121.65,120.93,121.01,121.77,1600563
10/24/2005,121.79,121.68,121.7,122,784953
10/21/2005,121.5,121.46,121.87,121.95,914250
10/20/2005,121.53,121.12,121.41,121.53,1204151
10/19/2005,121.54,121.46,121.58,121.67,881803
10/18/2005,121.3,121.06,121.41,121.42,1105329
10/17/2005,121.23,121.19,121.29,121.45,821386
10/14/2005,121.4,121.13,121.13,121.68,1244884
10/13/2005,121.7,121.29,121.35,121.79,1392298
10/12/2005,122.12,121.8,121.85,122.2,1317492
10/11/2005,122.39,122.14,122.18,122.45,825326
10/10/2005,122.32,122.31,122.43,122.56,406767
10/7/2005,122.14,121.93,122.4,122.43,1155865
10/6/2005,122.4,122.13,122.22,122.46,1421360
10/5/2005,122.28,122.27,122.27,122.53,1004175
10/4/2005,122.06,121.99,122.21,122.39,912924
10/3/2005,122.55,122.08,122.24,122.71,961429
9/30/2005,122.51,122.5,122.53,122.76,1108525
9/29/2005,122.83,122.38,122.5,123.06,1517318
9/28/2005,122.69,122.43,122.84,122.88,1183249
9/27/2005,122.75,122.57,122.77,122.99,1420918
9/26/2005,123.27,122.75,122.77,123.27,1087421
9/23/2005,123.76,123.38,123.4,123.78,955307
9/22/2005,123.88,123.57,123.8,124.01,1216370
9/21/2005,123.43,123.4,123.82,123.85,1294390
9/20/2005,123.13,123.13,123.28,123.37,817882
9/19/2005,122.62,122.55,123.17,123.3,867706
9/16/2005,122.91,122.66,122.74,122.96,904182
9/15/2005,123.03,122.85,122.86,123.23,1333792
9/14/2005,123.06,123.05,123.16,123.39,1121196
9/13/2005,122.89,122.64,123.12,123.21,1343787
9/12/2005,123.5,122.83,122.87,123.53,1133372
9/9/2005,123.33,123.2,123.56,123.63,810224
9/8/2005,123.98,123.97,124.03,124.2,169238
9/7/2005,124.14,123.96,124.02,124.3,1247565
9/6/2005,124.3,123.97,124.21,124.36,1713450
9/5/2005,124.37,124.33,124.43,124.5,534239
9/2/2005,124.38,124.13,124.33,124.6,1300954
9/1/2005,123.9,123.8,124.34,124.35,1639056
8/31/2005,123.55,123.55,123.95,124,1314571
8/30/2005,123.46,123.14,123.43,123.53,933506
8/29/2005,123.68,123.36,123.48,123.76,287013
8/26/2005,123.6,123.35,123.42,123.64,704286
8/25/2005,123.29,123.26,123.58,123.59,685098
8/24/2005,123.25,123.13,123.27,123.45,947307
8/23/2005,123.24,122.89,123.24,123.29,833847
8/22/2005,123.1,122.84,123.25,123.25,544411
8/19/2005,123.13,122.86,123.04,123.22,644290
8/18/2005,122.65,122.59,123.05,123.05,1062879
8/17/2005,122.64,122.45,122.68,122.75,860371
8/16/2005,122.21,122.08,122.66,122.69,905274
8/15/2005,122.2,122.09,122.23,122.34,474611
8/12/2005,121.87,121.8,122.17,122.22,803196
8/11/2005,121.4,121.3,121.78,121.78,768179
8/10/2005,121.42,121.34,121.56,121.73,911790
8/9/2005,121.23,121.2,121.28,121.49,655790
8/8/2005,121.23,121.21,121.35,121.41,423201
8/5/2005,121.62,121.16,121.26,121.76,1088255
8/4/2005,121.78,121.53,121.59,121.88,755594
8/3/2005,121.63,121.42,121.79,121.84,1066711
8/2/2005,121.97,121.57,121.66,122.09,1235997
8/1/2005,122.32,121.84,122,122.32,897161
7/29/2005,122.63,122.35,122.45,122.74,863275
7/28/2005,122.6,122.32,122.58,122.66,832498
7/27/2005,122.55,122.46,122.61,122.76,768738
7/26/2005,122.62,122.31,122.54,122.64,870752
7/25/2005,122.48,122.42,122.66,122.78,522743
7/22/2005,121.97,121.92,122.54,122.65,865476
7/21/2005,122.26,121.85,122.03,122.45,1330017
7/20/2005,122.1,121.83,122.04,122.24,828168
7/19/2005,122.2,121.77,122.19,122.23,896348
7/18/2005,122.06,122.01,122.3,122.47,544812
7/15/2005,122.06,121.85,122.13,122.2,908845
7/14/2005,122.4,122,122.04,122.48,1076374
7/13/2005,122.45,122.26,122.42,122.55,887515
7/12/2005,122.68,122.36,122.58,122.78,941005
7/11/2005,122.95,122.39,122.59,123.03,767958
7/8/2005,123.02,122.82,123.06,123.29,878450
7/7/2005,122.64,122.6,123.08,124.06,1823448
7/6/2005,122.79,122.63,122.66,122.91,871190
7/5/2005,123.13,122.49,122.73,123.15,1191322
7/4/2005,123.12,122.84,123.15,123.24,541942
7/1/2005,123.63,123.14,123.31,123.71,1164637
6/30/2005,123,122.85,123.5,123.62,1334449
6/29/2005,123.21,122.79,123.04,123.54,1571029
6/28/2005,123.44,123.04,123.19,123.55,1057755
6/27/2005,123.47,123.35,123.59,123.78,689972
6/24/2005,123.3,123.23,123.43,123.73,1225491
6/23/2005,123.46,123.09,123.2,123.53,1256439
6/22/2005,122.7,122.61,123.37,123.46,1683133
6/21/2005,121.88,121.76,122.73,122.74,1408246
6/20/2005,121.93,121.64,121.99,122.16,984737
6/17/2005,121.95,121.63,122,122.15,1420723
6/16/2005,121.89,121.28,121.92,121.98,2111728
6/15/2005,122.86,121.78,121.78,122.88,2407090
6/14/2005,123.04,122.7,122.82,123.11,1464039
6/13/2005,123.28,122.81,123,123.55,1359659
6/10/2005,123.55,123.13,123.4,123.62,1024088
6/9/2005,123.48,123.08,123.52,123.6,1568379
6/8/2005,123.32,123.32,123.58,123.67,93416
6/7/2005,123,123,123.38,123.44,1488808
6/6/2005,122.57,122.57,122.91,122.93,1259474
6/3/2005,122.82,122.58,122.67,123.29,1902014
6/2/2005,122.63,122.55,122.88,122.93,1446796
6/1/2005,122.15,122.15,122.69,122.79,1627210
5/31/2005,121.73,121.5,122.31,122.4,1432778
5/30/2005,121.74,121.61,121.74,121.81,353329
5/27/2005,121.82,121.67,121.83,122.08,950343
5/26/2005,121.87,121.63,121.88,122.07,1299217
5/25/2005,122.12,121.79,121.95,122.3,1557404
5/24/2005,121.88,121.83,122.03,122.15,1190484
5/23/2005,121.37,121.15,121.78,121.79,855053
5/20/2005,121.5,121.27,121.4,121.58,853368
5/19/2005,121.76,121.5,121.59,121.77,1132644
5/18/2005,121.53,121.49,121.8,121.91,1128206
5/17/2005,121.47,121.35,121.61,121.69,828232
5/16/2005,121.51,121.34,121.57,121.66,584419
5/13/2005,121.56,121.26,121.55,121.72,1196928
5/12/2005,121.34,121.19,121.38,121.47,1059624
5/11/2005,121.19,121.11,121.51,121.58,1940935
5/10/2005,120.69,120.65,121.11,121.23,1331932
5/9/2005,120.32,120.27,120.67,120.67,710573
5/6/2005,120.89,120.24,120.38,120.97,1209820
5/5/2005,120.76,120.68,120.95,120.95,531871
5/4/2005,121.04,120.46,120.73,121.06,1536596
5/3/2005,120.81,120.64,120.95,120.98,640372
5/2/2005,120.65,120.6,120.73,120.86,299022
4/29/2005,120.9,120.37,120.69,120.91,1429101
4/28/2005,120.59,120.53,120.83,120.84,951142
4/27/2005,120.34,120.15,120.58,120.72,1388602
4/26/2005,120.4,120.23,120.3,120.55,1087230
4/25/2005,120.18,120.13,120.34,120.35,620105
4/22/2005,119.85,119.84,120.12,120.19,632960
4/21/2005,120.4,119.74,119.88,120.42,1317819
4/20/2005,120.24,119.83,120.26,120.31,1304787
4/19/2005,119.99,119.82,120.32,120.38,1410774
4/18/2005,120.1,120.05,120.06,120.32,1148106
4/15/2005,119.71,119.7,119.93,119.99,1325465
4/14/2005,119.6,119.37,119.53,119.64,1058214
4/13/2005,119.56,119.45,119.65,119.69,1077600
4/12/2005,119.26,119.18,119.38,119.41,959389
4/11/2005,119.21,119.12,119.24,119.34,536592
4/8/2005,119.08,118.91,119.17,119.17,823316
4/7/2005,118.89,118.78,119.2,119.37,1286758
4/6/2005,118.87,118.72,118.84,119.09,1113753
4/5/2005,118.88,118.67,118.84,118.95,942193
4/4/2005,118.75,118.59,118.96,118.99,711109
4/1/2005,118.71,118.51,118.68,119.02,1166647
3/31/2005,118.25,118.24,118.61,118.65,1121568
3/30/2005,117.9,117.85,118.17,118.21,873974
3/29/2005,117.6,117.6,117.85,117.93,508988
3/24/2005,117.69,117.64,117.75,117.96,773249
3/23/2005,117.47,117.34,117.55,117.7,1657486
3/22/2005,117.6,117.56,118.04,118.05,1109215
3/21/2005,117.75,117.49,117.64,117.77,873186
3/18/2005,117.93,117.63,117.9,117.99,993148
3/17/2005,118.1,117.85,118.02,118.22,1401775
3/16/2005,117.7,117.33,118.16,118.18,1849313
3/15/2005,117.29,117.29,117.79,117.82,1579681
3/14/2005,117.16,116.92,117.24,117.3,913935
3/11/2005,117.13,117.07,117.23,117.45,1282961
3/10/2005,117.05,116.89,117.25,117.34,1710893
3/9/2005,117.73,117.13,117.35,117.85,1838307
3/8/2005,119.02,119.01,119.04,119.2,205065
3/7/2005,118.75,118.73,119.04,119.12,1336863
3/4/2005,118.21,117.95,118.79,118.85,1790241
3/3/2005,118.08,118.02,118.25,118.27,1547276
3/2/2005,118.42,117.89,118.08,118.48,1841660
3/1/2005,118.33,118.27,118.43,118.6,1487700
2/28/2005,118.59,118.29,118.43,118.88,1398928
2/25/2005,118.25,118.23,118.61,118.7,1611627
2/24/2005,118.47,118.22,118.43,118.76,1655376
2/23/2005,118.61,118.46,118.49,119.02,1914544
2/22/2005,118.66,118.54,118.65,118.91,1638744
2/21/2005,118.74,118.49,118.6,118.94,954878
2/18/2005,119.63,118.75,118.75,119.68,1992065
2/17/2005,119.87,119.51,119.69,119.94,1575165
2/16/2005,120.13,119.81,119.87,120.47,1613641
2/15/2005,120.47,120.1,120.14,120.47,1205749
2/14/2005,120.58,120.32,120.48,120.6,661180
2/11/2005,120.71,120.57,120.65,120.75,879310
2/10/2005,120.92,120.67,120.71,120.98,1386170
2/9/2005,120.69,120.56,120.83,120.87,1612326
2/8/2005,120.41,120.23,120.75,120.77,1195264
2/7/2005,120.2,120.17,120.46,120.47,860033
2/4/2005,119.78,119.72,120.33,120.4,1431111
2/3/2005,119.81,119.58,119.78,119.84,1312647
2/2/2005,119.97,119.81,119.83,120.08,703218
2/1/2005,120,119.9,120.01,120.19,1098682
1/31/2005,119.84,119.76,119.93,119.98,852230
1/28/2005,119.48,119.44,119.92,119.96,1444097
1/27/2005,119.7,119.26,119.46,119.7,1615569
1/26/2005,119.76,119.56,119.76,119.85,1307598
1/25/2005,119.9,119.7,119.8,120.2,1440257
1/24/2005,119.78,119.78,119.88,119.97,803655
1/21/2005,119.7,119.45,119.75,119.78,1281317
1/20/2005,120.16,119.47,119.71,120.22,2003583
1/19/2005,120.01,120.01,120.11,120.31,1547396
1/18/2005,119.84,119.64,119.9,119.99,1315533
1/17/2005,119.76,119.74,119.89,120.01,653407
1/14/2005,119.62,119.58,119.76,119.87,1308269
1/13/2005,119.29,119.11,119.7,119.78,1544786
1/12/2005,119.33,119.07,119.26,119.43,1353614
1/11/2005,119.36,119.24,119.33,119.54,1006348
1/10/2005,119.13,119.07,119.33,119.48,810720
1/7/2005,119.04,118.75,119.19,119.69,1485054
1/6/2005,118.83,118.59,119.03,119.19,1094373
1/5/2005,118.66,118.45,118.9,118.96,1095145
1/4/2005,118.9,118.71,118.85,119.03,1028009
1/3/2005,118.42,118.4,118.94,119.02,496523
