Date,TY1 COMB Comdty Last Price  (R1),US1 COMB Comdty Last Price (L1)
9/23/2025,112-29,116-21
9/22/2025,112-22+,116-08
9/19/2025,112-26+,116-25
9/18/2025,112-31,117-09
9/17/2025,113-03,117-29
9/16/2025,113-16+,118-13
9/15/2025,113-13,118-09
9/12/2025,113-08,117-27
9/11/2025,113-19,118-13
9/10/2025,113-16+,118-04
9/9/2025,113-10,117-18
9/8/2025,113-16,117-29
9/5/2025,113-11+,116-29
9/4/2025,112-26+,115-11
9/3/2025,112-19,115
9/2/2025,112-04+,113-28
9/1/2025,,
8/29/2025,112-14+,114-21
8/28/2025,112-17,115-06
8/27/2025,112-13,114-20
8/26/2025,112-06+,114-19
8/25/2025,111-31,114-23
8/22/2025,112-04+,114-27
8/21/2025,111-17+,114-02
8/20/2025,111-27+,114-13
8/19/2025,111-24+,114-11
8/18/2025,111-16+,113-25
8/15/2025,111-19,114
8/14/2025,111-25+,114-21
8/13/2025,112-05+,115-16
8/12/2025,111-26,114-21
8/11/2025,111-28+,115-05
8/8/2025,111-26+,115
8/7/2025,112-03,115-17
8/6/2025,112-07+,115-18
8/5/2025,112-09+,116-04
8/4/2025,112-12,115-29
8/1/2025,112-06+,115-22
7/31/2025,111-02,114-06
7/30/2025,111,113-28
7/29/2025,111-11+,114-17
7/28/2025,110-24+,113-05
7/25/2025,110-31+,113-19
7/24/2025,110-26+,113-09
7/23/2025,111-00+,113-11
7/22/2025,111-13,113-31
7/21/2025,111-06,113-14
7/18/2025,110-25,112-14
7/17/2025,110-16+,112-04
7/16/2025,110-20,112-05
7/15/2025,110-09,111-31
7/14/2025,110-24+,112-24
7/11/2025,110-23,112-29
7/10/2025,111-07,114-08
7/9/2025,111-08+,114-02
7/8/2025,110-25,113-01
7/7/2025,110-29+,113-07
7/4/2025,,
7/3/2025,111-07,114-08
7/2/2025,111-20,114-22
7/1/2025,111-27+,115-12
6/30/2025,112-04,115-15
6/27/2025,111-26,114-15
6/26/2025,112-00+,114-30
6/25/2025,111-22,114-18
6/24/2025,111-21,114-23
6/23/2025,111-14+,114-11
6/20/2025,110-31+,113-25
6/18/2025,111-02,114-18
6/17/2025,110-27,114-03
6/16/2025,110-16,113-04
6/13/2025,110-20,113-24
6/12/2025,111-01+,114-25
6/11/2025,110-22,113-25
6/10/2025,110-07,113-03
6/9/2025,110-05+,112-28
6/6/2025,109-30,112-21
6/5/2025,110-25,113-31
6/4/2025,111-03,114-02
6/3/2025,110-14+,112-20
6/2/2025,110-15,112-12
5/30/2025,110-23,113-06
5/29/2025,110-20+,113-06
5/28/2025,110-07,112-11
5/27/2025,110-16+,112-29
5/23/2025,110-02+,111-21
5/22/2025,109-26+,111-06
5/21/2025,109-16,110-25
5/20/2025,110-06+,112-18
5/19/2025,110-04+,112-25
5/16/2025,110-10+,113-12
5/15/2025,110-08,113-02
5/14/2025,109-23,112-12
5/13/2025,109-31,112-22
5/12/2025,110-05,113-16
5/9/2025,110-26,114-11
5/8/2025,110-25+,114-13
5/7/2025,111-17+,115-12
5/6/2025,111-10,114-24
5/5/2025,111-02,114-16
5/2/2025,111-05,114-29
5/1/2025,111-27+,115-28
4/30/2025,112-07,116-20
4/29/2025,112-05,117-02
4/28/2025,111-29,116-12
4/25/2025,111-16+,115-26
4/24/2025,111-07,115-06
4/23/2025,110-21,114-05
4/22/2025,110-25+,113-19
4/21/2025,110-26,113-01
4/18/2025,,
4/17/2025,111-05+,114-18
4/16/2025,111-13+,115-09
4/15/2025,111-02+,114-27
4/14/2025,110-24,114-16
4/11/2025,109-23+,113-06
4/10/2025,110-19,113-28
4/9/2025,110-10+,114-17
4/8/2025,111-15,115-24
4/7/2025,112-02,117-20
4/4/2025,113-01+,120-19
4/3/2025,112-20+,119-13
4/2/2025,111-16,118
4/1/2025,111-25,118-19
3/31/2025,111-07,117-09
3/28/2025,111-06+,117-03
3/27/2025,110-13+,115-21
3/26/2025,110-18,116-05
3/25/2025,110-24,116-19
3/24/2025,110-17+,116-13
3/21/2025,111-03,117-12
3/20/2025,111-05,118-05
3/19/2025,110-31+,117-25
3/18/2025,110-25,117-17
3/17/2025,110-19,117-08
3/14/2025,110-20,117-01
3/13/2025,110-29,117-14
3/12/2025,110-20,116-26
3/11/2025,110-26,117-06
3/10/2025,111-09,118-05
3/7/2025,110-17+,116-29
3/6/2025,110-25,117-11
3/5/2025,110-27,117-24
3/4/2025,111-07,118-14
3/3/2025,111-12,119-01
2/28/2025,111-02,118-10
2/27/2025,110-19+,117-23
2/26/2025,110-27,118-09
2/25/2025,110-16+,117-21
2/24/2025,109-28,116-11
2/21/2025,109-22,116-03
2/20/2025,109-05+,115-01
2/19/2025,108-30+,114-20
2/18/2025,108-27,114-21
2/14/2025,109-10,115-17
2/13/2025,108-31,115
2/12/2025,108-08+,113-13
2/11/2025,108-30+,114-25
2/10/2025,109-07,115-13
2/7/2025,109-07+,115-17
2/6/2025,109-18+,116-03
2/5/2025,109-24,116-05
2/4/2025,109-06+,114-24
2/3/2025,108-30+,114-12
1/31/2025,108-27,113-29
1/30/2025,109-07+,114-21
1/29/2025,108-30+,114-03
1/28/2025,109-01,114-03
1/27/2025,109-05,114-12
1/24/2025,108-15,113-06
1/23/2025,108-12,112-28
1/22/2025,108-18,113-14
1/21/2025,108-23+,113-21
1/17/2025,108-17+,113-03
1/16/2025,108-19+,113
1/15/2025,108-10+,112-17
1/14/2025,107-11+,110-29
1/13/2025,107-07+,110-27
1/10/2025,107-12+,111-07
1/9/2025,108-07,112-04
1/8/2025,108-04+,111-31
1/7/2025,108-05+,112-05
1/6/2025,108-17,113-04
1/3/2025,108-20+,113-17
1/2/2025,108-26,113-24
12/31/2024,108-24,113-27
12/30/2024,108-31,114-03
12/27/2024,108-14,113-09
12/26/2024,108-21,113-30
12/24/2024,108-18,113-28
12/23/2024,108-15,113-18
12/20/2024,108-31,114-16
12/19/2024,108-22+,113-24
12/18/2024,109-02,115-01
12/17/2024,109-28+,116-11
12/16/2024,109-26,116-04
12/13/2024,109-26+,116-05
12/12/2024,110-10,117-05
12/11/2024,110-19+,118
12/10/2024,110-28,118-27
12/9/2024,111-02,119-05
12/6/2024,111-10+,119-30
12/5/2024,111-02,119-21
12/4/2024,111-03+,119-18
12/3/2024,110-26,118-31
12/2/2024,110-30+,119-14
11/29/2024,111-00+,119-09
11/27/2024,110-23+,118-20
11/26/2024,110-10+,117-28
11/25/2024,110-17,118-09
11/22/2024,109-20+,116-09
11/21/2024,109-16,116-04
11/20/2024,109-22,116-18
11/19/2024,109-27,116-29
11/18/2024,109-20,116-10
11/15/2024,109-17,116-10
11/14/2024,109-17+,116-18
11/13/2024,109-13+,115-27
11/12/2024,109-13+,116-10
11/11/2024,109-29,117-21
11/8/2024,110-09,117-27
11/7/2024,110-06,117-03
11/6/2024,109-17+,116-08
11/5/2024,110-13,118-05
11/4/2024,110-11+,117-22
11/1/2024,110-01,116-26
10/31/2024,110-15,117-31
10/30/2024,110-22+,118-02
10/29/2024,110-24,117-22
10/28/2024,110-22+,117-21
10/25/2024,111-02,118-09
10/24/2024,111-09,118-24
10/23/2024,111-01,118-01
10/22/2024,111-11,118-15
10/21/2024,111-16+,118-22
10/18/2024,112-07,120-08
10/17/2024,112-01+,120
10/16/2024,112-17,121-11
10/15/2024,112-14,121-02
10/14/2024,111-27+,119-25
10/11/2024,112-08,120-12
10/10/2024,112-02+,120-06
10/9/2024,112-06+,120-25
10/8/2024,112-15,121-04
10/7/2024,112-15+,121-10
10/4/2024,112-27,121-31
10/3/2024,113-29,123-14
10/2/2024,114-13+,124-09
10/1/2024,114-22,125
9/30/2024,114-09,124-06
9/27/2024,114-23+,124-28
9/26/2024,114-13,124-11
9/25/2024,114-17+,124-09
9/24/2024,114-27,125-01
9/23/2024,114-24+,125-04
9/20/2024,114-27,125-08
9/19/2024,114-10+,125
9/18/2024,114-20+,125-31
9/17/2024,114-29+,126-27
9/16/2024,115-02+,127-01
9/13/2024,114-29+,126-19
9/12/2024,114-22,126-06
9/11/2024,114-25,126-20
9/10/2024,114-29+,126-23
9/9/2024,114-16+,126-02
9/6/2024,114-16+,125-25
9/5/2024,114-07+,125-17
9/4/2024,114-01,125-01
9/3/2024,113-15+,124-01
8/30/2024,113-01+,122-31
8/29/2024,113-10,123-19
8/28/2024,113-17,123-31
8/27/2024,113-16+,124-05
8/26/2024,113-19,124-17
8/23/2024,113-22+,124-19
8/22/2024,113-09+,124-01
8/21/2024,113-28+,125-12
8/20/2024,113-18,124-28
8/19/2024,113-07,124-06
8/16/2024,113-03+,123-22
8/15/2024,112-30+,123-09
8/14/2024,113-24+,124-19
8/13/2024,113-20,124
8/12/2024,113-07+,123-10
8/9/2024,112-30+,122-29
8/8/2024,112-21,122
8/7/2024,112-28+,122-14
8/6/2024,113-12+,123-22
8/5/2024,114-02+,125-13
8/2/2024,114-04+,125-02
8/1/2024,112-23+,122-17
7/31/2024,111-26,120-25
7/30/2024,111-18,120-06
7/29/2024,111-11,119-21
7/26/2024,111-06+,119-11
7/25/2024,110-25+,118-20
7/24/2024,110-21+,118-01
7/23/2024,110-28,119-01
7/22/2024,110-23,118-25
7/19/2024,110-26+,119-04
7/18/2024,111-07,119-26
7/17/2024,111-14,120-17
7/16/2024,111-10+,120-09
7/15/2024,110-31+,119-06
7/12/2024,111-06,119-30
7/11/2024,111-05,119-27
7/10/2024,110-16,118-24
7/9/2024,110-13,118-14
7/8/2024,110-19,119
7/5/2024,110-19+,118-26
7/3/2024,110-01+,118
7/2/2024,109-15,116-21
7/1/2024,109-05+,116-03
6/28/2024,109-31+,118-10
6/27/2024,110-08,119-10
6/26/2024,110-02,118-30
6/25/2024,110-19,120-05
6/24/2024,110-17,120
6/21/2024,110-16,119-25
6/20/2024,110-17+,119-26
6/18/2024,110-15+,120-02
6/17/2024,110-02,119-15
6/14/2024,110-15,120-09
6/13/2024,110-13+,119-22
6/12/2024,110-01,119
6/11/2024,109-09,117-19
6/10/2024,108-26+,116-25
6/7/2024,109-01+,117-13
6/6/2024,110-02,119-08
6/5/2024,109-31+,119-02
6/4/2024,109-22+,118-13
6/3/2024,109-08,117-15
5/31/2024,108-15+,115-30
5/30/2024,108-07+,115-14
5/29/2024,107-24+,114-18
5/28/2024,108-09+,115-25
5/24/2024,108-22+,116-26
5/23/2024,108-23,116-26
5/22/2024,109-01,117-09
5/21/2024,109-07+,117-11
5/20/2024,109-03,117-02
5/17/2024,109-06,117-10
5/16/2024,109-15+,117-29
5/15/2024,109-23,118-02
5/14/2024,109-03,116-25
5/13/2024,108-26+,116-12
5/10/2024,108-22+,116-02
5/9/2024,109-03,116-24
5/8/2024,108-26+,116-11
5/7/2024,109-00+,116-22
5/6/2024,108-28+,116-07
5/3/2024,108-27+,115-30
5/2/2024,108-11+,115-04
5/1/2024,108-03+,115-01
4/30/2024,107-14,113-26
4/29/2024,107-30+,114-19
4/26/2024,107-18+,113-27
4/25/2024,107-11+,113-10
4/24/2024,107-23+,113-29
4/23/2024,108-02+,114-23
4/22/2024,107-27+,114-17
4/19/2024,107-29,114-20
4/18/2024,107-22+,114-04
4/17/2024,108-05,114-27
4/16/2024,107-21+,113-31
4/15/2024,107-28+,114-09
4/12/2024,108-22,116-07
4/11/2024,108-03+,115-08
4/10/2024,108-06+,115-18
4/9/2024,109-20+,117-31
4/8/2024,109-08+,117-04
4/5/2024,109-21,117-17
4/4/2024,110-04,118-13
4/3/2024,109-25+,117-25
4/2/2024,109-23,117-23
4/1/2024,109-29+,118-16
3/29/2024,,
3/28/2024,110-25+,120-14
3/27/2024,110-28,120-06
3/26/2024,110-20+,119-20
3/25/2024,110-16+,119-10
3/22/2024,110-24,119-25
3/21/2024,110-12+,119
3/20/2024,110-14,118-26
3/19/2024,109-21+,118-24
3/18/2024,109-11+,118-07
3/15/2024,109-19+,118-24
3/14/2024,109-23+,118-23
3/13/2024,110-13,120-08
3/12/2024,110-19+,120-24
3/11/2024,111-00+,121-13
3/8/2024,111-04+,121-16
3/7/2024,111-02+,121-23
3/6/2024,110-29+,121-19
3/5/2024,110-24,120-27
3/4/2024,110-07,119-19
3/1/2024,110-16,120-01
2/29/2024,109-29+,119-08
2/28/2024,109-26,118-24
2/27/2024,109-17,118-10
2/26/2024,109-19+,118-19
2/23/2024,109-28,119-02
2/22/2024,109-16,118-02
2/21/2024,109-20,117-23
2/20/2024,109-30,118-10
2/16/2024,109-24,118-07
2/15/2024,110-05+,118-28
2/14/2024,110-00+,118-17
2/13/2024,109-20,117-31
2/12/2024,110-23,119-27
2/9/2024,110-18+,119-20
2/8/2024,110-24,119-22
2/7/2024,111-06,120-27
2/6/2024,111-09,121
2/5/2024,110-25,120-04
2/2/2024,111-21,121-29
2/1/2024,112-28+,124-01
1/31/2024,112-10+,122-11
1/30/2024,111-20,121-08
1/29/2024,111-16+,120-17
1/26/2024,111-01,119-18
1/25/2024,111-10,119-26
1/24/2024,110-31,119-07
1/23/2024,111-07,119-26
1/22/2024,111-16,120-23
1/19/2024,111-04,120
1/18/2024,111-06+,119-29
1/17/2024,111-13+,120-25
1/16/2024,111-27,121-02
1/12/2024,112-19,122-28
1/11/2024,112-11,122-23
1/10/2024,111-28,122-05
1/9/2024,111-29,122-13
1/8/2024,112-01+,122-17
1/5/2024,111-23,122-01
1/4/2024,111-31+,122-27
1/3/2024,112-16+,124-04
1/2/2024,112-09+,123-26
12/29/2023,112-28+,124-30
12/28/2023,112-28+,125-04
12/27/2023,113-10+,125-28
12/26/2023,112-23,124-08
12/22/2023,112-19,123-25
12/21/2023,112-21+,123-31
12/20/2023,112-25,124-12
12/19/2023,112-06,123-23
12/18/2023,111-30+,123-08
12/15/2023,112-03+,123-27
12/14/2023,112-07+,123-11
12/13/2023,111-19+,121-20
12/12/2023,110-08,119-16
12/11/2023,110-01,119-01
12/8/2023,109-31,119-01
12/7/2023,110-27,120-09
12/6/2023,110-26,120-18
12/5/2023,110-20,119-14
12/4/2023,109-28+,117-18
12/1/2023,110-11,118-05
11/30/2023,109-15,116-14
11/29/2023,109-30,117-13
11/28/2023,109-17,116-12
11/27/2023,109,116-01
11/24/2023,108-12+,114-27
11/22/2023,108-26,115-28
11/21/2023,108-30,115-20
11/20/2023,108-27,115-26
11/17/2023,108-24,115-13
11/16/2023,108-27+,115-10
11/15/2023,108-07,114-08
11/14/2023,108-29,115-14
11/13/2023,107-14,113-09
11/10/2023,107-13+,113-12
11/9/2023,107-17,112-31
11/8/2023,108-10+,114-26
11/7/2023,108-04,113-31
11/6/2023,107-19,112-15
11/3/2023,108-11+,113-21
11/2/2023,107-15+,112-16
11/1/2023,106-27+,110-14
10/31/2023,106-05+,109-14
10/30/2023,106-07,109-09
10/27/2023,106-13+,109-16
10/26/2023,106-11,109-28
10/25/2023,105-21+,108-13
10/24/2023,106-11+,110
10/23/2023,106-15+,109-31
10/20/2023,106,108-15
10/19/2023,105-13+,107-27
10/18/2023,105-28,109-09
10/17/2023,106-07,110
10/16/2023,107-06+,111-11
10/13/2023,107-23,112-25
10/12/2023,107-07+,111-15
10/11/2023,107-30,113-12
10/10/2023,107-23,112-02
10/9/2023,107-27,112-01
10/6/2023,106-27,110-15
10/5/2023,107-10,111-13
10/4/2023,107-03+,111-16
10/3/2023,106-20+,110-21
10/2/2023,107-10+,112-12
9/29/2023,108-02,113-25
9/28/2023,107-27+,113-16
9/27/2023,107-18+,113-16
9/26/2023,108-03+,114-12
9/25/2023,108-05+,114-27
9/22/2023,108-22,116-29
9/21/2023,108-13+,116-09
9/20/2023,109-06,119-07
9/19/2023,108-26+,118-12
9/18/2023,109-06+,118-28
9/15/2023,109-05+,118-19
9/14/2023,109-11+,119-01
9/13/2023,109-20+,119-20
9/12/2023,109-16+,119-12
9/11/2023,109-13,119-01
9/8/2023,109-17,119-16
9/7/2023,109-19+,119-09
9/6/2023,109-09,119-04
9/5/2023,109-17+,119-01
9/1/2023,110-05,120-08
8/31/2023,110-18,121-18
8/30/2023,110-11+,121-04
8/29/2023,110-10+,121-03
8/28/2023,109-20+,119-30
8/25/2023,109-14,119-24
8/24/2023,109-19,119-27
8/23/2023,109-29,120-07
8/22/2023,109-02,118-11
8/21/2023,109-02+,117-28
8/18/2023,109-20+,119-07
8/17/2023,109-09,118-21
8/16/2023,109-18,119-12
8/15/2023,109-24+,120-03
8/14/2023,110,120-22
8/11/2023,110-06,120-24
8/10/2023,110-27+,121-22
8/9/2023,111-12+,122-24
8/8/2023,111-13,122-14
8/7/2023,111-04,121-18
8/4/2023,111-04+,122
8/3/2023,110-07+,120-11
8/2/2023,110-25+,122-09
8/1/2023,110-28,122-31
7/31/2023,111-13,124-14
7/28/2023,111-11,124-08
7/27/2023,111-00+,123-28
7/26/2023,112-04+,126-06
7/25/2023,111-19+,125-17
7/24/2023,112-02,126-05
7/21/2023,112-07+,126-12
7/20/2023,112-04+,126-06
7/19/2023,113,127-22
7/18/2023,112-24,126-25
7/17/2023,112-23,126-18
7/14/2023,112-18,126-14
7/13/2023,113-01+,127
7/12/2023,112-08+,125-25
7/11/2023,111-08+,124-12
7/10/2023,111-04+,124-02
7/7/2023,110-21+,123-24
7/6/2023,110-19+,124-01
7/5/2023,111-11+,125-08
7/3/2023,111-30,126-20
6/30/2023,112-08+,126-29
6/29/2023,112-04,126-05
6/28/2023,113-08,128-08
6/27/2023,112-26+,127-18
6/26/2023,113-07+,128-03
6/23/2023,113-02+,127-29
6/22/2023,112-23+,127
6/21/2023,112-15,127-26
6/20/2023,112-21+,128-08
6/16/2023,112-13,127-11
6/15/2023,112-26+,127-24
6/14/2023,112-06+,126-30
6/13/2023,112-00+,126-02
6/12/2023,112-22+,126-31
6/9/2023,112-21,127-11
6/8/2023,113-01,127-15
6/7/2023,112-17,126-10
6/6/2023,113-01,127-23
6/5/2023,113-03+,127-22
6/2/2023,113-01+,127-22
6/1/2023,113-29+,128-19
5/31/2023,113-20,128-02
5/30/2023,113-05+,127-06
5/26/2023,112-13,125-20
5/25/2023,112-20,125-17
5/24/2023,113-13+,126-18
5/23/2023,113-19+,126-30
5/22/2023,113-15,126-25
5/19/2023,113-18,127-05
5/18/2023,113-29+,127-29
5/17/2023,114-18+,128-25
5/16/2023,114-29+,129-04
5/15/2023,115-07+,129-25
5/12/2023,115-14,130-23
5/11/2023,116-01+,131-17
5/10/2023,115-29,130-22
5/9/2023,115-06,129-22
5/8/2023,115-05+,129-28
5/5/2023,115-23,130-31
5/4/2023,116-18,132-04
5/3/2023,115-29,131-28
5/2/2023,115-18,131-14
5/1/2023,114-16,129-21
4/28/2023,115-06+,131-21
4/27/2023,114-23+,130-13
4/26/2023,115-17+,131-23
4/25/2023,115-25+,132-12
4/24/2023,114-28,130-24
4/21/2023,114-15,129-29
4/20/2023,114-21,130-10
4/19/2023,114-06,129-23
4/18/2023,114-15+,130-01
4/17/2023,114-11+,129-24
4/14/2023,114-27+,130-23
4/13/2023,115-14+,131-26
4/12/2023,115-22+,132-05
4/11/2023,115-12,132-12
4/10/2023,115-16+,132-18
4/7/2023,115-25+,133-03
4/6/2023,116-17+,134-03
4/5/2023,116-18+,134-02
4/4/2023,116-08,133-04
4/3/2023,115-14+,131-30
3/31/2023,114-29+,131-05
3/30/2023,114-18+,130-05
3/29/2023,114-17,129-26
3/28/2023,114-20+,129-30
3/27/2023,114-31+,130-11
3/24/2023,116-03+,132-11
3/23/2023,115-31+,131-25
3/22/2023,113-23,129-01
3/21/2023,113-20+,128-23
3/20/2023,114-19,130
3/17/2023,115-04,131-09
3/16/2023,113-21,129-05
3/15/2023,114-17,130-07
3/14/2023,113-11,128-19
3/13/2023,114-04+,130-04
3/10/2023,112-20,128-01
3/9/2023,111-00+,124-23
3/8/2023,110-14+,124-06
3/7/2023,110-16+,124
3/6/2023,110-18,123-19
3/3/2023,110-21,123-27
3/2/2023,110-03,122-07
3/1/2023,110-18,123-06
2/28/2023,111-05+,124-04
2/27/2023,111-04+,124-07
2/24/2023,110-29+,123-28
2/23/2023,111-14,125-03
2/22/2023,111-06+,124-18
2/21/2023,111-02,124-03
2/17/2023,112,125-25
2/16/2023,111-28+,125-18
2/15/2023,112-01+,126-07
2/14/2023,112-10+,126-31
2/13/2023,112-25,127-12
2/10/2023,112-22,126-30
2/9/2023,113-01,127-28
2/8/2023,113-13,128-11
2/7/2023,113-07+,128-13
2/6/2023,113-16,129
2/3/2023,114-13+,130-02
2/2/2023,115-17+,131-25
2/1/2023,115-15+,131-21
1/31/2023,114-16+,129-28
1/30/2023,114-09,129-25
1/27/2023,114-19+,130-05
1/26/2023,114-27+,130-13
1/25/2023,115-04+,130-26
1/24/2023,115-01,130-27
1/23/2023,114-22,129-27
1/20/2023,115-02,130-15
1/19/2023,115-20+,131-24
1/18/2023,115-29,132-02
1/17/2023,114-21+,129-23
1/13/2023,114-24+,130
1/12/2023,115-07+,130-21
1/11/2023,114-14,129-03
1/10/2023,114,128-07
1/9/2023,114-20,129-29
1/6/2023,114-07,129-07
1/5/2023,113-00+,127-17
1/4/2023,113-06,127-16
1/3/2023,112-20+,126-07
12/30/2022,112-09+,125-11
12/29/2022,112-14,125-16
12/28/2022,112-06,124-29
12/27/2022,112-10+,125-10
12/23/2022,113-02+,127-05
12/22/2022,113-17+,128-14
12/21/2022,113-18,128-05
12/20/2022,113-14+,128-08
12/19/2022,114-01+,129-27
12/16/2022,114-21+,131-07
12/15/2022,114-22+,132-04
12/14/2022,114-14+,131-05
12/13/2022,114-17,131-08
12/12/2022,113-19,129-23
12/9/2022,113-26+,129-30
12/8/2022,114-06,131-01
12/7/2022,114-27+,131-31
12/6/2022,114-03,130-15
12/5/2022,113-19,128-28
12/2/2022,114-11+,129-27
12/1/2022,114-09+,129-18
11/30/2022,113-07,127-01
11/29/2022,112-23,126-23
11/28/2022,112-29+,127-13
11/25/2022,113-01,127-19
11/23/2022,112-30+,127-20
11/22/2022,112-19+,126-20
11/21/2022,112-10,125-15
11/18/2022,112-09+,125-14
11/17/2022,112-20,125-27
11/16/2022,113-06+,126-13
11/15/2022,112-18,124-17
11/14/2022,112-04,123-21
11/11/2022,112-10,123-26
11/10/2022,112-16+,124-04
11/9/2022,110-10+,119-21
11/8/2022,110-09,119-30
11/7/2022,109-20+,118-17
11/4/2022,110-01+,119-14
11/3/2022,110-01,120-10
11/2/2022,110-20,120-23
11/1/2022,110-18+,121-01
10/31/2022,110-19,120-16
10/28/2022,111,121-08
10/27/2022,111-22,122-11
10/26/2022,111-03,121-15
10/25/2022,110-18,120-02
10/24/2022,109-23+,118-10
10/21/2022,109-25+,119-04
10/20/2022,109-11+,120-14
10/19/2022,110,121-29
10/18/2022,110-29,123-18
10/17/2022,110-22+,123-12
10/14/2022,110-19,123-23
10/13/2022,111-00+,124-18
10/12/2022,111-15+,125-05
10/11/2022,111-04+,124-21
10/10/2022,111-00+,124-05
10/7/2022,111-15+,125-17
10/6/2022,111-30,126-09
10/5/2022,112-17,126-25
10/4/2022,113-16,128-21
10/3/2022,113-06+,128-10
9/30/2022,112-02,126-13
9/29/2022,112-14+,127-02
9/28/2022,112-27+,127-22
9/27/2022,110-28+,124-26
9/26/2022,111-11+,126-16
9/23/2022,112-20,128-25
9/22/2022,112-24,128-07
9/21/2022,113-20,130-07
9/20/2022,113-27,130-09
9/19/2022,114-11+,131-12
9/16/2022,114-24,131-20
9/15/2022,114-15+,131-28
9/14/2022,114-30+,132-14
9/13/2022,114-29+,132-12
9/12/2022,115-19,132-27
9/9/2022,115-23+,133-15
9/8/2022,115-31,133-26
9/7/2022,116-05+,134-06
9/6/2022,115-19+,133
9/2/2022,116-21,135-05
9/1/2022,115-31+,134-04
8/31/2022,116-28,136-13
8/30/2022,117,136-25
8/29/2022,117-01,136-18
8/26/2022,117-18+,137-22
8/25/2022,117-25,137-26
8/24/2022,117-08,136-14
8/23/2022,117-20,137-16
8/22/2022,117-23,137-29
8/19/2022,118-03+,138-15
8/18/2022,118-27,140-14
8/17/2022,118-24+,140-10
8/16/2022,119-12+,141-07
8/15/2022,119-22+,141-17
8/12/2022,119-08+,140-19
8/11/2022,119-03,140
8/10/2022,119-24,141-30
8/9/2022,119-15+,142-12
8/8/2022,119-27+,142-18
8/5/2022,119-12,141-07
8/4/2022,120-23+,143-22
8/3/2022,120-03,142-27
8/2/2022,120-04,142-31
8/1/2022,121-11+,144-22
7/29/2022,121-04+,144
7/28/2022,120-31+,143-05
7/27/2022,120-13+,142-24
7/26/2022,119-27+,142-04
7/25/2022,119-21,141-13
7/22/2022,119-28+,142-02
7/21/2022,118-29,140-11
7/20/2022,117-25,138-16
7/19/2022,117-31,138-18
7/18/2022,118-15,139-08
7/15/2022,118-20+,140-01
7/14/2022,118-16,139-18
7/13/2022,118-29+,140-11
7/12/2022,118-21,139-11
7/11/2022,118-12,138-23
7/8/2022,117-20,136-27
7/7/2022,118-08+,138-13
7/6/2022,119-01+,139-25
7/5/2022,119-29+,141-05
7/1/2022,119-08+,139-11
6/30/2022,118-17,138-20
6/29/2022,117-16+,136-30
6/28/2022,116-22+,135-05
6/27/2022,116-26,135-10
6/24/2022,117-11,136-01
6/23/2022,117-21,137-03
6/22/2022,116-30+,135-31
6/21/2022,116-11,134-19
6/17/2022,116-22,135-26
6/16/2022,116-11,134-21
6/15/2022,115-22,133-13
6/14/2022,114-31,132-12
6/13/2022,115-25+,133-19
6/10/2022,117-10,136-21
6/9/2022,118-13+,138-03
6/8/2022,118-19+,138
6/7/2022,118-30+,139
6/6/2022,118-14+,137-23
6/3/2022,119-01+,139-06
6/2/2022,119-09,139-24
6/1/2022,119-01+,139-20
5/31/2022,119-27,140-14
5/27/2022,120-15+,141-30
5/26/2022,120-19,141-22
5/25/2022,120-19,141-27
5/24/2022,120-12,141-29
5/23/2022,119-18+,140-10
5/20/2022,120-04,141-25
5/19/2022,119-22+,140-19
5/18/2022,119-14,140-10
5/17/2022,118-27+,138-21
5/16/2022,119-21+,139-29
5/13/2022,119-05+,139-03
5/12/2022,120,140-30
5/11/2022,119-08+,139-20
5/10/2022,118-25,138-19
5/9/2022,118-06,136-30
5/6/2022,117-25+,136-10
5/5/2022,118-02,137-09
5/4/2022,119-05,140-05
5/3/2022,118-16+,140
5/2/2022,118-11,139-03
4/29/2022,119-05,140-22
4/28/2022,119-11+,141-07
4/27/2022,119-25+,141-17
4/26/2022,120-01+,142-14
4/25/2022,119-19+,141-17
4/22/2022,118-30,140-03
4/21/2022,118-24,140-02
4/20/2022,119-16,141-01
4/19/2022,119-03+,139-15
4/18/2022,119-20+,140-06
4/15/2022,,
4/14/2022,119-30,141-02
4/13/2022,120-25+,143-06
4/12/2022,120-16,142-14
4/11/2022,119-24,142-02
4/8/2022,120-04,143-05
4/7/2022,120-17+,144-08
4/6/2022,120-22,145-14
4/5/2022,120-29+,146-13
4/4/2022,122-03,148-28
4/1/2022,122-07+,149-26
3/31/2022,122-28,150-02
3/30/2022,122-20,149-14
3/29/2022,122-10+,148-30
3/28/2022,121-22+,147-20
3/25/2022,121-17+,147-02
3/24/2022,122-29+,149-11
3/23/2022,123-04+,149-17
3/22/2022,122-29+,146-31
3/21/2022,123-14,148-03
3/18/2022,124-26,150-25
3/17/2022,124-16+,149-26
3/16/2022,124-14+,150-05
3/15/2022,124-26,150-04
3/14/2022,124-30+,150-23
3/11/2022,126-00+,153-05
3/10/2022,126-03,152-26
3/9/2022,126-19,153-22
3/8/2022,127-05+,155-03
3/7/2022,128-02+,157-20
3/4/2022,128-17,157-07
3/3/2022,127-18,154-29
3/2/2022,127-10,154-18
3/1/2022,128-23,157-01
2/28/2022,127-14+,154-19
2/25/2022,126-08,152-08
2/24/2022,126-15,152-14
2/23/2022,126-09,152-18
2/22/2022,126-15,152-31
2/18/2022,126-21+,153-01
2/17/2022,126-13+,151-31
2/16/2022,125-26,150-27
2/15/2022,125-23+,150-24
2/14/2022,125-31+,151-24
2/11/2022,126-12+,152-21
2/10/2022,125-25+,151-21
2/9/2022,126-24,153-09
2/8/2022,126-18+,152-25
2/7/2022,126-29,153-16
2/4/2022,126-24+,153-08
2/3/2022,127-20+,154-29
2/2/2022,128-04,156
2/1/2022,127-28,155-10
1/31/2022,127-31,155-20
1/28/2022,127-30+,155-24
1/27/2022,127-21,155-13
1/26/2022,127-16+,154-11
1/25/2022,128-04,155-08
1/24/2022,128-16+,155-29
1/21/2022,128-10,155-30
1/20/2022,127-22+,154-15
1/19/2022,127-21+,154-18
1/18/2022,127-12,153-22
1/14/2022,128-06,155-11
1/13/2022,128-23,156-17
1/12/2022,128-18+,156-01
1/11/2022,128-12+,155-30
1/10/2022,128-04+,155-11
1/7/2022,128-09+,155-04
1/6/2022,128-17,155-30
1/5/2022,128-27,156-12
1/4/2022,129-09,156-26
1/3/2022,129-14,157-29
12/31/2021,130-15,160-14
12/30/2021,130-13,159-28
12/29/2021,130-07,159-12
12/28/2021,130-19+,160-21
12/27/2021,130-18,160-24
12/23/2021,130-17+,160-15
12/22/2021,130-23+,161-12
12/21/2021,131-07,161-30
12/20/2021,131-26+,163-17
12/17/2021,131-26+,164-04
12/16/2021,131-24+,163-22
12/15/2021,131-05,163-10
12/14/2021,131-09+,163-25
12/13/2021,131-16+,164-01
12/10/2021,131-03,162-28
12/9/2021,131-02+,162-27
12/8/2021,130-29+,162-12
12/7/2021,131-01,163-15
12/6/2021,131-11,164-03
12/3/2021,132-04,165-23
12/2/2021,131-10,163-29
12/1/2021,131-20+,163-30
11/30/2021,131-17+,163-22
11/29/2021,131-01+,162
11/26/2021,131-05+,162-28
11/24/2021,129-26+,160
11/23/2021,129-25,159-12
11/22/2021,130,160-10
11/19/2021,130-28,161-26
11/18/2021,130-18+,160-30
11/17/2021,130-14+,160-14
11/16/2021,130-05+,160
11/15/2021,130-09+,160-08
11/12/2021,130-17,161-12
11/11/2021,130-10+,161-25
11/10/2021,130-23+,162-04
11/9/2021,131-27,163-23
11/8/2021,131-09+,162-09
11/5/2021,131-26+,162-28
11/4/2021,131-10,161-05
11/3/2021,130-24+,160-15
11/2/2021,130-31,160-25
11/1/2021,130-21,160-12
10/29/2021,130-22+,160-27
10/28/2021,130-24,160-16
10/27/2021,131-05+,160-31
10/26/2021,130-19+,158-31
10/25/2021,130-18,158-17
10/22/2021,130-11,158-09
10/21/2021,130-06,157-24
10/20/2021,130-20+,158-04
10/19/2021,130-18,158-09
10/18/2021,130-24+,159-18
10/15/2021,130-31,159-12
10/14/2021,131-16,160-03
10/13/2021,131-07,159-21
10/12/2021,131-04+,158-18
10/11/2021,130-27,157-15
10/8/2021,131-04+,157-24
10/7/2021,131-12+,158-14
10/6/2021,131-23,159-15
10/5/2021,131-23+,159-05
10/4/2021,132-02+,160-04
10/1/2021,132-05+,160-11
9/30/2021,131-19+,159-07
9/29/2021,131-15,159-03
9/28/2021,131-15,159-10
9/27/2021,131-25+,160-22
9/24/2021,132-00+,160-31
9/23/2021,132-12,162-05
9/22/2021,132-31+,163-24
9/21/2021,133-27+,165-12
9/20/2021,133-27,165-14
9/17/2021,133-13,164-05
9/16/2021,133-22+,164-31
9/15/2021,134,165-13
9/14/2021,134-06+,165-28
9/13/2021,133-29+,164-23
9/10/2021,133-24+,164-09
9/9/2021,134-03,165-04
9/8/2021,133-27+,164-05
9/7/2021,133-20,163-15
9/3/2021,134,164-15
9/2/2021,134-04,164-31
9/1/2021,134-01+,164-25
8/31/2021,134-01+,164-17
8/30/2021,134-04,165-01
8/27/2021,133-28+,164-16
8/26/2021,133-19,164-02
8/25/2021,133-20,163-30
8/24/2021,133-31+,165-01
8/23/2021,134-07,165-26
8/20/2021,134-04,165-24
8/19/2021,134-10+,165-26
8/18/2021,134-04+,165-02
8/17/2021,134-08+,165-04
8/16/2021,134-10+,165-04
8/13/2021,133-30+,164-13
8/12/2021,133-14+,162-29
8/11/2021,133-18+,163-01
8/10/2021,133-17+,163-07
8/9/2021,133-25,163-22
8/6/2021,134,164-06
8/5/2021,134-16,165-22
8/4/2021,134-26+,166-06
8/3/2021,135,166
8/2/2021,135,166
7/30/2021,134-14+,164-23
7/29/2021,134-07,164-05
7/28/2021,134-08+,164-12
7/27/2021,134-15,165
7/26/2021,134-06+,164-04
7/23/2021,134-04+,164-01
7/22/2021,134-08,164-16
7/21/2021,134-03+,164-01
7/20/2021,134-21+,165-13
7/19/2021,134-22,166-05
7/16/2021,133-25,163-26
7/15/2021,133-25+,163-29
7/14/2021,133-14+,162-19
7/13/2021,132-31+,161-14
7/12/2021,133-13,162-16
7/9/2021,133-13+,162-20
7/8/2021,133-28+,163-30
7/7/2021,133-17+,163-09
7/6/2021,133-07,162-03
7/2/2021,132-21+,160-29
7/1/2021,132-08+,160-06
6/30/2021,132-16,160-24
6/29/2021,132-08+,160-03
6/28/2021,132-08+,160-02
6/25/2021,131-27+,158-24
6/24/2021,132-05+,159-30
6/23/2021,132-06,159-25
6/22/2021,132-11+,159-30
6/21/2021,133-02,161-20
6/18/2021,133-05,162-17
6/17/2021,132-29,161-10
6/16/2021,132-22+,159-13
6/15/2021,133-14,160-04
6/14/2021,133-13+,160-06
6/11/2021,133-22+,160-26
6/10/2021,133-25+,160-29
6/9/2021,133-20+,160-12
6/8/2021,133-11+,159-19
6/7/2021,133-01,158-26
6/4/2021,133-04,159-02
6/3/2021,132-17,157-21
6/2/2021,132-27+,158-03
6/1/2021,132-23+,157-23
5/28/2021,132-27+,158-04
5/27/2021,132-22,157-25
5/26/2021,132-29,158-17
5/25/2021,132-31,158-19
5/24/2021,132-20,157-22
5/21/2021,132-14,157-08
5/20/2021,132-15+,157
5/19/2021,132-01,156-02
5/18/2021,132-12+,156-22
5/17/2021,132-11,156-25
5/14/2021,132-13,156-26
5/13/2021,132-06,156-06
5/12/2021,131-29+,155-19
5/11/2021,132-14+,156-30
5/10/2021,132-19+,157-17
5/7/2021,132-24,157-31
5/6/2021,132-21+,158-20
5/5/2021,132-17+,158-04
5/4/2021,132-13+,158
5/3/2021,132-10+,157-20
4/30/2021,132-01,157-08
4/29/2021,131-31+,157-06
4/28/2021,132-03,157-16
4/27/2021,132-01,157-14
4/26/2021,132-12,158-14
4/23/2021,132-14,158-09
4/22/2021,132-17+,158-14
4/21/2021,132-17,158-04
4/20/2021,132-18,158-05
4/19/2021,132-07+,157-16
4/16/2021,132-12,158
4/15/2021,132-21,159
4/14/2021,131-29+,156-28
4/13/2021,132-02+,157-05
4/12/2021,131-20,156-09
4/9/2021,131-23+,156-16
4/8/2021,132,156-25
4/7/2021,131-26+,156-12
4/6/2021,131-22,156-17
4/5/2021,131-03+,155-19
4/2/2021,130-30+,155-22
4/1/2021,131-13+,156-07
3/31/2021,130-30,154-19
3/30/2021,131-06,155-01
3/29/2021,131-11+,154-25
3/26/2021,131-24+,155-31
3/25/2021,132-04+,156-22
3/24/2021,132-03,156-24
3/23/2021,131-29+,156-05
3/22/2021,132-24,156-27
3/19/2021,132-11+,155-19
3/18/2021,132-14,155-17
3/17/2021,133-07+,156-22
3/16/2021,133-02+,157-12
3/15/2021,133-02+,157-20
3/12/2021,132-29,157-04
3/11/2021,133-23,159-14
3/10/2021,133-20,159-22
3/9/2021,133-13,159-10
3/8/2021,132-31+,158-09
3/5/2021,133-14+,158-24
3/4/2021,133-16,158-20
3/3/2021,134-04+,160-02
3/2/2021,134-20+,161
3/1/2021,134-09,160-23
2/26/2021,133-25+,160-24
2/25/2021,133-21+,159-22
2/24/2021,135-05,161-17
2/23/2021,135-13+,162-05
2/22/2021,135-10+,162-12
2/19/2021,135-14+,163-03
2/18/2021,135-27+,164-16
2/17/2021,135-24,164-13
2/16/2021,135-25,164-03
2/12/2021,136-17+,166-05
2/11/2021,136-27+,167-08
2/10/2021,136-29+,167-17
2/9/2021,136-23,167-04
2/8/2021,136-22,167-04
2/5/2021,136-22,166-23
2/4/2021,136-25+,167-15
2/3/2021,136-25+,167-27
2/2/2021,136-30,168-14
2/1/2021,137-06,169
1/29/2021,137-01,168-23
1/28/2021,137-08,169-18
1/27/2021,137-17,170-14
1/26/2021,137-12,169-28
1/25/2021,137-12,169-31
1/22/2021,137-01,168-28
1/21/2021,136-28+,168-14
1/20/2021,136-31,169
1/19/2021,136-30,168-31
1/15/2021,136-27+,168-26
1/14/2021,136-18,168-07
1/13/2021,136-24+,169-12
1/12/2021,136-12+,168-06
1/11/2021,136-13+,168-11
1/8/2021,136-21,168-24
1/7/2021,136-30+,169-07
1/6/2021,137-06+,169-23
1/5/2021,137-27,172
1/4/2021,138-04,173-01
12/31/2020,138-02+,173-06
12/30/2020,137-31,172-27
12/29/2020,137-29+,172-21
12/28/2020,137-29+,172-24
12/24/2020,137-28,172-24
12/23/2020,137-24+,172-02
12/22/2020,137-31+,173-01
12/21/2020,138-13,171-16
12/18/2020,138-06+,171-06
12/17/2020,138-09+,171-23
12/16/2020,138-10+,171-31
12/15/2020,138-09+,171-29
12/14/2020,138-16,172-21
12/11/2020,138-16,172-20
12/10/2020,138-10,172-15
12/9/2020,138-01+,171-16
12/8/2020,138-07,172-03
12/7/2020,138-04+,171-18
12/4/2020,137-26,170-24
12/3/2020,138-02+,171-29
12/2/2020,137-27,171-07
12/1/2020,137-27,171-22
11/30/2020,138-17,173-25
11/27/2020,138-17+,173-28
11/25/2020,138-08+,172-28
11/24/2020,138-08,172-29
11/23/2020,138-10,173-15
11/20/2020,138-16,174-02
11/19/2020,138-11+,173-08
11/18/2020,138-06,172-17
11/17/2020,138-09+,172-18
11/16/2020,138-01,171-29
11/13/2020,138-03+,172-06
11/12/2020,138-05,172-09
11/11/2020,137-19+,170-21
11/10/2020,137-14,170
11/9/2020,137-18+,170-06
11/6/2020,138-17+,173-10
11/5/2020,138-28,174-11
11/4/2020,138-31+,174-14
11/3/2020,138-03,172-01
11/2/2020,138-09+,172-24
10/30/2020,138-07,172-15
10/29/2020,138-13,172-27
10/28/2020,138-25+,174-01
10/27/2020,138-27,174-03
10/26/2020,138-20+,173-19
10/23/2020,138-11+,172-19
10/22/2020,138-10+,172-11
10/21/2020,138-18+,173-03
10/20/2020,138-22+,173-16
10/19/2020,138-29+,174-16
10/16/2020,139-02,174-29
10/15/2020,139-04,175-08
10/14/2020,139-07,175-12
10/13/2020,139-06+,175-06
10/12/2020,138-29,174-12
10/9/2020,138-26+,174-01
10/8/2020,138-29+,174-06
10/7/2020,138-23,173-21
10/6/2020,139-01+,174-22
10/5/2020,138-29+,174-07
10/2/2020,139-14,175-29
10/1/2020,139-17+,176-11
9/30/2020,139-17,176-09
9/29/2020,139-25,177-07
9/28/2020,139-20,176-27
9/25/2020,139-20+,177-01
9/24/2020,139-18+,176-31
9/23/2020,139-16,176-15
9/22/2020,139-20,176-22
9/21/2020,139-24+,178-09
9/18/2020,139-19+,177-21
9/17/2020,139-20+,178-04
9/16/2020,139-20+,177-30
9/15/2020,139-21+,178-05
9/14/2020,139-23+,178-11
9/11/2020,139-24+,178-08
9/10/2020,139-19,177-29
9/9/2020,139-15,177-12
9/8/2020,139-18,177-30
9/4/2020,139-06+,177-01
9/3/2020,139-29+,179-17
9/2/2020,139-22+,178-28
9/1/2020,139-18+,178
8/31/2020,139-13,177-12
8/28/2020,139-08,176-14
8/27/2020,138-31,176-13
8/26/2020,139-10,178-05
8/25/2020,139-10,178-17
8/24/2020,139-16+,179-14
8/21/2020,139-18,179-19
8/20/2020,139-18,179-11
8/19/2020,139-12,178-14
8/18/2020,139-12+,178-26
8/17/2020,139-10+,178-11
8/14/2020,139-04,177-27
8/13/2020,138-31,177-26
8/12/2020,139-06,178-25
8/11/2020,139-08,179-04
8/10/2020,139-28,181-09
8/7/2020,139-30+,181-19
8/6/2020,140-05,182-08
8/5/2020,140-02+,182-03
8/4/2020,140-10+,182-25
8/3/2020,139-30,181-19
7/31/2020,140-02+,182-09
7/30/2020,140-00+,182-10
7/29/2020,139-24,181-09
7/28/2020,139-22+,181-14
7/27/2020,139-15,180-21
7/24/2020,139-18+,181-03
7/23/2020,139-20,181-03
7/22/2020,139-18,180-20
7/21/2020,139-16+,180-09
7/20/2020,139-12+,180
7/17/2020,139-11+,179-23
7/16/2020,139-15+,180-07
7/15/2020,139-11,179-23
7/14/2020,139-13+,180-09
7/13/2020,139-07,179-20
7/10/2020,139-07,179-26
7/9/2020,139-16,180-12
7/8/2020,139-06,178-30
7/7/2020,139-06+,179
7/6/2020,138-31+,177-31
7/2/2020,139-03,178-09
7/1/2020,138-30+,178-04
6/30/2020,139-05+,178-18
6/29/2020,139-10+,179-01
6/26/2020,139-07,179-03
6/25/2020,138-29,178-07
6/24/2020,138-28,177-28
6/23/2020,138-24,176-30
6/22/2020,138-22+,177-09
6/19/2020,139-05,179-04
6/18/2020,139-06+,179
6/17/2020,138-31,177-25
6/16/2020,138-25+,177-09
6/15/2020,139-03+,178-29
6/12/2020,139-03+,178-25
6/11/2020,139-13+,179-31
6/10/2020,138-28,177-17
6/9/2020,138-05,175-30
6/8/2020,137-23+,174-16
6/5/2020,137-17+,174-04
6/4/2020,138-06+,175-20
6/3/2020,138-18,177-04
6/2/2020,139-06,178-31
6/1/2020,139-10+,179-12
5/29/2020,139-12,180
5/28/2020,138-30+,178-21
5/27/2020,139-04,179-15
5/26/2020,138-30+,178-31
5/22/2020,139-05,180-08
5/21/2020,139-02,179-23
5/20/2020,139-02+,179-20
5/19/2020,138-27+,178-20
5/18/2020,138-19,178-05
5/15/2020,139-10+,180-30
5/14/2020,139-13+,181-20
5/13/2020,139-07,180-21
5/12/2020,138-30+,179-26
5/11/2020,138-20,178-16
5/8/2020,138-30+,179-22
5/7/2020,139-09+,181-04
5/6/2020,138-17+,178-23
5/5/2020,138-27+,180-09
5/4/2020,138-31,180-23
5/1/2020,138-28,180-21
4/30/2020,139-02,181-01
4/29/2020,138-31,181-12
4/28/2020,139-00+,181-27
4/27/2020,138-21,180-18
4/24/2020,139-03+,182
4/23/2020,139-00+,181-13
4/22/2020,139-01+,180-31
4/21/2020,139-12+,182-08
4/20/2020,139-03+,180-24
4/17/2020,138-28+,179-28
4/16/2020,139-07+,181-13
4/15/2020,139-05,180-18
4/14/2020,138-07,177-22
4/13/2020,138-02+,178-04
4/9/2020,138-08,178-27
4/8/2020,137-27,178-09
4/7/2020,137-29,179-07
4/6/2020,138-13,180-18
4/3/2020,139-04+,182-18
4/2/2020,138-28+,181-17
4/1/2020,138-31+,181-04
3/31/2020,138-22,179-02
3/30/2020,138-26+,180-23
3/27/2020,138-08+,179-02
3/26/2020,137-23+,178-04
3/25/2020,137-11,177-24
3/24/2020,137-14+,178-27
3/23/2020,138-06+,179-21
3/20/2020,136-16,177-10
3/19/2020,135-10,172-22
3/18/2020,134-12,169-09
3/17/2020,136-02,175
3/16/2020,138-02,182-11
3/13/2020,135-25+,177-30
3/12/2020,136-28+,180-08
3/11/2020,137-04+,181-23
3/10/2020,137-17+,180-30
3/9/2020,139-09+,186-30
3/6/2020,138-01+,180-31
3/5/2020,136-24+,174-30
3/4/2020,136-08,173-13
3/3/2020,136,173-10
3/2/2020,135-08+,172-07
2/28/2020,134-27,171-12
2/27/2020,133-14,168-16
2/26/2020,133-10+,168-03
2/25/2020,133-04,167-22
2/24/2020,132-21,166-23
2/21/2020,131-27+,164-31
2/20/2020,131-14,163-30
2/19/2020,131-02+,162-31
2/18/2020,131-06+,163-05
2/14/2020,130-31+,162-13
2/13/2020,130-24+,161-28
2/12/2020,130-22,161-22
2/11/2020,131,162-15
2/10/2020,131-11+,163-05
2/7/2020,131-02+,162-19
2/6/2020,130-18,161-12
2/5/2020,130-17+,161-04
2/4/2020,130-28+,162-03
2/3/2020,131-18+,163-25
1/31/2020,131-21,163-17
1/30/2020,131-10,162-29
1/29/2020,131-00+,162-08
1/28/2020,130-19+,161-10
1/27/2020,130-28+,162-01
1/24/2020,130-09,160-20
1/23/2020,129-25,159-18
1/22/2020,129-17+,158-26
1/21/2020,129-18+,158-19
1/17/2020,129-01+,157-09
1/16/2020,129-05,158-03
1/15/2020,129-11,158-16
1/14/2020,129-04+,157-29
1/13/2020,128-29+,157-08
1/10/2020,129-02+,157-20
1/9/2020,128-28+,156-26
1/8/2020,128-24+,156-12
1/7/2020,129-05,157-13
1/6/2020,129-08,157-27
1/3/2020,129-12+,158-09
1/2/2020,128-20,156-19
12/31/2019,128-13+,155-29
12/30/2019,128-17,156-08
12/27/2019,128-21,156-29
12/26/2019,128-12,156-15
12/24/2019,128-10,156-12
12/23/2019,128-03,155-28
12/20/2019,128-08,156-08
12/19/2019,128-18,157-06
12/18/2019,128-10+,156-27
12/17/2019,128-18+,157-20
12/16/2019,128-17,157-21
12/13/2019,129-03,159-01
12/12/2019,128-14,157-18
12/11/2019,129-09+,159-22
12/10/2019,128-30,158-28
12/9/2019,129,158-25
12/6/2019,128-29,158-14
12/5/2019,129-10,159-04
12/4/2019,129-13,159-16
12/3/2019,129-31,160-28
12/2/2019,128-28+,158-06
11/29/2019,129-09+,159-24
11/27/2019,129-12,160-03
11/26/2019,129-22,160-19
11/25/2019,129-16+,160-02
11/22/2019,129-14+,159-28
11/21/2019,129-15+,159-23
11/20/2019,129-25+,160-10
11/19/2019,129-14,159-11
11/18/2019,129-10+,158-25
11/15/2019,129-04+,158-10
11/14/2019,129-11,158-21
11/13/2019,128-28+,157-20
11/12/2019,128-17,157
11/11/2019,128-12+,156-16
11/8/2019,128-12+,156-13
11/7/2019,128-12+,156-21
11/6/2019,129-10+,158-31
11/5/2019,128-29+,157-28
11/4/2019,129-18+,159-15
11/1/2019,130-00+,160-20
10/31/2019,130-09+,161-12
10/30/2019,129-15+,159-19
10/29/2019,129-08+,158-22
10/28/2019,129-05,158-09
10/25/2019,129-17,159-12
10/24/2019,129-27,159-31
10/23/2019,129-27+,160-03
10/22/2019,129-26,160-02
10/21/2019,129-20,159-14
10/18/2019,130-01,160-07
10/17/2019,129-29,160-06
10/16/2019,129-31+,160-09
10/15/2019,129-24+,159-30
10/14/2019,130-07,161-04
10/11/2019,129-28,160-14
10/10/2019,130-22+,162-08
10/9/2019,131-09,163-18
10/8/2019,131-22+,164-18
10/7/2019,131-16+,164-13
10/4/2019,131-29,165
10/3/2019,131-24,164-13
10/2/2019,131-04+,163-10
10/1/2019,130-21,162-22
9/30/2019,130-10,162-10
9/27/2019,130-12+,162-11
9/26/2019,130-09,162-10
9/25/2019,129-30+,161-08
9/24/2019,130-23,163-04
9/23/2019,130-02+,161-21
9/20/2019,129-22,160-28
9/19/2019,128-29+,161-07
9/18/2019,128-26,160-27
9/17/2019,128-23,160-05
9/16/2019,128-17,159-23
9/13/2019,128-02+,158-12
9/12/2019,128-28+,160-19
9/11/2019,129-11,161-23
9/10/2019,129-18,162-08
9/9/2019,130-08,163-25
9/6/2019,130-23+,165-10
9/5/2019,130-21,164-22
9/4/2019,131-19+,166-24
9/3/2019,131-14+,166-23
8/30/2019,131-01+,166-02
8/29/2019,130-30+,166-02
8/28/2019,131-11+,166-29
8/27/2019,131-04+,166-16
8/26/2019,130-25,165-03
8/23/2019,130-30+,165-17
8/22/2019,130-09+,164-03
8/21/2019,130-17,164-26
8/20/2019,130-23+,165
8/19/2019,130-14,164-08
8/16/2019,130-29+,165-18
8/15/2019,130-30+,165-23
8/14/2019,130-16+,164-29
8/13/2019,129-26+,162-30
8/12/2019,130-12,163-14
8/9/2019,129-22,161-09
8/8/2019,129-29+,161-18
8/7/2019,130-05,162-07
8/6/2019,129-24+,161
8/5/2019,129-27,160-23
8/2/2019,128-27+,158-19
8/1/2019,128-22,157-22
7/31/2019,127-13+,155-19
7/30/2019,127-11,154-20
7/29/2019,127-14+,154-25
7/26/2019,127-07,154-11
7/25/2019,127-09,154-10
7/24/2019,127-16+,154-26
7/23/2019,127-11+,154-09
7/22/2019,127-19,154-30
7/19/2019,127-17,154-24
7/18/2019,127-20+,154-31
7/17/2019,127-11+,154-24
7/16/2019,126-29+,153-20
7/15/2019,127-05+,154-02
7/12/2019,127-03+,153-23
7/11/2019,126-31+,153-17
7/10/2019,127-14,154-21
7/9/2019,127-09+,155-03
7/8/2019,127-16,155-13
7/5/2019,127-15,154-31
7/3/2019,128-08,156-21
7/2/2019,128-04+,156-03
7/1/2019,127-22,155
6/28/2019,127-31,155-19
6/27/2019,127-30,155-23
6/26/2019,127-19,154-31
6/25/2019,128-04,155-29
6/24/2019,127-30,155-13
6/21/2019,127-16+,154-19
6/20/2019,128-02,155-23
6/19/2019,126-29,155
6/18/2019,127-04+,155-20
6/17/2019,126-31,155-08
6/14/2019,126-30,154-31
6/13/2019,127,154-29
6/12/2019,126-20+,154-08
6/11/2019,126-14,154-08
6/10/2019,126-14,154-04
6/7/2019,126-28+,155-06
6/6/2019,126-19+,154-06
6/5/2019,126-20+,154-02
6/4/2019,126-19,154-11
6/3/2019,126-28+,155-08
5/31/2019,126-12,154-12
5/30/2019,125-22,153-02
5/29/2019,125-20,152-24
5/28/2019,125-12+,152-01
5/24/2019,124-28+,150-31
5/23/2019,125-06+,151-14
5/22/2019,124-14,149-23
5/21/2019,124-04+,149-06
5/20/2019,124-09,149-12
5/17/2019,124-15+,149-22
5/16/2019,124-13+,149-14
5/15/2019,124-21+,149-28
5/14/2019,124-10+,149-06
5/13/2019,124-13+,149-15
5/10/2019,123-31+,148-21
5/9/2019,123-31+,148-22
5/8/2019,123-24,148-07
5/7/2019,124-00+,148-24
5/6/2019,123-20,147-26
5/3/2019,123-11,147-12
5/2/2019,123-05+,146-30
5/1/2019,123-18+,147-19
4/30/2019,123-21+,147-15
4/29/2019,123-14,146-31
4/26/2019,123-21+,147-19
4/25/2019,123-12+,147-05
4/24/2019,123-17,147-11
4/23/2019,123-04,146-16
4/22/2019,122-30,146-07
4/18/2019,123-04+,146-27
4/17/2019,122-27+,146-10
4/16/2019,122-26+,146-11
4/15/2019,123-05,147-02
4/12/2019,123-03,146-29
4/11/2019,123-18,147-23
4/10/2019,123-25+,148-07
4/9/2019,123-20+,148
4/8/2019,123-14+,147-20
4/5/2019,123-19,147-30
4/4/2019,123-17+,147-22
4/3/2019,123-16,147-16
4/2/2019,123-24+,148-10
4/1/2019,123-19+,148-07
3/29/2019,124-07,149-21
3/28/2019,124-16,150-01
3/27/2019,124-22,150-02
3/26/2019,124-13,149-03
3/25/2019,124-10+,149
3/22/2019,124-01,148-17
3/21/2019,123-11+,147-04
3/20/2019,122-22,146-29
3/19/2019,122-16,146-15
3/18/2019,122-19,146-25
3/15/2019,122-22+,146-28
3/14/2019,122-14+,146-06
3/13/2019,122-19,146-26
3/12/2019,122-19+,147-03
3/11/2019,122-13,146-10
3/8/2019,122-16+,146-21
3/7/2019,122-13+,146-15
3/6/2019,121-30,145-18
3/5/2019,121-22,145-03
3/4/2019,121-21+,145-02
3/1/2019,121-14,144-15
2/28/2019,121-24,145-04
2/27/2019,121-29+,145-18
2/26/2019,122-10+,146-26
2/25/2019,122-01,146-04
2/22/2019,122-04+,146-13
2/21/2019,121-29,145-25
2/20/2019,122-05,146-19
2/19/2019,122-07,146-27
2/15/2019,122-01+,146-18
2/14/2019,122-05+,146-16
2/13/2019,121-24,145-24
2/12/2019,121-30+,145-31
2/11/2019,122-04,146-12
2/8/2019,122-12,146-28
2/7/2019,122-09,146-16
2/6/2019,121-28+,145-21
2/5/2019,121-28,145-22
2/4/2019,121-23,145-08
2/1/2019,121-30,145-30
1/31/2019,122-15,146-22
1/30/2019,122,145-22
1/29/2019,121-25,145-21
1/28/2019,121-16,145-03
1/25/2019,121-13,145-03
1/24/2019,121-24,145-25
1/23/2019,121-12+,144-31
1/22/2019,121-18+,145-13
1/18/2019,121-05+,144-17
1/17/2019,121-16+,145-01
1/16/2019,121-23,145-06
1/15/2019,121-29,145-13
1/14/2019,121-29,145-13
1/11/2019,121-30+,145-24
1/10/2019,121-23,145-09
1/9/2019,121-23,145-18
1/8/2019,121-24,146-01
1/7/2019,122-01+,146-16
1/4/2019,122-09+,146-28
1/3/2019,123-05,148-21
1/2/2019,122-06,146-24
12/31/2018,122-00+,146
12/28/2018,121-20,145-17
12/27/2018,121-17,145-17
12/26/2018,121-01,144-24
12/24/2018,121-13,145-14
12/21/2018,121-01,144-26
12/20/2018,121-02,144-26
12/19/2018,120-29+,144-29
12/18/2018,120-30+,144-15
12/17/2018,120-23,143-25
12/14/2018,120-14+,143-09
12/13/2018,120-09,143-01
12/12/2018,120-09,143-09
12/11/2018,120-14+,143-25
12/10/2018,120-22,144-02
12/7/2018,120-24+,143-30
12/6/2018,120-14+,143-25
12/5/2018,120-03,142-25
12/4/2018,120-03,142-25
12/3/2018,119-22,141-05
11/30/2018,119-17+,140-17
11/29/2018,119-13+,140-04
11/28/2018,119-12+,139-30
11/27/2018,119-08,139-29
11/26/2018,119-04+,139-25
11/23/2018,119-09,140
11/21/2018,119-07+,139-29
11/20/2018,119-11,140-01
11/19/2018,119-09+,139-25
11/16/2018,119-05,139-18
11/15/2018,118-26,138-25
11/14/2018,118-24,138-28
11/13/2018,118-16+,138-19
11/12/2018,118-12+,138-15
11/9/2018,118-04,137-29
11/8/2018,117-25,137-06
11/7/2018,117-31+,137-12
11/6/2018,118,137-14
11/5/2018,118-04+,137-18
11/2/2018,118-01+,137-05
11/1/2018,118-18+,138-14
10/31/2018,118-14,138-04
10/30/2018,118-25,138-29
10/29/2018,118-30+,139-11
10/26/2018,119-01,139-14
10/25/2018,118-17,138-23
10/24/2018,118-20,138-25
10/23/2018,118-08+,138-06
10/22/2018,118,137-26
10/19/2018,117-30+,137-23
10/18/2018,118-04+,138-04
10/17/2018,118-01+,138-05
10/16/2018,118-07,138-16
10/15/2018,118-05,138-09
10/12/2018,118-11,138-23
10/11/2018,118-12+,138-27
10/10/2018,117-24,137-08
10/9/2018,117-26,137-23
10/8/2018,117-22+,137-01
10/5/2018,117-21+,137-09
10/4/2018,117-27+,137-29
10/3/2018,118-04,138-16
10/2/2018,118-26,140-16
10/1/2018,118-21+,139-31
9/28/2018,118-25,140-16
9/27/2018,118-24,140-21
9/26/2018,118-23+,140-17
9/25/2018,118-14+,139-25
9/24/2018,118-20,140-08
9/21/2018,118-21+,140-11
9/20/2018,118-19,140-08
9/19/2018,118-27+,141-02
9/18/2018,118-31+,141-13
9/17/2018,119-10,142-13
9/14/2018,119-11+,142-17
9/13/2018,119-19,143-05
9/12/2018,119-19+,143-02
9/11/2018,119-16,142-24
9/10/2018,119-26,143-16
9/7/2018,119-25+,143-11
9/6/2018,120-09+,144-12
9/5/2018,120-03,143-28
9/4/2018,120-02,143-28
9/3/2018,,
8/31/2018,120-12+,144-31
8/30/2018,120-08+,144-31
8/29/2018,120-03,144-19
8/28/2018,120-03,144-14
8/27/2018,120-11,145-04
8/24/2018,120-16+,145-19
8/23/2018,120-19,145-21
8/22/2018,120-20,145-15
8/21/2018,120-14+,145-04
8/20/2018,120-20,145-15
8/17/2018,120-08,144-17
8/16/2018,120-08+,144-17
8/15/2018,120-14,144-24
8/14/2018,120-03+,144-01
8/13/2018,120-08,144-10
8/10/2018,120-12,144-21
8/9/2018,119-23,143-09
8/8/2018,119-16,142-20
8/7/2018,119-15,142-19
8/6/2018,119-23+,143-08
8/3/2018,119-19+,142-31
8/2/2018,119-10+,142-14
8/1/2018,119-05+,142-07
7/31/2018,119-13+,142-31
7/30/2018,119-12,142-20
7/27/2018,119-14,142-30
7/26/2018,119-11,142-22
7/25/2018,119-21,143-13
7/24/2018,119-18,143-06
7/23/2018,119-15+,142-26
7/20/2018,119-31+,144-06
7/19/2018,120-09+,145-09
7/18/2018,120-02,144-23
7/17/2018,120-04,145-01
7/16/2018,120-05+,145-04
7/13/2018,120-11+,145-22
7/12/2018,120-05,145-09
7/11/2018,120-08,145-15
7/10/2018,120-00+,145
7/9/2018,120-04,145-04
7/6/2018,120-11,145-21
7/5/2018,120-08,145-16
7/4/2018,,
7/3/2018,120-10,145-11
7/2/2018,120-02+,144-24
6/29/2018,120-06,145
6/28/2018,120-06,144-31
6/27/2018,120-12+,145-09
6/26/2018,120,144-08
6/25/2018,120-01,144-11
6/22/2018,119-26+,143-31
6/21/2018,119-27+,143-31
6/20/2018,119-31,144-16
6/19/2018,120-04+,144-30
6/18/2018,119-29,144-13
6/15/2018,119-28+,144-16
6/14/2018,119-24,144-04
6/13/2018,119-16+,143-14
6/12/2018,119-23+,143-24
6/11/2018,119-24+,143-21
6/8/2018,119-29+,144-01
6/7/2018,119-29+,144-04
6/6/2018,119-20,143-08
6/5/2018,120-01,144-10
6/4/2018,119-26+,144-04
6/1/2018,120-05+,144-26
5/31/2018,120-23+,146
5/30/2018,120-19+,145-14
5/29/2018,121-07+,146-08
5/28/2018,,
5/25/2018,119-27+,143-22
5/24/2018,119-16,142-25
5/23/2018,119-12+,142-07
5/22/2018,118-28,141-08
5/21/2018,118-27,141-09
5/18/2018,118-27,141-06
5/17/2018,118-16+,140-14
5/16/2018,118-17+,140-30
5/15/2018,118-19+,141-02
5/14/2018,119-08,142-24
5/11/2018,119-13,143-04
5/10/2018,119-12+,143-06
5/9/2018,119-08+,142-21
5/8/2018,119-16+,143-12
5/7/2018,119-22,143-18
5/4/2018,119-22+,143-21
5/3/2018,119-22,143-18
5/2/2018,119-16+,143-08
5/1/2018,119-12,143-05
4/30/2018,119-20,143-27
4/27/2018,119-16,143-08
4/26/2018,119-10,142-12
4/25/2018,119-02+,141-24
4/24/2018,119-10+,142-17
4/23/2018,119-10+,142-31
4/20/2018,119-17+,143-03
4/19/2018,119-26+,143-25
4/18/2018,120-04+,144-30
4/17/2018,120-18,146-01
4/16/2018,120-15,145-15
4/13/2018,120-15+,145-13
4/12/2018,120-15,145-12
4/11/2018,120-27,146-04
4/10/2018,120-24+,145-30
4/9/2018,120-29,146-02
4/6/2018,121-00+,146-01
4/5/2018,120-18,144-29
4/4/2018,120-26+,145-23
4/3/2018,120-27,145-28
4/2/2018,121-08+,146-24
3/29/2018,121-04+,146-20
3/28/2018,120-29,145-28
3/27/2018,120-29,145-20
3/26/2018,120-15,144-23
3/23/2018,120-19+,144-23
3/22/2018,120-16+,144-24
3/21/2018,119-30+,143-16
3/20/2018,120-23,144-26
3/19/2018,121,145-17
3/16/2018,120-31,145-14
3/15/2018,121-03,145-26
3/14/2018,121-04+,145-28
3/13/2018,120-29+,145-05
3/12/2018,120-27,144-24
3/9/2018,120-21,144-05
3/8/2018,120-25+,144-19
3/7/2018,120-20+,144-04
3/6/2018,120-21+,144-13
3/5/2018,120-21,144-04
3/2/2018,120-25+,144-14
3/1/2018,121-06+,145-11
2/28/2018,120-21,144-14
2/27/2018,120-12+,143-18
2/26/2018,120-26+,144-07
2/23/2018,120-23+,144-02
2/22/2018,120-13+,143-04
2/21/2018,120-06+,142-22
2/20/2018,120-15+,143-28
2/19/2018,,
2/16/2018,120-18+,144-07
2/15/2018,120-14+,144
2/14/2018,120-10+,143-12
2/13/2018,121,144-18
2/12/2018,120-28+,144-13
2/9/2018,121-05+,144-05
2/8/2018,120-28+,144-03
2/7/2018,121,144-20
2/6/2018,121-15+,146-01
2/5/2018,121-08+,145-22
2/2/2018,120-23+,144-25
2/1/2018,121-07,146-18
1/31/2018,121-18+,147-26
1/30/2018,121-20+,147-12
1/29/2018,121-26,148-04
1/26/2018,122-02,148-24
1/25/2018,122-14,149-13
1/24/2018,122-06+,148-15
1/23/2018,122-13+,149-07
1/22/2018,122-03,148-22
1/19/2018,122-09,149
1/18/2018,122-14+,149-14
1/17/2018,122-21,150-10
1/16/2018,122-31+,150-26
1/12/2018,122-30,150-16
1/11/2018,123-04,150-14
1/10/2018,123,150-02
1/9/2018,123-01+,150-07
1/8/2018,123-15+,151-23
1/5/2018,123-16+,151-26
1/4/2018,123-21+,152-10
1/3/2018,123-25,152-10
1/2/2018,123-22,151-24
12/29/2017,124-01+,153
12/28/2017,123-27,152-23
12/27/2017,123-31+,152-30
12/26/2017,123-20,151-20
12/25/2017,,
12/22/2017,123-15,151
12/21/2017,123-16+,151-06
12/20/2017,123-14+,150-18
12/19/2017,123-28,152-17
12/18/2017,124-14+,154-09
12/15/2017,124-20+,155-12
12/14/2017,124-25,155-07
12/13/2017,124-26+,154-26
12/12/2017,124-11+,153-25
12/11/2017,124-16,154-05
12/8/2017,124-16+,154
12/7/2017,124-16+,153-31
12/6/2017,124-26+,155-05
12/5/2017,124-19,154-26
12/4/2017,124-16,154-04
12/1/2017,124-21+,154-12
11/30/2017,124-10,152-27
11/29/2017,124-23,153-10
11/28/2017,124-31,154-09
11/27/2017,125-04,154-11
11/24/2017,124-31,154-08
11/23/2017,,
11/22/2017,125-03+,154-16
11/21/2017,124-22,154-03
11/20/2017,124-22,153-21
11/17/2017,124-29,153-25
11/16/2017,124-27+,153-18
11/15/2017,125-01+,154
11/14/2017,124-23+,152-28
11/13/2017,124-20,152-13
11/10/2017,124-22+,152-10
11/9/2017,125-06,153-28
11/8/2017,125-08,154-11
11/7/2017,125-13+,154-22
11/6/2017,125-11+,154-07
11/3/2017,125-05,153-21
11/2/2017,125-04+,153-15
11/1/2017,124-29,152-24
10/31/2017,124-30,152-15
10/30/2017,125-00+,152-12
10/27/2017,124-19,151-06
10/26/2017,124-12,150-23
10/25/2017,124-14+,150-29
10/24/2017,124-23+,151-22
10/23/2017,124-29+,152-11
10/20/2017,124-26+,152-06
10/19/2017,125-08+,153-17
10/18/2017,125-04+,153-01
10/17/2017,125-14,154-02
10/16/2017,125-13+,153-23
10/13/2017,125-22+,154
10/12/2017,125-12+,153-03
10/11/2017,125-07+,152-18
10/10/2017,125-08+,152-16
10/9/2017,125-03,152-03
10/6/2017,125-01,151-29
10/5/2017,125-05,152-08
10/4/2017,125-10+,152-18
10/3/2017,125-10+,152-20
10/2/2017,125-08,152-22
9/29/2017,125-10,152-26
9/28/2017,125-17+,152-25
9/27/2017,125-14,152-30
9/26/2017,126,154-25
9/25/2017,126-02,154-29
9/22/2017,125-23+,154-03
9/21/2017,125-20,153-28
9/20/2017,126-11,155-11
9/19/2017,126-09,155-13
9/18/2017,126-12,155-20
9/15/2017,126-19,156-10
9/14/2017,126-22,156-08
9/13/2017,126-23,156-03
9/12/2017,126-29,156-17
9/11/2017,127-08,157-09
9/8/2017,127-24,158-18
9/7/2017,127-24+,158-21
9/6/2017,127-11,157-20
9/5/2017,127-21+,158-09
9/1/2017,126-30+,156-15
8/31/2017,127-08,157-12
8/30/2017,127-02+,156-29
8/29/2017,127-06,156-30
8/28/2017,127,156-24
8/25/2017,126-28,156-17
8/24/2017,126-22,156-03
8/23/2017,126-29+,156-16
8/22/2017,126-18,155-19
8/21/2017,126-27,156-05
8/18/2017,126-24,155-27
8/17/2017,126-23,155-22
8/16/2017,126-16+,155-02
8/15/2017,126-05,154-13
8/14/2017,126-17+,155-05
8/11/2017,126-26,155-15
8/10/2017,126-18,155-11
8/9/2017,126-11,154-23
8/8/2017,126-00+,153-23
8/7/2017,126-05+,154-10
8/4/2017,126-02+,154-03
8/3/2017,126-11+,155
8/2/2017,126-03+,154-07
8/1/2017,126-07+,154-01
7/31/2017,125-28+,152-31
7/28/2017,125-30+,153-06
7/27/2017,125-26+,152-19
7/26/2017,126-00+,153-05
7/25/2017,125-18+,152-20
7/24/2017,126-05,154-08
7/21/2017,126-10,154-25
7/20/2017,126-02,154-02
7/19/2017,126-01+,153-30
7/18/2017,126-03+,153-27
7/17/2017,125-24,152-28
7/14/2017,125-21+,152-20
7/13/2017,125-13,152-06
7/12/2017,125-16+,152-25
7/11/2017,125-05+,152-02
7/10/2017,125-02+,152
7/7/2017,124-27,151-21
7/6/2017,124-31+,152-09
7/5/2017,125-07,153-11
7/3/2017,125-03+,153-02
6/30/2017,125-17,153-22
6/29/2017,125-26,154-08
6/28/2017,126-06+,155
6/27/2017,126-09,155-22
6/26/2017,126-25,156-29
6/23/2017,126-23+,156-20
6/22/2017,126-21+,156-15
6/21/2017,126-27,157-19
6/20/2017,126-29+,157-20
6/19/2017,126-21,156-21
6/16/2017,126-29+,156-28
6/15/2017,126-27,156-23
6/14/2017,127-03+,156-29
6/13/2017,126-19+,155-10
6/12/2017,126-18,155-09
6/9/2017,126-21,155-17
6/8/2017,126-22+,155-18
6/7/2017,126-25,155-27
6/6/2017,127-00+,156-09
6/5/2017,126-23+,155-21
6/2/2017,126-28+,156-05
6/1/2017,126-14+,154-27
5/31/2017,126-18,155-04
5/30/2017,126-14,154-19
5/26/2017,126-06,153-29
5/25/2017,126-05+,153-27
5/24/2017,126-02,153-17
5/23/2017,125-27+,153-09
5/22/2017,126-04,153-25
5/19/2017,126-06,153-27
5/18/2017,126-09,153-26
5/17/2017,126-13+,153-25
5/16/2017,125-17+,151-19
5/15/2017,125-14+,151-09
5/12/2017,125-15,151-14
5/11/2017,124-29+,150-20
5/10/2017,124-26,150-17
5/9/2017,124-26+,150-24
5/8/2017,125-02,151-10
5/5/2017,125-07,151-26
5/4/2017,125-05+,151-23
5/3/2017,125-17+,152-26
5/2/2017,125-22+,152-24
5/1/2017,125-15,152
4/28/2017,125-23,152-31
4/27/2017,125-20+,152-23
4/26/2017,125-18,152-21
4/25/2017,125-13,152-13
4/24/2017,125-25+,153-14
4/21/2017,126-02,154-05
4/20/2017,125-30+,154-05
4/19/2017,126-09,154-24
4/18/2017,126-16+,155-05
4/17/2017,125-29,153-15
4/13/2017,126-02+,154
4/12/2017,125-15,153
4/11/2017,125-15+,152-31
4/10/2017,124-29,151-25
4/7/2017,124-26,151-16
4/6/2017,125-04,151-23
4/5/2017,125-01+,151-16
4/4/2017,125-01,151-21
4/3/2017,125-01,151-24
3/31/2017,124-18,150-27
3/30/2017,124-11,150-17
3/29/2017,124-18+,151-07
3/28/2017,124-11+,150-25
3/27/2017,124-21+,151-15
3/24/2017,124-17,151-03
3/23/2017,124-13,150-17
3/22/2017,125-02+,151-31
3/21/2017,124-29,151-09
3/20/2017,124-21+,150-11
3/17/2017,124-12+,149-24
3/16/2017,124-07+,149-08
3/15/2017,124-12+,149-20
3/14/2017,123-18,148-04
3/13/2017,123-15,147-20
3/10/2017,123-21,148-02
3/9/2017,123-15,148-02
3/8/2017,123-24+,149-05
3/7/2017,124-01+,150-03
3/6/2017,124-06,150-10
3/3/2017,124-05+,150-16
3/2/2017,124-02+,150-11
3/1/2017,124-09,150-22
2/28/2017,125-03+,152-30
2/27/2017,125-04+,152-20
2/24/2017,125-19+,153-07
2/23/2017,125-01+,151-26
2/22/2017,124-24+,151-12
2/21/2017,124-22+,151-10
2/17/2017,124-22+,151-08
2/16/2017,124-14+,150-26
2/15/2017,123-31,149-30
2/14/2017,124-07+,150-20
2/13/2017,124-19,151-12
2/10/2017,124-25,151-29
2/9/2017,124-29+,152-06
2/8/2017,125-11+,153-09
2/7/2017,125-03+,152-06
2/6/2017,124-30,151-17
2/3/2017,124-09,150-01
2/2/2017,124-12,150-18
2/1/2017,124-10+,150-14
1/31/2017,124-15,150-27
1/30/2017,124-07,150-08
1/27/2017,124-05+,150-12
1/26/2017,123-31,149-25
1/25/2017,123-26,149-15
1/24/2017,124-07,150-19
1/23/2017,124-26,152
1/20/2017,124-07,150-25
1/19/2017,124-05+,151-02
1/18/2017,124-23,152-01
1/17/2017,125-07+,153-10
1/13/2017,124-25,152-09
1/12/2017,124-28+,152-19
1/11/2017,124-26,152-26
1/10/2017,124-24+,152-17
1/9/2017,124-25,152-23
1/6/2017,124-13,151-25
1/5/2017,124-26+,152-16
1/4/2017,124-03+,150-22
1/3/2017,124-03+,150-18
12/30/2016,124-09,150-21
12/29/2016,123-30,149-29
12/28/2016,123-20+,149-23
12/27/2016,123-06+,148-18
12/23/2016,123-11+,149-04
12/22/2016,123-08+,148-26
12/21/2016,123-09+,148-30
12/20/2016,123-30,149-28
12/19/2016,124-01,150-10
12/16/2016,123-19+,149-01
12/15/2016,123-22+,149-30
12/14/2016,124-05,149-27
12/13/2016,124-21+,150-07
12/12/2016,124-24+,150
12/9/2016,124-25+,149-28
12/8/2016,125-09,151-11
12/7/2016,125-17+,152-18
12/6/2016,125-06+,151-21
12/5/2016,125-06,152-04
12/2/2016,125-07+,151-28
12/1/2016,124-23+,150-28
11/30/2016,125-07+,152-21
11/29/2016,125-24+,154-04
11/28/2016,125-20+,153-22
11/25/2016,125-06+,152-26
11/23/2016,125-11+,152-29
11/22/2016,125-22+,153-08
11/21/2016,125-17+,153-06
11/18/2016,125-18,153-05
11/17/2016,126-02+,153-25
11/16/2016,126-15,155-01
11/15/2016,126-13+,154-09
11/14/2016,126-21,154-13
11/11/2016,127-05+,155-05
11/10/2016,127-18,156-07
11/9/2016,128-01,156-31
11/8/2016,129-16,162-03
11/7/2016,129-27,162-19
11/4/2016,130-08,163-11
11/3/2016,130-01,162-23
11/2/2016,130-01,163-08
11/1/2016,129-25+,163-02
10/31/2016,129-20,162-23
10/28/2016,129-17+,162-06
10/27/2016,129-16+,162-14
10/26/2016,129-30,163-30
10/25/2016,130-05+,164-22
10/24/2016,130-05+,164-10
10/21/2016,130-11,164-26
10/20/2016,130-09,164-21
10/19/2016,130-08+,164-07
10/18/2016,130-09+,164-09
10/17/2016,130-04,163-30
10/14/2016,129-27+,163-07
10/13/2016,130-06,164-31
10/12/2016,129-26,164-03
10/11/2016,129-28+,164-11
10/10/2016,129-25+,164-05
10/7/2016,130-02,164-29
10/6/2016,129-30+,165-02
10/5/2016,130-07,165-23
10/4/2016,130-16,166-14
10/3/2016,130-30+,168-02
9/30/2016,131-04,168-05
9/29/2016,131-17+,169-20
9/28/2016,131-14,169-08
9/27/2016,131-17,169-14
9/26/2016,131-10,168-08
9/23/2016,131-01,167-26
9/22/2016,130-27+,167-16
9/21/2016,131-12,167-11
9/20/2016,131-15+,167-17
9/19/2016,131-13+,167-08
9/16/2016,131-13,167-06
9/15/2016,131-14+,166-30
9/14/2016,131-14,167-13
9/13/2016,130-31,166-26
9/12/2016,131-14+,168-11
9/9/2016,131-10,168-12
9/8/2016,131-21+,169-29
9/7/2016,132-09+,172-06
9/6/2016,132-09+,172-04
9/2/2016,131-23,170-31
9/1/2016,131-28+,171-30
8/31/2016,131-28,171-27
8/30/2016,131-28+,171-25
8/29/2016,131-30+,172-03
8/26/2016,131-12,170-10
8/25/2016,132-02,171-23
8/24/2016,132-07,172-08
8/23/2016,132-07,172-14
8/22/2016,132-09,172-12
8/19/2016,131-30+,171-03
8/18/2016,132-12,171-29
8/17/2016,132-03+,171-19
8/16/2016,132,171-03
8/15/2016,132-08,171-24
8/12/2016,132-17,172-31
8/11/2016,132-01+,171-25
8/10/2016,132-23+,173-15
8/9/2016,132-11,172-23
8/8/2016,132-01+,171-21
8/5/2016,132-04+,171-18
8/4/2016,132-30+,173-05
8/3/2016,132-18+,172-05
8/2/2016,132-17+,172-11
8/1/2016,132-25+,173-19
7/29/2016,133-01+,174-14
7/28/2016,132-18,173-11
7/27/2016,132-17+,173-07
7/26/2016,132-04,171-28
7/25/2016,132-02,171-18
7/22/2016,132-04,171-20
7/21/2016,132-07+,171-15
7/20/2016,131-31+,171-15
7/19/2016,132-07+,172-07
7/18/2016,132-01,171-18
7/15/2016,131-28,171-21
7/14/2016,132-12+,173
7/13/2016,132-26+,174-31
7/12/2016,132-16+,173-26
7/11/2016,133-05,175-22
7/8/2016,133-25+,176-30
7/7/2016,133-22,176-08
7/6/2016,133-21+,175-28
7/5/2016,133-28+,176-08
7/1/2016,133-02+,173-22
6/30/2016,132-31+,172-11
6/29/2016,133-02,173
6/28/2016,133-08,173-03
6/27/2016,133-09,173-05
6/24/2016,132-12,169-31
6/23/2016,130-26,166-03
6/22/2016,131-11,167-23
6/21/2016,131-11,169-10
6/20/2016,131-12+,169-15
6/17/2016,131-24+,170-19
6/16/2016,132-05,171-20
6/15/2016,131-31+,170-21
6/14/2016,131-23,170-12
6/13/2016,131-22,170-07
6/10/2016,131-14+,169-25
6/9/2016,131-02+,168-31
6/8/2016,130-28+,168-09
6/7/2016,130-30,167-29
6/6/2016,130-27+,167-17
6/3/2016,130-30+,168
6/2/2016,129-29+,166-02
6/1/2016,129-20+,164-30
5/31/2016,129-25+,164-23
5/27/2016,129-25+,164-10
5/26/2016,129-28+,164-18
5/25/2016,129-15,163-19
5/24/2016,129-18,164-02
5/23/2016,129-24,164-15
5/20/2016,129-22+,164-08
5/19/2016,129-21+,164-11
5/18/2016,129-12,163-08
5/17/2016,130-13,165-24
5/16/2016,130-16+,165-18
5/13/2016,130-31,166-23
5/12/2016,130-19,165-14
5/11/2016,130-29,166-06
5/10/2016,130-25,165-18
5/9/2016,130-25+,165-15
5/6/2016,130-17,165-01
5/5/2016,130-23+,165-13
5/4/2016,130-14,164-12
5/3/2016,130-09+,163-27
5/2/2016,129-22+,162-06
4/29/2016,130-02,163-10
4/28/2016,129-30+,162-24
4/27/2016,129-25,162-22
4/26/2016,129-05+,161-07
4/25/2016,129-12,161-30
4/22/2016,129-15,162-15
4/21/2016,129-19+,162-22
4/20/2016,129-24,163-13
4/19/2016,130-11+,165-02
4/18/2016,130-16,165-12
4/15/2016,130-20+,166-04
4/14/2016,130-12,165-10
4/13/2016,130-20,165-28
4/12/2016,130-17+,165-01
4/11/2016,131-01,166-03
4/8/2016,131-01,166-06
4/7/2016,131-08,167
4/6/2016,130-22,165-11
4/5/2016,130-26+,166-07
4/4/2016,130-15,164-21
4/1/2016,130-09+,164-12
3/31/2016,130-12+,164-14
3/30/2016,130-00+,163-15
3/29/2016,130,164-16
3/28/2016,129-13,163-17
3/24/2016,129-07,163-01
3/23/2016,129-10+,163-16
3/22/2016,128-25+,161-29
3/21/2016,129-17+,163-17
3/18/2016,129-27+,164-18
3/17/2016,129-18,164-02
3/16/2016,129-09+,162-27
3/15/2016,128-27+,163-01
3/14/2016,128-28,162-26
3/11/2016,128-25+,162-18
3/10/2016,129-02,163-23
3/9/2016,129-15+,164-06
3/8/2016,129-29+,165-09
3/7/2016,129-11,163-21
3/4/2016,129-16,163-19
3/3/2016,129-29+,164-26
3/2/2016,129-24,164
3/1/2016,130,163-22
2/29/2016,130-29,165-28
2/26/2016,130-24,165-20
2/25/2016,131-14+,167-11
2/24/2016,131,166-22
2/23/2016,130-30,166-24
2/22/2016,130-25,166-06
2/19/2016,130-29,166-19
2/18/2016,130-29+,166-03
2/17/2016,130-14,164-18
2/16/2016,130-29,165-23
2/12/2016,131-02,166-15
2/11/2016,132-01,168-11
2/10/2016,131-16,167-02
2/9/2016,131-10,166-04
2/8/2016,131-09+,166-01
2/5/2016,130-11+,163-08
2/4/2016,130-08+,162-24
2/3/2016,130-00+,162-12
2/2/2016,130-03,163-01
2/1/2016,129-05+,160-17
1/29/2016,129-18+,161-01
1/28/2016,129-01,160-02
1/27/2016,128-27+,160
1/26/2016,128-26,160-05
1/25/2016,128-17+,159-20
1/22/2016,128-12,159-01
1/21/2016,128-21+,159-18
1/20/2016,128-28,160-14
1/19/2016,128-12+,159-12
1/15/2016,128-14+,159-04
1/14/2016,127-26+,157-15
1/13/2016,128-02,158-17
1/12/2016,127-26+,157-18
1/11/2016,127-11+,155-25
1/8/2016,127-13,156-12
1/7/2016,127-03+,156
1/6/2016,126-27+,155-19
1/5/2016,126-08,153-22
1/4/2016,126-05,154-08
12/31/2015,125-29,153-24
12/30/2015,125-19+,153-08
12/29/2015,125-21,153-09
12/28/2015,126-08+,155-20
12/24/2015,126-05+,155-02
12/23/2015,126,154-08
12/22/2015,126-05+,155-02
12/21/2015,127-05,157-29
12/18/2015,127-04,157-23
12/17/2015,126-24,157-08
12/16/2015,126-12+,155-29
12/15/2015,126-23,156-03
12/14/2015,127-01,156-26
12/11/2015,127-23,158-19
12/10/2015,126-30+,156-15
12/9/2015,127-08,156-27
12/8/2015,126-29+,156-07
12/7/2015,126-30,156-22
12/4/2015,126-17+,155-06
12/3/2015,126-06,153-16
12/2/2015,127-09+,157-16
12/1/2015,127-16+,157-07
11/30/2015,127-00+,155-13
11/27/2015,127-02+,155-08
11/25/2015,126-31+,155-09
11/24/2015,126-29,155
11/23/2015,126-26,154-30
11/20/2015,126-21+,154-14
11/19/2015,126-25,154-22
11/18/2015,126-21,153-27
11/17/2015,126-23+,153-27
11/16/2015,126-21+,153-08
11/13/2015,126-17,153-12
11/12/2015,126-06+,152-27
11/11/2015,126-02,152-01
11/10/2015,126-09+,152-19
11/9/2015,126-01,152-03
11/6/2015,126-01+,152-10
11/5/2015,126-26+,154-03
11/4/2015,126-29+,154-22
11/3/2015,127-03+,154-20
11/2/2015,127-12,155-24
10/30/2015,127-22,156-14
10/29/2015,127-19+,155-27
10/28/2015,128-06+,158-04
10/27/2015,128-29+,158-17
10/26/2015,128-19,158-01
10/23/2015,128-13+,157-05
10/22/2015,128-30,158-14
10/21/2015,128-28,158-13
10/20/2015,128-18,157-09
10/19/2015,128-31,158-12
10/16/2015,129-01,158-30
10/15/2015,129-04,158-23
10/14/2015,129-17+,159-19
10/13/2015,128-27+,157-27
10/12/2015,128-24+,157-26
10/9/2015,128-15+,156-29
10/8/2015,128-15,156-13
10/7/2015,128-26,157-21
10/6/2015,129-01,157-26
10/5/2015,128-26+,157-08
10/2/2015,129-11,158-26
10/1/2015,128-24,157-26
9/30/2015,128-23+,157-11
9/29/2015,128-26,157-29
9/28/2015,128-14,157-17
9/25/2015,127-27,155-14
9/24/2015,128-04,156-22
9/23/2015,127-31,155-20
9/22/2015,128-03+,155-24
9/21/2015,128-01,155-10
9/18/2015,128-18+,157-08
9/17/2015,127-28+,154-18
9/16/2015,127-03+,153-08
9/15/2015,127-09,153-28
9/14/2015,128-04,156-14
9/11/2015,128-03+,156-09
9/10/2015,127-23+,155-09
9/9/2015,128,156-05
9/8/2015,127-26+,155-14
9/4/2015,128-09+,157-10
9/3/2015,127-30+,155-31
9/2/2015,127-23+,155-16
9/1/2015,127-28,156-04
8/31/2015,127-20+,156-04
8/28/2015,127-25,156-23
8/27/2015,127-30+,156-28
8/26/2015,127-30,156-01
8/25/2015,128-02,157-23
8/24/2015,129-06+,160-29
8/21/2015,128-21+,160-06
8/20/2015,128-10+,160-03
8/19/2015,128-03,158-26
8/18/2015,127-14+,157-23
8/17/2015,127-24+,159-03
8/14/2015,127-11+,158-04
8/13/2015,127-15+,157-29
8/12/2015,127-31,158-20
8/11/2015,127-27+,158-26
8/10/2015,127-00+,156-25
8/7/2015,127-14+,158-17
8/6/2015,127-00+,156-23
8/5/2015,126-24,155-21
8/4/2015,127-08+,156-28
8/3/2015,127-26+,157-19
7/31/2015,127-14,155-30
7/30/2015,126-27,155-05
7/29/2015,126-26,154-12
7/28/2015,127,154-28
7/27/2015,127-05,155-06
7/24/2015,126-23,154-19
7/23/2015,126-19+,154-15
7/22/2015,126-10,153-06
7/21/2015,126-06+,152-10
7/20/2015,125-28+,151-24
7/17/2015,126-04,152-03
7/16/2015,126-05+,151-11
7/15/2015,126-11,150-27
7/14/2015,125-30,149-17
7/13/2015,125-19,149-05
7/10/2015,125-23+,149-03
7/9/2015,126-21+,151-19
7/8/2015,127-12,154-04
7/7/2015,127-04,153-16
7/6/2015,126-24+,152-02
7/2/2015,125-28,149-06
7/1/2015,125-15,148-27
6/30/2015,126-05+,150-27
6/29/2015,126-06+,150-29
6/26/2015,125-00+,147-18
6/25/2015,125-18+,149-18
6/24/2015,125-23+,149-27
6/23/2015,125-14+,148-26
6/22/2015,125-26+,149-23
6/19/2015,127-08+,153-19
6/18/2015,126-20+,151-08
6/17/2015,126-29,152-18
6/16/2015,126-20+,152-30
6/15/2015,126-11+,152-04
6/12/2015,126-03,152
6/11/2015,126-04+,151-28
6/10/2015,125-15+,149-15
6/9/2015,125-29,150-21
6/8/2015,126-04+,151-18
6/5/2015,125-30,151-08
6/4/2015,126-22+,152-29
6/3/2015,126-08,151-08
6/2/2015,127,153-10
6/1/2015,127-18,154-31
5/29/2015,128-10,157-06
5/28/2015,128-01,156-11
5/27/2015,127-28+,156-18
5/26/2015,127-29,156-07
5/22/2015,127-09,153-25
5/21/2015,127-23,154-13
5/20/2015,127-08+,152-23
5/19/2015,127-01,153
5/18/2015,127-12,153-15
5/15/2015,128-01,155-19
5/14/2015,127-12+,153
5/13/2015,126-31+,152-18
5/12/2015,127-01+,153-19
5/11/2015,126-28+,153-06
5/8/2015,127-26+,156-07
5/7/2015,127-12+,155-31
5/6/2015,127-03,154-10
5/5/2015,127-13+,156-02
5/4/2015,127-24+,156-25
5/1/2015,127-25,157-20
4/30/2015,128-12,159-19
4/29/2015,128-16+,159-28
4/28/2015,128-30+,161-15
4/27/2015,129-10,162-27
4/24/2015,129-12+,162-18
4/23/2015,129-04+,162-01
4/22/2015,128-27+,161-15
4/21/2015,129-11+,163-12
4/20/2015,129-17,163-25
4/17/2015,129-26,165-15
4/16/2015,129-22,164-04
4/15/2015,129-14,164-03
4/14/2015,129-10,164-12
4/13/2015,128-31+,163-15
4/10/2015,128-26,163-16
4/9/2015,128-27,163-08
4/8/2015,129-11+,164-30
4/7/2015,129-11+,164-20
4/6/2015,129-13+,163-24
4/3/2015,129-29+,165-24
4/2/2015,129-05+,164-18
4/1/2015,129-12,165-26
3/31/2015,128-29,163-28
3/30/2015,128-19,163-15
3/27/2015,128-22,164-13
3/26/2015,128-07+,162-13
3/25/2015,128-26,164-17
3/24/2015,129-03,165-08
3/23/2015,128-27,164-01
3/20/2015,129-07,148-19
3/19/2015,128-26,147-31
3/18/2015,129-05,148-05
3/17/2015,128-03+,146-21
3/16/2015,127-27,145-27
3/13/2015,127-24+,145-22
3/12/2015,127-26+,145-22
3/11/2015,127-19+,145-23
3/10/2015,127-18,145-08
3/9/2015,127-03,144-06
3/6/2015,126-24,143-12
3/5/2015,127-23,145-15
3/4/2015,127-18,145-11
3/3/2015,127-15,145-05
3/2/2015,127-24+,145-26
2/27/2015,128-13+,147-01
2/26/2015,128-09,146-26
2/25/2015,128-23,146-28
2/24/2015,128-22,146-05
2/23/2015,128-00+,145-11
2/20/2015,127-13,144-01
2/19/2015,127-19,144-10
2/18/2015,128-00+,144-26
2/17/2015,127-08,144-03
2/13/2015,128-07+,145-29
2/12/2015,128-13+,146-26
2/11/2015,128-11+,146-29
2/10/2015,128-11+,146-28
2/9/2015,128-19+,147-19
2/6/2015,128-23,147-21
2/5/2015,129-27+,148-28
2/4/2015,130,149-14
2/3/2015,130-02,149-09
2/2/2015,130-29+,150-27
1/30/2015,130-28,151-09
1/29/2015,130-06,150-13
1/28/2015,130-15,151-06
1/27/2015,129-21,149-17
1/26/2015,129-16,149-19
1/23/2015,129-21+,149-27
1/22/2015,129-04,148-16
1/21/2015,129-14,149-03
1/20/2015,129-27+,149-27
1/16/2015,129-27+,149-17
1/15/2015,130-11,150-03
1/14/2015,129-24+,149-13
1/13/2015,129-10,148-20
1/12/2015,129-02,148-14
1/9/2015,128-18+,147-17
1/8/2015,128-03+,146-29
1/7/2015,128-15,148-06
1/6/2015,128-11+,148-05
1/5/2015,127-24+,146-31
1/2/2015,127-05,145-16
12/31/2014,126-25+,144-18
12/30/2014,126-18+,144-09
12/29/2014,126-12+,144
12/26/2014,126-00+,143-12
12/24/2014,125-30+,143-05
12/23/2014,126,142-28
12/22/2014,126-22+,144-19
12/19/2014,127-04+,145-25
12/18/2014,127-00+,145-06
12/17/2014,127-14,146-05
12/16/2014,128-03+,147-07
12/15/2014,127-22+,146-17
12/12/2014,127-30+,146-20
12/11/2014,127-11+,145-17
12/10/2014,127-20,145-12
12/9/2014,127-04+,144-19
12/8/2014,126-25+,144
12/5/2014,126-16+,142-31
12/4/2014,127-03+,143-09
12/3/2014,126-28+,142-23
12/2/2014,126-30+,142-17
12/1/2014,127-16+,143-17
11/28/2014,127-21,144-02
11/26/2014,127-11+,143-14
11/25/2014,127-04,142-31
11/24/2014,126-25,142-02
11/21/2014,126-22,142
11/20/2014,126-18,141-18
11/19/2014,126-12+,141-07
11/18/2014,126-20+,141-22
11/17/2014,126-15,141-12
11/14/2014,126-22,141-22
11/13/2014,126-15+,141-08
11/12/2014,126-10+,141-04
11/11/2014,126-03+,140-23
11/10/2014,126-08+,140-31
11/7/2014,126-21,141-21
11/6/2014,126-02,140-21
11/5/2014,126-09,141-03
11/4/2014,126-09,141-08
11/3/2014,126-08+,141-02
10/31/2014,126-11+,141-03
10/30/2014,126-20,141-18
10/29/2014,126-14+,141-12
10/28/2014,126-30+,141-17
10/27/2014,127-04+,141-31
10/24/2014,127-01,141-23
10/23/2014,127-00+,141-23
10/22/2014,127-13+,142-13
10/21/2014,127-21,142-22
10/20/2014,127-26,143-03
10/17/2014,127-20+,142-29
10/16/2014,128-01+,143-13
10/15/2014,128-18,144-12
10/14/2014,127-14,142-22
10/13/2014,127-05,142-01
10/10/2014,126-17+,141-09
10/9/2014,126-14,140-26
10/8/2014,126-12,140-21
10/7/2014,126,140-19
10/6/2014,125-13,139-12
10/3/2014,125-04+,139-07
10/2/2014,125-10,139
10/1/2014,125-16+,139-20
9/30/2014,124-20+,137-29
9/29/2014,124-24+,138-10
9/26/2014,124-14,137-20
9/25/2014,124-24,137-26
9/24/2014,124-09,136-27
9/23/2014,124-17,137-13
9/22/2014,124-09,136-24
9/19/2014,124-14+,137-29
9/18/2014,124-09,137-05
9/17/2014,124-19,137-12
9/16/2014,124-22+,137-15
9/15/2014,124-21,137-18
9/12/2014,124-15+,137-09
9/11/2014,124-30+,138-23
9/10/2014,124-29+,138-20
9/9/2014,125-03+,139-05
9/8/2014,125-13+,139-13
9/5/2014,125-17,139-12
9/4/2014,125-15+,139-20
9/3/2014,125-25,140-12
9/2/2014,125-25+,140-04
8/29/2014,126-10+,141-17
8/28/2014,126-13,141-23
8/27/2014,126-07+,141-05
8/26/2014,126-01,140-17
8/25/2014,125-30+,140-23
8/22/2014,125-28+,140-14
8/21/2014,126-00+,140-02
8/20/2014,125-29+,139-22
8/19/2014,126-07,139-25
8/18/2014,126-11+,140-05
8/15/2014,126-20+,141-01
8/14/2014,126-09+,140-02
8/13/2014,126-04+,139-15
8/12/2014,125-26+,138-31
8/11/2014,125-29+,139-13
8/8/2014,125-31,139-13
8/7/2014,125-29+,139-08
8/6/2014,125-16,138-16
8/5/2014,125-12+,138-12
8/4/2014,125-12,138-03
8/1/2014,125-08,137-30
7/31/2014,124-19+,137-13
7/30/2014,124-21,137-16
7/29/2014,125-12,138-30
7/28/2014,125-04,138-09
7/25/2014,125-10,138-21
7/24/2014,125-01+,137-28
7/23/2014,125-13+,138-18
7/22/2014,125-13,138-18
7/21/2014,125-08+,138-14
7/18/2014,125-09,138-02
7/17/2014,125-11+,138-04
7/16/2014,124-28+,137-05
7/15/2014,124-29,136-30
7/14/2014,124-31,136-29
7/11/2014,125-07,137-12
7/10/2014,125-05+,137-03
7/9/2014,124-31+,136-31
7/8/2014,124-24,136-19
7/7/2014,124-12+,135-22
7/3/2014,124-07,135
7/2/2014,124-12+,135-08
7/1/2014,124-28,136-11
6/30/2014,125-05+,137-06
6/27/2014,125-03,136-29
6/26/2014,125-02+,137-05
6/25/2014,124-25+,136-16
6/24/2014,124-18,136-01
6/23/2014,124-08+,135-12
6/20/2014,124-08+,135-11
6/19/2014,125-07+,136-12
6/18/2014,125-03,136-15
6/17/2014,124-24,135-29
6/16/2014,125-05+,136-25
6/13/2014,125-05+,136-19
6/12/2014,125-13,136-21
6/11/2014,124-31,135-25
6/10/2014,124-28+,135-27
6/9/2014,125-02,136-04
6/6/2014,125-07+,136-09
6/5/2014,125-11+,136-09
6/4/2014,125-05,136-01
6/3/2014,125-08+,136-07
6/2/2014,125-23,137-06
5/30/2014,126-10+,138-08
5/29/2014,126-13,138-14
5/28/2014,126-15+,138-21
5/27/2014,125-29,137-12
5/23/2014,125-25+,136-30
5/22/2014,125-20,136-16
5/21/2014,125-26,136-22
5/20/2014,126,137-08
5/19/2014,125-23+,136-31
5/16/2014,125-25,137-14
5/15/2014,125-29+,137-19
5/14/2014,125-20,137-01
5/13/2014,125-02,135-28
5/12/2014,124-23+,135-11
5/9/2014,125,135-24
5/8/2014,125-03+,136-06
5/7/2014,124-28,136
5/6/2014,124-20+,136-02
5/5/2014,124-18+,135-23
5/2/2014,124-21,136-06
5/1/2014,124-21,135-22
4/30/2014,124-13+,134-30
4/29/2014,124,134-12
4/28/2014,124-03,134-23
4/25/2014,124-02,134-30
4/24/2014,123-29+,134-17
4/23/2014,123-30+,134-15
4/22/2014,123-20,133-30
4/21/2014,123-23+,133-23
4/17/2014,123-24,133-29
4/16/2014,124-12,134-28
4/15/2014,124-19,134-26
4/14/2014,124-19,134-16
4/11/2014,124-25+,134-25
4/10/2014,124-22+,134-14
4/9/2014,124-06+,133-14
4/8/2014,124-01+,133-21
4/7/2014,123-27+,133-14
4/4/2014,123-21+,132-31
4/3/2014,122-31,132-07
4/2/2014,122-29+,131-31
4/1/2014,123-11+,132-20
3/31/2014,123-16,133-07
3/28/2014,123-18,133-17
3/27/2014,123-27+,134-07
3/26/2014,123-25+,133-19
3/25/2014,123-15,133-02
3/24/2014,123-13+,133-03
3/21/2014,123-14+,132-21
3/20/2014,124-30,133-18
3/19/2014,125-02,133-16
3/18/2014,126-02,134-16
3/17/2014,125-28+,134-10
3/14/2014,126-08+,135
3/13/2014,126-07,134-27
3/12/2014,125-21,133-22
3/11/2014,125-12,133
3/10/2014,125-08,132-23
3/7/2014,125-04+,132-22
3/6/2014,125-19+,133-09
3/5/2014,125-30,133-29
3/4/2014,125-29+,133-30
3/3/2014,126-18+,135-06
2/28/2014,126-03+,134-19
2/27/2014,126-10,134-21
2/26/2014,126-02+,134-03
2/25/2014,125-26+,133-20
2/24/2014,125-15,132-27
2/21/2014,125-19+,133-03
2/20/2014,125-16,132-23
2/19/2014,125-23+,132-31
2/18/2014,125-30+,133-10
2/14/2014,125-20+,132-29
2/13/2014,125-24,133
2/12/2014,125-08,132-08
2/11/2014,125-18+,132-27
2/10/2014,125-30,133-09
2/7/2014,125-31,133-10
2/6/2014,125-19+,133-01
2/5/2014,125-28,133-13
2/4/2014,126-04+,134-05
2/3/2014,126-13+,134-29
1/31/2014,125-24,133-19
1/30/2014,125-14+,133-09
1/29/2014,125-20,133-16
1/28/2014,125-02+,132-20
1/27/2014,124-26,132-11
1/24/2014,125-02,132-27
1/23/2014,124-25,132-10
1/22/2014,123-31,131-02
1/21/2014,124-12,131-13
1/17/2014,124-13+,131-10
1/16/2014,124-08+,131-03
1/15/2014,123-31,130-17
1/14/2014,124-05+,130-21
1/13/2014,124-18+,131-03
1/10/2014,124-09+,130-23
1/9/2014,123-10+,129-11
1/8/2014,123-03+,128-25
1/7/2014,123-22,129-10
1/6/2014,123-15,129-01
1/3/2014,123-05+,128-17
1/2/2014,123-07,128-20
12/31/2013,123-01+,128-10
12/30/2013,123-07,128-25
12/27/2013,122-31+,128-09
12/26/2013,122-31+,128-16
12/24/2013,123-01+,128-22
12/23/2013,123-14,129-14
12/20/2013,123-23+,130-03
12/19/2013,124-29+,130-19
12/18/2013,125-17+,130-23
12/17/2013,125-26+,131-10
12/16/2013,125-17,130-27
12/13/2013,125-18,131-04
12/12/2013,125-18,130-24
12/11/2013,125-26,130-31
12/10/2013,126-05+,131-23
12/9/2013,125-22,130-25
12/6/2013,125-18+,130-12
12/5/2013,125-23+,130-14
12/4/2013,125-30,130-20
12/3/2013,126-12+,131-21
12/2/2013,126-05,131-08
11/29/2013,126-20+,132-07
11/27/2013,126-24,132-07
11/26/2013,127-02,132-23
11/25/2013,126-21+,131-31
11/22/2013,126-18+,131-29
11/21/2013,126-11+,131-09
11/20/2013,126-11+,131-01
11/19/2013,126-23+,132-15
11/18/2013,127-01+,133
11/15/2013,126-24+,132-17
11/14/2013,126-27,132-17
11/13/2013,126-11+,131-30
11/12/2013,125-29,131-16
11/11/2013,126-01,131-15
11/8/2013,126-03+,131-24
11/7/2013,127-04+,133-22
11/6/2013,126-29+,133-03
11/5/2013,126-18,132-31
11/4/2013,126-31+,133-31
11/1/2013,126-25,133-24
10/31/2013,127-11+,134-26
10/30/2013,127-16+,134-31
10/29/2013,127-23,135-08
10/28/2013,127-18,135-07
10/25/2013,127-19+,135-11
10/24/2013,127-13,135-02
10/23/2013,127-21,135-15
10/22/2013,127-16,135
10/21/2013,126-24,133-23
10/18/2013,126-28+,134-03
10/17/2013,126-30+,134-05
10/16/2013,126-08+,132-31
10/15/2013,125-27+,132-05
10/14/2013,125-29+,132-07
10/11/2013,126-03+,132-26
10/10/2013,125-31+,132-21
10/9/2013,126-08+,133-04
10/8/2013,126-08+,133-13
10/7/2013,126-09+,133-11
10/4/2013,126-06,132-31
10/3/2013,126-18+,133-14
10/2/2013,126-12+,133-09
10/1/2013,126-04,133
9/30/2013,126-12+,133-12
9/27/2013,126-11,133-14
9/26/2013,126-03,133-04
9/25/2013,126-09,133-19
9/24/2013,125-30,132-31
9/23/2013,125-14+,131-29
9/20/2013,125-09+,131-22
9/19/2013,126-04,132-30
9/18/2013,126-18+,133-15
9/17/2013,125-07,131-27
9/16/2013,125-02,131-11
9/13/2013,124-21+,131-10
9/12/2013,124-18,131-05
9/11/2013,124-17,130-28
9/10/2013,124-05,130-09
9/9/2013,124-15+,131-01
9/6/2013,124-02+,130-15
9/5/2013,123-17,130-04
9/4/2013,124-06,131-10
9/3/2013,124-21,131-23
8/30/2013,125-11,133-11
8/29/2013,125-16,133-04
8/28/2013,125-08+,132-15
8/27/2013,125-23+,133-06
8/26/2013,125-01+,131-31
8/23/2013,124-27+,131-26
8/22/2013,124-08+,130-19
8/21/2013,124-23,130-26
8/20/2013,125-05+,131-11
8/19/2013,124-19+,130-12
8/16/2013,124-31+,131-01
8/15/2013,125-16,132-02
8/14/2013,125-25,132-20
8/13/2013,125-22+,132-20
8/12/2013,126-20,134-04
8/9/2013,126-26,134-14
8/8/2013,126-26,134-09
8/7/2013,126-20+,133-29
8/6/2013,126-11+,133-05
8/5/2013,126-11,133-06
8/2/2013,126-18+,133-23
8/1/2013,125-12,132-01
7/31/2013,126-14,134-02
7/30/2013,126-13+,133-29
7/29/2013,126-17,134-05
7/26/2013,126-22,134-23
7/25/2013,126-09+,134
7/24/2013,126-13+,134-03
7/23/2013,126-30+,135-02
7/22/2013,127-03+,135-16
7/19/2013,127-03,135-16
7/18/2013,126-24,134-21
7/17/2013,127-00+,135-11
7/16/2013,126-19,134-31
7/15/2013,126-16,134-19
7/12/2013,126-03,133-30
7/11/2013,126-10,134-07
7/10/2013,125-09,132-28
7/9/2013,125-16,133-15
7/8/2013,125-09,133-16
7/5/2013,124-21,132-21
7/3/2013,126-11+,135-18
7/2/2013,126-19+,135-31
7/1/2013,126-17,135-24
6/28/2013,126-18,135-27
6/27/2013,126-20+,135-19
6/26/2013,126-05,134-31
6/25/2013,125-22+,134-05
6/24/2013,125-30+,134-26
6/21/2013,126-08+,135-01
6/20/2013,127-03,136-04
6/19/2013,129-28+,139-29
6/18/2013,130-09,140-18
6/17/2013,130-11+,140-17
6/14/2013,130-20,141-10
6/13/2013,130-02,140-23
6/12/2013,129-22+,139-25
6/11/2013,129-29+,140-11
6/10/2013,129-26,139-30
6/7/2013,130-04+,140-25
6/6/2013,130-25+,142-04
6/5/2013,130-18,141-20
6/4/2013,130-11,141-03
6/3/2013,130-13+,141-10
5/31/2013,130-08,141-02
5/30/2013,130-15+,141-16
5/29/2013,130-15,141-20
5/28/2013,130-12+,141-08
5/24/2013,131-11,143-12
5/23/2013,131-08+,143
5/22/2013,131-07+,142-27
5/21/2013,131-29,144-03
5/20/2013,131-26,143-24
5/17/2013,131-27+,143-31
5/16/2013,132-15,145-14
5/15/2013,131-27,144-06
5/14/2013,131-23,144-02
5/13/2013,131-31,144-20
5/10/2013,132-02+,145
5/9/2013,132-23,146-16
5/8/2013,132-25,146-23
5/7/2013,132-20,146-08
5/6/2013,132-21+,146-16
5/3/2013,132-27+,147-02
5/2/2013,133-20+,149-06
5/1/2013,133-19+,149-04
4/30/2013,133-11+,148-12
4/29/2013,133-14+,148-19
4/26/2013,133-14,148-28
4/25/2013,133-02,147-30
4/24/2013,133-03+,148-06
4/23/2013,133-02+,148-03
4/22/2013,133-03,148-05
4/19/2013,133,148-04
4/18/2013,133-04+,148-14
4/17/2013,133-02,147-31
4/16/2013,132-30+,147-20
4/15/2013,133-01+,147-30
4/12/2013,132-31+,147-17
4/11/2013,132-17+,146-07
4/10/2013,132-13+,145-30
4/9/2013,132-26,147
4/8/2013,132-27+,147-10
4/5/2013,133-05,148
4/4/2013,132-27,146-11
4/3/2013,132-13,145-09
4/2/2013,131-31+,144-14
4/1/2013,132-04,144-28
3/28/2013,131-31+,144-15
3/27/2013,132-04,144-18
3/26/2013,131-22+,143-22
3/25/2013,131-18+,143-16
3/22/2013,131-16+,143-20
3/21/2013,131-13,143-10
3/20/2013,131-12+,143-04
3/19/2013,132-25+,145-07
3/18/2013,132-14,144-07
3/15/2013,132-04+,143-12
3/14/2013,131-23+,142-26
3/13/2013,131-23,143-02
3/12/2013,131-23+,143-02
3/11/2013,131-15+,142-14
3/8/2013,131-15,142-16
3/7/2013,131-30,143-15
3/6/2013,132-12+,144-11
3/5/2013,132-22,145-05
3/4/2013,132-25,145-14
3/1/2013,132-29+,145-27
2/28/2013,132-22+,145-09
2/27/2013,132-18+,145-05
2/26/2013,132-21+,145-20
2/25/2013,132-16,145-08
2/22/2013,131-29,144
2/21/2013,131-25+,143-27
2/20/2013,131-15,143-03
2/19/2013,131-11,143-02
2/15/2013,131-17,143-15
2/14/2013,131-18,143-15
2/13/2013,131-05,142-20
2/12/2013,131-14,143-08
2/11/2013,131-22,143-28
2/8/2013,131-23+,143-22
2/7/2013,131-24,143-25
2/6/2013,131-19+,143-17
2/5/2013,131-07,142-24
2/4/2013,131-16,143-15
2/1/2013,131-04,142-27
1/31/2013,131-09,143-15
1/30/2013,131-06,143-02
1/29/2013,131-07,143-14
1/28/2013,131-07,143-21
1/25/2013,131-13,144-02
1/24/2013,132-07+,145-27
1/23/2013,132-09+,145-31
1/22/2013,132-08+,146-01
1/18/2013,132-04+,145-27
1/17/2013,131-28,145-06
1/16/2013,132-09+,146-03
1/15/2013,132-08+,145-31
1/14/2013,132-01,145-15
1/11/2013,131-29,145-09
1/10/2013,131-23,144-27
1/9/2013,132-02,145-16
1/8/2013,131-27+,145-06
1/7/2013,131-18+,144-22
1/4/2013,131-16+,144-16
1/3/2013,131-20,144-23
1/2/2013,132-04+,145-23
12/31/2012,132-25,147-16
12/28/2012,132-30+,148-12
12/27/2012,132-29+,148-11
12/26/2012,132-16,147-15
12/24/2012,132-10+,147-08
12/21/2012,132-15+,147-17
12/20/2012,132-05,146-16
12/19/2012,132-28,148-01
12/18/2012,132-18+,147-10
12/17/2012,132-31+,148-21
12/14/2012,133-12+,149-23
12/13/2012,133-09+,149-06
12/12/2012,133-19+,149-14
12/11/2012,133-29+,150-12
12/10/2012,134-03+,151-02
12/7/2012,134-02,150-28
12/6/2012,134-11+,151-27
12/5/2012,134-09,151-19
12/4/2012,134-02+,151-15
12/3/2012,133-31,151-02
11/30/2012,134-04,151-13
11/29/2012,134-00+,151-07
11/28/2012,133-31+,151-12
11/27/2012,133-23,150-28
11/26/2012,133-17+,150-19
11/23/2012,133-10+,150-01
11/21/2012,133-12+,150-03
11/20/2012,133-19+,150-17
11/19/2012,133-29,151-14
11/16/2012,134-06,152-07
11/15/2012,134-01,152-02
11/14/2012,134-01+,152-01
11/13/2012,134-01+,152-03
11/12/2012,133-28+,151-21
11/9/2012,133-29,151-20
11/8/2012,133-27+,151-06
11/7/2012,133-18+,150-10
11/6/2012,132-22+,148-09
11/5/2012,133-04+,149-08
11/2/2012,132-25,148-13
11/1/2012,132-26+,148-19
10/31/2012,133-01,149-10
10/30/2012,132-21+,148-20
10/29/2012,132-25,148-23
10/26/2012,132-18,148
10/25/2012,131-29,146-23
10/24/2012,132-12,147-15
10/23/2012,132-12,147-24
10/22/2012,132-03+,147-04
10/19/2012,132-12+,147-18
10/18/2012,131-31+,146-12
10/17/2012,132-02+,146-21
10/16/2012,132-28,148-06
10/15/2012,133-10,149-14
10/12/2012,133-10,149-18
10/11/2012,133-08+,149-08
10/10/2012,133-07,148-23
10/9/2012,133-01+,147-31
10/8/2012,133-08+,148-08
10/5/2012,132-29+,147-16
10/4/2012,133-13+,148-26
10/3/2012,133-23+,149-22
10/2/2012,133-20+,149-29
10/1/2012,133-18+,149-21
9/28/2012,133-15+,149-12
9/27/2012,133-16,149-16
9/26/2012,133-20+,149-28
9/25/2012,133-05+,148-12
9/24/2012,132-29+,147-19
9/21/2012,132-21+,146-28
9/20/2012,132-13,146-23
9/19/2012,133-17+,145-31
9/18/2012,133-14,145-20
9/17/2012,133-10,145-05
9/14/2012,133-04+,144-18
9/13/2012,133-31,146-21
9/12/2012,133-17,146-29
9/11/2012,133-30,148-03
9/10/2012,133-31,148-06
9/7/2012,134-04,148-17
9/6/2012,133-27,148-20
9/5/2012,134-13+,149-31
9/4/2012,134-14+,150-07
8/31/2012,134-24,150-16
8/30/2012,134-06,149-20
8/29/2012,133-27,148-31
8/28/2012,133-30+,149-07
8/27/2012,133-26,148-28
8/24/2012,133-18+,148-12
8/23/2012,133-22,148-16
8/22/2012,133-10,147-19
8/21/2012,132-19+,146-09
8/20/2012,132-16+,146
8/17/2012,132-16,145-28
8/16/2012,132-11+,145-19
8/15/2012,132-18+,146-04
8/14/2012,133-04+,147-16
8/13/2012,133-20,148-26
8/10/2012,133-23+,148-27
8/9/2012,133-14+,148-08
8/8/2012,133-15+,148-12
8/7/2012,133-18+,148-21
8/6/2012,134-03+,149-29
8/3/2012,133-29,149-17
8/2/2012,134-20,151-16
8/1/2012,134-05,150-09
7/31/2012,134-21,151-01
7/30/2012,134-18,151
7/27/2012,134-04,150-01
7/26/2012,135-01,152-16
7/25/2012,135-07+,152-26
7/24/2012,135-08+,152-28
7/23/2012,135-02,152-05
7/20/2012,134-29,151-25
7/19/2012,134-15,150-19
7/18/2012,134-24,151-09
7/17/2012,134-17+,150-30
7/16/2012,134-26,151-25
7/13/2012,134-17+,151-06
7/12/2012,134-21,151-20
7/11/2012,134-19,151-05
7/10/2012,134-20,151
7/9/2012,134-17+,150-19
7/6/2012,134-11+,149-28
7/5/2012,133-30+,148-29
7/3/2012,133-20+,148-17
7/2/2012,134-00+,149-19
6/29/2012,133-12,147-31
6/28/2012,133-29+,149-27
6/27/2012,133-17+,149-02
6/26/2012,133-14,148-29
6/25/2012,133-18,149-09
6/22/2012,133,148-03
6/21/2012,133-11+,149-07
6/20/2012,134-02,149-11
6/19/2012,134-11,149-18
6/18/2012,134-17,150-07
6/15/2012,134-19+,150-07
6/14/2012,134-11+,149-24
6/13/2012,134-18,149-27
6/12/2012,134-03+,148-26
6/11/2012,134-20+,149-28
6/8/2012,134-11,149-07
6/7/2012,134-09+,149-02
6/6/2012,134-06,149-11
6/5/2012,134-25+,151-07
6/4/2012,135,151-28
6/1/2012,135-21,152-20
5/31/2012,134-29,150-09
5/30/2012,134-21+,149-21
5/29/2012,133-26+,147-26
5/25/2012,133-24+,147-23
5/24/2012,133-17+,147-16
5/23/2012,133-25+,148-09
5/22/2012,133-10,146-25
5/21/2012,133-20,147-29
5/18/2012,133-26,148-10
5/17/2012,133-24+,148-12
5/16/2012,133-13+,146-26
5/15/2012,133-12,146-13
5/14/2012,133-13+,146-03
5/11/2012,133-02+,145-04
5/10/2012,132-25,144-11
5/9/2012,132-29,144-15
5/8/2012,132-29+,144-15
5/7/2012,132-20+,143-24
5/4/2012,132-20+,143-22
5/3/2012,132-06,142-27
5/2/2012,132-06,142-27
5/1/2012,131-31,142-03
4/30/2012,132-09,142-28
4/27/2012,132-05,142-23
4/26/2012,131-29+,142-09
4/25/2012,131-22,141-30
4/24/2012,131-25,142-09
4/23/2012,131-31+,142-23
4/20/2012,131-21+,141-31
4/19/2012,131-24+,142-07
4/18/2012,131-18,141-25
4/17/2012,131-13+,141-09
4/16/2012,131-22,141-28
4/13/2012,131-17,141-14
4/12/2012,131-04+,140-15
4/11/2012,131-10+,140-25
4/10/2012,131-19,141-13
4/9/2012,131-04+,140-19
4/6/2012,131-01+,140-08
4/5/2012,129-31,138-11
4/4/2012,129-12,137-09
4/3/2012,128-29+,136-26
4/2/2012,129-22+,138
3/30/2012,129-15+,137-24
3/29/2012,129-29,138-28
3/28/2012,129-18+,138-10
3/27/2012,129-19,138-10
3/26/2012,129-02,137-21
3/23/2012,129-01+,137-26
3/22/2012,128-23+,137-02
3/21/2012,128-31,137-31
3/20/2012,128-17+,137-02
3/19/2012,128-17,136-26
3/16/2012,129-01+,137-28
3/15/2012,129-11,137-31
3/14/2012,129-07+,138-02
3/13/2012,130-15+,140-22
3/12/2012,131-02+,141-31
3/9/2012,131-02,141-24
3/8/2012,131-07,142-04
3/7/2012,131-16+,142-30
3/6/2012,131-23,143-14
3/5/2012,131-06+,142-11
3/2/2012,131-12+,142-21
3/1/2012,130-28+,141-29
2/29/2012,131-08+,143-03
2/28/2012,131-21+,143-26
2/27/2012,131-20,143-31
2/24/2012,131-06,143
2/23/2012,131-06+,142-22
2/22/2012,131-01+,142-08
2/21/2012,130-20+,141-17
2/17/2012,130-29+,142-03
2/16/2012,130-31+,142-09
2/15/2012,131-18+,143-10
2/14/2012,131-17,143-18
2/13/2012,131-04,142-12
2/10/2012,131-12+,142-25
2/9/2012,130-25,141-17
2/8/2012,131-03,142-07
2/7/2012,131-05,142-10
2/6/2012,131-21+,143-09
2/3/2012,131-10+,142-13
2/2/2012,132-05+,144-19
2/1/2012,131-31+,144-11
1/31/2012,132-08,145-14
1/30/2012,132-01,144-20
1/27/2012,131-23,143-14
1/26/2012,131-14,142-27
1/25/2012,130-24+,141-25
1/24/2012,130-03,141-05
1/23/2012,129-31+,141-05
1/20/2012,130-08+,141-28
1/19/2012,130-22+,142-26
1/18/2012,131-08+,144-06
1/17/2012,131-19,145-05
1/13/2012,131-17+,145
1/12/2012,130-31,143-18
1/11/2012,131-06+,144
1/10/2012,130-23,142-27
1/9/2012,130-27+,142-29
1/6/2012,130-24,143-01
1/5/2012,130-16,142-09
1/4/2012,130-12+,142-13
1/3/2012,130-17+,143-03
12/30/2011,131-04,144-26
12/29/2011,130-27,144-16
12/28/2011,130-22+,144-17
12/27/2011,129-30+,142-14
12/23/2011,129-27+,141-31
12/22/2011,130-14+,143-15
12/21/2011,130-13+,143-08
12/20/2011,131-19,144-22
12/19/2011,132-04,146-10
12/16/2011,131-30+,145-18
12/15/2011,131-15+,144-15
12/14/2011,131-19+,144-24
12/13/2011,131-10,143-13
12/12/2011,131-01,142-14
12/9/2011,130-20+,141-16
12/8/2011,131-05+,142-27
12/7/2011,130-24+,142-04
12/6/2011,130-05,141-01
12/5/2011,130-13,141-26
12/2/2011,130-16,142-02
12/1/2011,129-31+,140-21
11/30/2011,130-05,141-20
11/29/2011,130-15,143-09
11/28/2011,130-23,144
11/25/2011,130-21,143-27
11/23/2011,131-07,145-11
11/22/2011,130-25+,144-03
11/21/2011,130-18+,143-19
11/18/2011,130-09+,142-25
11/17/2011,130-26+,143-11
11/16/2011,130-16,142-04
11/15/2011,130-10+,141-16
11/14/2011,130-14+,141-25
11/11/2011,129-25,140-14
11/10/2011,130-11,141-10
11/9/2011,130-26,142-23
11/8/2011,130-01+,140-24
11/7/2011,130-17+,142
11/4/2011,130-08,141
11/3/2011,130-01+,140-22
11/2/2011,130-10,141-24
11/1/2011,130-08,142
10/31/2011,129-02,139-01
10/28/2011,128-03,136-28
10/27/2011,127-10,135-13
10/26/2011,128-18+,138-25
10/25/2011,129-04,140-02
10/24/2011,128-11,138-03
10/21/2011,128-21,138-16
10/20/2011,128-22+,139
10/19/2011,128-27,139-15
10/18/2011,128-26+,139-19
10/17/2011,128-23,139-24
10/14/2011,128-04,138-13
10/13/2011,128-14,139-17
10/12/2011,127-29+,138-18
10/11/2011,128-07+,139-28
10/10/2011,127-19,138-22
10/7/2011,128-28+,141-10
10/6/2011,129-16+,142-14
10/5/2011,130-03+,143-18
10/4/2011,130-30+,145-12
10/3/2011,130-31+,145-09
9/30/2011,130-03,142-20
9/29/2011,129-31+,142-03
9/28/2011,129-21+,140-30
9/27/2011,129-18,140-25
9/26/2011,130-11,142-28
9/23/2011,130-31,144-23
9/22/2011,131-24,146-02
9/21/2011,131-21+,143-08
9/20/2011,131-11,142-20
9/19/2011,131-13+,142-30
9/16/2011,130-15+,140-23
9/15/2011,130-13,140-13
9/14/2011,130-28+,141-18
9/13/2011,131-02,141-14
9/12/2011,131-15,142-19
9/9/2011,131-24+,142-16
9/8/2011,131-07+,141-11
9/7/2011,130-28+,140-24
9/6/2011,131-07,142-01
9/2/2011,131-09+,141-18
9/1/2011,130-19+,138-22
8/31/2011,130-01,137-10
8/30/2011,130-12+,138-18
8/29/2011,129-23,136-26
8/26/2011,130-09,138-05
8/25/2011,129-31+,137-18
8/24/2011,129-18+,136-27
8/23/2011,130-10+,139-01
8/22/2011,130-19,140-05
8/19/2011,130-25+,140-07
8/18/2011,130-25,139-20
8/17/2011,130-11+,137-30
8/16/2011,130-02+,137-02
8/15/2011,129-18,136-05
8/12/2011,129-28,136-30
8/11/2011,129-07,135-07
8/10/2011,130-02,138-07
8/9/2011,129-26+,137-06
8/8/2011,128-18+,135-09
8/5/2011,127-01+,132-06
8/4/2011,128,133-16
8/3/2011,127-01+,131-09
8/2/2011,126-30+,130-26
8/1/2011,126-04+,129
7/29/2011,125-22,128-04
7/28/2011,124-16,126-02
7/27/2011,124-07+,125-21
7/26/2011,124-17,125-27
7/25/2011,124-04,125-02
7/22/2011,124-10+,125-27
7/21/2011,124,125-03
7/20/2011,124-19,125-28
7/19/2011,124-29+,126-20
7/18/2011,124-29+,125-22
7/15/2011,124-27+,126-01
7/14/2011,124-14,125-26
7/13/2011,124-25+,126-23
7/12/2011,124-20,126-15
7/11/2011,124-17+,126-06
7/8/2011,123-23,124-31
7/7/2011,122-15,123-09
7/6/2011,122-31+,123-21
7/5/2011,122-21,123-06
7/1/2011,121-31+,122-22
6/30/2011,122-10+,123-01
6/29/2011,122-27,123-18
6/28/2011,123-10+,124-07
6/27/2011,124-13,125-16
6/24/2011,124-23+,126-19
6/23/2011,124-11,126-14
6/22/2011,123-21,125-12
6/21/2011,125-08,126-30
6/20/2011,125-10,127-03
6/17/2011,125-12,127-06
6/16/2011,125-18+,127-20
6/15/2011,125-03+,126-25
6/14/2011,123-31+,125-06
6/13/2011,124-24+,126-22
6/10/2011,124-29+,126-31
6/9/2011,124-21,126-16
6/8/2011,125-03,126-30
6/7/2011,124-21,126-07
6/6/2011,124-24,126-11
6/3/2011,124-23+,126-18
6/2/2011,124-12+,126-06
6/1/2011,124-23+,127-08
5/31/2011,124-01,126-05
5/27/2011,123-27+,125-28
5/26/2011,123-24,125-31
5/25/2011,123-04+,125-02
5/24/2011,123-02+,125-09
5/23/2011,123,125-03
5/20/2011,122-26,124-27
5/19/2011,122-19+,124-20
5/18/2011,122-17,124-23
5/17/2011,122-30,125-14
5/16/2011,122-24,124-31
5/13/2011,122-16,124-14
5/12/2011,122-05+,123-26
5/11/2011,122-13+,124-13
5/10/2011,122-03,123-28
5/9/2011,122-15,124-14
5/6/2011,122-09,124-10
5/5/2011,122-02,124-09
5/4/2011,121-20+,123-17
5/3/2011,121-14,123-03
5/2/2011,121-07+,122-19
4/29/2011,121-04+,122-12
4/28/2011,120-30+,122-04
4/27/2011,120-13+,121-12
4/26/2011,120-21+,122-05
4/25/2011,120-10+,121-16
4/21/2011,119-31+,121-01
4/20/2011,119-29,121
4/19/2011,120-08,121-15
4/18/2011,120-06,121-05
4/15/2011,119-26,120-26
4/14/2011,119-06+,119-22
4/13/2011,119-12+,119-26
4/12/2011,119-03,119-11
4/11/2011,118-14+,118-16
4/8/2011,118-12,118-17
4/7/2011,118-15,118-21
4/6/2011,118-12,118-31
4/5/2011,118-24+,119-27
4/4/2011,119-07,120-12
4/1/2011,118-31,120-12
3/31/2011,119-01,120-06
3/30/2011,119-04,120-06
3/29/2011,118-24+,119-24
3/28/2011,119-02+,120-13
3/25/2011,119-06,120-08
3/24/2011,119-16,120-24
3/23/2011,119-31,121-09
3/22/2011,121-06+,122-30
3/21/2011,121-17,123-02
3/18/2011,121-30+,123-11
3/17/2011,122-05,123-16
3/16/2011,122-15,124-02
3/15/2011,121-19+,122-28
3/14/2011,121-16+,122-11
3/11/2011,121,121-28
3/10/2011,120-30+,121-29
3/9/2011,120-10,120-30
3/8/2011,119-24+,120-03
3/7/2011,120-01,120-25
3/4/2011,120,120-26
3/3/2011,119-07+,119-31
3/2/2011,120-02,121-02
3/1/2011,120-14,122
2/28/2011,120-11,121-30
2/25/2011,120-05+,121-23
2/24/2011,120-01+,121-17
2/23/2011,119-26,120-26
2/22/2011,120-03,120-27
2/18/2011,119-02,119-07
2/17/2011,119-00+,119-14
2/16/2011,118-19,118-30
2/15/2011,118-20+,118-31
2/14/2011,118-20,118-30
2/11/2011,118-16,118-13
2/10/2011,118-04,117-16
2/9/2011,118-18+,118-10
2/8/2011,117-31+,117-10
2/7/2011,118-19+,118-03
2/4/2011,118-18+,117-28
2/3/2011,119-14,119-03
2/2/2011,119-28+,119-17
2/1/2011,120-09+,119-30
1/31/2011,120-25+,120-20
1/28/2011,121-05,121-14
1/27/2011,120-21+,120-23
1/26/2011,120-08,120-02
1/25/2011,120-29+,121-23
1/24/2011,120-07+,120-10
1/21/2011,120-05,120-03
1/20/2011,119-26+,119-15
1/19/2011,120-25,121
1/18/2011,120-19,120-14
1/14/2011,120-27+,120-29
1/13/2011,121-03+,121-15
1/12/2011,120-18,120-25
1/11/2011,120-17+,120-31
1/10/2011,120-28,121-06
1/7/2011,120-21+,120-31
1/6/2011,119-26,120-03
1/5/2011,119-07+,119-15
1/4/2011,120-10,121-10
1/3/2011,120-05+,121-16
12/31/2010,120-14,122-04
12/30/2010,119-31+,121
12/29/2010,120-08,121-10
12/28/2010,119-01,119-11
12/27/2010,119-30,121-08
12/23/2010,119-19,120-14
12/22/2010,120,120-25
12/21/2010,121-08,122-08
12/20/2010,121-08+,122-08
12/17/2010,121-13,122-27
12/16/2010,120-12,121-01
12/15/2010,120-00+,120-18
12/14/2010,120-13+,121-03
12/13/2010,121-22+,123-13
12/10/2010,121-08+,123-01
12/9/2010,121-24+,123-19
12/8/2010,121-28,123-09
12/7/2010,122-16,124
12/6/2010,124-10,126-23
12/3/2010,123-22+,125-20
12/2/2010,123-15+,126-01
12/1/2010,123-27+,126-10
11/30/2010,125-01+,128-23
11/29/2010,124-28,128-05
11/26/2010,124-19,127-17
11/24/2010,124-09,126-16
11/23/2010,125-13,128-18
11/22/2010,125-03,128-01
11/19/2010,124-16+,127-07
11/18/2010,124-15+,126-17
11/17/2010,124-28,127-02
11/16/2010,125-01+,127-23
11/15/2010,124-24+,126-07
11/12/2010,125-30,127-30
11/11/2010,126-15+,128-23
11/10/2010,126-31,129-02
11/9/2010,126-17,128-26
11/8/2010,127-11+,130-13
11/5/2010,127-13+,130-22
11/4/2010,127-24,131-22
11/3/2010,126-18+,130-09
11/2/2010,126-17,131-22
11/1/2010,126-10,130-20
10/29/2010,126-09,130-30
10/28/2010,125-27+,130-07
10/27/2010,125-07,129-28
10/26/2010,125-23,130-23
10/25/2010,126-13+,132-04
10/22/2010,126-13+,131-22
10/21/2010,126-20+,131-26
10/20/2010,127-01+,132-21
10/19/2010,127-01,132-14
10/18/2010,126-28+,132-05
10/15/2010,126-07+,131-01
10/14/2010,126-21+,132-14
10/13/2010,127-07,133-14
10/12/2010,127-02+,133-23
10/11/2010,127-14,134-10
10/8/2010,127-10,134-10
10/7/2010,127-04+,134-14
10/6/2010,127-03,134-26
10/5/2010,126-20+,133-22
10/4/2010,126-15,133-29
10/1/2010,126-02+,133-12
9/30/2010,126-01+,133-23
9/29/2010,126-05,133-21
9/28/2010,126-14,134-07
9/27/2010,125-30+,133-11
9/24/2010,125-07,131-24
9/23/2010,125-18+,132-24
9/22/2010,125-18,132-23
9/21/2010,125-24,132-17
9/20/2010,125-16+,132-01
9/17/2010,125-07+,131-17
9/16/2010,125,131-10
9/15/2010,125-07,132-02
9/14/2010,125-14+,133
9/13/2010,124-30,132-03
9/10/2010,124-13+,131-17
9/9/2010,124-21,131-31
9/8/2010,125-13+,133-20
9/7/2010,125-26+,134-11
9/3/2010,125,132-28
9/2/2010,125-16,133-30
9/1/2010,125-23+,134-19
8/31/2010,126-16,136-14
8/30/2010,126-03,135-15
8/27/2010,125-06,133-22
8/26/2010,126-07,136
8/25/2010,125-29+,135-06
8/24/2010,126-13,135-24
8/23/2010,125-21,134-04
8/20/2010,125-17,134
8/19/2010,125-30+,134-11
8/18/2010,125-19+,133-11
8/17/2010,125-21+,132-29
8/16/2010,126-06+,133-28
8/13/2010,125-18+,132
8/12/2010,125-11,131-07
8/11/2010,125-19+,131-12
8/10/2010,124-31+,129-25
8/9/2010,124-16+,129-11
8/6/2010,124-18+,129-17
8/5/2010,123-28+,128-12
8/4/2010,123-20,127-29
8/3/2010,123-31+,128-13
8/2/2010,123-13+,127-20
7/30/2010,123-26,128-23
7/29/2010,123-03,126-28
7/28/2010,122-27+,126-27
7/27/2010,122-10+,126-11
7/26/2010,122-23+,127-07
7/23/2010,122-21+,127-05
7/22/2010,123-05+,128-03
7/21/2010,123-16,128-27
7/20/2010,123-07+,127-31
7/19/2010,123-01,127-19
7/16/2010,123-06+,128-03
7/15/2010,122-25,127-21
7/14/2010,122-07+,126-19
7/13/2010,121-21,125-15
7/12/2010,122-03+,126-11
7/9/2010,121-29+,126-09
7/8/2010,122-05,126-25
7/7/2010,122-14,127-10
7/6/2010,122-23+,128
7/2/2010,122-10,127-05
7/1/2010,122-19+,128
6/30/2010,122-17+,127-16
6/29/2010,122-17,127-04
6/28/2010,122-04+,126-09
6/25/2010,121-15+,125-11
6/24/2010,121-10+,125-01
6/23/2010,121-11+,125-11
6/22/2010,120-29,124-24
6/21/2010,121-05,124-09
6/18/2010,121-08+,124-15
6/17/2010,121-17+,124-29
6/16/2010,120-28+,123-22
6/15/2010,120-23,123-10
6/14/2010,120-30+,123-26
6/11/2010,121-12+,124-22
6/10/2010,120-20,123-03
6/9/2010,121-20+,124-28
6/8/2010,121-26,125-03
6/7/2010,121-21,124-26
6/4/2010,121-17+,124-29
6/3/2010,120-06,122-16
6/2/2010,120-12,122-29
6/1/2010,120-21+,123-11
5/28/2010,120-21+,123-07
5/27/2010,120-10,122-30
5/26/2010,121-05,124-15
5/25/2010,121-21+,125-08
5/24/2010,121-05+,124-12
5/21/2010,121-10,124-28
5/20/2010,120-30+,124-01
5/19/2010,120-08,122-25
5/18/2010,120-06+,122-22
5/17/2010,119-18+,121-14
5/14/2010,119-24+,122-01
5/13/2010,118-27+,120-17
5/12/2010,118-25+,120-10
5/11/2010,119-00+,120-25
5/10/2010,118-30,120-27
5/7/2010,119-22,122
5/6/2010,119-29+,123-11
5/5/2010,118-21+,120-17
5/4/2010,118-04+,120
5/3/2010,117-15+,118-23
4/30/2010,117-29,119-02
4/29/2010,117-14,118-07
4/28/2010,117,117-17
4/27/2010,117-21,118-14
4/26/2010,116-18+,116-28
4/23/2010,116-14+,116-28
4/22/2010,116-26+,117-09
4/21/2010,117-06,117-19
4/20/2010,116-24+,116-24
4/19/2010,116-25+,116-16
4/16/2010,117-02+,116-28
4/15/2010,116-12+,116-01
4/14/2010,116-09,115-30
4/13/2010,116-18+,116-20
4/12/2010,116-08,116-08
4/9/2010,115-29,115-21
4/8/2010,115-26,115-13
4/7/2010,116-00+,115-22
4/6/2010,115-07,114-13
4/5/2010,115,114-12
4/2/2010,115-11,114-28
4/1/2010,116-01,115-29
3/31/2010,116-08,116-04
3/30/2010,115-30,115-21
3/29/2010,115-30,115-16
3/26/2010,115-30+,115-14
3/25/2010,115-17+,115-01
3/24/2010,116-03,115-27
3/23/2010,117-09,117-23
3/22/2010,118-20+,119-14
3/19/2010,118-11+,119-14
3/18/2010,118-16,119-08
3/17/2010,118-24+,119-14
3/16/2010,118-24+,119-06
3/15/2010,118-10,118-14
3/12/2010,118-08,118-15
3/11/2010,118-08,118-04
3/10/2010,118-11,117-27
3/9/2010,118-16+,117-31
3/8/2010,118-12,117-29
3/5/2010,118-16,118-06
3/4/2010,118-31,119-10
3/3/2010,118-29,118-25
3/2/2010,118-28+,118-27
3/1/2010,118-28,118-31
2/26/2010,118-29,119-06
2/25/2010,118-18,118-13
2/24/2010,118-02+,117-23
2/23/2010,118-01+,117-28
2/22/2010,117-06,116-12
2/19/2010,117-06,116-25
2/18/2010,117-06+,116-06
2/17/2010,117-21+,116-26
2/16/2010,118-10,117-26
2/12/2010,118-02+,117-18
2/11/2010,117-24+,117-08
2/10/2010,117-29,117-18
2/9/2010,118-07+,118-10
2/8/2010,118-15+,118-30
2/5/2010,118-27+,119-16
2/4/2010,118-08,118-25
2/3/2010,117-18+,117-12
2/2/2010,118-00+,118-13
2/1/2010,117-27+,118-05
1/29/2010,118-05,118-26
1/28/2010,117-22+,118-05
1/27/2010,117-21,118-11
1/26/2010,117-26+,118-09
1/25/2010,117-23+,118-10
1/22/2010,117-29,118-27
1/21/2010,117-26,118-20
1/20/2010,117-13,117-31
1/19/2010,117-02+,117-05
1/15/2010,117-09,117-12
1/14/2010,116-24,116-25
1/13/2010,116-12+,115-30
1/12/2010,116-24,116-26
1/11/2010,116-01,115-06
1/8/2010,116-01,115-15
1/7/2010,115-27,115-09
1/6/2010,115-31,115-10
1/5/2010,116-06+,116-01
1/4/2010,115-17,115-03
12/31/2009,115-14+,115-12
12/30/2009,115-27,115-28
12/29/2009,115-21,115-13
12/28/2009,115-16+,115
12/24/2009,115-23,115-07
12/23/2009,116-04,115-30
12/22/2009,116-07+,116-03
12/21/2009,118-09+,118-10
12/18/2009,119-03+,119-14
12/17/2009,119-17,120-02
12/16/2009,118-23,118-21
12/15/2009,118-19+,118-22
12/14/2009,118-29+,119-03
12/11/2009,119-00+,118-29
12/10/2009,119-16+,119-13
12/9/2009,120-01,120-07
12/8/2009,120-04+,120-16
12/7/2009,119-18+,119-31
12/4/2009,119-06+,119-22
12/3/2009,120-02,120-31
12/2/2009,120-13,121-30
12/1/2009,120-26+,122-11
11/30/2009,121-05+,123-11
11/27/2009,121-02+,123-06
11/25/2009,120-15,122-06
11/24/2009,120-03,121-17
11/23/2009,119-20,120-29
11/20/2009,119-18,120-28
11/19/2009,119-21,120-26
11/18/2009,119-14,120-16
11/17/2009,119-24,121-02
11/16/2009,119-22,120-27
11/13/2009,118-30+,119-14
11/12/2009,118-29+,118-29
11/11/2009,119-01,119-12
11/10/2009,118-18+,118-13
11/9/2009,118-17,118-16
11/6/2009,118-13+,118-14
11/5/2009,118-02+,118-07
11/4/2009,117-26+,118-03
11/3/2009,118-05,119-02
11/2/2009,118-15+,119-26
10/30/2009,118-19+,120-05
10/29/2009,117-23,118-22
10/28/2009,118-08,119-26
10/27/2009,117-29+,119-04
10/26/2009,117-02+,118-02
10/23/2009,117-19,119-01
10/22/2009,117-31,119-20
10/21/2009,118-00+,119-25
10/20/2009,118-20+,120-21
10/19/2009,118-07+,119-29
10/16/2009,118-04,119-18
10/15/2009,117-24+,118-25
10/14/2009,118-05,119-13
10/13/2009,118-29,120-29
10/12/2009,118-17+,120-04
10/9/2009,118-09,119-31
10/8/2009,119-05,121-23
10/7/2009,119-23,122-28
10/6/2009,119-04,122-01
10/5/2009,119-06,122-10
10/2/2009,119-07,122-09
10/1/2009,119-08+,122-21
9/30/2009,118-10+,121-12
9/29/2009,118-09+,121-20
9/28/2009,118-06,121-14
9/25/2009,117-31+,120-28
9/24/2009,117-22+,119-31
9/23/2009,117-14,119-22
9/22/2009,117-01,119-05
9/21/2009,118-24,120-31
9/18/2009,118-10+,120-22
9/17/2009,118-28+,121-16
9/16/2009,118-12,120-10
9/15/2009,118-21,120-18
9/14/2009,118-31+,121-08
9/11/2009,119-11+,121-28
9/10/2009,119-09,121-24
9/9/2009,118-12,119-24
9/8/2009,118-14,119-29
9/4/2009,118-12+,120-11
9/3/2009,119-03,121-29
9/2/2009,119-12+,122-11
9/1/2009,118-27+,121-07
8/31/2009,118-17+,120-30
8/28/2009,118-01,120-10
8/27/2009,117-27+,120-10
8/26/2009,118,120-26
8/25/2009,117-28,120-14
8/24/2009,117-18,119-24
8/21/2009,117-05,118-26
8/20/2009,118-03+,120-10
8/19/2009,117-31,119-28
8/18/2009,117-16+,119-09
8/17/2009,117-24,119-22
8/14/2009,117-08+,118-25
8/13/2009,117-00+,118-06
8/12/2009,116-05+,116-28
8/11/2009,116-03,117-16
8/10/2009,115-20+,116-13
8/7/2009,114-30,115-10
8/6/2009,115-24,116-15
8/5/2009,115-16+,116-03
8/4/2009,116-01+,117-02
8/3/2009,116-06,117-19
7/31/2009,117-09,119
7/30/2009,116-06,117-02
7/29/2009,116,116-15
7/28/2009,116-02+,115-30
7/27/2009,116-01+,115-16
7/24/2009,116-12,116-03
7/23/2009,116-01,115-20
7/22/2009,117-07+,117-09
7/21/2009,117-25,118-10
7/20/2009,117,117-06
7/17/2009,116-12+,116-08
7/16/2009,117-00+,117-07
7/15/2009,116-22+,116-26
7/14/2009,117-25,118-21
7/13/2009,118-10+,120-02
7/10/2009,118-22+,120-23
7/9/2009,117-27+,119-11
7/8/2009,118-20,121-08
7/7/2009,117-09,119-14
7/6/2009,116-27,118-26
7/2/2009,116-27,118-30
7/1/2009,116-08+,118-08
6/30/2009,116-08+,118-12
6/29/2009,116-14+,118-18
6/26/2009,116-13,118-17
6/25/2009,116-06+,118
6/24/2009,115-06,116-18
6/23/2009,115-15+,117-06
6/22/2009,115-04+,116-12
6/19/2009,116-01,116
6/18/2009,115-21,115-22
6/17/2009,116-31,117-25
6/16/2009,116-24,117-05
6/15/2009,116-14+,116-20
6/12/2009,116-01,115-25
6/11/2009,115-23,115
6/10/2009,115-02+,114-04
6/9/2009,115-12+,115-02
6/8/2009,114-31+,114-28
6/5/2009,115-04,114-22
6/4/2009,116-22+,115-28
6/3/2009,117-26+,117-22
6/2/2009,117-07+,116-24
6/1/2009,117-01+,116
5/29/2009,118-20,119-03
5/28/2009,117-16+,117-03
5/27/2009,117-16+,116-22
5/26/2009,118-23+,118-21
5/22/2009,119-05+,119-10
5/21/2009,119-29+,120-10
5/20/2009,120-30+,122-14
5/19/2009,120-21,121-22
5/18/2009,120-26+,121-25
5/15/2009,121-16+,122-30
5/14/2009,121-21+,123-04
5/13/2009,121-23+,122-30
5/12/2009,121-09+,122
5/11/2009,121-08+,121-24
5/8/2009,120-11+,120-10
5/7/2009,120-08,120-14
5/6/2009,121-03+,122-12
5/5/2009,120-30+,122-18
5/4/2009,120-29,122-16
5/1/2009,120-24,122-05
4/30/2009,120-30,122-18
4/29/2009,121-04,122-24
4/28/2009,121-21+,123-26
4/27/2009,122-09+,125-01
4/24/2009,121-17+,124-08
4/23/2009,122-02+,125-07
4/22/2009,121-29+,124-20
4/21/2009,122-13,125-21
4/20/2009,123-01,126-21
4/17/2009,122-09,125-11
4/16/2009,123-07,127
4/15/2009,123-25+,127-30
4/14/2009,123-19,127-21
4/13/2009,123-03+,127-03
4/9/2009,122-10+,125-30
4/8/2009,122-24,127-19
4/7/2009,122-06,126-25
4/6/2009,121-27,126-02
4/3/2009,121-31,127
4/2/2009,123-12,129-05
4/1/2009,124-09,130-18
3/31/2009,124-02+,129-22
3/30/2009,123-24+,128-30
3/27/2009,123-10+,128-18
3/26/2009,123-21,128-18
3/25/2009,123-05+,127-24
3/24/2009,124-06,129-04
3/23/2009,124-09,128-20
3/20/2009,125-27+,130-31
3/19/2009,126,130-26
3/18/2009,126-25+,130-20
3/17/2009,122-12+,125-18
3/16/2009,122-28,126-08
3/13/2009,123-10,127-16
3/12/2009,123-04,127-24
3/11/2009,122-29+,127-04
3/10/2009,122-11,126-08
3/9/2009,123-05+,127-16
3/6/2009,123-14+,128-18
3/5/2009,123-14+,128-08
3/4/2009,121-30+,125-02
3/3/2009,122-22,125-24
3/2/2009,123-01,126
2/27/2009,121-22+,124-20
2/26/2009,121-23,125-25
2/25/2009,121-20,126-06
2/24/2009,122-27+,127-28
2/23/2009,123-05+,127-28
2/20/2009,123-10,127-20
2/19/2009,122-17,126-08
2/18/2009,123-21+,128-21
2/17/2009,124-14,129-11
2/13/2009,122-22+,126-09
2/12/2009,124-05,129-09
2/11/2009,123-21+,128-24
2/10/2009,123-03,127-29
2/9/2009,121-18,125-22
2/6/2009,121-26+,125-27
2/5/2009,122-12,126-29
2/4/2009,122-03+,126-20
2/3/2009,122-17+,126-31
2/2/2009,123-23,128-24
1/30/2009,122-21+,126-22
1/29/2009,122-26+,127-04
1/28/2009,123-27,128-30
1/27/2009,124-23,131-06
1/26/2009,123-21,129-08
1/23/2009,123-29,129-20
1/22/2009,124-04+,129-30
1/21/2009,124-24,131-21
1/20/2009,126-08+,134-30
1/16/2009,126-17,136-07
1/15/2009,127-00+,137-04
1/14/2009,126-31,136-28
1/13/2009,126-07,134-26
1/12/2009,126-10+,134-26
1/9/2009,125-17+,133-04
1/8/2009,125-10,133
1/7/2009,124-15+,132-22
1/6/2009,124-11+,132-22
1/5/2009,124-05+,133
1/2/2009,124-09+,135-15
12/31/2008,125-24,138-02
12/30/2008,127-09+,141-14
12/29/2008,127-24,140-28
12/26/2008,127-10+,141-06
12/24/2008,126-23,140-15
12/23/2008,127-04+,141
12/22/2008,126-29+,140-22
12/19/2008,129-27+,142-20
12/18/2008,130-03,142-18
12/17/2008,129-22+,140-16
12/16/2008,129-06+,138-16
12/15/2008,127-15+,136-10
12/12/2008,127-06,135-30
12/11/2008,126-23,135-20
12/10/2008,125-21+,135-01
12/9/2008,125-29,135-19
12/8/2008,125-10+,134-22
12/5/2008,125-20,134-20
12/4/2008,126-20+,134-30
12/3/2008,125-30+,132-31
12/2/2008,125-08,132-06
12/1/2008,124-26+,131-20
11/28/2008,122-28+,128-18
11/26/2008,122-11+,128-02
11/25/2008,121-05+,126-29
11/24/2008,119-12+,125-09
11/21/2008,120-15+,126-10
11/20/2008,120-23,125-25
11/19/2008,119-08,122-03
11/18/2008,118-15,120-05
11/17/2008,117-14+,118-26
11/14/2008,116-29+,118-18
11/13/2008,116-13,117
11/12/2008,116-21,118-03
11/11/2008,116,118-14
11/10/2008,115-17,117-20
11/7/2008,115-02,116-12
11/6/2008,115-14+,116-26
11/5/2008,115-14+,116-20
11/4/2008,115-04,115-12
11/3/2008,113-25+,113-18
10/31/2008,113-02+,113-04
10/30/2008,113-18+,114-10
10/29/2008,114-02,115-01
10/28/2008,114-11+,116-12
10/27/2008,115-04,117-10
10/24/2008,115-04,116-30
10/23/2008,115-27,117-30
10/22/2008,115-08,115-28
10/21/2008,114-16,115-06
10/20/2008,113-00+,113-16
10/17/2008,111-29+,113-02
10/16/2008,112-09+,114-12
10/15/2008,111-31,114-08
10/14/2008,112-04+,114-25
10/13/2008,112-08,115-02
10/10/2008,113-17+,116-20
10/9/2008,113-17,116-16
10/8/2008,114-30,118-09
10/7/2008,117-04+,120-24
10/6/2008,117-31,121-31
10/3/2008,116,119-20
10/2/2008,115-16,119-12
10/1/2008,115-03,118-06
9/30/2008,114-20,117-06
9/29/2008,116-18+,119-26
9/26/2008,114-26,117-14
9/25/2008,114-11,116-24
9/24/2008,115-07+,117-12
9/23/2008,114-27+,117-02
9/22/2008,115-04+,117-14
9/19/2008,116-26+,119-07
9/18/2008,119-30,122-26
9/17/2008,119-31+,122-28
9/16/2008,118-31+,122-18
9/15/2008,119-05+,122-06
9/12/2008,116-31,119-14
9/11/2008,117-20+,120-27
9/10/2008,117-15+,120-18
9/9/2008,117-27+,121-02
9/8/2008,117-13,120-04
9/5/2008,117-19+,119-30
9/4/2008,117-29+,119-30
9/3/2008,117-22,119-14
9/2/2008,117-12+,119
8/29/2008,116-22,118-06
8/28/2008,116-26+,118-25
8/27/2008,116-31+,118-26
8/26/2008,116-25,118-20
8/25/2008,116-26,118-18
8/22/2008,116-00+,117-22
8/21/2008,116-10,117-24
8/20/2008,116-21,118-02
8/19/2008,116-08+,117-18
8/18/2008,116-12+,117-30
8/15/2008,116-03,117-16
8/14/2008,115-26,116-29
8/13/2008,115-13,116-02
8/12/2008,115-23,116-16
8/11/2008,114-28,115-18
8/8/2008,115-10,116-12
8/7/2008,115-19,116-08
8/6/2008,114-15+,114-21
8/5/2008,114-22+,115-09
8/4/2008,114-27,115-22
8/1/2008,115-01,115-29
7/31/2008,114-26+,115-16
7/30/2008,114-03+,114-26
7/29/2008,114-03+,114-28
7/28/2008,114-08+,115-01
7/25/2008,113-14,113-26
7/24/2008,114-05,115
7/23/2008,113-00+,113-20
7/22/2008,113-15,114-05
7/21/2008,113-24+,114-18
7/18/2008,113-19+,114-10
7/17/2008,113-28+,114-20
7/16/2008,114-28,115-16
7/15/2008,115-13+,116-28
7/14/2008,114-31,116-24
7/11/2008,114-13+,115-27
7/10/2008,115-21+,117-10
7/9/2008,115-16,117-06
7/8/2008,115-07+,116-27
7/7/2008,114-27,116-10
7/3/2008,114-11+,115-28
7/2/2008,114-07,116-04
7/1/2008,113-28,115-16
6/30/2008,113-29+,115-19
6/27/2008,113-26+,115-21
6/26/2008,113-21,115
6/25/2008,112-25,113-31
6/24/2008,112-30,114-04
6/23/2008,112-08,113-09
6/20/2008,112-15+,113-14
6/19/2008,113-07+,113-08
6/18/2008,113-21,113-18
6/17/2008,113-02,112-26
6/16/2008,112-24,112-26
6/13/2008,112-19,112-18
6/12/2008,112-30+,112-30
6/11/2008,113-31+,114-04
6/10/2008,113-23+,113-30
6/9/2008,114-21,114-30
6/6/2008,115-13+,115-04
6/5/2008,114-24,114-08
6/4/2008,115-14,115-08
6/3/2008,115-21+,115-28
6/2/2008,114-27,115-02
5/30/2008,113-30+,114-15
5/29/2008,113-22+,113-30
5/28/2008,114-04,114-24
5/27/2008,114-26,115-20
5/23/2008,115-16+,116-28
5/22/2008,114-23+,115-26
5/21/2008,115-20+,116-31
5/20/2008,115-31,117-10
5/19/2008,115-13,116-20
5/16/2008,115-07,116-14
5/15/2008,115-09,116-14
5/14/2008,114-18,115-16
5/13/2008,114-29+,115-27
5/12/2008,116-01,117-08
5/9/2008,116-02,117-08
5/8/2008,115-25+,116-24
5/7/2008,115-03+,115-24
5/6/2008,114-27,115-14
5/5/2008,115-02+,116-04
5/2/2008,114-31,116-08
5/1/2008,115-23+,117-04
4/30/2008,115-26,116-28
4/29/2008,115-12+,116-04
4/28/2008,115-11,116-01
4/25/2008,115-02,115-19
4/24/2008,115-10,116-04
4/23/2008,116-02+,117
4/22/2008,116-08,117-05
4/21/2008,116-12+,117-02
4/18/2008,116-04+,116-14
4/17/2008,116-11+,116-22
4/16/2008,116-19,117
4/15/2008,117-13,118-14
4/14/2008,117-29+,119-10
4/11/2008,118-06+,119-22
4/10/2008,117-17+,119-01
4/9/2008,118-06,119-14
4/8/2008,117-15,118-08
4/7/2008,117-15+,118-11
4/4/2008,118-10,119-04
4/3/2008,117-13+,117-18
4/2/2008,117-13+,117-14
4/1/2008,117-23,117-20
3/31/2008,118-30+,118-26
3/28/2008,118-22+,118-17
3/27/2008,118-11+,118-06
3/26/2008,118-21,118-26
3/25/2008,118-17,119-02
3/24/2008,118-07,118-26
3/20/2008,119-26+,120-30
3/19/2008,120-30,121-06
3/18/2008,120-22+,120-20
3/17/2008,121-22,121-16
3/14/2008,120-29,120-22
3/13/2008,119-19,119-12
3/12/2008,119-23,120
3/11/2008,118-22+,118-08
3/10/2008,120-03,119-28
3/7/2008,119-10,118-14
3/6/2008,118-17,117-30
3/5/2008,118,117-18
3/4/2008,118-18+,119
3/3/2008,118-22+,119-22
2/29/2008,118-22,119-22
2/28/2008,117-04+,117-23
2/27/2008,116-02,116-07
2/26/2008,115-30+,116
2/25/2008,115-20,115-27
2/22/2008,116-16,117-02
2/21/2008,116-15+,117-08
2/20/2008,115-09+,115-29
2/19/2008,115-20,116-02
2/15/2008,116-14,117
2/14/2008,116-07+,116-13
2/13/2008,116-31+,118-02
2/12/2008,116-28+,118-16
2/11/2008,117-10+,119-09
2/8/2008,117-02+,118-23
2/7/2008,116-17,117-26
2/6/2008,117-10,119-12
2/5/2008,117-14,119-25
2/4/2008,116-26,119-06
2/1/2008,117-01+,119-25
1/31/2008,116-23,119-10
1/30/2008,116,118-10
1/29/2008,116-17,119-10
1/28/2008,117,119-31
1/25/2008,117-01+,119-28
1/24/2008,116-21+,118-31
1/23/2008,118-06+,121-14
1/22/2008,117-26+,120-25
1/18/2008,116-21+,119-19
1/17/2008,116-17+,120-03
1/16/2008,116-01,119-06
1/15/2008,116-03,119-17
1/14/2008,115-16,118-16
1/11/2008,115-14,118-08
1/10/2008,114-26,117-14
1/9/2008,115-15,118-26
1/8/2008,115-05,118-09
1/7/2008,115-05,118-13
1/4/2008,114-31+,118-03
1/3/2008,114-11,117-24
1/2/2008,114-12+,117-29
12/31/2007,113-12+,116-12
12/28/2007,112-29,115-22
12/27/2007,112-07,114-14
12/26/2007,111-19,113-17
12/24/2007,112-03,114-12
12/21/2007,112-14,115
12/20/2007,113-16+,116-18
12/19/2007,113-24,115-23
12/18/2007,113-20+,115-09
12/17/2007,113-05+,114-11
12/14/2007,112-25+,113-26
12/13/2007,113-07,114-16
12/12/2007,113-23+,115-21
12/11/2007,114-12+,116-14
12/10/2007,113-05+,114-26
12/7/2007,113-10,115-06
12/6/2007,114-05+,116-20
12/5/2007,114-22+,117-21
12/4/2007,114-21,118
12/3/2007,114-18+,118
11/30/2007,113-29+,117-06
11/29/2007,114,117-25
11/28/2007,113-13+,116-30
11/27/2007,113-30+,117-20
11/26/2007,114-19,118-25
11/23/2007,113-14+,116-28
11/21/2007,113-12+,116-16
11/20/2007,113-05,116-08
11/19/2007,113-00+,116-07
11/16/2007,112-14+,115-18
11/15/2007,112-12,115-13
11/14/2007,111-19,114-13
11/13/2007,111-23,114-13
11/12/2007,,
11/9/2007,111-31+,114-22
11/8/2007,111-20,114-02
11/7/2007,111-05+,113-23
11/6/2007,110-28,113-24
11/5/2007,111-05,114-06
11/2/2007,111-11,114-16
11/1/2007,110-25+,113-27
10/31/2007,110-00+,112-19
10/30/2007,110-21,113-19
10/29/2007,110-21,113-21
10/26/2007,110-20+,113-16
10/25/2007,110-27+,113-25
10/24/2007,111-01,113-30
10/23/2007,110-16+,113-06
10/22/2007,110-17,113-13
10/19/2007,110-18,113-07
10/18/2007,109-28+,112-05
10/17/2007,109-18,111-22
10/16/2007,108-25+,110-13
10/15/2007,108-20,110-14
10/12/2007,108-15,110-12
10/11/2007,108-21,110-20
10/10/2007,108-22+,110-25
10/9/2007,108-21+,110-25
10/8/2007,,
10/5/2007,108-24+,110-25
10/4/2007,109-20,112-03
10/3/2007,109-15,111-27
10/2/2007,109-19+,112
10/1/2007,109-11,111-23
9/28/2007,109-09,111-11
9/27/2007,109-12,111-11
9/26/2007,109-01+,110-23
9/25/2007,109-01+,110-26
9/24/2007,108-30,110-28
9/21/2007,108-28+,110-24
9/20/2007,108-20+,110-08
9/19/2007,109-23+,111-25
9/18/2007,110-05+,112-25
9/17/2007,110-02,113
9/14/2007,110-04,112-31
9/13/2007,110-00+,112-26
9/12/2007,110-18+,113-17
9/11/2007,110-27+,114
9/10/2007,111-07+,114-06
9/7/2007,111,113-17
9/6/2007,109-30+,112-09
9/5/2007,110-07+,112-16
9/4/2007,109-17,111-21
8/31/2007,109-15+,111-25
8/30/2007,109-26+,112-03
8/29/2007,109-12+,111-15
8/28/2007,109-16,111-20
8/27/2007,108-27,111-11
8/24/2007,108-21,110-27
8/23/2007,108-26,110-22
8/22/2007,108-27,110-12
8/21/2007,109-02+,110-20
8/20/2007,108-25,110-08
8/17/2007,108-19,109-27
8/16/2007,108-27+,110-19
8/15/2007,108-06,109-18
8/14/2007,107-28,109-26
8/13/2007,107-17,109-15
8/10/2007,107-15+,109-10
8/9/2007,107-12,109-04
8/8/2007,106-27+,108-30
8/7/2007,107-18,110-06
8/6/2007,107-21+,110-06
8/3/2007,107-28,110-20
8/2/2007,107-15,110-07
8/1/2007,107-14+,110-02
7/31/2007,107-13+,110-02
7/30/2007,107-07,109-20
7/27/2007,107-12+,109-25
7/26/2007,107-17,109-29
7/25/2007,106-19,108-28
7/24/2007,106-11,108-15
7/23/2007,106-05+,108-12
7/20/2007,106-07+,108-13
7/19/2007,105-23+,107-25
7/18/2007,105-27,107-31
7/17/2007,105-11,107-09
7/16/2007,105-19+,107-23
7/13/2007,105-05,106-31
7/12/2007,105-04,106-27
7/11/2007,105-13+,107-06
7/10/2007,105-20,107-21
7/9/2007,104-27,106-15
7/6/2007,104-19+,106-03
7/5/2007,104-30,106-18
7/3/2007,105-19,107-16
7/2/2007,105-30,108-01
6/29/2007,105-22+,107-24
6/28/2007,105-06+,106-25
6/27/2007,105-15+,107-04
6/26/2007,105-08+,106-25
6/25/2007,105-13,107-01
6/22/2007,104-31,106-12
6/21/2007,104-24,106-04
6/20/2007,105-08,106-25
6/19/2007,105-16+,107-06
6/18/2007,105-03,106-20
6/15/2007,104-29,106-13
6/14/2007,104-20,106-01
6/13/2007,104-23,106-06
6/12/2007,104-16+,105-18
6/11/2007,105-05,106-23
6/8/2007,105-06,106-28
6/7/2007,105-07+,107-01
6/6/2007,105-30+,108-12
6/5/2007,105-27,108-14
6/4/2007,106-04,108-30
6/1/2007,105-31,108-17
5/31/2007,106-12+,109-05
5/30/2007,106-16,109-05
5/29/2007,106-16,109-03
5/25/2007,106-21,109-08
5/24/2007,106-22,109-09
5/23/2007,106-22+,109-08
5/22/2007,106-28,109-19
5/21/2007,107-04+,110-03
5/18/2007,107-01+,109-30
5/17/2007,107-11+,110-14
5/16/2007,107-22,110-30
5/15/2007,107-22,110-28
5/14/2007,107-27,111-04
5/11/2007,107-31,111-10
5/10/2007,108-04+,111-18
5/9/2007,107-30+,111-11
5/8/2007,108-08+,111-27
5/7/2007,108-07+,111-30
5/4/2007,108-07,111-27
5/3/2007,107-30+,111-14
5/2/2007,108-05+,111-23
5/1/2007,108-07,111-23
4/30/2007,108-10+,111-24
4/27/2007,107-27,110-29
4/26/2007,107-29,111-02
4/25/2007,108-05+,111-16
4/24/2007,108-10+,111-23
4/23/2007,108-04,111-15
4/20/2007,108,111-09
4/19/2007,107-31+,111-11
4/18/2007,108-01,111-15
4/17/2007,107-25+,111-04
4/16/2007,107-14+,110-19
4/13/2007,107-10,110-08
4/12/2007,107-15+,110-15
4/11/2007,107-15+,110-14
4/10/2007,107-18+,110-18
4/9/2007,107-14,110-12
4/6/2007,107-12+,110-10
4/5/2007,107-30+,111-01
4/4/2007,108-04,111-09
4/3/2007,108,111-06
4/2/2007,108-05,111-11
3/30/2007,108-04,111-08
3/29/2007,108-08,111-18
3/28/2007,108-12,111-19
3/27/2007,108-12+,111-24
3/26/2007,108-17,112-01
3/23/2007,108-12,111-27
3/22/2007,108-17,112-02
3/21/2007,108-18+,112-13
3/20/2007,108-24+,112-25
3/19/2007,108-20,112-18
3/16/2007,108-25,112-28
3/15/2007,108-27+,112-30
3/14/2007,108-30,113
3/13/2007,109-02,113-10
3/12/2007,108-19+,112-27
3/9/2007,108-12,112-16
3/8/2007,108-30,113-12
3/7/2007,108-30,113-16
3/6/2007,108-24,113-07
3/5/2007,108-26,113-08
3/2/2007,108-27,113-08
3/1/2007,108-18+,112-28
2/28/2007,108-18,113
2/27/2007,108-25,113-13
2/26/2007,107-31+,112-06
2/23/2007,107-22,111-20
2/22/2007,107-10+,111-02
2/21/2007,107-19,111-15
2/20/2007,107-21+,111-20
2/16/2007,107-19,111-16
2/15/2007,107-16+,111-10
2/14/2007,107-11,111-01
2/13/2007,106-25+,110-06
2/12/2007,106-27+,110-10
2/9/2007,106-31+,110-16
2/8/2007,107-10+,111-03
2/7/2007,107-09+,110-31
2/6/2007,107-04,110-25
2/5/2007,106-27,110-10
2/2/2007,106-23,110-03
2/1/2007,106-21+,110-02
1/31/2007,106-24,110-04
1/30/2007,106-14+,109-16
1/29/2007,106-11+,109-13
1/26/2007,106-14,109-17
1/25/2007,106-16,109-23
1/24/2007,106-28,110-10
1/23/2007,106-28+,110-13
1/22/2007,107-04+,110-30
1/19/2007,107-01+,110-25
1/18/2007,107-06,110-30
1/17/2007,106-31+,110-18
1/16/2007,107-07+,110-31
1/12/2007,107-03+,110-26
1/11/2007,107-10,111-06
1/10/2007,107-22,111-26
1/9/2007,107-26,112-04
1/8/2007,107-26,112-04
1/5/2007,107-28,112-05
1/4/2007,108-02,112-13
1/3/2007,107-24,111-30
1/2/2007,107-19,111-23
12/29/2006,107-15,111-14
12/28/2006,107-19,111-17
12/27/2006,107-27+,111-29
12/26/2006,108-08+,112-15
12/22/2006,108-05,112-06
12/21/2006,108-21+,113-01
12/20/2006,108-10+,112-18
12/19/2006,108-10+,112-22
12/18/2006,108-11,112-23
12/15/2006,108-09+,112-22
12/14/2006,108-10,112-23
12/13/2006,108-14+,112-31
12/12/2006,109-00+,113-31
12/11/2006,108-25,113-23
12/8/2006,108-18,113-10
12/7/2006,109-02,114-02
12/6/2006,109-02,114-02
12/5/2006,109-11,114-15
12/4/2006,109-12,114-19
12/1/2006,109-13,114-20
11/30/2006,109-03+,114-12
11/29/2006,108-23,113-22
11/28/2006,108-26,113-28
11/27/2006,108-19,113-19
11/24/2006,108-16,113-14
11/22/2006,108-13+,113-07
11/21/2006,108-11,113-04
11/20/2006,108-07,112-30
11/17/2006,108-05+,112-26
11/16/2006,107-24,112-10
11/15/2006,108-01,112-25
11/14/2006,108-12+,113-09
11/13/2006,108-05,112-26
11/10/2006,108-09,112-31
11/9/2006,108-02,112-18
11/8/2006,108-01+,112-18
11/7/2006,107-27+,112-07
11/6/2006,107-16+,111-23
11/3/2006,107-15,111-20
11/2/2006,108-10,112-26
11/1/2006,108-17,113-05
10/31/2006,108-07,112-21
10/30/2006,107-24,111-29
10/27/2006,107-24,111-27
10/26/2006,107-15,111-11
10/25/2006,107-02+,110-22
10/24/2006,106-24,110-04
10/23/2006,106-24+,110-04
10/20/2006,107-00+,110-20
10/19/2006,107-01,110-19
10/18/2006,107-05,110-25
10/17/2006,107-03+,110-20
10/16/2006,107-00+,110-17
10/13/2006,106-28,110-11
10/12/2006,107-01+,110-22
10/11/2006,106-31+,110-20
10/10/2006,107-08,111-01
10/9/2006,,
10/6/2006,107-19+,111-18
10/5/2006,108-08,112-16
10/4/2006,108-18+,113
10/3/2006,108-06+,112-18
10/2/2006,108-06+,112-17
9/29/2006,108-02,112-13
9/28/2006,108-05,112-13
9/27/2006,108-11,112-24
9/26/2006,108-12+,112-28
9/25/2006,108-18+,113-01
9/22/2006,108-10+,112-19
9/21/2006,107-31,112-01
9/20/2006,107-19+,110-27
9/19/2006,107-16,110-23
9/18/2006,106-31,109-30
9/15/2006,107-02+,110-04
9/14/2006,107-04,110-05
9/13/2006,107-10,110-12
9/12/2006,107-08,110-10
9/11/2006,107-02+,109-30
9/8/2006,107-08+,110-07
9/7/2006,107-03,110-01
9/6/2006,107-02,109-29
9/5/2006,107-06,110-04
9/1/2006,107-15+,110-24
8/31/2006,107-13+,110-22
8/30/2006,107-04,110-10
8/29/2006,106-31,110-06
8/28/2006,106-30,110-03
8/25/2006,107-01,110-04
8/24/2006,106-30,110
8/23/2006,106-29,109-28
8/22/2006,106-31,109-28
8/21/2006,106-30,109-25
8/18/2006,106-27+,109-20
8/17/2006,106-21,109-10
8/16/2006,106-22+,109-10
8/15/2006,106-09,108-23
8/14/2006,105-26,107-31
8/11/2006,106-02,108-09
8/10/2006,106-11+,108-21
8/9/2006,106-12,108-25
8/8/2006,106-13+,108-31
8/7/2006,106-12,109-03
8/4/2006,106-17+,109-08
8/3/2006,106-05+,108-22
8/2/2006,106-05,108-17
8/1/2006,106-01,108-09
7/31/2006,106-01,108-09
7/28/2006,106,108-09
7/27/2006,105-20+,107-23
7/26/2006,105-20+,107-25
7/25/2006,105-14,107-16
7/24/2006,105-18,107-23
7/21/2006,105-18,107-23
7/20/2006,105-20,107-29
7/19/2006,105-13,107-19
7/18/2006,104-27+,106-27
7/17/2006,105-10,107-16
7/14/2006,105-12,107-15
7/13/2006,105-09,107-15
7/12/2006,105-02+,107-08
7/11/2006,105-02+,107-06
7/10/2006,104-28,106-28
7/7/2006,104-27+,106-26
7/6/2006,104-16,106-07
7/5/2006,104-08,105-24
7/3/2006,104-25,106-17
6/30/2006,104-27+,106-21
6/29/2006,104-13,105-28
6/28/2006,104-02+,105-15
6/27/2006,104-09+,105-28
6/26/2006,104-03+,105-18
6/23/2006,104-04,105-22
6/22/2006,104-10+,105-31
6/21/2006,104-25+,106-17
6/20/2006,104-24,106-14
6/19/2006,104-27,106-16
6/16/2006,104-30,106-22
6/15/2006,105-04+,107-01
6/14/2006,105-13+,107-16
6/13/2006,106-00+,108-11
6/12/2006,105-28,108-03
6/9/2006,105-28+,108-04
6/8/2006,105-27+,107-30
6/7/2006,105-21+,107-19
6/6/2006,105-27,107-25
6/5/2006,105-24,107-16
6/2/2006,105-31,107-22
6/1/2006,105-04+,106-15
5/31/2006,105-02+,106-13
5/30/2006,105-12+,106-23
5/26/2006,105-19+,107-01
5/25/2006,105-15,106-28
5/24/2006,105-23+,107-08
5/23/2006,105-17,107-01
5/22/2006,105-23,107-07
5/19/2006,105-18+,107-05
5/18/2006,105-16+,106-27
5/17/2006,105-00+,105-28
5/16/2006,105-08+,106-13
5/15/2006,104-30,105-28
5/12/2006,104-22+,105-18
5/11/2006,104-31+,106-06
5/10/2006,105-04,106-18
5/9/2006,105-05+,106-16
5/8/2006,105-06,106-17
5/5/2006,105-08+,106-16
5/4/2006,104-31,106-02
5/3/2006,105-00+,106-01
5/2/2006,105-08,106-14
5/1/2006,105-04+,106-07
4/28/2006,105-18+,106-27
4/27/2006,105-13,106-22
4/26/2006,105-04,106-19
4/25/2006,105-11+,106-28
4/24/2006,105-28,107-25
4/21/2006,105-22+,107-13
4/20/2006,105-20,107-01
4/19/2006,105-22,107-01
4/18/2006,105-29+,107-21
4/17/2006,105-19+,107-13
4/13/2006,105-13,107-03
4/12/2006,105-23+,107-23
4/11/2006,106-01+,108-06
4/10/2006,105-27,107-28
4/7/2006,105-26+,107-28
4/6/2006,106-07+,108-20
4/5/2006,106-16+,109-08
4/4/2006,106-08,108-31
4/3/2006,106-07,109-01
3/31/2006,106-12+,109-05
3/30/2006,106-10,109-06
3/29/2006,106-19+,109-22
3/28/2006,106-25,110-03
3/27/2006,107-10,110-30
3/24/2006,107-15+,111-08
3/23/2006,107,110-18
3/22/2006,107-12,110-29
3/21/2006,107-10+,110-25
3/20/2006,107-25+,111-12
3/17/2006,107-21,111-05
3/16/2006,107-25+,111-15
3/15/2006,107-06+,110-21
3/14/2006,107-11,111-04
3/13/2006,106-26,110-11
3/10/2006,106-29+,110-17
3/9/2006,107-00+,110-24
3/8/2006,106-30,110-22
3/7/2006,106-29+,110-24
3/6/2006,106-28+,110-24
3/3/2006,107-06+,111-12
3/2/2006,107-14+,111-30
3/1/2006,107-25+,112-18
2/28/2006,108,113-03
2/27/2006,107-22,112-16
2/24/2006,107-26,112-27
2/23/2006,107-26+,112-28
2/22/2006,108-04+,113-08
2/21/2006,107-30,112-28
2/17/2006,108-03+,113-02
2/16/2006,107-25,112-10
2/15/2006,107-22+,112-06
2/14/2006,107-22,112-02
2/13/2006,107-27+,112-13
2/10/2006,107-26+,112-16
2/9/2006,108-02,112-27
2/8/2006,107-31+,112-17
2/7/2006,108-05+,112-28
2/6/2006,108-08+,113-10
2/3/2006,108-10,113-09
2/2/2006,108-06,112-22
2/1/2006,108-06,112-19
1/31/2006,108-14,112-27
1/30/2006,108-15+,112-21
1/27/2006,108-21,112-29
1/26/2006,108-17+,112-21
1/25/2006,108-26+,113-06
1/24/2006,109-14,114-09
1/23/2006,109-20,114-21
1/20/2006,109-18+,114-20
1/19/2006,109-16,114-13
1/18/2006,109-24+,114-24
1/17/2006,109-27+,114-28
1/13/2006,109-24+,114-22
1/12/2006,109-11,113-27
1/11/2006,109,113-07
1/10/2006,109-07+,113-17
1/9/2006,109-19,114-04
1/6/2006,109-19,114-04
1/5/2006,109-25,114-14
1/4/2006,109-25,114-15
1/3/2006,109-21,114-12
12/30/2005,109-13,114-06
12/29/2005,109-18+,114-14
12/28/2005,109-18+,114-10
12/27/2005,109-26+,114-22
12/23/2005,109-19,114-06
12/22/2005,109-05,113-13
12/21/2005,108-25,112-23
12/20/2005,109-02+,113-08
12/19/2005,109-06,113-11
12/16/2005,109-06+,113-09
12/15/2005,109-02+,112-30
12/14/2005,109-05,113-04
12/13/2005,108-20,112-04
12/12/2005,108-15+,112-01
12/9/2005,108-18,112-04
12/8/2005,109-03+,112-29
12/7/2005,108-22+,112-09
12/6/2005,108-26+,112-18
12/5/2005,108-10,111-23
12/2/2005,108-19,112-05
12/1/2005,108-18+,112-02
11/30/2005,108-23+,112-09
11/29/2005,108-28+,112-14
11/28/2005,109-13,113-11
11/25/2005,109-08+,112-29
11/23/2005,108-30+,112-11
11/22/2005,109-09,112-31
11/21/2005,109-00+,112-26
11/18/2005,108-23+,112-15
11/17/2005,109-01,113
11/16/2005,108-26+,112-23
11/15/2005,108-11,111-30
11/14/2005,108-00+,111-10
11/11/2005,,
11/10/2005,108-11,111-30
11/9/2005,107-28+,111
11/8/2005,108-10,111-24
11/7/2005,107-27,110-29
11/4/2005,107-22+,110-21
11/3/2005,107-24,110-25
11/2/2005,108-04,111-12
11/1/2005,108-11+,111-25
10/31/2005,108-14+,111-31
10/28/2005,108-13+,111-26
10/27/2005,108-15,111-26
10/26/2005,108-07+,111-15
10/25/2005,108-23+,112-14
10/24/2005,109-05+,113-03
10/21/2005,109-18,113-23
10/20/2005,109-04,112-29
10/19/2005,109-03+,112-26
10/18/2005,108-31+,112-22
10/17/2005,108-28+,112-19
10/14/2005,108-29+,112-20
10/13/2005,109,112-23
10/12/2005,109-07+,113-07
10/11/2005,109-20,114
10/10/2005,,
10/7/2005,109-23+,114-08
10/6/2005,109-21+,114-04
10/5/2005,109-21+,114-06
10/4/2005,109-19+,113-30
10/3/2005,109-18,113-24
9/30/2005,109-29+,114-13
9/29/2005,110-08,114-25
9/28/2005,110-14,115-05
9/27/2005,110-08+,114-18
9/26/2005,110-11+,114-21
9/23/2005,110-21+,115-05
9/22/2005,111-07+,115-28
9/21/2005,111-22,116-05
9/20/2005,111-12,115-15
9/19/2005,111-15,115-08
9/16/2005,111-13+,115-05
9/15/2005,111-26+,115-21
9/14/2005,112-08+,116-10
9/13/2005,112-17+,116-22
9/12/2005,112-08,116-11
9/9/2005,112-18,116-29
9/8/2005,112-16,116-21
9/7/2005,112-18+,116-21
9/6/2005,112-28,117-16
9/2/2005,113-03+,118-03
9/1/2005,113-04,118-08
8/31/2005,112-29+,118-12
8/30/2005,112-14+,117-22
8/29/2005,111-23+,116-29
8/26/2005,111-18+,116-22
8/25/2005,111-27+,117
8/24/2005,111-24,116-19
8/23/2005,111-23,116-17
8/22/2005,111-19,116-08
8/19/2005,111-18+,116-08
8/18/2005,111-18+,116-08
8/17/2005,110-30+,115-19
8/16/2005,111-10+,116-05
8/15/2005,110-30+,115-21
8/12/2005,111-05+,115-31
8/11/2005,110-20,114-29
8/10/2005,110-06,114-07
8/9/2005,110-06,114-08
8/8/2005,109-30+,113-30
8/5/2005,110-03+,114-06
8/4/2005,110-21+,114-29
8/3/2005,110-26+,115-05
8/2/2005,110-19,114-21
8/1/2005,110-22,114-31
7/29/2005,110-31+,115-10
7/28/2005,111-20+,116-11
7/27/2005,111-05,115-14
7/26/2005,111-10,115-21
7/25/2005,111-09,115-19
7/22/2005,111-13+,115-27
7/21/2005,111-03,115-05
7/20/2005,111-28+,116-16
7/19/2005,111-24,116-01
7/18/2005,111-16+,115-22
7/15/2005,111-22+,116-13
7/14/2005,111-20,116-07
7/13/2005,111-24+,116-13
7/12/2005,111-28,116-20
7/11/2005,112-04,117-04
7/8/2005,112-02+,116-27
7/7/2005,112-20,117-19
7/6/2005,112-13,117-08
7/5/2005,112-05,116-26
7/1/2005,112-24,117-20
6/30/2005,113-15,118-24
6/29/2005,113-08+,118-05
6/28/2005,113-14,118-16
6/27/2005,113-30,119-08
6/24/2005,113-26+,118-30
6/23/2005,113-16,118-11
6/22/2005,113-20+,118-14
6/21/2005,112-17+,117-07
6/20/2005,112-01+,116-16
6/17/2005,112-05+,116-25
6/16/2005,112-09+,116-25
6/15/2005,111-31,116-07
6/14/2005,112,116-02
6/13/2005,112-08+,116-20
6/10/2005,112-17,117-04
6/9/2005,113-05,118-01
6/8/2005,113-12,118-09
6/7/2005,113-18+,118-22
6/6/2005,113-04+,118-02
6/3/2005,112-31+,117-26
6/2/2005,113-18+,118-24
6/1/2005,113-17,118-13
5/31/2005,112-27,117-15
5/27/2005,112-20,116-14
5/26/2005,112-17+,116-13
5/25/2005,112-23,116-14
5/24/2005,113,116-30
5/23/2005,112-17,116-22
5/20/2005,112-01+,115-31
5/19/2005,112-04,115-31
5/18/2005,112-14,116-10
5/17/2005,112-02+,115-24
5/16/2005,111-31+,115-20
5/13/2005,111-31,115-21
5/12/2005,111-21,115-05
5/11/2005,111-16,114-29
5/10/2005,111-12,114-20
5/9/2005,110-29+,114-01
5/6/2005,111-00+,114
5/5/2005,111-26+,114-29
5/4/2005,111-18+,114-21
5/3/2005,111-12,114-27
5/2/2005,111-16,114-28
4/29/2005,111-13+,114-27
4/28/2005,111-21+,115-01
4/27/2005,111-06+,114-11
4/26/2005,110-31,114-02
4/25/2005,111-01,114-06
4/22/2005,111-01+,114
4/21/2005,110-24+,113-14
4/20/2005,111-12+,114-09
4/19/2005,111-14,114-12
4/18/2005,111-03+,113-28
4/15/2005,110-30+,113-18
4/14/2005,110-12+,112-17
4/13/2005,110-07+,112-19
4/12/2005,110-07,112-25
4/11/2005,109-20,111-27
4/8/2005,109-11,111-11
4/7/2005,109-15,111-11
4/6/2005,109-22+,111-25
4/5/2005,109-15,111-19
4/4/2005,109-18,111-25
4/1/2005,109-17,111-25
3/31/2005,109-08+,111-12
3/30/2005,108-24,110-22
3/29/2005,108-16+,110-06
3/28/2005,108-05,109-27
3/24/2005,108-14+,110-05
3/23/2005,108-11+,109-30
3/22/2005,108-13+,109-24
3/21/2005,109-30,111-13
3/18/2005,110-00+,111-17
3/17/2005,110-05+,111-29
3/16/2005,109-28,111-18
3/15/2005,109-21,111-10
3/14/2005,109-24+,111-19
3/11/2005,109-21,111-13
3/10/2005,110-04+,112-05
3/9/2005,109-27,111-20
3/8/2005,110-21+,113-06
3/7/2005,111-05,114-01
3/4/2005,111-03,113-22
3/3/2005,110-22,112-22
3/2/2005,110-24,112-24
3/1/2005,110-25,112-29
2/28/2005,110-28,113-03
2/25/2005,111-13,113-31
2/24/2005,111-10,113-24
2/23/2005,111-13+,113-27
2/22/2005,111-11+,113-21
2/18/2005,111-15+,113-30
2/17/2005,112,114-25
2/16/2005,112-03+,115-08
2/15/2005,112-18,115-27
2/14/2005,112-23,116-07
2/11/2005,112-19,115-26
2/10/2005,112-26+,116-01
2/9/2005,113-12,117-07
2/8/2005,112-26+,116-24
2/7/2005,112-24+,116-15
2/4/2005,112-21,115-29
2/3/2005,112-01,114-26
2/2/2005,112-08,114-28
2/1/2005,112-09,114-26
1/31/2005,112-08+,114-27
1/28/2005,112-08,114-21
1/27/2005,111-24+,113-28
1/26/2005,111-28,113-30
1/25/2005,111-30+,113-30
1/24/2005,112-11+,114-23
1/21/2005,112-09+,114-12
1/20/2005,112-02+,114-05
1/19/2005,111-29+,113-31
1/18/2005,111-29,113-29
1/14/2005,111-26+,113-14
1/13/2005,112,113-21
1/12/2005,111-20+,113
1/11/2005,111-18+,112-28
1/10/2005,111-12+,112-11
1/7/2005,111-12,112-03
1/6/2005,111-15+,112-03
1/5/2005,111-13,112-02
1/4/2005,111-13,111-25
1/3/2005,111-28,112-17
12/31/2004,111-30,112-16
12/30/2004,111-21+,111-24
12/29/2004,111-08+,111-02
12/28/2004,111-16,111-12
12/27/2004,111-16+,111-10
12/23/2004,111-31+,112-09
12/22/2004,112-01,112-15
12/21/2004,112-06+,112-28
12/20/2004,112-22+,113-24
12/17/2004,112-18,113-11
12/16/2004,112-22+,113-17
12/15/2004,113-10,114-28
12/14/2004,113-02,114-04
12/13/2004,112-30+,113-25
12/10/2004,112-30,113-21
