Date,ES1 Index  (L1),VG1 Index  (R1),NK1 COMB Index  (R2)
10/20/2025,,,48190
10/17/2025,6684.5,5646,47550
10/16/2025,6668.75,5659,48430
10/15/2025,6715,5626,47810
10/14/2025,6686.5,5562,46790
10/13/2025,6694.75,5574,
10/10/2025,6595.25,5544,47620
10/9/2025,6779.25,5643,48800
10/8/2025,6801.25,5669,47760
10/7/2025,6761.5,5627,47940
10/6/2025,6788.75,5645,48190
10/3/2025,6764,5666,45940
10/2/2025,6766.75,5668,45070
10/1/2025,6761.5,5605,44540
9/30/2025,6738.75,5541,44990
9/29/2025,6713.5,5530,45130
9/26/2025,6696.5,5510,45050
9/25/2025,6659.75,5446,45460
9/24/2025,6692.25,5481,45420
9/23/2025,6715,5491,
9/22/2025,6752.5,5454,45320
9/19/2025,6658.77,5461.94,44730
9/18/2025,6635,5457,45220
9/17/2025,6601.25,5367,44610
9/16/2025,6610.75,5372,44640
9/15/2025,6621.5,5440,
9/12/2025,6588.25,5388,44480
9/11/2025,6592.5,5386,44440
9/10/2025,6539.75,5361,43870
9/9/2025,6521.75,5376,43560
9/8/2025,6506,5372,43660
9/5/2025,6489.75,5319,43070
9/4/2025,6510.75,5357,42630
9/3/2025,6457.25,5334,42010
9/2/2025,6425.5,5299,42350
9/1/2025,,5372,42250
8/29/2025,6472.75,5362,42690
8/28/2025,6517.5,5405,42930
8/27/2025,6496,5402,42500
8/26/2025,6482.5,5396,42300
8/25/2025,6455.5,5450,42770
8/22/2025,6483.25,5503,42570
8/21/2025,6388.25,5471,42610
8/20/2025,6413.25,5484,42920
8/19/2025,6432.5,5498,43560
8/18/2025,6469.25,5443,43720
8/15/2025,6471.5,5469,43470
8/14/2025,6490.5,5443,42620
8/13/2025,6488.75,5405,43370
8/12/2025,6468.5,5355,42640
8/11/2025,6399.75,5345,
8/8/2025,6413.5,5369,41820
8/7/2025,6366.5,5347,41000
8/6/2025,6371,5277,40810
8/5/2025,6325.25,5266,40650
8/4/2025,6356,5256,40320
8/1/2025,6264.5,5187,40860
7/31/2025,6374.25,5340,41200
7/30/2025,6396.25,5413,40660
7/29/2025,6406,5391,40810
7/28/2025,6422.75,5350,40910
7/25/2025,6425,5374,41360
7/24/2025,6401.5,5376,41870
7/23/2025,6396.25,5363,41220
7/22/2025,6346.75,5303,39750
7/21/2025,6344.75,5358,
7/18/2025,6334.75,5373,39830
7/17/2025,6340.5,5393,39930
7/16/2025,6303.25,5330,39590
7/15/2025,6284,5372,39660
7/14/2025,6311,5386,39410
7/11/2025,6300,5394,39510
7/10/2025,6324.25,5458,39640
7/9/2025,6307.25,5462,39800
7/8/2025,6272,5384,39820
7/7/2025,6276,5357,39540
7/4/2025,,5307,39770
7/3/2025,6324.25,5354,39720
7/2/2025,6275,5334,39790
7/1/2025,6248.75,5304,39890
6/30/2025,6253.75,5327,40510
6/27/2025,6223.75,5338,40180
6/26/2025,6195,5261,39500
6/25/2025,6147,5273,38930
6/24/2025,6146.25,5318,38810
6/23/2025,6077,5241,38400
6/20/2025,6010.21,5249.52,38350
6/19/2025,,5199,38510
6/18/2025,5981.5,5268,38850
6/17/2025,5985,5288,38510
6/16/2025,6035.75,5335,38360
6/13/2025,5979.25,5286,37780
6/12/2025,6049.5,5361,38180
6/11/2025,6029,5398,38440
6/10/2025,6045,5424,38230
6/9/2025,6010.25,5423,38110
6/6/2025,6006.75,5427,37770
6/5/2025,5946,5412,37520
6/4/2025,5981,5407,37780
6/3/2025,5981.5,5375,37510
6/2/2025,5947.25,5363,37490
5/30/2025,5916,5368,37960
5/29/2025,5922.75,5380,38410
5/28/2025,5902.75,5382,37700
5/27/2025,5934.25,5431,37820
5/26/2025,,5396,37590
5/23/2025,5817,5324,37190
5/22/2025,5856.75,5427,37020
5/21/2025,5861.25,5458,37260
5/20/2025,5959.75,5460,37530
5/19/2025,5982.5,5426,37390
5/16/2025,5975.5,5415,37770
5/15/2025,5933.25,5401,37710
5/14/2025,5908.5,5390,38140
5/13/2025,5904.5,5401,38200
5/12/2025,5865,5372,37700
5/9/2025,5678,5288,37520
5/8/2025,5684.5,5264,37140
5/7/2025,5652,5203,36780
5/6/2025,5625.75,5228,
5/5/2025,5671.75,5251,
5/2/2025,5709,5235,36810
5/1/2025,5623.25,,36550
4/30/2025,5587,5107,36030
4/29/2025,5583.75,5122,
4/28/2025,5553,5118,35910
4/25/2025,5549.75,5106,35780
4/24/2025,5511.25,5063,35030
4/23/2025,5401.75,5040,34920
4/22/2025,5314.75,4904,34280
4/21/2025,5184.75,,34260
4/18/2025,,,34830
4/17/2025,5312.75,4872,34430
4/16/2025,5305.75,4904,33920
4/15/2025,5428.25,4907,34360
4/14/2025,5440.75,4841,34170
4/11/2025,5391.25,4724,33520
4/10/2025,5302,4767,34640
4/9/2025,5491,4562,31830
4/8/2025,5020.25,4703,33100
4/7/2025,5097.25,4580,30960
4/4/2025,5110.25,4830,33760
4/3/2025,5432.75,5048,34850
4/2/2025,5712.25,5237,35760
4/1/2025,5674.5,5261,35620
3/31/2025,5653.25,5189,35660
3/28/2025,5623,5269,37010
3/27/2025,5739.25,5317,37410
3/26/2025,5759.5,5351,37800
3/25/2025,5826.5,5418,37580
3/24/2025,5815.5,5357,37350
3/21/2025,5617.8,5427.19,37400
3/20/2025,5662.5,5447,
3/19/2025,5678.5,5509,37500
3/18/2025,5618,5485,37620
3/17/2025,5680.25,5439,37200
3/14/2025,5640,5398,36860
3/13/2025,5527.5,5325,36750
3/12/2025,5604.75,5356,36790
3/11/2025,5577,5304,36760
3/10/2025,5620.75,5384,37080
3/7/2025,5776,5466,36770
3/6/2025,5746.25,5534,37750
3/5/2025,5851.25,5504,37420
3/4/2025,5789.5,5386,37360
3/3/2025,5860.75,5549,37860
2/28/2025,5963.25,5456,37110
2/27/2025,5876.25,5471,38300
2/26/2025,5970.75,5537,38220
2/25/2025,5970,5453,38240
2/24/2025,6000.75,5460,
2/21/2025,6029,5479,38790
2/20/2025,6136.5,5472,38710
2/19/2025,6163,5467,39170
2/18/2025,6146.75,5552,39290
2/17/2025,,5533,39200
2/14/2025,6132,5500,39110
2/13/2025,6135.25,5507,39440
2/12/2025,6072.75,5417,39000
2/11/2025,6092.25,5401,
2/10/2025,6088.75,5375,38760
2/7/2025,6049.5,5326,38840
2/6/2025,6106,5374,39090
2/5/2025,6086.5,5275,38740
2/4/2025,6063,5279,38770
2/3/2025,6022.25,5221,38600
1/31/2025,6067.25,5291,39630
1/30/2025,6099.25,5298,39420
1/29/2025,6067.5,5242,39590
1/28/2025,6097,5216,39070
1/27/2025,6046.75,5202,39480
1/24/2025,6133.25,5232,39940
1/23/2025,6152,5236,39890
1/22/2025,6120.5,5223,39580
1/21/2025,6084.25,5184,38960
1/20/2025,,5185,38910
1/17/2025,6033.5,5163,38470
1/16/2025,5975.5,5118,38670
1/15/2025,5989,5064,38390
1/14/2025,5882.25,4995,38500
1/13/2025,5874.5,4970,
1/10/2025,5866.25,4995,39250
1/9/2025,5959.25,5034,39560
1/8/2025,5959.25,5010,39960
1/7/2025,5954.25,5035,40000
1/6/2025,6020.5,5006,39340
1/3/2025,5989.5,4888,
1/2/2025,5916.5,4932,
12/31/2024,5935.75,,
12/30/2024,5958.75,4881,39900
12/27/2024,6027,4913,40230
12/26/2024,6095.25,,39490
12/25/2024,,,39200
12/24/2024,6098,,39120
12/23/2024,6036,4872,39190
12/20/2024,5840.26,4821.45,38710
12/19/2024,5868.75,4882,39080
12/18/2024,5872.25,4965,39200
12/17/2024,6053.75,4945,39400
12/16/2024,6080.5,4951,39460
12/13/2024,6055.5,4967,39470
12/12/2024,6060.75,4974,39830
12/11/2024,6092.75,4969,39410
12/10/2024,6046.25,4960,39400
12/9/2024,6065.75,4995,39210
12/6/2024,6099,4986,39030
12/5/2024,6088.75,4964,39390
12/4/2024,6098.5,4928,39270
12/3/2024,6063.25,4893,39150
12/2/2024,6061.75,4849,38470
11/29/2024,6051.5,4817,38170
11/28/2024,,4768,38380
11/27/2024,6015,4744,38100
11/26/2024,6038.25,4774,38490
11/25/2024,6006.5,4813,38740
11/22/2024,5987,4797,38340
11/21/2024,5970.5,4767,38040
11/20/2024,5937.75,4742,38440
11/19/2024,5938.75,4763,38420
11/18/2024,5920,4798,38260
11/15/2024,5896.5,4805,38670
11/14/2024,5978.25,4837,38580
11/13/2024,6016,4741,38650
11/12/2024,6013,4757,39410
11/11/2024,6031.75,4863,39550
11/8/2024,6025.25,4811,39500
11/7/2024,6003.75,4862,39240
11/6/2024,5958.25,4807,39700
11/5/2024,5812.25,4885,38660
11/4/2024,5743.25,4872,
11/1/2024,5758.25,4891,38120
10/31/2024,5738.5,4834,39060
10/30/2024,5852,4901,39490
10/29/2024,5871,4964,38970
10/28/2024,5861.5,4987,38670
10/25/2024,5846,4955,38010
10/24/2024,5849,4952,38160
10/23/2024,5837.75,4939,38070
10/22/2024,5892.5,4957,38430
10/21/2024,5896.25,4957,39020
10/18/2024,5906,5001,39010
10/17/2024,5887,4967,39100
10/16/2024,5887,4930,39190
10/15/2024,5862.75,4977,39910
10/14/2024,5908.25,5060,
10/11/2024,5859.75,5024,39610
10/10/2024,5829,4991,39310
10/9/2024,5841.25,5007,39290
10/8/2024,5800.5,4974,38960
10/7/2024,5744.75,4990,39370
10/4/2024,5800,4980,38560
10/3/2024,5749.5,4938,38600
10/2/2024,5760.25,4983,37750
10/1/2024,5759.75,4976,38770
9/30/2024,5814.25,5030,37950
9/27/2024,5791.25,5097,39850
9/26/2024,5804.5,5055,38660
9/25/2024,5779,4945,37660
9/24/2024,5792,4964,37820
9/23/2024,5776.75,4911,
9/20/2024,5699.99,4902.96,37530
9/19/2024,5717.75,4941,36890
9/18/2024,5620.75,4840,36180
9/17/2024,5639,4864,36010
9/16/2024,5638,4827,
9/13/2024,5629.75,4844,36290
9/12/2024,5602.25,4812,36870
9/11/2024,5561.25,4766,35770
9/10/2024,5504,4756,36150
9/9/2024,5479.5,4782,36240
9/6/2024,5419.5,4739,36360
9/5/2024,5512.25,4830,36610
9/4/2024,5530,4856,37000
9/3/2024,5541.75,4923,38790
9/2/2024,,4983,38690
8/30/2024,5661,4971,38710
8/29/2024,5610,4975,38350
8/28/2024,5610.25,4930,38370
8/27/2024,5644.75,4917,38300
8/26/2024,5637,4912,38040
8/23/2024,5652.5,4923,38410
8/22/2024,5594,4901,38230
8/21/2024,5641.5,4903,37970
8/20/2024,5619.75,4872,38080
8/19/2024,5630,4890,37170
8/16/2024,5578.25,4859,38090
8/15/2024,5567.5,4832,36650
8/14/2024,5477,4742,36380
8/13/2024,5459,4713,36220
8/12/2024,5369.75,4687,
8/9/2024,5370.25,4691,35050
8/8/2024,5348.25,4687,34780
8/7/2024,5227.5,4689,35070
8/6/2024,5266.25,4588,34240
8/5/2024,5217.5,4587,31380
8/2/2024,5376,4655,35920
8/1/2024,5480.25,4788,37950
7/31/2024,5558,4898,39230
7/30/2024,5472.5,4872,38490
7/29/2024,5503,4843,38450
7/26/2024,5499,4890,37690
7/25/2024,5441.25,4838,37730
7/24/2024,5472,4887,39120
7/23/2024,5599.25,4944,39540
7/22/2024,5610.75,4928,39480
7/19/2024,5553.75,4850,40040
7/18/2024,5594.5,4906,40240
7/17/2024,5639,4927,41080
7/16/2024,5717.25,4982,41240
7/15/2024,5683,5020,
7/12/2024,5664.75,5085,41170
7/11/2024,5639.75,5015,42370
7/10/2024,5688,4996,41940
7/9/2024,5631.25,4931,41620
7/8/2024,5625.25,5012,40850
7/5/2024,5621.5,5010,40860
7/4/2024,,5027,40890
7/3/2024,5590.25,5006,40600
7/2/2024,5568.75,4940,40110
7/1/2024,5533.75,4972,39670
6/28/2024,5521.5,4926,39580
6/27/2024,5546,4938,39410
6/26/2024,5543.5,4957,39620
6/25/2024,5537,4971,39150
6/24/2024,5517,4997,38740
6/21/2024,5471.89,4910.61,38600
6/20/2024,5476.75,4947,38610
6/19/2024,,4886,38490
6/18/2024,5491,4911,38400
6/17/2024,5478.5,4881,38000
6/14/2024,5437.5,4841,38840
6/13/2024,5438.5,4933,38720
6/12/2024,5427.5,5041,38950
6/11/2024,5384,4969,39180
6/10/2024,5371.25,5014,39000
6/7/2024,5355.75,5056,38650
6/6/2024,5364,5074,38760
6/5/2024,5366,5039,38520
6/4/2024,5304,4963,38750
6/3/2024,5297.25,5012,38940
5/31/2024,5295.5,4984,38490
5/30/2024,5253,4993,38000
5/29/2024,5284,4973,38490
5/28/2024,5324.75,5038,38850
5/27/2024,,5060,38930
5/24/2024,5321.5,5042,38600
5/23/2024,5285.25,5042,39100
5/22/2024,5328,5034,38620
5/21/2024,5345.25,5055,38940
5/20/2024,5331.75,5077,39070
5/17/2024,5327.25,5062,38740
5/16/2024,5320.25,5070,38890
5/15/2024,5333,5096,38380
5/14/2024,5269.5,5078,38310
5/13/2024,5245.5,5074,38120
5/10/2024,5246.25,5073,38240
5/9/2024,5239,5045,38040
5/8/2024,5212.75,5021,38210
5/7/2024,5213.75,4999,38880
5/6/2024,5206.5,4937,
5/3/2024,5154.75,4897,
5/2/2024,5091.5,4871,38190
5/1/2024,5046.5,,38210
4/30/2024,5067,4897,38470
4/29/2024,5147,4958,
4/26/2024,5131.5,4980,37900
4/25/2024,5082.25,4904,37610
4/24/2024,5107.5,4951,38440
4/23/2024,5106.5,4975,37550
4/22/2024,5047.5,4894,37430
4/19/2024,5003.75,4869,37100
4/18/2024,5049,4891,38170
4/17/2024,5062.25,4876,37840
4/16/2024,5092.5,4864,38390
4/15/2024,5104,4932,39230
4/12/2024,5167.5,4900,39550
4/11/2024,5243.25,4917,39410
4/10/2024,5207.75,4951,39550
4/9/2024,5260.25,4943,39790
4/8/2024,5253.25,5000,39390
4/5/2024,5253,4964,38980
4/4/2024,5197.25,5026,39820
4/3/2024,5266.5,5025,39530
4/2/2024,5260.5,5000,39920
4/1/2024,5295.25,,39870
3/29/2024,,,40390
3/28/2024,5308.5,5045,40230
3/27/2024,5308.25,5039,40430
3/26/2024,5265.25,5030,40190
3/25/2024,5278.25,5007,40110
3/22/2024,5293.25,4993,40710
3/21/2024,5302.5,5011,40580
3/20/2024,5286.75,4959,
3/19/2024,5241.75,4963,39600
3/18/2024,5214.75,4942,39520
3/15/2024,5101.67,5016.92,38390
3/14/2024,5153.75,4994,38590
3/13/2024,5168,5004,38350
3/12/2024,5177.25,4987,38490
3/11/2024,5123,4933,38530
3/8/2024,5129,4967,39510
3/7/2024,5161.75,4981,39600
3/6/2024,5111.75,4922,40080
3/5/2024,5085.75,4897,40130
3/4/2024,5138.25,4918,40150
3/1/2024,5146,4901,40000
2/29/2024,5103.75,4894,39260
2/28/2024,5081,4893,39170
2/27/2024,5090,4898,39270
2/26/2024,5080.25,4874,39230
2/23/2024,5101.5,4884,
2/22/2024,5097.75,4868,39120
2/21/2024,4996.25,4787,38290
2/20/2024,4991.5,4777,38510
2/19/2024,,4777,38520
2/16/2024,5019.75,4779,38610
2/15/2024,5046.5,4756,38140
2/14/2024,5018,4726,37770
2/13/2024,4971.25,4705,38130
2/12/2024,5041.25,4762,
2/9/2024,5044,4731,36890
2/8/2024,5017.75,4722,36860
2/7/2024,5015.25,4694,36130
2/6/2024,4974.75,4707,36080
2/5/2024,4962,4666,36380
2/2/2024,4980.25,4669,36120
2/1/2024,4928.5,4649,35920
1/31/2024,4870.5,4665,36370
1/30/2024,4951,4682,36000
1/29/2024,4954.5,4658,36040
1/26/2024,4916.25,4655,35680
1/25/2024,4923.25,4603,36220
1/24/2024,4898,4585,36260
1/23/2024,4895,4488,36540
1/22/2024,4881,4503,36610
1/19/2024,4869.5,4468,36000
1/18/2024,4811.25,4473,35590
1/17/2024,4771.25,4423,35490
1/16/2024,4798.5,4467,35650
1/15/2024,,4480,36000
1/12/2024,4816.5,4500,35610
1/11/2024,4815.5,4466,35250
1/10/2024,4820.25,4494,34450
1/9/2024,4792.75,4494,33760
1/8/2024,4801.25,4509,
1/5/2024,4734.75,4490,33320
1/4/2024,4729.5,4502,33230
1/3/2024,4746.5,4473,
1/2/2024,4787.25,4540,
12/29/2023,4820,4543,33450
12/28/2023,4832.25,4545,33480
12/27/2023,4833.5,4563,33600
12/26/2023,4825,,33220
12/25/2023,,,33200
12/22/2023,4805.25,4557,33060
12/21/2023,4796.75,4559,33120
12/20/2023,4749.75,4574,33600
12/19/2023,4820.25,4576,33130
12/18/2023,4793,4558,32700
12/15/2023,4694.27,4576.19,32890
12/14/2023,4721.75,4543,32520
12/13/2023,4708.25,4532,32830
12/12/2023,4645.75,4540,32710
12/11/2023,4626,4548,32720
12/8/2023,4607.5,4527,32200
12/7/2023,4589.5,4478,33010
12/6/2023,4556,4495,33450
12/5/2023,4575,4458,32780
12/4/2023,4576.5,4422,33160
12/1/2023,4600.75,4423,33420
11/30/2023,4576.75,4391,33500
11/29/2023,4559.25,4379,33270
11/28/2023,4563,4355,33380
11/27/2023,4561,4366,33440
11/24/2023,4568.25,4383,33600
11/23/2023,,4372,
11/22/2023,4567.25,4363,33440
11/21/2023,4551.25,4343,33350
11/20/2023,4562.25,4354,33320
11/17/2023,4527.5,4348,33600
11/16/2023,4523.25,4311,33450
11/15/2023,4519.25,4326,33450
11/14/2023,4511,4307,32710
11/13/2023,4425.25,4241,32570
11/10/2023,4430.5,4208,32580
11/9/2023,4362.25,4240,32600
11/8/2023,4399.5,4191,32140
11/7/2023,4396,4165,32270
11/6/2023,4384.25,4172,32670
11/3/2023,4376,4192,
11/2/2023,4335.75,4182,31880
11/1/2023,4256,4104,31600
10/31/2023,4212.25,4070,30850
10/30/2023,4185.75,4039,30700
10/27/2023,4137.75,4033,31040
10/26/2023,4156.5,4062,30590
10/25/2023,4209.75,4088,31240
10/24/2023,4271.25,4077,31150
10/23/2023,4241.75,4056,31000
10/20/2023,4248.5,4044,31220
10/19/2023,4303,4105,31400
10/18/2023,4342.25,4123,32040
10/17/2023,4401.75,4169,32040
10/16/2023,4401,4167,31680
10/13/2023,4357.25,4154,32250
10/12/2023,4380.5,4218,32640
10/11/2023,4409.75,4227,31900
10/10/2023,4391.5,4227,31730
10/9/2023,4368.75,4132,
10/6/2023,4341.5,4166,31020
10/5/2023,4290.75,4122,31020
10/4/2023,4297.75,4122,30400
10/3/2023,4264.75,4118,31200
10/2/2023,4324.25,4161,31820
9/29/2023,4325.5,4204,31860
9/28/2023,4337.5,4184,31850
9/27/2023,4313.5,4157,32150
9/26/2023,4314.75,4154,32080
9/25/2023,4378.75,4191,32480
9/22/2023,4361,4237,32270
9/21/2023,4372,4241,32410
9/20/2023,4447,4307,32890
9/19/2023,4490,4269,33040
9/18/2023,4501.5,4271,
9/15/2023,4491.72,4320.19,33280
9/14/2023,4506,4286,32980
9/13/2023,4468.75,4229,32450
9/12/2023,4465,4244,32620
9/11/2023,4490.25,4258,32280
9/8/2023,4461.75,4242,32420
9/7/2023,4456.25,4222,33000
9/6/2023,4471.5,4244,33240
9/5/2023,4502.5,4275,32970
9/4/2023,,4281,32980
9/1/2023,4521.5,4290,32700
8/31/2023,4516,4313,32610
8/30/2023,4524.25,4327,32280
8/29/2023,4506.75,4337,32210
8/28/2023,4442.25,4306,32170
8/25/2023,4414.25,4246,31630
8/24/2023,4386,4244,32220
8/23/2023,4447,4280,31970
8/22/2023,4399.25,4273,31920
8/21/2023,4412.5,4235,31500
8/18/2023,4382.75,4227,31470
8/17/2023,4384.5,4239,31670
8/16/2023,4420,4297,31730
8/15/2023,4454,4297,32250
8/14/2023,4506,4341,32090
8/11/2023,4480.75,4337,
8/10/2023,4485.75,4400,32560
8/9/2023,4485.75,4329,32220
8/8/2023,4518.5,4304,32290
8/7/2023,4537.75,4357,32320
8/4/2023,4498,4352,32150
8/3/2023,4521.75,4316,32180
8/2/2023,4537.25,4350,32610
8/1/2023,4601.25,4429,33410
7/31/2023,4614.5,4496,33260
7/28/2023,4606.5,4495,32770
7/27/2023,4564.25,4469,32920
7/26/2023,4595.25,4366,32600
7/25/2023,4596,4411,32640
7/24/2023,4583.5,4407,32610
7/21/2023,4564.75,4413,32270
7/20/2023,4565.5,4395,32410
7/19/2023,4597,4387,32980
7/18/2023,4587.75,4396,32380
7/17/2023,4553.75,4378,
7/14/2023,4536.75,4425,32340
7/13/2023,4543.5,4418,32540
7/12/2023,4507.5,4387,31940
7/11/2023,4473.5,4310,32240
7/10/2023,4444.25,4278,32140
7/7/2023,4434,4259,32430
7/6/2023,4447,4239,32730
7/5/2023,4483.75,4372,33320
7/4/2023,,4416,33320
7/3/2023,4492.25,4425,33650
6/30/2023,4488.25,4427,33170
6/29/2023,4435.75,4380,33180
6/28/2023,4417.5,4373,33140
6/27/2023,4418.75,4333,32570
6/26/2023,4370.25,4306,32650
6/23/2023,4389,4291,32670
6/22/2023,4423.75,4328,33170
6/21/2023,4409.25,4351,33570
6/20/2023,4434.75,4367,33340
6/19/2023,,4384,33410
6/16/2023,4453.35,4385.02,33650
6/15/2023,4426.5,4369,33410
6/14/2023,4374.25,4380,33550
6/13/2023,4371.75,4354,33030
6/12/2023,4342.75,4317,32420
6/9/2023,4304.75,4291,32200
6/8/2023,4298.25,4303,31690
6/7/2023,4274.25,4297,31870
6/6/2023,4289.75,4300,32420
6/5/2023,4281,4297,32240
6/2/2023,4288,4333,31550
6/1/2023,4228,4264,31150
5/31/2023,4190.5,4217,30850
5/30/2023,4215,4295,31380
5/29/2023,,4319,31300
5/26/2023,4213.25,4341,30960
5/25/2023,4159.75,4275,30830
5/24/2023,4126,4266,30610
5/23/2023,4158.75,4348,30850
5/22/2023,4205,4390,31030
5/19/2023,4204.75,4396,30900
5/18/2023,4212,4365,30590
5/17/2023,4171.5,4316,30060
5/16/2023,4123,4313,29840
5/15/2023,4150,4309,29670
5/12/2023,4138,4309,29420
5/11/2023,4143.75,4296,29120
5/10/2023,4152,4289,29140
5/9/2023,4134,4307,29240
5/8/2023,4152.75,4332,28950
5/5/2023,4150.25,4319,
5/4/2023,4075.75,4259,
5/3/2023,4107.5,4277,
5/2/2023,4136.75,4258,29130
5/1/2023,4185.75,,29160
4/28/2023,4188.5,4320,28870
4/27/2023,4153.75,4319,28440
4/26/2023,4076,4303,28410
4/25/2023,4093.25,4336,28620
4/24/2023,4159.5,4350,28590
4/21/2023,4156.75,4348,28560
4/20/2023,4152.5,4327,28650
4/19/2023,4178.5,4340,28580
4/18/2023,4180,4339,28650
4/17/2023,4176.75,4315,28530
4/14/2023,4163.75,4331,28420
4/13/2023,4172.75,4309,28190
4/12/2023,4119,4282,28090
4/11/2023,4136.5,4282,27940
4/10/2023,4136.25,,27670
4/7/2023,4132,,27540
4/6/2023,4132,4256,27530
4/5/2023,4117.25,4235,27820
4/4/2023,4129,4263,28260
4/3/2023,4153.75,4252,28250
3/31/2023,4137.75,4261,28040
3/30/2023,4080,4232,27800
3/29/2023,4057.5,4170,27590
3/28/2023,4001.5,4113,27290
3/27/2023,4007.25,4108,27270
3/24/2023,4001.25,4067,27180
3/23/2023,3978,4147,27120
3/22/2023,3970.5,4139,27230
3/21/2023,4035.75,4123,
3/20/2023,3983,4057,26670
3/17/2023,3957.05,4138,27030
3/16/2023,3960.5,4125,26740
3/15/2023,3892.75,4026,27050
3/14/2023,3920.5,4174,26900
3/13/2023,3856.75,4103,27650
3/10/2023,3862.75,4220,27860
3/9/2023,3920,4290,28640
3/8/2023,3995,4294,28420
3/7/2023,3989.75,4280,28320
3/6/2023,4052.5,4315,28260
3/3/2023,4049.75,4301,27900
3/2/2023,3984.75,4240,27520
3/1/2023,3956.5,4216,27530
2/28/2023,3975.5,4247,27470
2/27/2023,3988,4255,27410
2/24/2023,3975.75,4201,27380
2/23/2023,4018.75,4265,
2/22/2023,3999,4246,27130
2/21/2023,4005.75,4254,27450
2/20/2023,,4279,27520
2/17/2023,4087.5,4280,27460
2/16/2023,4099.75,4307,27670
2/15/2023,4158.25,4290,27440
2/14/2023,4145.5,4257,27620
2/13/2023,4147.25,4251,27440
2/10/2023,4099.75,4203,27650
2/9/2023,4091.75,4254,27530
2/8/2023,4130.5,4216,27600
2/7/2023,4175.75,4210,27600
2/6/2023,4123.5,4211,27680
2/3/2023,4147.75,4256,27490
2/2/2023,4191.5,4249,27390
2/1/2023,4132.25,4175,27310
1/31/2023,4090,4171,27300
1/30/2023,4032.5,4166,27370
1/27/2023,4084.25,4182,27360
1/26/2023,4075.5,4179,27380
1/25/2023,4032,4155,27320
1/24/2023,4032.75,4163,27270
1/23/2023,4036.5,4160,26880
1/20/2023,3988.5,4124,26530
1/19/2023,3915.5,4103,26340
1/18/2023,3945.75,4180,26730
1/17/2023,4009.5,4177,26140
1/16/2023,,4166,25770
1/13/2023,4018.25,4157,26080
1/12/2023,4003.5,4139,26370
1/11/2023,3990,4105,26410
1/10/2023,3940.75,4064,26160
1/9/2023,3913.75,4084,
1/6/2023,3915.5,4023,25930
1/5/2023,3829,3964,25780
1/4/2023,3874.5,3981,25610
1/3/2023,3846,3892,
1/2/2023,,3869,
12/30/2022,3861,3785,26080
12/29/2022,3871.75,3853,25980
12/28/2022,3807.5,3812,26230
12/27/2022,3855,3837,26360
12/26/2022,,,26370
12/23/2022,3869.75,3820,26150
12/22/2022,3849.25,3822,26440
12/21/2022,3905.75,3875,26320
12/20/2022,3849.25,3803,26520
12/19/2022,3845.5,3818,27220
12/16/2022,3871.47,3788.4,27470
12/15/2022,3897,3835,27960
12/14/2022,3998,3977,28080
12/13/2022,4022.25,3982,27890
12/12/2022,3991.75,3927,27770
12/9/2022,3936.25,3942,27850
12/8/2022,3965.75,3924,27550
12/7/2022,3936.75,3928,27660
12/6/2022,3945,3937,27860
12/5/2022,4003.25,3964,27840
12/2/2022,4075.5,3979,27760
12/1/2022,4081.75,3979,28250
11/30/2022,4081.25,3965,28040
11/29/2022,3962,3934,28060
11/28/2022,3970.25,3938,28160
11/25/2022,4032.5,3961,28330
11/24/2022,,3963,28370
11/23/2022,4033,3950,
11/22/2022,4010.25,3932,28120
11/21/2022,3958,3911,27970
11/18/2022,3974,3923,27880
11/17/2022,3955.25,3872,27980
11/16/2022,3968.5,3883,28040
11/15/2022,3999.5,3905,28030
11/14/2022,3966,3884,27960
11/11/2022,4000.25,3868,28270
11/10/2022,3961,3847,27430
11/9/2022,3755.5,3730,27650
11/8/2022,3835.25,3736,27890
11/7/2022,3815.25,3708,27550
11/4/2022,3779.5,3687,27190
11/3/2022,3727.75,3591,
11/2/2022,3768.75,3620,27640
11/1/2022,3866,3647,27690
10/31/2022,3883,3618,27550
10/28/2022,3911.25,3609,27010
10/27/2022,3819.5,3606,27300
10/26/2022,3841,3605,27440
10/25/2022,3870.25,3583,27260
10/24/2022,3809.25,3528,26960
10/21/2022,3764,3470,26900
10/20/2022,3675.25,3485,27000
10/19/2022,3707.25,3471,27230
10/18/2022,3732.75,3468,27190
10/17/2022,3689.25,3441,26730
10/14/2022,3597.5,3388,27050
10/13/2022,3681.75,3362,26220
10/12/2022,3588.5,3333,26390
10/11/2022,3599.25,3333,26430
10/10/2022,3625.25,3356,
10/7/2022,3653.25,3374,27100
10/6/2022,3756.75,3432,27290
10/5/2022,3794,3441,27080
10/4/2022,3803.25,3478,26910
10/3/2022,3690.25,3338,26230
9/30/2022,3601.5,3315,25940
9/29/2022,3654.25,3268,26340
9/28/2022,3732,3332,25920
9/27/2022,3661,3327,26320
9/26/2022,3670,3338,26200
9/23/2022,3709,3343,
9/22/2022,3772,3425,27030
9/21/2022,3806.25,3488,27120
9/20/2022,3872.75,3459,27450
9/19/2022,3917.25,3501,
9/16/2022,3871.24,3496.3,27350
9/15/2022,3902,3544,27680
9/14/2022,3947.5,3567,27650
9/13/2022,3931.25,3586,28400
9/12/2022,4110.75,3649,28260
9/9/2022,4067.25,3571,28000
9/8/2022,4005.5,3512,28030
9/7/2022,3980,3507,27460
9/6/2022,3910.5,3495,27600
9/5/2022,,3489,27640
9/2/2022,3924.5,3545,27660
9/1/2022,3968.75,3449,27630
8/31/2022,3956.5,3520,28120
8/30/2022,3987.5,3556,28200
8/29/2022,4031.25,3567,27910
8/26/2022,4059.5,3598,28610
8/25/2022,4201,3671,28510
8/24/2022,4142.75,3668,28320
8/23/2022,4130.5,3645,28390
8/22/2022,4141.25,3651,28710
8/19/2022,4231.5,3724,28930
8/18/2022,4286.5,3773,28940
8/17/2022,4276.75,3754,29190
8/16/2022,4307.75,3804,28850
8/15/2022,4298.25,3786,28860
8/12/2022,4281,3779,28540
8/11/2022,4209.75,3753,
8/10/2022,4210,3752,27790
8/9/2022,4124.5,3716,27960
8/8/2022,4141.75,3755,28240
8/5/2022,4146.75,3718,28170
8/4/2022,4152.25,3747,27950
8/3/2022,4156.25,3729,27710
8/2/2022,4093.75,3685,27670
8/1/2022,4120.5,3706,28000
7/29/2022,4133.5,3702,27750
7/28/2022,4073.5,3647,27810
7/27/2022,4024.5,3605,27760
7/26/2022,3923.25,3571,27650
7/25/2022,3970,3594,27700
7/22/2022,3965,3596,27890
7/21/2022,4001.25,3580,27780
7/20/2022,3962.5,3577,27680
7/19/2022,3937.5,3585,26930
7/18/2022,3833.75,3500,
7/15/2022,3865,3472,26760
7/14/2022,3793.25,3390,26700
7/13/2022,3804.5,3446,26440
7/12/2022,3823.75,3478,26280
7/11/2022,3856.75,3461,26650
7/8/2022,3901.25,3497,26610
7/7/2022,3905,3480,26490
7/6/2022,3848.25,3409,26000
7/5/2022,3834,3345,26340
7/4/2022,,3446,26180
7/1/2022,3827.25,3430,25830
6/30/2022,3789.5,3441,26380
6/29/2022,3821.25,3499,26680
6/28/2022,3825.5,3535,27070
6/27/2022,3903.75,3535,26770
6/24/2022,3916.25,3528,26480
6/23/2022,3799.75,3428,26120
6/22/2022,3762.75,3454,26100
6/21/2022,3767.75,3478,26230
6/20/2022,,3450,25780
6/17/2022,3663.76,3475.38,25780
6/16/2022,3668.25,3438,26430
6/15/2022,3789.25,3531,26280
6/14/2022,3736.75,3476,26660
6/13/2022,3750.5,3505,26840
6/10/2022,3899,3595,27850
6/9/2022,4016.25,3723,28300
6/8/2022,4114,3783,28190
6/7/2022,4158.75,3803,28010
6/6/2022,4120.5,3840,27910
6/3/2022,4107,3778,27790
6/2/2022,4175.25,3795,27460
6/1/2022,4099,3753,27500
5/31/2022,4131.25,3784,27260
5/30/2022,,3840,27400
5/27/2022,4155.75,3804,26810
5/26/2022,4055.75,3744,26610
5/25/2022,3976.75,3681,26680
5/24/2022,3940.5,3643,26740
5/23/2022,3971.75,3693,27050
5/20/2022,3899.5,3641,26770
5/19/2022,3897.75,3617,26370
5/18/2022,3922.75,3668,26860
5/17/2022,4084.75,3722,26630
5/16/2022,4004.75,3660,26480
5/13/2022,4019.75,3681,26390
5/12/2022,3927.25,3596,25770
5/11/2022,3930.25,3615,26250
5/10/2022,3996.75,3528,26270
5/9/2022,3987.5,3501,26390
5/6/2022,4119.5,3610,27110
5/5/2022,4143.25,3649,
5/4/2022,4295.25,3681,
5/3/2022,4169.25,3707,
5/2/2022,4151,3667,26810
4/29/2022,4127.5,3736,
4/28/2022,4283.5,3707,26870
4/27/2022,4180.25,3658,26390
4/26/2022,4170.5,3656,26650
4/25/2022,4292.75,3685,26540
4/22/2022,4267.25,3769,27100
4/21/2022,4390.5,3860,27520
4/20/2022,4455.5,3822,27180
4/19/2022,4459.25,3759,27050
4/18/2022,4386.75,,26750
4/15/2022,,,27080
4/14/2022,4387.5,3777,27190
4/13/2022,4442.25,3745,26880
4/12/2022,4393,3754,26320
4/11/2022,4409,3754,26820
4/8/2022,4483.5,3772,27040
4/7/2022,4496.25,3717,26900
4/6/2022,4475.75,3740,27430
4/5/2022,4520.25,3827,27800
4/4/2022,4577.75,3874,27790
4/1/2022,4539.25,3837,27660
3/31/2022,4530.75,3823,27830
3/30/2022,4596,3863,28000
3/29/2022,4625.5,3912,27920
3/28/2022,4568,3816,27650
3/25/2022,4536.5,3786,27910
3/24/2022,4512.5,3786,27840
3/23/2022,4447.5,3781,27860
3/22/2022,4505,3831,27070
3/21/2022,4452.25,3803,
3/18/2022,4409.35,3848.11,26730
3/17/2022,4410.25,3887,26440
3/16/2022,4358,3893,25600
3/15/2022,4262,3739.5,25130
3/14/2022,4172,3744,25050
3/11/2022,4201.5,3691,25090
3/10/2022,4257.25,3640.5,25740
3/9/2022,4275.25,3741,24750
3/8/2022,4168.75,3521,24690
3/7/2022,4198.5,3518,25210
3/4/2022,4327.25,3558.5,26100
3/3/2022,4359.25,3738,26660
3/2/2022,4381.75,3828.5,26360
3/1/2022,4303.75,3770,26880
2/28/2022,4368,3927,26560
2/25/2022,4380,3961.5,26500
2/24/2022,4284,3823.5,25930
2/23/2022,4222,3964.5,
2/22/2022,4300,3973.5,26430
2/21/2022,,3976,26940
2/18/2022,4343.5,4067.5,27090
2/17/2022,4374.5,4103.5,27160
2/16/2022,4470,4133.5,27430
2/15/2022,4464.5,4125,26840
2/14/2022,4394,4052,27100
2/11/2022,4409.5,4145,
2/10/2022,4497.5,4189,27700
2/9/2022,4577.75,4188.5,27550
2/8/2022,4512.5,4117.5,27280
2/7/2022,4475.75,4115.5,27220
2/4/2022,4492.5,4071.5,27410
2/3/2022,4469,4131.5,27200
2/2/2022,4577.25,4217.5,27540
2/1/2022,4535,4204.5,27030
1/31/2022,4504.25,4143,27050
1/28/2022,4423.25,4127,26710
1/27/2022,4317.75,4163,26220
1/26/2022,4341.5,4154,27010
1/25/2022,4349,4073.5,27060
1/24/2022,4403.75,4057,27580
1/21/2022,4390,4214,27520
1/20/2022,4474.75,4286.5,27790
1/19/2022,4524.25,4249,27520
1/18/2022,4571.25,4252.5,28250
1/17/2022,,4293,28340
1/14/2022,4654.75,4257,28190
1/13/2022,4652,4303,28550
1/12/2022,4716.25,4303,28740
1/11/2022,4705,4270,28150
1/10/2022,4662.25,4240,
1/7/2022,4667.75,4287.5,28450
1/6/2022,4687.5,4309.5,28500
1/5/2022,4692.5,4379.5,29270
1/4/2022,4784.25,4346.5,29230
1/3/2022,4786,4324.5,
12/31/2021,4758.5,,
12/30/2021,4772.25,4287.5,28780
12/29/2021,4784.5,4266,28830
12/28/2021,4778.5,4301,28940
12/27/2021,4782.25,4278,28650
12/24/2021,,,28710
12/23/2021,4715.75,4248.5,28710
12/22/2021,4686,4191.5,28440
12/21/2021,4640.75,4154.5,28500
12/20/2021,4558.5,4090,27900
12/17/2021,4636.46,4159.61,28520
12/16/2021,4668.75,4210,29000
12/15/2021,4709.5,4162,28470
12/14/2021,4637,4151.5,28340
12/13/2021,4668.75,4180.5,28650
12/10/2021,4711,4200,28380
12/9/2021,4667,4207,28750
12/8/2021,4699,4234,28890
12/7/2021,4685,4273,28520
12/6/2021,4590,4143.5,27850
12/3/2021,4537.5,4068,28070
12/2/2021,4575.75,4112,27750
12/1/2021,4508.5,4177,28180
11/30/2021,4566.25,4077,27470
11/29/2021,4651,4106,28220
11/26/2021,4595.75,4084,28790
11/25/2021,,4289,29520
11/24/2021,4699,4277,29370
11/23/2021,4688.5,4288.5,
11/22/2021,4679.75,4341.5,29790
11/19/2021,4694.5,4355,29780
11/18/2021,4701.5,4378,29570
11/17/2021,4686.25,4395.5,29690
11/16/2021,4696,4396,29770
11/15/2021,4679,4373,29730
11/12/2021,4678.25,4365.5,29600
11/11/2021,4643,4349,29300
11/10/2021,4642,4340.5,29110
11/9/2021,4678.25,4335,29300
11/8/2021,4694,4348,29490
11/5/2021,4690.25,4350,29620
11/4/2021,4673.25,4323.5,29820
11/3/2021,4652.25,4300.5,
11/2/2021,4623.5,4288.5,29500
11/1/2021,4605.75,4275.5,29550
10/29/2021,4597,4237,28780
10/28/2021,4587.5,4218,28760
10/27/2021,4544.5,4207.5,29000
10/26/2021,4565.25,4220,29130
10/25/2021,4558,4184.5,28620
10/22/2021,4536.5,4179.5,28870
10/21/2021,4541.75,4144.5,28730
10/20/2021,4528,4162,29280
10/19/2021,4511.25,4158.5,29260
10/18/2021,4477.5,4143.5,28910
10/15/2021,4462.5,4169,29120
10/14/2021,4429,4136.5,28570
10/13/2021,4355,4072,28140
10/12/2021,4340.75,4041,28090
10/11/2021,4351,4057,28500
10/8/2021,4382.25,4064.5,28120
10/7/2021,4390,4080,27820
10/6/2021,4354,3997,27410
10/5/2021,4334,4050,27740
10/4/2021,4291.25,3983.5,28230
10/1/2021,4343.75,4008.5,28820
9/30/2021,4297.75,4048,29460
9/29/2021,4349.75,4063,29620
9/28/2021,4343.5,4045.5,29920
9/27/2021,4433,4147,30080
9/24/2021,4445.75,4136.5,30150
9/23/2021,4438,4174,
9/22/2021,4384,4123,29520
9/21/2021,4343.25,4065,29760
9/20/2021,4348.25,4014,
9/17/2021,4464.33,4170.11,30350
9/16/2021,4474.3,4170.5,30200
9/15/2021,4481.7,4151.5,30350
9/14/2021,4444.6,4188,30400
9/13/2021,4468.9,4187,30330
9/10/2021,4458.3,4167,30160
9/9/2021,4492.3,4176,29990
9/8/2021,4512.6,4181,30130
9/7/2021,4519.3,4224.5,29900
9/6/2021,,4243,29750
9/3/2021,4534.4,4199,29160
9/2/2021,4535.2,4232.5,28470
9/1/2021,4521.3,4223.5,28490
8/31/2021,4520.5,4181.5,28180
8/30/2021,4525.2,4198,27740
8/27/2021,4505.6,4186,27640
8/26/2021,4466.5,4168,27690
8/25/2021,4492.9,4177,27740
8/24/2021,4482.5,4175,27740
8/23/2021,4475.5,4179.5,27520
8/20/2021,4436.9,4141,27010
8/19/2021,4401.4,4119,27210
8/18/2021,4394.5,4186,27600
8/17/2021,4443.6,4193,27360
8/16/2021,4474,4194.5,27480
8/13/2021,4462.5,4225.5,27990
8/12/2021,4454.6,4223.5,28020
8/11/2021,4440.6,4200.5,28070
8/10/2021,4429.9,4186,27850
8/9/2021,4425.7,4176.5,
8/6/2021,4429.4,4171,27840
8/5/2021,4421.6,4156.5,27680
8/4/2021,4394.7,4138,27590
8/3/2021,4415.1,4113,27580
8/2/2021,4379.7,4114,27740
7/30/2021,4389.5,4088,27350
7/29/2021,4411.8,4112.5,27810
7/28/2021,4393.8,4096.5,27530
7/27/2021,4394.6,4060,27910
7/26/2021,4414.3,4093.5,27830
7/23/2021,4403.1,4105.5,
7/22/2021,4359.5,4050,
7/21/2021,4350.5,4019,27560
7/20/2021,4315.6,3949.5,27410
7/19/2021,4251.2,3915,27600
7/16/2021,4318.6,4021.5,27930
7/15/2021,4352,4045.5,28220
7/14/2021,4367.7,4091.5,28540
7/13/2021,4361.2,4080.5,28650
7/12/2021,4376.5,4089,28500
7/9/2021,4359.9,4052,28210
7/8/2021,4312.9,3980,28150
7/7/2021,4349.7,4064.5,28380
7/6/2021,4333.9,4033,28610
7/5/2021,,4077.5,28570
7/2/2021,4342.8,4067.5,28760
7/1/2021,4310.8,4064,28630
6/30/2021,4288.6,4055.5,28780
6/29/2021,4282,4097.5,28760
6/28/2021,4280.4,4076,28950
6/25/2021,4271.3,4108.5,29040
6/24/2021,4256.1,4108.5,28800
6/23/2021,4231.4,4068,28810
6/22/2021,4236.2,4111.5,28750
6/21/2021,4213.8,4094,28020
6/18/2021,4187.25,4156.88,28930
6/17/2021,4222.2,4158,29000
6/16/2021,4223.1,4153,29250
6/15/2021,4246.6,4145,29410
6/14/2021,4254.7,4137,29140
6/11/2021,4245.7,4127,28880
6/10/2021,4238.1,4097,28980
6/9/2021,4218.6,4100,28840
6/8/2021,4225.8,4099,29060
6/7/2021,4225.5,4099,29020
6/4/2021,4228.3,4089,28930
6/3/2021,4191.3,4086,29070
6/2/2021,4206.2,4084,28930
6/1/2021,4198.6,4070,28760
5/31/2021,,4035,28970
5/28/2021,4202.4,4066,29120
5/27/2021,4199,4038,28530
5/26/2021,4193.1,4028,28590
5/25/2021,4185.5,4036,28600
5/24/2021,4193.8,4043,28340
5/21/2021,4151.8,4017,28350
5/20/2021,4154.2,3985,28090
5/19/2021,4111.6,3930,27970
5/18/2021,4123.1,4005,28460
5/17/2021,4157.8,4000,27770
5/14/2021,4168.9,4006,28040
5/13/2021,4107.1,3940,27480
5/12/2021,4058.7,3936,28140
5/11/2021,4146.2,3922,28690
5/10/2021,4183.4,4011,29570
5/7/2021,4225.2,4010,29390
5/6/2021,4194.2,3969,29310
5/5/2021,4159.9,3969,
5/4/2021,4158.3,3885,
5/3/2021,4185.8,3961,
4/30/2021,4174.4,3940,28880
4/29/2021,4203.4,3956,
4/28/2021,4176.3,3973,29050
4/27/2021,4178.9,3960,28990
4/26/2021,4179.4,3976,29170
4/23/2021,4171.5,3967,28970
4/22/2021,4127.7,3968,29120
4/21/2021,4164.8,3931,28540
4/20/2021,4126.6,3893,29140
4/19/2021,4155.5,3977,29690
4/16/2021,4176.3,3983,29730
4/15/2021,4162.4,3942,29620
4/14/2021,4117.9,3928,29610
4/13/2021,4132.8,3917,29780
4/12/2021,4120.3,3915,29580
4/9/2021,4119.5,3926,29770
4/8/2021,4089,3925,29670
4/7/2021,4069.9,3909,29710
4/6/2021,4064,3920,29700
4/5/2021,4067.7,,30080
4/2/2021,4009.9,,29930
4/1/2021,4009.9,3893,29400
3/31/2021,3967.4,3866,29180
3/30/2021,3947.7,3872,29480
3/29/2021,3958.9,3830,29080
3/26/2021,3964.8,3809,29100
3/25/2021,3900.5,3770,28620
3/24/2021,3880.8,3772,28190
3/23/2021,3899.8,3773,28810
3/22/2021,3930,3773,28930
3/19/2021,3912.62,3857.2,29490
3/18/2021,3916.4,3871,30060
3/17/2021,3974,3852,29720
3/16/2021,3962.4,3850,29720
3/15/2021,3967.6,3829,29530
3/12/2021,3942.2,3832,29590
3/11/2021,3936.7,3844,29230
3/10/2021,3896.5,3818,28980
3/9/2021,3873.3,3790,29070
3/8/2021,3819.3,3765,28760
3/5/2021,3839,3666,28760
3/4/2021,3765.6,3703,28980
3/3/2021,3816.7,3710,29590
3/2/2021,3867.6,3705,29490
3/1/2021,3898.8,3701,29580
2/26/2021,3809.2,3627,29250
2/25/2021,3828,3688,30190
2/24/2021,3922.5,3702,29640
2/23/2021,3878,3680,
2/22/2021,3873.5,3700,30170
2/19/2021,3903,3714,30040
2/18/2021,3909.5,3675,30230
2/17/2021,3928,3697,30400
2/16/2021,3927.75,3720,30600
2/15/2021,,3732,30100
2/12/2021,3931,3689,29380
2/11/2021,3912,3662,
2/10/2021,3903,3641,29420
2/9/2021,3905.5,3654,29500
2/8/2021,3908,3668,29410
2/5/2021,3880.25,3647,28790
2/4/2021,3864.5,3633,28330
2/3/2021,3823.5,3597,28640
2/2/2021,3818.25,3581,28360
2/1/2021,3765.75,3525,28140
1/29/2021,3705.25,3478,27570
1/28/2021,3779.25,3548,28050
1/27/2021,3744.25,3532,28640
1/26/2021,3842.5,3589,28530
1/25/2021,3848.5,3540,28780
1/22/2021,3834.25,3588,28630
1/21/2021,3846,3617,28730
1/20/2021,3845,3612,28490
1/19/2021,3790.5,3587,28670
1/18/2021,,3591,28190
1/15/2021,3762.25,3585,28460
1/14/2021,3791.25,3629,28810
1/13/2021,3803.75,3606,28460
1/12/2021,3794.5,3600,28190
1/11/2021,3792,3608,
1/8/2021,3817.5,3622,28140
1/7/2021,3795.5,3615,27440
1/6/2021,3740.5,3606,27010
1/5/2021,3718.25,3527,27070
1/4/2021,3692.25,3551,27320
12/31/2020,3748.75,,
12/30/2020,3724.25,3550,27440
12/29/2020,3720,3567,27570
12/28/2020,3727.5,3563,26780
12/25/2020,,,26650
12/24/2020,3695,,26650
12/23/2020,3681.5,3527,26480
12/22/2020,3677.25,3481,26340
12/21/2020,3685.75,3431,26650
12/18/2020,3726.25,3572.69,26740
12/17/2020,3721.25,3563,26770
12/16/2020,3700.75,3542,26670
12/15/2020,3694.5,3525,26630
12/14/2020,3646.5,3507,26690
12/11/2020,3661.25,3485,26520
12/10/2020,3668.5,3523,26710
12/9/2020,3672.5,3532,26860
12/8/2020,3702,3526,26490
12/7/2020,3690.75,3526,26570
12/4/2020,3698,3533,26780
12/3/2020,3664.5,3516,26850
12/2/2020,3667.25,3517,26840
12/1/2020,3660.5,3528,26800
11/30/2020,3623.25,3505,26460
11/27/2020,3636.5,3532,26630
11/26/2020,,3513,26580
11/25/2020,3627.25,3512,26380
11/24/2020,3632.75,3505,26230
11/23/2020,3576,3470,
11/20/2020,3554.25,3463,25540
11/19/2020,3580,3449,25540
11/18/2020,3565,3480,25700
11/17/2020,3606.75,3467,26040
11/16/2020,3623,3470,25990
11/13/2020,3582,3438,25340
11/12/2020,3532.5,3432,25360
11/11/2020,3568,3468,25420
11/10/2020,3541,3451,24950
11/9/2020,3544,3406,24860
11/6/2020,3500.75,3198,24340
11/5/2020,3504.75,3211,24120
11/4/2020,3435,3154,23740
11/3/2020,3361.5,3095,
11/2/2020,3300.5,3013,23280
10/30/2020,3264.75,2959,22880
10/29/2020,3302.25,2949,23320
10/28/2020,3263.5,2946,23420
10/27/2020,3383,3068,23490
10/26/2020,3393.5,3097,23480
10/23/2020,3451.75,3184,23490
10/22/2020,3449.25,3162,23500
10/21/2020,3432.5,3171,23650
10/20/2020,3432.25,3226,23530
10/19/2020,3422.75,3236,23660
10/16/2020,3462.25,3241,23410
10/15/2020,3475.5,3181,23500
10/14/2020,3481,3267,23590
10/13/2020,3504.75,3267,23590
10/12/2020,3532.75,3294,23520
10/9/2020,3473.25,3263,23570
10/8/2020,3437.5,3252,23630
10/7/2020,3406.75,3223,23410
10/6/2020,3353.25,3227,23400
10/5/2020,3393,3214,23280
10/2/2020,3339.25,3178,22980
10/1/2020,3367.75,3178,23310
9/30/2020,3352,3194,23190
9/29/2020,3333.75,3203,23520
9/28/2020,3346,3218,23290
9/25/2020,3287.25,3119,23030
9/24/2020,3238,3147,22920
9/23/2020,3231.25,3170,23190
9/22/2020,3299.25,3163,
9/21/2020,3275,3141,
9/18/2020,3353.6,3318.03,23220
9/17/2020,3361.5,3321,23100
9/16/2020,3389.5,3334,23300
9/15/2020,3405.25,3335,23320
9/14/2020,3382.5,3319,23420
9/11/2020,3333.75,3321,23200
9/10/2020,3340.5,3315,23250
9/9/2020,3400.25,3329,22970
9/8/2020,3335.5,3268,23250
9/7/2020,,3309,23050
9/4/2020,3417.5,3247,23170
9/3/2020,3461.5,3293,23470
9/2/2020,3579.25,3328,23300
9/1/2020,3527,3271,23160
8/31/2020,3499,3265,23160
8/28/2020,3504.5,3313,22890
8/27/2020,3485.25,3324,23210
8/26/2020,3480.25,3352,23220
8/25/2020,3443,3329,23330
8/24/2020,3427.5,3328,23000
8/21/2020,3392.5,3250,22900
8/20/2020,3380.75,3271,22880
8/19/2020,3372.75,3312,23130
8/18/2020,3387,3277,23060
8/17/2020,3379.75,3306,23080
8/14/2020,3361.5,3304,23280
8/13/2020,3367.75,3344,23210
8/12/2020,3370,3362,22900
8/11/2020,3330,3326,22720
8/10/2020,3352.75,3253,
8/7/2020,3344.75,3242,22340
8/6/2020,3344.25,3237,22390
8/5/2020,3316,3261,22510
8/4/2020,3300,3246,22590
8/3/2020,3288.5,3248,22090
7/31/2020,3263.5,3183,21760
7/30/2020,3248.75,3192,22320
7/29/2020,3252.5,3298,22340
7/28/2020,3213,3301,22610
7/27/2020,3232.25,3299,22690
7/24/2020,3204,3302,
7/23/2020,3227.5,3366,
7/22/2020,3265.5,3362,22750
7/21/2020,3251.25,3398,22840
7/20/2020,3245.25,3384,22650
7/17/2020,3214,3359,22670
7/16/2020,3194.5,3358,22760
7/15/2020,3219.5,3375,22950
7/14/2020,3183.5,3304,22570
7/13/2020,3148.25,3343,22710
7/10/2020,3178.5,3285,22290
7/9/2020,3141,3250,22480
7/8/2020,3163.5,3274,22370
7/7/2020,3136.5,3312,22540
7/6/2020,3172,3339,22650
7/3/2020,,3271,22280
7/2/2020,3129,3301,22180
7/1/2020,3103,3205,22090
6/30/2020,3090.25,3223,22270
6/29/2020,3047.75,3222,22050
6/26/2020,3007,3182,22420
6/25/2020,3070.75,3208,22220
6/24/2020,3049,3178,22460
6/23/2020,3118.5,3282,22560
6/22/2020,3110.75,3215,22320
6/19/2020,3161.26,3289.78,22510
6/18/2020,3109,3247,22200
6/17/2020,3118,3263,22530
6/16/2020,3128.75,3239,22360
6/15/2020,3073,3135,21350
6/12/2020,3034.75,3139,22140
6/11/2020,3010.25,3152,22550
6/10/2020,3186,3298,23020
6/9/2020,3205.5,3319,23110
6/8/2020,3227.5,3366,23190
6/5/2020,3186.75,3381,22870
6/4/2020,3110.5,3253,22760
6/3/2020,3117.75,3261,22730
6/2/2020,3077,3145,22370
6/1/2020,3054,3097,22120
5/29/2020,3042,3046,21810
5/28/2020,3038,3092,22030
5/27/2020,3035.5,3038,21490
5/26/2020,2994.5,2994,21280
5/25/2020,,2957,20820
5/22/2020,2953,2897,20360
5/21/2020,2937,2892,20620
5/20/2020,2968.5,2935,20550
5/19/2020,2918.75,2895,20530
5/18/2020,2948,2904,20210
5/15/2020,2846.5,2753,20040
5/14/2020,2847,2736,19780
5/13/2020,2813,2791,20350
5/12/2020,2852.5,2872,20290
5/11/2020,2922.75,2867,20490
5/8/2020,2928.5,2891,20140
5/7/2020,2880,2861,19700
5/6/2020,2833.5,2820,
5/5/2020,2858.25,2852,
5/4/2020,2825.25,2786,
5/1/2020,2821.75,,19630
4/30/2020,2902.5,2887,20060
4/29/2020,2941,2966,
4/28/2020,2867.25,2893,19810
4/27/2020,2869,2842,19720
4/24/2020,2829.5,2773,19190
4/23/2020,2780.75,2824,19440
4/22/2020,2788.5,2800,19020
4/21/2020,2732,2756,19320
4/20/2020,2806.5,2867,19640
4/17/2020,2870,2843,19700
4/16/2020,2787.5,2786,19240
4/15/2020,2775,2769,19580
4/14/2020,2843,2885,19610
4/13/2020,2759.25,,19070
4/10/2020,,,19310
4/9/2020,2779.75,2855,19490
4/8/2020,2735,2810,18920
4/7/2020,2642,2823,19150
4/6/2020,2644.5,2769,18570
4/3/2020,2482.75,2633,17680
4/2/2020,2516.5,2645,17860
4/1/2020,2448,2631,17820
3/31/2020,2569.75,2747,18920
3/30/2020,2611.25,2714,18800
3/27/2020,2524,2654,19080
3/26/2020,2608,2772,18360
3/25/2020,2467,2724,19240
3/24/2020,2438,2636,18270
3/23/2020,2220.5,2402,16950
3/20/2020,2437.98,2584.54,
3/19/2020,2403.25,2454,16550
3/18/2020,2414,2389,16510
3/17/2020,2495.5,2518,16670
3/16/2020,2416.25,2419,16840
3/13/2020,2696,2551,16790
3/12/2020,2469,2567,18360
3/11/2020,2740.25,2894,19370
3/10/2020,2865.75,2914,19810
3/9/2020,2747.75,2975,19410
3/6/2020,2964,3233,20710
3/5/2020,3015.5,3367,21370
3/4/2020,3114.75,3411,21130
3/3/2020,2997,3354,20980
3/2/2020,3065,3339,21170
2/28/2020,2951,3314,21080
2/27/2020,2957,3457,21850
2/26/2020,3110.25,3574,22330
2/25/2020,3132.5,3571,22670
2/24/2020,3226.25,3645,
2/21/2020,3339.25,3794,23290
2/20/2020,3369.25,3835,23510
2/19/2020,3387.25,3859,23370
2/18/2020,3369.25,3829,23200
2/17/2020,,3849,23540
2/14/2020,3381,3837,23630
2/13/2020,3377.5,3836,23790
2/12/2020,3380.5,3847,23870
2/11/2020,3357.5,3825,
2/10/2020,3353,3789,23640
2/7/2020,3325.5,3793,23830
2/6/2020,3345.25,3799,23950
2/5/2020,3335,3770,23360
2/4/2020,3299.5,3722,23090
2/3/2020,3245.5,3654,22890
1/31/2020,3224,3639,23130
1/30/2020,3289.75,3679,22970
1/29/2020,3272.5,3730,23360
1/28/2020,3278.25,3709,23160
1/27/2020,3239.5,3671,23310
1/24/2020,3293.5,3767,23800
1/23/2020,3326,3727,23750
1/22/2020,3319.75,3759,24020
1/21/2020,3319.5,3778,23860
1/20/2020,,3790,24080
1/17/2020,3325,3795,24030
1/16/2020,3316.5,3762,23940
1/15/2020,3293.75,3756,23910
1/14/2020,3288,3762,24000
1/13/2020,3289.75,3764,
1/10/2020,3264.75,3780,23800
1/9/2020,3276,3782,23700
1/8/2020,3260.25,3761,23150
1/7/2020,3235.25,3750,23480
1/6/2020,3243.5,3739,23100
1/3/2020,3235.5,3754,
1/2/2020,3259,3782,
12/31/2019,3231,,
12/30/2019,3223.5,3729,23640
12/27/2019,3237.5,3770,23840
12/26/2019,3244.5,,23830
12/25/2019,,,23710
12/24/2019,3225.75,,23760
12/23/2019,3227.25,3766,23750
12/20/2019,3231.02,3770.27,23720
12/19/2019,3207,3733,23830
12/18/2019,3194.75,3742,23810
12/17/2019,3192,3745,24010
12/16/2019,3194.25,3772,23940
12/13/2019,3172,3727,23960
12/12/2019,3168,3709,23470
12/11/2019,3143,3689,23370
12/10/2019,3136,3667,23450
12/9/2019,3134.5,3669,23440
12/6/2019,3146,3690,23420
12/5/2019,3117.75,3652,23310
12/4/2019,3111,3656,23100
12/3/2019,3091,3609,23330
12/2/2019,3114.25,3627,23560
11/29/2019,3143.75,3702,23290
11/28/2019,,3700,23410
11/27/2019,3153.75,3706,23480
11/26/2019,3143.75,3704,23380
11/25/2019,3132.75,3705,23330
11/22/2019,3111.5,3680,23130
11/21/2019,3104,3682,23050
11/20/2019,3109,3682,23140
11/19/2019,3118.5,3691,23290
11/18/2019,3121.75,3694,23400
11/15/2019,3118.25,3704,23340
11/14/2019,3097,3684,23120
11/13/2019,3095.5,3693,23300
11/12/2019,3092,3711,23550
11/11/2019,3087.5,3694,23300
11/8/2019,3090.5,3689,23380
11/7/2019,3086,3697,23360
11/6/2019,3075.5,3679,23300
11/5/2019,3072,3669,23320
11/4/2019,3075.75,3657,
11/1/2019,3063.25,3614,22850
10/31/2019,3035.75,3609,22950
10/30/2019,3047.75,3610,22840
10/29/2019,3035.75,3611,22970
10/28/2019,3036.25,3621,22850
10/25/2019,3020.25,3614,22770
10/24/2019,3004.25,3611,22780
10/23/2019,3005.75,3598,22650
10/22/2019,2994.5,3593,
10/21/2019,3006.5,3592,22570
10/18/2019,2988.25,3572,22460
10/17/2019,2998,3588,22460
10/16/2019,2991.5,3593,22490
10/15/2019,2997.75,3592,22200
10/14/2019,2965.5,3544,
10/11/2019,2970.75,3556,21800
10/10/2019,2941,3485,21520
10/9/2019,2919,3447,21440
10/8/2019,2892.5,3425,21620
10/7/2019,2937.5,3455,21380
10/4/2019,2951,3428,21320
10/3/2019,2911.75,3406,21270
10/2/2019,2880.5,3408,21710
10/1/2019,2937.75,3512,21970
9/30/2019,2978.5,3555,21760
9/27/2019,2963.75,3530,21810
9/26/2019,2980.5,3517,21860
9/25/2019,2986.25,3493,21800
9/24/2019,2970.25,3518,21940
9/23/2019,2997,3524,
9/20/2019,3013.61,3565.17,21910
9/19/2019,3006,3552,21870
9/18/2019,3006.25,3533,21800
9/17/2019,3005.5,3522,21810
9/16/2019,2999,3526,
9/13/2019,3006.5,3554,21800
9/12/2019,3011.75,3541,21820
9/11/2019,3002,3513,21560
9/10/2019,2978.5,3499,21350
9/9/2019,2978.25,3493,21330
9/6/2019,2980.75,3491,21200
9/5/2019,2972,3482,21070
9/4/2019,2938.5,3449,20700
9/3/2019,2906,3414,20660
9/2/2019,,3430,20590
8/30/2019,2924.75,3419,20690
8/29/2019,2926.75,3411,20460
8/28/2019,2889.75,3366,20480
8/27/2019,2865.5,3361,20420
8/26/2019,2883.25,3347,20300
8/23/2019,2855.5,3340,20720
8/22/2019,2922.25,3366,20620
8/21/2019,2929.25,3389,20570
8/20/2019,2898.25,3346,20660
8/19/2019,2923.75,3367,20580
8/16/2019,2891.5,3325,20390
8/15/2019,2848.5,3281,20380
8/14/2019,2840.75,3281,20580
8/13/2019,2932,3359,20350
8/12/2019,2880.25,3325,
8/9/2019,2919.75,3323,20650
8/8/2019,2940,3358,20560
8/7/2019,2880.5,3301,20470
8/6/2019,2876,3291,20530
8/5/2019,2830,3310,20590
8/2/2019,2932.5,3377,21010
8/1/2019,2952,3481,21500
7/31/2019,2982.25,3462,21550
7/30/2019,3012.25,3459,21660
7/29/2019,3021.75,3524,21570
7/26/2019,3024.5,3521,21600
7/25/2019,3006.5,3509,21750
7/24/2019,3021.5,3528,21670
7/23/2019,3008,3531,21600
7/22/2019,2989,3482,21360
7/19/2019,2977,3471,21380
7/18/2019,2997.5,3478,21010
7/17/2019,2985,3494,21420
7/16/2019,3007,3512,21500
7/15/2019,3017.25,3500,
7/12/2019,3015.5,3489,21630
7/11/2019,3004,3490,21600
7/10/2019,2997.5,3494,21500
7/9/2019,2982,3501,21510
7/8/2019,2978.5,3516,21530
7/5/2019,2990.5,3517,21700
7/4/2019,,3534,21670
7/3/2019,3000.25,3529,21590
7/2/2019,2979.5,3499,21720
7/1/2019,2967.75,3486,21770
6/28/2019,2944.25,3466,21260
6/27/2019,2931,3433,21260
6/26/2019,2918,3430,21050
6/25/2019,2922,3437,21080
6/24/2019,2952,3441,21230
6/21/2019,2953.9,3478.12,21190
6/20/2019,2955.75,3471,21400
6/19/2019,2929,3454,21270
6/18/2019,2921.75,3457,20910
6/17/2019,2892,3387,21070
6/14/2019,2890.5,3376,21030
6/13/2019,2894.5,3389,21020
6/12/2019,2881,3386,21120
6/11/2019,2887,3402,21210
6/10/2019,2889.25,3385,21150
6/7/2019,2875,3372,20920
6/6/2019,2845.75,3331,20740
6/5/2019,2827.75,3336,20730
6/4/2019,2805,3334,20360
6/3/2019,2749.5,3291,20360
5/31/2019,2752.5,3275,20540
5/30/2019,2790.5,3313,20930
5/29/2019,2780,3288,20950
5/28/2019,2805,3338,21230
5/27/2019,,3352,21200
5/24/2019,2831.75,3335,21100
5/23/2019,2819.5,3315,21100
5/22/2019,2857.5,3370,21280
5/21/2019,2866,3366,21250
5/20/2019,2844,3345,21310
5/17/2019,2862,3400,21270
5/16/2019,2878.5,3406,21050
5/15/2019,2855,3350,21160
5/14/2019,2839.25,3325,21030
5/13/2019,2807,3286,21170
5/10/2019,2887,3331,21310
5/9/2019,2872.75,3310,21380
5/8/2019,2887.25,3374,21580
5/7/2019,2890.75,3353,21940
5/6/2019,2932.5,3420,
5/3/2019,2947.5,3448,
5/2/2019,2917.5,3437,
5/1/2019,2923,,
4/30/2019,2948.5,3452,
4/29/2019,2943,3440,
4/26/2019,2941.5,3435,22250
4/25/2019,2926.25,3425,22350
4/24/2019,2930.75,3431,22170
4/23/2019,2938,3436,22240
4/22/2019,2912.5,,22240
4/19/2019,,,22200
4/18/2019,2910,3425,22110
4/17/2019,2900.5,3407,22270
4/16/2019,2911.5,3394,22220
4/15/2019,2909.5,3378,22180
4/12/2019,2912.5,3375,21860
4/11/2019,2891.75,3365,21670
4/10/2019,2894.5,3350,21700
4/9/2019,2882.5,3350,21740
4/8/2019,2898.25,3359,21770
4/5/2019,2896,3374,21790
4/4/2019,2882.75,3368,21700
4/3/2019,2879.75,3358,21720
4/2/2019,2867,3321,21470
4/1/2019,2870.5,3311,21450
3/29/2019,2837.75,3272,21210
3/28/2019,2821,3241,21060
3/27/2019,2810.5,3242,21380
3/26/2019,2823,3239,21150
3/25/2019,2807,3221,20740
3/22/2019,2810.75,3221,21340
3/21/2019,2862.5,3289,
3/20/2019,2827,3295,21430
3/19/2019,2836.5,3328,21370
3/18/2019,2840.5,3303,21410
3/15/2019,2813.25,3386.35,21240
3/14/2019,2807.25,3346,21120
3/13/2019,2814.5,3324,21050
3/12/2019,2792,3308,21330
3/11/2019,2784,3304,20930
3/8/2019,2747,3288,20770
3/7/2019,2750,3306,21420
3/6/2019,2771.5,3325,21590
3/5/2019,2791.5,3326,21750
3/4/2019,2791.5,3315,21820
3/1/2019,2805,3312,21620
2/28/2019,2784.75,3298,21390
2/27/2019,2795,3279,21560
2/26/2019,2791.5,3291,21480
2/25/2019,2797,3279,21550
2/22/2019,2791.25,3270,21400
2/21/2019,2774.25,3261,21440
2/20/2019,2787,3259,21420
2/19/2019,2778.75,3236,21300
2/18/2019,,3242,21300
2/15/2019,2777,3240,20900
2/14/2019,2743.5,3183,21190
2/13/2019,2749.5,3203,21160
2/12/2019,2744.75,3192,20880
2/11/2019,2708.25,3164,
2/8/2019,2706.25,3132,20290
2/7/2019,2704,3152,20720
2/6/2019,2729.5,3206,20870
2/5/2019,2731,3208,20830
2/4/2019,2721.25,3154,20850
2/1/2019,2704.25,3168,20720
1/31/2019,2704.5,3152,20750
1/30/2019,2682.5,3148,20610
1/29/2019,2640.25,3144,20630
1/28/2019,2642,3127,20640
1/25/2019,2663.5,3155,20780
1/24/2019,2634,3118,20560
1/23/2019,2638.25,3102,20560
1/22/2019,2632,3099,20560
1/21/2019,,3111,20720
1/18/2019,2671.5,3126,20630
1/17/2019,2635.25,3057,20350
1/16/2019,2613.25,3063,20430
1/15/2019,2605.5,3056,20510
1/14/2019,2580.5,3041,
1/11/2019,2595,3055,20320
1/10/2019,2594,3058,20110
1/9/2019,2582.5,3063,20420
1/8/2019,2572.5,3049,20220
1/7/2019,2550.5,3017,20070
1/4/2019,2531.25,3027,19480
1/3/2019,2447.75,2946,
1/2/2019,2511,2978,
12/31/2018,2505.25,2974,
12/28/2018,2486,2974,20000
12/27/2018,2495,2923,20020
12/26/2018,2471,,19390
12/25/2018,,,18970
12/24/2018,2341.75,2981,
12/21/2018,2467.75,2972.79,20050
12/20/2018,2485.75,3001,20210
12/19/2018,2503.25,3056,20920
12/18/2018,2535.75,3046,21070
12/17/2018,2552.5,3062,21450
12/14/2018,2602,3084,21300
12/13/2018,2645.5,3105,21850
12/12/2018,2652.5,3110,21660
12/11/2018,2641.25,3061,21130
12/10/2018,2643,3006,21140
12/7/2018,2636,3061,21620
12/6/2018,2691,3029,21450
12/5/2018,2701.75,3145,21880
12/4/2018,2701.75,3184,22070
12/3/2018,2790.75,3211,22640
11/30/2018,2758.25,3163,22350
11/29/2018,2744.25,3172,22240
11/28/2018,2741.5,3162,22230
11/27/2018,2683.5,3161,22000
11/26/2018,2670,3168,21830
11/23/2018,2629.5,3129,
11/22/2018,,3117,21700
11/21/2018,2649,3148,21520
11/20/2018,2640,3108,21540
11/19/2018,2696.25,3151,21840
11/16/2018,2743,3176,21650
11/15/2018,2734.5,3182,21820
11/14/2018,2698.5,3197,21820
11/13/2018,2727.5,3219,21760
11/12/2018,2727.75,3185,22250
11/9/2018,2779,3220,22270
11/8/2018,2808.75,3224,22500
11/7/2018,2816.5,3235,22120
11/6/2018,2759,3203,22200
11/5/2018,2739.5,3209,21870
11/2/2018,2724.25,3210,22230
11/1/2018,2738,3189,21540
10/31/2018,2711,3194,21880
10/30/2018,2685.25,3143,21480
10/29/2018,2643.5,3147,21100
10/26/2018,2669.5,3109,21230
10/25/2018,2688.25,3156,21270
10/24/2018,2664.25,3121,22030
10/23/2018,2746.25,3137,21920
10/22/2018,2756.5,3182,22630
10/19/2018,2767.5,3202,22530
10/18/2018,2772.25,3203,22590
10/17/2018,2816.25,3233,22890
10/16/2018,2817.75,3247,22420
10/15/2018,2749,3202,22190
10/12/2018,2768.5,3183,22650
10/11/2018,2745.5,3202,22580
10/10/2018,2781,3261,23530
10/9/2018,2888.25,3313,23470
10/8/2018,2893.75,3296,
10/5/2018,2894,3331,23820
10/4/2018,2907.75,3364,23920
10/3/2018,2931.5,3401,24140
10/2/2018,2928.5,3375,24280
10/1/2018,2930,3401,24310
9/28/2018,2919,3387,24120
9/27/2018,2920,3436,23830
9/26/2018,2911.5,3421,24000
9/25/2018,2921.25,3405,23740
9/24/2018,2925.5,3392,
9/21/2018,2943,3425.49,23750
9/20/2018,2934,3406,23460
9/19/2018,2910,3369,23520
9/18/2018,2906.5,3356,23280
9/17/2018,2891,3349,
9/14/2018,2906.25,3347,22970
9/13/2018,2905.25,3335,22820
9/12/2018,2888.5,3328,22620
9/11/2018,2889.75,3311,22650
9/10/2018,2880.25,3311,22360
9/7/2018,2874.75,3290,22380
9/6/2018,2879,3296,22480
9/5/2018,2888.25,3315,22560
9/4/2018,2898.25,3358,22770
9/3/2018,,3393,22710
8/31/2018,2902,3389,22860
8/30/2018,2902,3430,22870
8/29/2018,2914.75,3456,22850
8/28/2018,2899.25,3455,22800
8/27/2018,2898.5,3457,22770
8/24/2018,2876.75,3429,22590
8/23/2018,2858,3418,22410
8/22/2018,2861.25,3421,22320
8/21/2018,2861.75,3412,22220
8/20/2018,2858.5,3393,22160
8/17/2018,2852.25,3369,22260
8/16/2018,2844.75,3379,22160
8/15/2018,2821.25,3343,22180
8/14/2018,2841,3410,22320
8/13/2018,2825.5,3411,21890
8/10/2018,2836.75,3421,22300
8/9/2018,2853.75,3490,22600
8/8/2018,2855.25,3490,22630
8/7/2018,2859.75,3506,22630
8/6/2018,2850,3477,22490
8/3/2018,2839.5,3481,22510
8/2/2018,2828.5,3465,22510
8/1/2018,2810.75,3504,22780
7/31/2018,2817,3525,22500
7/30/2018,2803.25,3510,22520
7/27/2018,2817.5,3524,22680
7/26/2018,2842.5,3503,22560
7/25/2018,2841.25,3458,22600
7/24/2018,2821,3481,22510
7/23/2018,2812,3448,22380
7/20/2018,2800.75,3457,22720
7/19/2018,2805.25,3463,22790
7/18/2018,2816,3478,22800
7/17/2018,2811.25,3452,22720
7/16/2018,2796.5,3445,
7/13/2018,2803.25,3448,22600
7/12/2018,2798.5,3438,22210
7/11/2018,2774,3419,21910
7/10/2018,2796.75,3466,22190
7/9/2018,2787.5,3457,22070
7/6/2018,2763,3438,21800
7/5/2018,2738.5,3432,21490
7/4/2018,,3402,21700
7/3/2018,2713.25,3397,21710
7/2/2018,2727.25,3363,21740
6/29/2018,2721.5,3391,22290
6/28/2018,2719.5,3351,22230
6/27/2018,2705,3385,22230
6/26/2018,2728.5,3364,22320
6/25/2018,2722.25,3364,22300
6/22/2018,2759.5,3427,22460
6/21/2018,2752.5,3393,22600
6/20/2018,2772,3437,22480
6/19/2018,2766.25,3427,22180
6/18/2018,2779.75,3458,22620
6/15/2018,2776.5,3533.07,22830
6/14/2018,2783.25,3532,22700
6/13/2018,2774.25,3482,22910
6/12/2018,2784,3473,22830
6/11/2018,2783,3483,22790
6/8/2018,2778.75,3440,22620
6/7/2018,2772.25,3458,22860
6/6/2018,2772.25,3455,22640
6/5/2018,2751.5,3455,22520
6/4/2018,2745.5,3465,22510
6/1/2018,2733.75,3443,22220
5/31/2018,2705.5,3407,22190
5/30/2018,2724.5,3422,22030
5/29/2018,2692.25,3412,22300
5/28/2018,,3468,22490
5/25/2018,2718.25,3493,22440
5/24/2018,2727.5,3501,22410
5/23/2018,2730.75,3520,22720
5/22/2018,2726,3574,22960
5/21/2018,2733,3555,23010
5/18/2018,2713,3544,22930
5/17/2018,2718.75,3552,22840
5/16/2018,2723,3528,22740
5/15/2018,2709,3529,22820
5/14/2018,2731,3530,22860
5/11/2018,2729.5,3530,22730
5/10/2018,2718.75,3528,22500
5/9/2018,2696,3524,22420
5/8/2018,2670.25,3511,22520
5/7/2018,2670,3522,22450
5/4/2018,2663,3497,
5/3/2018,2631.75,3472,
5/2/2018,2627.5,3497,22470
5/1/2018,2652.25,,22500
4/30/2018,2647,3474,
4/27/2018,2671.5,3455,22510
4/26/2018,2674.5,3442,22320
4/25/2018,2644.5,3417,22220
4/24/2018,2635.25,3435,22280
4/23/2018,2671.25,3440,22100
4/20/2018,2671.5,3419,22160
4/19/2018,2693,3412,22200
4/18/2018,2709.75,3418,22180
4/17/2018,2706.5,3407,21830
4/16/2018,2681.75,3364,21850
4/13/2018,2657.25,3369,21810
4/12/2018,2664,3365,21660
4/11/2018,2641,3340,21670
4/10/2018,2655,3360,21860
4/9/2018,2619,3333,21730
4/6/2018,2605.75,3322,21640
4/5/2018,2661.75,3348,21650
4/4/2018,2647,3253,21340
4/3/2018,2613.25,3264,21320
4/2/2018,2575,,21430
3/30/2018,,,21460
3/29/2018,2643,3281,21210
3/28/2018,2607.5,3235,21030
3/27/2018,2615.75,3229,21110
3/26/2018,2659.5,3184,20480
3/23/2018,2597.75,3214,20350
3/22/2018,2643.25,3253,21380
3/21/2018,2718.25,3311,
3/20/2018,2723.5,3326,21170
3/19/2018,2722.75,3303,21270
3/16/2018,2752.75,3430.22,21440
3/15/2018,2751.5,3419,21640
3/14/2018,2749.75,3392,21610
3/13/2018,2768.5,3390,21800
3/12/2018,2784,3430,21720
3/9/2018,2784,3416,21350
3/8/2018,2739.25,3415,21380
3/7/2018,2723.25,3377,21200
3/6/2018,2724,3357,21450
3/5/2018,2718.5,3359,20990
3/2/2018,2690.25,3324,21130
3/1/2018,2678.25,3391,21640
2/28/2018,2714.5,3438,22100
2/27/2018,2747.5,3452,22380
2/26/2018,2784.5,3466,22220
2/23/2018,2748.75,3438,21910
2/22/2018,2711.5,3438,21660
2/21/2018,2698.75,3427,21970
2/20/2018,2714,3435,21930
2/19/2018,,3404,22100
2/16/2018,2735,3426,21740
2/15/2018,2734,3385,21450
2/14/2018,2697,3376,21180
2/13/2018,2661.75,3341,21170
2/12/2018,2655.25,3372,
2/9/2018,2619,3307,21360
2/8/2018,2593.5,3358,21940
2/7/2018,2668.25,3452,21610
2/6/2018,2694.25,3391,21510
2/5/2018,2607.75,3477,22650
2/2/2018,2756.75,3521,23320
2/1/2018,2822.5,3567,23440
1/31/2018,2825.75,3600,23090
1/30/2018,2824.5,3603,23260
1/29/2018,2853.5,3634,23610
1/26/2018,2874.5,3638,23630
1/25/2018,2841.25,3617,23660
1/24/2018,2841,3641,23910
1/23/2018,2839.5,3659,24120
1/22/2018,2835.25,3654,23790
1/19/2018,2811,3639,23800
1/18/2018,2796.25,3605,23770
1/17/2018,2803.75,3599,23820
1/16/2018,2782.5,3607,23950
1/15/2018,,3608,23720
1/12/2018,2788.75,3598,23640
1/11/2018,2769.5,3586,23650
1/10/2018,2750.5,3595,23800
1/9/2018,2752.25,3612,23860
1/8/2018,2746.75,3606,
1/5/2018,2742.5,3594,23720
1/4/2018,2723.75,3556,23410
1/3/2018,2711,3501,
1/2/2018,2693,3473,
12/29/2017,2676,3493,22750
12/28/2017,2685.75,3508,22780
12/27/2017,2685.5,3541,22890
12/26/2017,2687,,22850
12/25/2017,,,22880
12/22/2017,2686,3541,22850
12/21/2017,2687.75,3559,22800
12/20/2017,2681.5,3539,22860
12/19/2017,2684,3572,22800
12/18/2017,2694.5,3598,22880
12/15/2017,2666.75,3548.98,22520
12/14/2017,2653.25,3562,22630
12/13/2017,2666.5,3584,22700
12/12/2017,2665,3596,22840
12/11/2017,2661.5,3581,22890
12/8/2017,2651,3594,22790
12/7/2017,2639.5,3572,22530
12/6/2017,2629.25,3559,22200
12/5/2017,2628.25,3573,22610
12/4/2017,2638.25,3570,22710
12/1/2017,2644,3523,22780
11/30/2017,2648,3573,22760
11/29/2017,2625,3587,22620
11/28/2017,2626,3582,22500
11/27/2017,2601.75,3562,22500
11/24/2017,2601,3579,22580
11/23/2017,,3566,
11/22/2017,2594.5,3560,22580
11/21/2017,2596.25,3576,22450
11/20/2017,2582,3559,22240
11/17/2017,2576.25,3544,22450
11/16/2017,2585,3560,22410
11/15/2017,2565,3546,22040
11/14/2017,2578,3552,22430
11/13/2017,2582,3573,22280
11/10/2017,2579.5,3587,22520
11/9/2017,2584,3613,22900
11/8/2017,2591,3648,22940
11/7/2017,2586.75,3656,22990
11/6/2017,2588.75,3679,22600
11/3/2017,2582.75,3684,
11/2/2017,2576.75,3685,22480
11/1/2017,2574.75,3695,22430
10/31/2017,2572.75,3678,21950
10/30/2017,2568.25,3653,22020
10/27/2017,2578.5,3648,22050
10/26/2017,2561.5,3633,21770
10/25/2017,2558.5,3580,21760
10/24/2017,2567.25,3606,21810
10/23/2017,2563.5,3603,21740
10/20/2017,2574,3598,21450
10/19/2017,2560.5,3593,21470
10/18/2017,2560,3610,21350
10/17/2017,2557,3606,21350
10/16/2017,2556.25,3598,21270
10/13/2017,2552.75,3600,21160
10/12/2017,2549.5,3598,20950
10/11/2017,2553,3599,20870
10/10/2017,2548.5,3588,20830
10/9/2017,2543.75,3600,
10/6/2017,2545,3592,20710
10/5/2017,2550,3602,20640
10/4/2017,2536.25,3583,20630
10/3/2017,2532.75,3596,20600
10/2/2017,2526.25,3588,20410
9/29/2017,2516,3576,20360
9/28/2017,2507.75,3550,20390
9/27/2017,2504.5,3546,20320
9/26/2017,2495.5,3520,20150
9/25/2017,2497,3527,20270
9/22/2017,2499.5,3528,20180
9/21/2017,2501,3530,20220
9/20/2017,2505.25,3510,20140
9/19/2017,2504.75,3516,20150
9/18/2017,2502.75,3515,
9/15/2017,2496,3524.91,19790
9/14/2017,2496.5,3530,19690
9/13/2017,2496.5,3527,19690
9/12/2017,2496,3512,19630
9/11/2017,2487.5,3492,19410
9/8/2017,2462.5,3447,19140
9/7/2017,2466.5,3449,19400
9/6/2017,2465.5,3435,19340
9/5/2017,2459.75,3421,19430
9/4/2017,,3431,19470
9/1/2017,2474.25,3444,19690
8/31/2017,2470,3424,19690
8/30/2017,2455.75,3404,19520
8/29/2017,2447,3387,19380
8/28/2017,2443.75,3422,19430
8/25/2017,2442.5,3440,19450
8/24/2017,2440.75,3445,19320
8/23/2017,2441.5,3438,19420
8/22/2017,2452.75,3455,19340
8/21/2017,2428,3420,19360
8/18/2017,2426.75,3447,19440
8/17/2017,2429.5,3462,19680
8/16/2017,2467.5,3484,19730
8/15/2017,2463.75,3462,19740
8/14/2017,2463.5,3454,19530
8/11/2017,2440,3399,
8/10/2017,2437.5,3426,19710
8/9/2017,2473,3466,19730
8/8/2017,2472.75,3512,19980
8/7/2017,2477.5,3501,20040
8/4/2017,2472,3505,19950
8/3/2017,2471.75,3463,20010
8/2/2017,2473.5,3453,20070
8/1/2017,2472.25,3473,19980
7/31/2017,2468,3447,19940
7/28/2017,2470.25,3456,19950
7/27/2017,2472,3481,20050
7/26/2017,2473.25,3482,20040
7/25/2017,2474,3472,19920
7/24/2017,2468.5,3441,19940
7/21/2017,2469.5,3445,20080
7/20/2017,2471.25,3490,20090
7/19/2017,2471.5,3488,20010
7/18/2017,2457.75,3474,19980
7/17/2017,2458.5,3513,
7/14/2017,2456,3516,20110
7/13/2017,2445.5,3520,20080
7/12/2017,2440,3513,20060
7/11/2017,2424.5,3455,20180
7/10/2017,2424.5,3472,20100
7/7/2017,2422.5,3454,19950
7/6/2017,2408.5,3452,19970
7/5/2017,2428,3473,20070
7/4/2017,,3479,20010
7/3/2017,2425,3482,20070
6/30/2017,2421,3431,20020
6/29/2017,2420,3461,20210
6/28/2017,2438.5,3528,20140
6/27/2017,2420.5,3530,20150
6/26/2017,2436,3556,20120
6/23/2017,2435,3534,20080
6/22/2017,2431.75,3550,20070
6/21/2017,2433.5,3546,20110
6/20/2017,2437.5,3555,20200
6/19/2017,2447.5,3576,20030
6/16/2017,2434.89,3537.1,19940
6/15/2017,2434.25,3528,19810
6/14/2017,2437.25,3553,19880
6/13/2017,2440,3555,19890
6/12/2017,2428.5,3545,19860
6/9/2017,2430.5,3579,19950
6/8/2017,2432.5,3561,19970
6/7/2017,2432,3543,19950
6/6/2017,2430.75,3548,19970
6/5/2017,2434.5,3570,20150
6/2/2017,2437.75,3581,20170
6/1/2017,2429.5,3562,19860
5/31/2017,2411,3553,19660
5/30/2017,2410.75,3547,19670
5/29/2017,,3562,19680
5/26/2017,2413.75,3561,19710
5/25/2017,2413.5,3566,19800
5/24/2017,2402,3568,19740
5/23/2017,2398,3581,19640
5/22/2017,2392.75,3561,19670
5/19/2017,2381.5,3566,19600
5/18/2017,2363.5,3541,19570
5/17/2017,2357.5,3562,19770
5/16/2017,2397,3621,19880
5/15/2017,2398.5,3611,19890
5/12/2017,2388.75,3601,19880
5/11/2017,2391,3585,19960
5/10/2017,2395.25,3606,19900
5/9/2017,2393.25,3613,19890
5/8/2017,2395,3601,19870
5/5/2017,2397.75,3614,
5/4/2017,2385.5,3576,
5/3/2017,2383.25,3531,
5/2/2017,2385.75,3526,19480
5/1/2017,2387,,19310
4/28/2017,2380.5,3508,19200
4/27/2017,2386,3501,19290
4/26/2017,2382.25,3515,19280
4/25/2017,2385,3521,19090
4/24/2017,2370,3510,18940
4/21/2017,2347.5,3377,18650
4/20/2017,2352,3376,18470
4/19/2017,2333.75,3355,18410
4/18/2017,2337.25,3351,18440
4/17/2017,2345,,18310
4/14/2017,,,18320
4/13/2017,2327.5,3377,18400
4/12/2017,2340.75,3401,18530
4/11/2017,2351,3399,18710
4/10/2017,2352.5,3416,18800
4/7/2017,2352.25,3423,18710
4/6/2017,2353.75,3423,18610
4/5/2017,2346.5,3401,18860
4/4/2017,2356.5,3409,18820
4/3/2017,2356,3406,19050
3/31/2017,2359.25,3426,18910
3/30/2017,2364.5,3411,19070
3/29/2017,2357,3399,19220
3/28/2017,2351.5,3391,19040
3/27/2017,2338.5,3362,18810
3/24/2017,2344.75,3370,19140
3/23/2017,2340,3376,18930
3/22/2017,2342.5,3348,18910
3/21/2017,2342.25,3350,19310
3/20/2017,2370.25,3365,
3/17/2017,2385.8,3454.95,19350
3/16/2017,2382.75,3439,19440
3/15/2017,2383.75,3409,19450
3/14/2017,2366.5,3398,19480
3/13/2017,2375,3418,19520
3/10/2017,2371.75,3421,19470
3/9/2017,2366.25,3410,19310
3/8/2017,2364,3394,19250
3/7/2017,2366.5,3380,19350
3/6/2017,2375.5,3388,19360
3/3/2017,2381.25,3404,19470
3/2/2017,2382,3386,19620
3/1/2017,2393.5,3387,19390
2/28/2017,2362.75,3324,19130
2/27/2017,2368.25,3311,19140
2/24/2017,2365,3307,19270
2/23/2017,2362.75,3330,19360
2/22/2017,2361,3338,19390
2/21/2017,2360,3337,19380
2/20/2017,,3314,19250
2/17/2017,2348,3301,19200
2/16/2017,2345.5,3308,19330
2/15/2017,2350.5,3326,19440
2/14/2017,2337,3308,19280
2/13/2017,2326.25,3308,19440
2/10/2017,2312.75,3270,19380
2/9/2017,2304.25,3279,18910
2/8/2017,2290.25,3235,18990
2/7/2017,2288.5,3231,18880
2/6/2017,2286.5,3239,18950
2/3/2017,2291,3276,18940
2/2/2017,2275.5,3254,18930
2/1/2017,2274.5,3249,19190
1/31/2017,2274.5,3234,18980
1/30/2017,2276,3252,19330
1/27/2017,2289,3295,19460
1/26/2017,2294,3308,19460
1/25/2017,2294,3324,19070
1/24/2017,2274.5,3273,18840
1/23/2017,2262,3263,18920
1/20/2017,2266,3288,19160
1/19/2017,2261.5,3279,19100
1/18/2017,2266.5,3286,18830
1/17/2017,2262.75,3281,18730
1/16/2017,,3289,19060
1/13/2017,2272.5,3314,19250
1/12/2017,2263.5,3281,19110
1/11/2017,2270.5,3298,19350
1/10/2017,2263.75,3300,19310
1/9/2017,2265,3301,
1/6/2017,2271.5,3313,19400
1/5/2017,2264.25,3304,19500
1/4/2017,2264.25,3304,19630
1/3/2017,2252.5,3306,
1/2/2017,,3295,
12/30/2016,2236.25,3277,19100
12/29/2016,2245,3261,19070
12/28/2016,2245.25,3268,19430
12/27/2016,2261,3270,19320
12/26/2016,,,19320
12/23/2016,2260,3263,
12/22/2016,2258.75,3256,19360
12/21/2016,2260.5,3260,19430
12/20/2016,2266.5,3268,19500
12/19/2016,2260,3244,19370
12/16/2016,2268.63,3268.53,19380
12/15/2016,2263.5,3255,19290
12/14/2016,2257,3218,19180
12/13/2016,2273.25,3240,19200
12/12/2016,2256,3197,19190
12/9/2016,2260,3197,18990
12/8/2016,2247.75,3188,18790
12/7/2016,2236.75,3137,18500
12/6/2016,2210,3104,18400
12/5/2016,2204.25,3053,18260
12/2/2016,2192,3017,18330
12/1/2016,2192,3024,18400
11/30/2016,2198.75,3051,18380
11/29/2016,2203.75,3035,18290
11/28/2016,2200.75,3013,18330
11/25/2016,2211.25,3045,18380
11/24/2016,,3039,18370
11/23/2016,2200.75,3033,
11/22/2016,2200.25,3042,18190
11/21/2016,2193,3029,18100
11/18/2016,2180.75,3022,17970
11/17/2016,2184.25,3037,17880
11/16/2016,2172.75,3026,17880
11/15/2016,2179.25,3051,17650
11/14/2016,2160.5,3038,17660
11/11/2016,2161.5,3019,17400
11/10/2016,2167.25,3042,17300
11/9/2016,2160.25,3046,16250
11/8/2016,2135.5,3016,17200
11/7/2016,2129,2998,17230
11/4/2016,2080,2949,16890
11/3/2016,2083.5,2968,
11/2/2016,2092.25,2976,17100
11/1/2016,2103.75,3011,17440
10/31/2016,2120,3053,17440
10/28/2016,2123.75,3070,17460
10/27/2016,2123.5,3076,17350
10/26/2016,2134,3073,17360
10/25/2016,2138,3075,17380
10/24/2016,2144.25,3088,17250
10/21/2016,2134.75,3067,17220
10/20/2016,2137,3066,17180
10/19/2016,2138,3049,16990
10/18/2016,2132,3038,16940
10/17/2016,2123,2996,16880
10/14/2016,2127,3015,16850
10/13/2016,2126.25,2963,16790
10/12/2016,2131.5,2997,16890
10/11/2016,2134.5,3007,17010
10/10/2016,2159,3026,
10/7/2016,2146.5,2991,16890
10/6/2016,2156.5,3019,16900
10/5/2016,2153.25,3017,16820
10/4/2016,2144.75,3023,16720
10/3/2016,2153.25,2982,16590
9/30/2016,2160.5,2994,16450
9/29/2016,2148.5,2979,16720
9/28/2016,2163.25,2978,16460
9/27/2016,2152.75,2955,16540
9/26/2016,2139.75,2963,16400
9/23/2016,2158,3019,16570
9/22/2016,2168.25,3035,
9/21/2016,2156.25,2970,16730
9/20/2016,2131,2954,16320
9/19/2016,2133,2954,
9/16/2016,2139.96,2966.5,16350
9/15/2016,2145,2977,16260
9/14/2016,2120.25,2968,16480
9/13/2016,2128.75,2975,16600
9/12/2016,2158.5,3011,16540
9/9/2016,2122.75,3052,16860
9/8/2016,2177.5,3084,16940
9/7/2016,2184.5,3091,16990
9/6/2016,2184.5,3070,17080
9/5/2016,,3080,17030
9/2/2016,2178,3082,16940
9/1/2016,2167.25,3014,16940
8/31/2016,2169.5,3030,16890
8/30/2016,2175.25,3033,16740
8/29/2016,2179.25,3000,16730
8/26/2016,2168.5,3013,16400
8/25/2016,2173.5,2988,16520
8/24/2016,2175,3007,16540
8/23/2016,2185.25,2993,16510
8/22/2016,2181.5,2956,16570
8/19/2016,2181.75,2969,16520
8/18/2016,2183.5,2992,16500
8/17/2016,2179.75,2982,16750
8/16/2016,2176.75,3022,16600
8/15/2016,2186,3048,16870
8/12/2016,2180.25,3046,16920
8/11/2016,2181.75,3044,
8/10/2016,2172.75,3018,16770
8/9/2016,2177.5,3028,16730
8/8/2016,2175.5,2984,16610
8/5/2016,2176.75,2970,16210
8/4/2016,2159.25,2925,16190
8/3/2016,2157,2907,16030
8/2/2016,2152.75,2906,16340
8/1/2016,2164.5,2967,16590
7/29/2016,2168.25,2983,16610
7/28/2016,2164.75,2970,16410
7/27/2016,2160.5,2993,16710
7/26/2016,2163.25,2977,16340
7/25/2016,2162.25,2964,16610
7/22/2016,2167.5,2965,16630
7/21/2016,2158,2967,16810
7/20/2016,2167.5,2963,16690
7/19/2016,2158.75,2927,16720
7/18/2016,2160,2948,
7/15/2016,2152.75,2949,16560
7/14/2016,2157.25,2963,16400
7/13/2016,2146,2928,16230
7/12/2016,2145.75,2929,16150
7/11/2016,2130.25,2878,15710
7/8/2016,2120.5,2832,15120
7/7/2016,2092,2774,15260
7/6/2016,2094,2754,15280
7/5/2016,2082.75,2807,15600
7/4/2016,,2857,15760
7/1/2016,2096.25,2872,15670
6/30/2016,2090.25,2855,15570
6/29/2016,2066.75,2819,15570
6/28/2016,2028.5,2743,15300
6/27/2016,1985,2686,15360
6/24/2016,2018.5,2768,14950
6/23/2016,2105.75,3027,16170
6/22/2016,2076.75,2992,15990
6/21/2016,2080.5,2967,16160
6/20/2016,2074.25,2936,15920
6/17/2016,2079.12,2856.87,15530
6/16/2016,2079.25,2822,15370
6/15/2016,2071.75,2833,15900
6/14/2016,2074.5,2794,15780
6/13/2016,2078.75,2861,15970
6/10/2016,2096.25,2912,16530
6/9/2016,2114.25,2988,16630
6/8/2016,2118,3014,16850
6/7/2016,2110.25,3039,16700
6/6/2016,2108.25,3001,16560
6/3/2016,2097.75,2989,16660
6/2/2016,2103.75,3031,16590
6/1/2016,2098,3026,16970
5/31/2016,2095,3053,17230
5/30/2016,,3081,17080
5/27/2016,2097.25,3065,16820
5/26/2016,2089.75,3061,16790
5/25/2016,2087.25,3049,16770
5/24/2016,2075,2999,16480
5/23/2016,2045.25,2924,16650
5/20/2016,2050,2935,16740
5/19/2016,2038.75,2896,16640
5/18/2016,2041.5,2931,16590
5/17/2016,2043.5,2906,16700
5/16/2016,2062.75,2921,16520
5/13/2016,2043.5,2925,16340
5/12/2016,2058.75,2902,16710
5/11/2016,2058,2924,16580
5/10/2016,2077.5,2941,16580
5/9/2016,2054.25,2916,16220
5/6/2016,2052.75,2900,16080
5/5/2016,2044,2890,
5/4/2016,2047,2885,
5/3/2016,2057,2930,
5/2/2016,2074.25,2979,16140
4/29/2016,2059,2977,
4/28/2016,2072.5,3061,16500
4/27/2016,2090.75,3065,17270
4/26/2016,2088.5,3058,17300
4/25/2016,2083.25,3050,17450
4/22/2016,2086,3069,17570
4/21/2016,2082.75,3089,17410
4/20/2016,2098,3079,16870
4/19/2016,2093.75,3042,16870
4/18/2016,2086.75,2999,16320
4/15/2016,2075,2982,16760
4/14/2016,2076.5,2988,16900
4/13/2016,2076,2958,16420
4/12/2016,2055.75,2871,15930
4/11/2016,2034.5,2856,15740
4/8/2016,2040.75,2838,15830
4/7/2016,2035,2794,15730
4/6/2016,2060.25,2834,15740
4/5/2016,2038.75,2821,15730
4/4/2016,2057.5,2881,16050
4/1/2016,2065,2878,16180
3/31/2016,2051.5,2931,16760
3/30/2016,2055.25,2968,16940
3/29/2016,2047.5,2927,17100
3/28/2016,2028,,16970
3/25/2016,,,16870
3/24/2016,2028.5,2916,16720
3/23/2016,2028.75,2967,16810
3/22/2016,2042.5,2969,16910
3/21/2016,2042.75,2969,
3/18/2016,2050.07,3060.11,16510
3/17/2016,2039.75,3036,16820
3/16/2016,2027,3062,16810
3/15/2016,2015.75,3067,16960
3/14/2016,2018.75,3090,17110
3/11/2016,2020,3072,16850
3/10/2016,1988.75,2979,16850
3/9/2016,1989,3018,16630
3/8/2016,1981,3002,16800
3/7/2016,1999,3018,16950
3/4/2016,1995,3034,17000
3/3/2016,1990.5,3006,16990
3/2/2016,1983.5,3020,16740
3/1/2016,1978,2994,16100
2/29/2016,1929.5,2934,15930
2/26/2016,1942.75,2930,16260
2/25/2016,1950.5,2873,16130
2/24/2016,1930.25,2812,15860
2/23/2016,1916,2888,16100
2/22/2016,1936.25,2931,16070
2/19/2016,1914.5,2862,15980
2/18/2016,1916.5,2891,16240
2/17/2016,1922.75,2895,15740
2/16/2016,1888.75,2814,16040
2/15/2016,,2835,15940
2/12/2016,1858.25,2747,14800
2/11/2016,1824.5,2687,
2/10/2016,1846.75,2789,15670
2/9/2016,1848.25,2744,16060
2/8/2016,1852,2784,17000
2/5/2016,1875.25,2877,16720
2/4/2016,1907.75,2908,17070
2/3/2016,1908.5,2896,17160
2/2/2016,1897.5,2948,17780
2/1/2016,1931.25,3017,17870
1/29/2016,1930,3028,17640
1/28/2016,1880.75,2974,17060
1/27/2016,1875,3034,17170
1/26/2016,1896,3029,16660
1/25/2016,1870.25,2997,17180
1/22/2016,1899.25,3025,16870
1/21/2016,1861,2934,16000
1/20/2016,1855,2868,16320
1/19/2016,1873,2973,17060
1/18/2016,,2929,16860
1/15/2016,1875,2936,17150
1/14/2016,1914.5,3028,17310
1/13/2016,1881.5,3063,17700
1/12/2016,1925,3061,17090
1/11/2016,1914.25,3031,
1/8/2016,1911.5,3029,17690
1/7/2016,1933,3075,17660
1/6/2016,1986,3131,18180
1/5/2016,2011.75,3161,18360
1/4/2016,2009,3151,18380
12/31/2015,2035.5,,
12/30/2015,2054.5,3282,19030
12/29/2015,2072.75,3299,18980
12/28/2015,2048.75,3248,18900
12/25/2015,,,18720
12/24/2015,2051.25,,18810
12/23/2015,2053,3281,
12/22/2015,2036,3204,18870
12/21/2015,2015,3222,18840
12/18/2015,2029.72,3297.52,18950
12/17/2015,2034.25,3312,19340
12/16/2015,2072,3245,19090
12/15/2015,2045.5,3242,18550
12/14/2015,2018.5,3141,18840
12/11/2015,2009.75,3207,19210
12/10/2015,2049.25,3275,19020
12/9/2015,2042,3283,19300
12/8/2015,2058.75,3303,19490
12/7/2015,2081,3354,19750
12/4/2015,2088.5,3331,19460
12/3/2015,2051.25,3354,19940
12/2/2015,2081.5,3469,19950
12/1/2015,2100,3482,20020
11/30/2015,2079.75,3505,19750
11/27/2015,2090,3488,19860
11/26/2015,,3496,19940
11/25/2015,2088,3460,19850
11/24/2015,2084.75,3406,19960
11/23/2015,2084.25,3453,
11/20/2015,2088.75,3455,19890
11/19/2015,2079.25,3451,19880
11/18/2015,2079.75,3433,19690
11/17/2015,2049,3447,19680
11/16/2015,2048,3353,19410
11/13/2015,2018.5,3354,19630
11/12/2015,2040.5,3386,19680
11/11/2015,2069,3445,19740
11/10/2015,2078,3420,19700
11/9/2015,2073,3412,19620
11/6/2015,2093.75,3462,19260
11/5/2015,2094,3445,19140
11/4/2015,2094.75,3433,18900
11/3/2015,2103,3433,
11/2/2015,2095.5,3433,18740
10/30/2015,2073.75,3403,19090
10/29/2015,2083,3403,18900
10/28/2015,2084.5,3420,18930
10/27/2015,2060.5,3383,18840
10/26/2015,2062.25,3413,18940
10/23/2015,2066,3418,18800
10/22/2015,2053,3353,18450
10/21/2015,2008.5,3266,18540
10/20/2015,2020.5,3255,18210
10/19/2015,2027.5,3266,18130
10/16/2015,2025.5,3257,18290
10/15/2015,2019,3233,18100
10/14/2015,1984,3191,17940
10/13/2015,1994,3211,18210
10/12/2015,2011,3243,
10/9/2015,2007.5,3242,18420
10/8/2015,2006.5,3220,18100
10/7/2015,1987.25,3210,18380
10/6/2015,1968.5,3217,18170
10/5/2015,1974.75,3176,18070
10/2/2015,1943,3076,17670
10/1/2015,1916.75,3061,17690
9/30/2015,1908.75,3091,17390
9/29/2015,1874.5,3026,16940
9/28/2015,1872,3033,17690
9/25/2015,1919.25,3107,17770
9/24/2015,1918.75,3003,17450
9/23/2015,1928.5,3071,
9/22/2015,1932,3063,
9/21/2015,1963,3178,
9/18/2015,1960,3179.62,18000
9/17/2015,1987.75,3261,18360
9/16/2015,1998.25,3255,18140
9/15/2015,1979.75,3213,17880
9/14/2015,1954,3188,17820
9/11/2015,1960.25,3194,18170
9/10/2015,1949.5,3224,18270
9/9/2015,1942.75,3272,18580
9/8/2015,1965.75,3236,17460
9/7/2015,,3201,17870
9/4/2015,1921.75,3185,17760
9/3/2015,1946,3272,18230
9/2/2015,1947,3205,18250
9/1/2015,1916,3182,18110
8/31/2015,1969.25,3269,18840
8/28/2015,1989.75,3279,19180
8/27/2015,1989.25,3286,18570
8/26/2015,1938,3182,18440
8/25/2015,1872.75,3228,17670
8/24/2015,1871.25,3067,18410
8/21/2015,1971.5,3256,19430
8/20/2015,2025.5,3356,20040
8/19/2015,2072.75,3433,20230
8/18/2015,2094,3497,20560
8/17/2015,2099.25,3503,20630
8/14/2015,2089.5,3495,20510
8/13/2015,2080.5,3513,20630
8/12/2015,2084.25,3492,20340
8/11/2015,2079.75,3604,20670
8/10/2015,2099.75,3675,20790
8/7/2015,2073.5,3640,20710
8/6/2015,2079.5,3669,20650
8/5/2015,2093.75,3680,20600
8/4/2015,2083,3618,20450
8/3/2015,2091,3634,20500
7/31/2015,2098.5,3598,20570
7/30/2015,2103.75,3578,20560
7/29/2015,2101.5,3572,20300
7/28/2015,2087.25,3549,20300
7/27/2015,2064.5,3517,20350
7/24/2015,2077.5,3599,20520
7/23/2015,2098.5,3631,20670
7/22/2015,2108,3633,20560
7/21/2015,2114.5,3646,20840
7/20/2015,2122,3689,
7/17/2015,2118.75,3672,20640
7/16/2015,2117,3677,20560
7/15/2015,2104.25,3626,20450
7/14/2015,2102,3603,20430
7/13/2015,2094.5,3589,20090
7/10/2015,2069,3535,19860
7/9/2015,2041.25,3419,19860
7/8/2015,2039.25,3321,19660
7/7/2015,2073.75,3287,20420
7/6/2015,2064.5,3358,20200
7/3/2015,,3434,20540
7/2/2015,2068.75,3458,20540
7/1/2015,2071,3490,20400
6/30/2015,2054.5,3436,20230
6/29/2015,2050.5,3466,20110
6/26/2015,2095.75,3623,20760
6/25/2015,2094,3608,20760
6/24/2015,2099.5,3610,20820
6/23/2015,2116.5,3625,20830
6/22/2015,2112.75,3600,20450
6/19/2015,2117.11,3488,20170
6/18/2015,2123,3451,19960
6/17/2015,2097.5,3427,20240
6/16/2015,2097.5,3453,20230
6/15/2015,2084,3441,20340
6/12/2015,2093,3502,20390
6/11/2015,2109.25,3549,20450
6/10/2015,2107,3527,20110
6/9/2015,2080,3451,20050
6/8/2015,2078.25,3471,20450
6/5/2015,2092.25,3509,20460
6/4/2015,2099,3557,20500
6/3/2015,2116,3577,20490
6/2/2015,2106.75,3558,20540
6/1/2015,2109.25,3570,20570
5/29/2015,2106,3562,20560
5/28/2015,2121.75,3642,20570
5/27/2015,2121,3675,20480
5/26/2015,2105,3608,20470
5/25/2015,,3670,20430
5/22/2015,2124.5,3670,20280
5/21/2015,2128,3674,20180
5/20/2015,2122.5,3669,20230
5/19/2015,2124.5,3656,20030
5/18/2015,2126,3568,19890
5/15/2015,2119,3544,19760
5/14/2015,2117.5,3581,19550
5/13/2015,2094.5,3521,19780
5/12/2015,2095,3545,19670
5/11/2015,2097.75,3591,19640
5/8/2015,2108.5,3603,19380
5/7/2015,2084.25,3517,19240
5/6/2015,2074.25,3512,
5/5/2015,2084,3499,
5/4/2015,2109.25,3587,
5/1/2015,2101.5,,19540
4/30/2015,2079,3568,19510
4/29/2015,2099,3564,
4/28/2015,2112,3653,20040
4/27/2015,2104.75,3713,20000
4/24/2015,2111.75,3650,20050
4/23/2015,2107,3633,20170
4/22/2015,2100.25,3662,20160
4/21/2015,2091,3659,19970
4/20/2015,2091,3650,19600
4/17/2015,2075.5,3604,19690
4/16/2015,2100.75,3686,19880
4/15/2015,2099.75,3736,19870
4/14/2015,2091,3719,19910
4/13/2015,2086.5,3763,19930
4/10/2015,2095.5,3746,19970
4/9/2015,2085.75,3710,19920
4/8/2015,2076,3675,19820
4/7/2015,2067.75,3697,19680
4/6/2015,2073.25,,19390
4/3/2015,2059.5,,19480
4/2/2015,2059.5,3643,19350
4/1/2015,2053,3645,19120
3/31/2015,2060.75,3631,19210
3/30/2015,2075.5,3660,19430
3/27/2015,2052.5,3605,19320
3/26/2015,2048.5,3597,19290
3/25/2015,2053.75,3620,19650
3/24/2015,2085,3664,19640
3/23/2015,2094.75,3621,19690
3/20/2015,2099.02,3694.49,19500
3/19/2015,2090.5,3673,19440
3/18/2015,2100.5,3665,19480
3/17/2015,2074.5,3672,19400
3/16/2015,2076.5,3708,19250
3/13/2015,2049.75,3654,19200
3/12/2015,2064,3641,19010
3/11/2015,2039.5,3650,18650
3/10/2015,2042,3573,18670
3/9/2015,2077.75,3610,18790
3/6/2015,2070.75,3619,18990
3/5/2015,2099.75,3616,18760
3/4/2015,2096.5,3577,18650
3/3/2015,2104.75,3555,18820
3/2/2015,2114,3590,18860
2/27/2015,2102.75,3590,18820
2/26/2015,2110,3572,18800
2/25/2015,2110.25,3543,18630
2/24/2015,2113.75,3549,18620
2/23/2015,2106.75,3516,18460
2/20/2015,2107,3491,18360
2/19/2015,2095.25,3487,18260
2/18/2015,2095.5,3463,18180
2/17/2015,2096,3436,18000
2/16/2015,,3437,17990
2/13/2015,2093.5,3451,17960
2/12/2015,2084,3415,17870
2/11/2015,2065.75,3374,
2/10/2015,2062.25,3382,17640
2/9/2015,2042.5,3353,17690
2/6/2015,2053,3398,17660
2/5/2015,2055,3410,17480
2/4/2015,2030,3411,17660
2/3/2015,2042,3417,17330
2/2/2015,2017,3366,17530
1/30/2015,1988.5,3349,17670
1/29/2015,2018.5,3372,17610
1/28/2015,1991.5,3351,17850
1/27/2015,2030,3371,17700
1/26/2015,2053.5,3412,17440
1/23/2015,2044,3384,17510
1/22/2015,2056.5,3321,17360
1/21/2015,2026.5,3263,17210
1/20/2015,2016.75,3238,17390
1/19/2015,,3216,17040
1/16/2015,2013,3202,16800
1/15/2015,1989,3146,17160
1/14/2015,2007.5,3089,16760
1/13/2015,2016,3125,17090
1/12/2015,2022.5,3077,
1/9/2015,2035.25,3030,17210
1/8/2015,2055,3131,17250
1/7/2015,2019.5,3014,16960
1/6/2015,1994.5,3003,16900
1/5/2015,2016,3015,17380
1/2/2015,2046.25,3136,
12/31/2014,2052.5,3133,
12/30/2014,2076.75,3133,17450
12/29/2014,2085.75,3184,17720
12/26/2014,2084.25,,17860
12/25/2014,,,17750
12/24/2014,2078.75,3189,17790
12/23/2014,2079,3189,
12/22/2014,2072.5,3154,17600
12/19/2014,2061.01,3131.32,17670
12/18/2014,2065,3150,17260
12/17/2014,2014.25,3060,16810
12/16/2014,1971.5,3050,16730
12/15/2014,1990,2982,17020
12/12/2014,1997.25,3062,17380
12/11/2014,2031,3159,17210
12/10/2014,2026.5,3152,17470
12/9/2014,2057.5,3169,17790
12/8/2014,2059.5,3250,17970
12/5/2014,2076,3276,17940
12/4/2014,2072,3188,17880
12/3/2014,2072.5,3248,17750
12/2/2014,2066,3236,17690
12/1/2014,2050.75,3228,17570
11/28/2014,2066.25,3244,17450
11/27/2014,,3241,17250
11/26/2014,2072.25,3223,17380
11/25/2014,2067.5,3217,17430
11/24/2014,2067.5,3210,
11/21/2014,2061.75,3190,17380
11/20/2014,2052,3098,17320
11/19/2014,2047.25,3116,17370
11/18/2014,2048.5,3112,17360
11/17/2014,2039.75,3077,17040
11/14/2014,2038,3051,17450
11/13/2014,2034,3052,17420
11/12/2014,2036,3040,17160
11/11/2014,2036.5,3096,17090
11/10/2014,2034,3084,16790
11/7/2014,2026,3056,16940
11/6/2014,2028,3094,16820
11/5/2014,2018.75,3081,16990
11/4/2014,2005.5,3027,16710
11/3/2014,2011,3074,
10/31/2014,2011.5,3101,16490
10/30/2014,1988.5,3024,15670
10/29/2014,1972.25,3012,15570
10/28/2014,1980,3030,15330
10/27/2014,1957,2990,15400
10/24/2014,1959.75,3024,15330
10/23/2014,1946,3034,15140
10/22/2014,1925,2995,15160
10/21/2014,1938,2983,14780
10/20/2014,1900,2922,15120
10/17/2014,1881,2950,14530
10/16/2014,1850.5,2872,14720
10/15/2014,1846.75,2882,15070
10/14/2014,1874.75,2995,14900
10/13/2014,1865.5,2987,
10/10/2014,1894.25,2984,15340
10/9/2014,1925,3036,15500
10/8/2014,1961.75,3047,15620
10/7/2014,1928,3071,15820
10/6/2014,1956,3123,15940
10/3/2014,1960.25,3131,15760
10/2/2014,1938.5,3102,15710
10/1/2014,1940.75,3187,16110
9/30/2014,1965.5,3223,16180
9/29/2014,1969.5,3178,16310
9/26/2014,1976,3208,16270
9/25/2014,1961.5,3190,16280
9/24/2014,1991,3234,16100
9/23/2014,1972.25,3194,
9/22/2014,1986.25,3244,16160
9/19/2014,2022.46,3294.79,16220
9/18/2014,2012.25,3267,16000
9/17/2014,2001.5,3238,15800
9/16/2014,1999.5,3222,15860
9/15/2014,1984.25,3232,
9/12/2014,1984.75,3234,15880
9/11/2014,1997,3234,15910
9/10/2014,1995,3245,15800
9/9/2014,1989.75,3245,15750
9/8/2014,2000.5,3267,15720
9/5/2014,2006,3277,15690
9/4/2014,1997.75,3277,15660
9/3/2014,1998.75,3217,15700
9/2/2014,1999.75,3178,15670
9/1/2014,,3173,15480
8/29/2014,2001.5,3165,15420
8/28/2014,1996.75,3162,15470
8/27/2014,1997,3194,15520
8/26/2014,1998.5,3198,15530
8/25/2014,1995,3163,15620
8/22/2014,1987.75,3100,15550
8/21/2014,1989.5,3123,15550
8/20/2014,1983.25,3082,15420
8/19/2014,1977.25,3093,15430
8/18/2014,1967.5,3076,15330
8/15/2014,1952.5,3025,15320
8/14/2014,1953.5,3060,15290
8/13/2014,1944.75,3059,15220
8/12/2014,1930.5,3025,15150
8/11/2014,1932.5,3050,15130
8/8/2014,1923.75,3006,14760
8/7/2014,1905.25,3013,15190
8/6/2014,1914.75,3049,15140
8/5/2014,1913,3073,15340
8/4/2014,1932,3074,15460
8/1/2014,1918.5,3074,15580
7/31/2014,1924.75,3119,15650
7/30/2014,1965,3172,15630
7/29/2014,1963,3189,15640
7/28/2014,1973,3171,15510
7/25/2014,1971.5,3173,15450
7/24/2014,1980.75,3220,15300
7/23/2014,1980.75,3193,15330
7/22/2014,1975,3191,15330
7/21/2014,1966.25,3141,
7/18/2014,1971.5,3162,15210
7/17/2014,1953.5,3155,15370
7/16/2014,1974.75,3201,15380
7/15/2014,1968,3159,15400
7/14/2014,1971,3186,15320
7/11/2014,1962.5,3151,15170
7/10/2014,1957.75,3150,15250
7/9/2014,1967.25,3204,15300
7/8/2014,1960.5,3185,15340
7/7/2014,1971,3231,15380
7/4/2014,,3269,15440
7/3/2014,1977.5,3288,15320
7/2/2014,1967.75,3251,15380
7/1/2014,1965.75,3253,15310
6/30/2014,1952.5,3232,15160
6/27/2014,1952,3225,15120
6/26/2014,1948.75,3229,15320
6/25/2014,1949.5,3254,15260
6/24/2014,1943.25,3283,15400
6/23/2014,1953,3280,15350
6/20/2014,1964.52,3322.5,15380
6/19/2014,1958.5,3316,15340
6/18/2014,1957,3279,15120
6/17/2014,1941.5,3273,14990
6/16/2014,1936.5,3265,14920
6/13/2014,1935.75,3284,15140
6/12/2014,1930.5,3285,15000
6/11/2014,1944,3289,15060
6/10/2014,1950.5,3310,14970
6/9/2014,1950.25,3305,15130
6/6/2014,1949.25,3291,15090
6/5/2014,1938.5,3266,15060
6/4/2014,1925.75,3238,15040
6/3/2014,1922,3240,15030
6/2/2014,1921.75,3249,14940
5/30/2014,1921.5,3240,14650
5/29/2014,1918,3239,14690
5/28/2014,1909,3237,14680
5/27/2014,1909.25,3237,14610
5/26/2014,,3231,14580
5/23/2014,1897,3193,14420
5/22/2014,1890.25,3180,14310
5/21/2014,1885,3174,14040
5/20/2014,1868,3153,14060
5/19/2014,1882.25,3158,14030
5/16/2014,1874.75,3151,14130
5/15/2014,1867.25,3140,14300
5/14/2014,1885.25,3189,14410
5/13/2014,1894.25,3187,14430
5/12/2014,1892.75,3180,14170
5/9/2014,1873.5,3154,14210
5/8/2014,1872.25,3171,14140
5/7/2014,1874.25,3124,14070
5/6/2014,1864.25,3111,
5/5/2014,1875.75,3133,
5/2/2014,1874.5,3127,14480
5/1/2014,1877.75,,14490
4/30/2014,1878,3145,14220
4/29/2014,1871.75,3151,
4/28/2014,1866,3105,14310
4/25/2014,1860,3092,14460
4/24/2014,1873,3127,14420
4/23/2014,1873,3121,14550
4/22/2014,1874,3142,14350
4/21/2014,1864.5,,14530
4/18/2014,,,14520
4/17/2014,1858,3097,14380
4/16/2014,1852.75,3078,14420
4/15/2014,1839.5,3033,14030
4/14/2014,1824.5,3070,13950
4/11/2014,1811.75,3051,14060
4/10/2014,1827,3088,14290
4/9/2014,1864.75,3116,14380
4/8/2014,1845,3109,14590
4/7/2014,1838,3122,14810
4/4/2014,1860,3162,15080
4/3/2014,1883,3141,15080
4/2/2014,1883,3124,14970
4/1/2014,1877.75,3117,14760
3/31/2014,1864.5,3100,14830
3/28/2014,1850.5,3104,14700
3/27/2014,1840.5,3066,14640
3/26/2014,1842.5,3060,14390
3/25/2014,1859.25,3026,14260
3/24/2014,1849.5,2983,14400
3/21/2014,1893.3,3102.36,
3/20/2014,1873.75,3088,14130
3/19/2014,1859.75,3078,14420
3/18/2014,1870.75,3073,14340
3/17/2014,1857.75,3050,14270
3/14/2014,1840,3003,14220
3/13/2014,1846.75,3023,14750
3/12/2014,1867.75,3068,14830
3/11/2014,1865.25,3090,15210
3/10/2014,1877.25,3091,15160
3/7/2014,1878,3097,15290
3/6/2014,1876.25,3143,15120
3/5/2014,1872.5,3134,14880
3/4/2014,1871.5,3136,14840
3/3/2014,1843,3058,14630
2/28/2014,1857.5,3140,14860
2/27/2014,1854,3140,14960
2/26/2014,1842,3154,15000
2/25/2014,1846.25,3159,15000
2/24/2014,1846,3152,14840
2/21/2014,1834.25,3133,14830
2/20/2014,1836.25,3117,14420
2/19/2014,1825.5,3120,14770
2/18/2014,1837.5,3121,14840
2/17/2014,,3120,14410
2/14/2014,1835,3116,14330
2/13/2014,1824.25,3099,14500
2/12/2014,1817,3093,14770
2/11/2014,1813.5,3074,
2/10/2014,1794.75,3032,14730
2/7/2014,1793.5,3039,14500
2/6/2014,1766.5,3009,14150
2/5/2014,1744,2965,14180
2/4/2014,1743.75,2965,13920
2/3/2014,1732.75,2964,14560
1/31/2014,1776.5,3018,14850
1/30/2014,1781.25,3021,14990
1/29/2014,1771.25,3014,15380
1/28/2014,1788.25,3033,15000
1/27/2014,1775.75,3015,14940
1/24/2014,1782,3021,15440
1/23/2014,1824.25,3117,15700
1/22/2014,1838.5,3149,15830
1/21/2014,1838.5,3150,15790
1/20/2014,,3149,15670
1/17/2014,1834.25,3151,15750
1/16/2014,1836.25,3148,15720
1/15/2014,1841.5,3163,15780
1/14/2014,1833,3112,15420
1/13/2014,1815,3105,
1/10/2014,1837.75,3098,15920
1/9/2014,1833,3083,15910
1/8/2014,1832.5,3099,16110
1/7/2014,1830.75,3105,15780
1/6/2014,1820.75,3063,15900
1/3/2014,1825.5,3069,
1/2/2014,1826.5,3058,
12/31/2013,1841,,
12/30/2013,1834.75,3108,16290
12/27/2013,1836.5,3107,16200
12/26/2013,1836.5,,16240
12/25/2013,,,16110
12/24/2013,1829,,15900
12/23/2013,1822.75,3065,
12/20/2013,1812.89,3034.93,15870
12/19/2013,1808.5,3025,15760
12/18/2013,1810.75,2972,15590
12/17/2013,1779.25,2946,15290
12/16/2013,1786.5,2975,15220
12/13/2013,1774.75,2922,15480
12/12/2013,1775,2926,15370
12/11/2013,1780.75,2946,15520
12/10/2013,1803,2964,15590
12/9/2013,1809,2991,15650
12/6/2013,1805,2981,15310
12/5/2013,1784,2955,15160
12/4/2013,1791.75,2992,15470
12/3/2013,1791.5,3018,15730
12/2/2013,1799.75,3078,15690
11/29/2013,1804,3085,15740
11/28/2013,,3091,15700
11/27/2013,1804.25,3081,15480
11/26/2013,1802,3063,15520
11/25/2013,1802.5,3070,15610
11/22/2013,1801.25,3053,15430
11/21/2013,1793.75,3044,15420
11/20/2013,1779.75,3045,15100
11/19/2013,1785.25,3048,15150
11/18/2013,1788.75,3080,15180
11/15/2013,1793.5,3053,15170
11/14/2013,1787.75,3050,14820
11/13/2013,1778.75,3015,14600
11/12/2013,1765,3031,14550
11/11/2013,1767.5,3049,14280
11/8/2013,1766,3028,14090
11/7/2013,1745.25,3039,14250
11/6/2013,1765.5,3049,14350
11/5/2013,1756.5,3027,14200
11/4/2013,1763,3052,
11/1/2013,1754.75,3043,14190
10/31/2013,1751,3059,14350
10/30/2013,1760.5,3033,14540
10/29/2013,1767.5,3042,14340
10/28/2013,1759,3015,14370
10/25/2013,1754,3026,14120
10/24/2013,1748.5,3029,14480
10/23/2013,1741.75,3006,14430
10/22/2013,1749.5,3035,14710
10/21/2013,1738.25,3021,14710
10/18/2013,1736.5,3020,14590
10/17/2013,1727.75,3003,14590
10/16/2013,1713.25,3006,14470
10/15/2013,1692,2994,14460
10/14/2013,1704.25,2964,
10/11/2013,1699,2962,14410
10/10/2013,1685,2956,14200
10/9/2013,1648.75,2891,14070
10/8/2013,1650.5,2897,13930
10/7/2013,1667.75,2909,13860
10/4/2013,1684.75,2916,14040
10/3/2013,1669.75,2892,14140
10/2/2013,1683,2908,14190
10/1/2013,1689.5,2917,14510
9/30/2013,1674.25,2879,14460
9/27/2013,1686.5,2907,14740
9/26/2013,1692.5,2910,14830
9/25/2013,1685.75,2915,14560
9/24/2013,1692.5,2912,14680
9/23/2013,1692.75,2894,
9/20/2013,1723.89,2941.39,14680
9/19/2013,1724.25,2930,14680
9/18/2013,1724.5,2905,14430
9/17/2013,1705,2892,14280
9/16/2013,1698,2894,
9/13/2013,1688.5,2869,14320
9/12/2013,1685,2861,14330
9/11/2013,1688.75,2858,14440
9/10/2013,1682.5,2852,14400
9/9/2013,1669,2799,14220
9/6/2013,1653.5,2800,13850
9/5/2013,1653,2768,14000
9/4/2013,1653.5,2760,14100
9/3/2013,1639,2755,13990
9/2/2013,,2769,13570
8/30/2013,1631.25,2727,13350
8/29/2013,1636.75,2758,13460
8/28/2013,1632.25,2743,13360
8/27/2013,1628.25,2760,13540
8/26/2013,1654.25,2820,13650
8/23/2013,1661.5,2826,13700
8/22/2013,1654.75,2807,13350
8/21/2013,1636.5,2773,13400
8/20/2013,1650.5,2789,13410
8/19/2013,1645,2824,13770
8/16/2013,1651,2853,13670
8/15/2013,1655.75,2834,13790
8/14/2013,1682,2852,14010
8/13/2013,1690.75,2841,13850
8/12/2013,1687,2828,13510
8/9/2013,1686.25,2823,13670
8/8/2013,1693.75,2813,13620
8/7/2013,1688.25,2791,13860
8/6/2013,1694,2791,14400
8/5/2013,1702.5,2811,14230
8/2/2013,1704,2811,14480
8/1/2013,1700.25,2803,14050
7/31/2013,1680.5,2756,13600
7/30/2013,1684.75,2761,13890
7/29/2013,1682.5,2739,13600
7/26/2013,1686.5,2744,14130
7/25/2013,1684,2740,14520
7/24/2013,1683.75,2751,14730
7/23/2013,1688.25,2724,14780
7/22/2013,1690.25,2726,14690
7/19/2013,1689.5,2717,14650
7/18/2013,1680.5,2714,14800
7/17/2013,1675.5,2680,14600
7/16/2013,1671.25,2668,14600
7/15/2013,1677.5,2685,
7/12/2013,1670.25,2670,14470
7/11/2013,1670,2679,14470
7/10/2013,1648.5,2654,14430
7/9/2013,1645.5,2662,14460
7/8/2013,1635.5,2647,14100
7/5/2013,1627.25,2598,14340
7/4/2013,,2643,13990
7/3/2013,1609,2570,14020
7/2/2013,1607.25,2598,14130
7/1/2013,1606.75,2617,13870
6/28/2013,1599.25,2598,13680
6/27/2013,1606.5,2619,13270
6/26/2013,1595.5,2598,12780
6/25/2013,1581.5,2539,12940
6/24/2013,1566.25,2510,13010
6/21/2013,1599.93,2611.65,13370
6/20/2013,1590.5,2593,13030
6/19/2013,1629.5,2685,13260
6/18/2013,1651,2700,13000
6/17/2013,1639.75,2703,13060
6/14/2013,1624.25,2667,12770
6/13/2013,1636.75,2664,12450
6/12/2013,1610,2669,13280
6/11/2013,1627,2685,13380
6/10/2013,1642,2718,13620
6/7/2013,1638.5,2725,12680
6/6/2013,1622.75,2679,12820
6/5/2013,1608,2711,12940
6/4/2013,1631.25,2753,13650
6/3/2013,1636.25,2748,13240
5/31/2013,1629,2774,13700
5/30/2013,1653.5,2796,13610
5/29/2013,1647,2784,14200
5/28/2013,1654.5,2838,14360
5/27/2013,,2790,14030
5/24/2013,1650.5,2762,14610
5/23/2013,1650,2772,14590
5/22/2013,1655.5,2827,15670
5/21/2013,1665.5,2810,15400
5/20/2013,1664.5,2815,15390
5/17/2013,1663,2806,15190
5/16/2013,1648,2791,15070
5/15/2013,1654.25,2791,15090
5/14/2013,1648,2777,14800
5/13/2013,1630.75,2756,14820
5/10/2013,1629.5,2761,14660
5/9/2013,1624.5,2755,14230
5/8/2013,1628.75,2757,14260
5/7/2013,1620.5,2734,14160
5/6/2013,1613.5,2717,
5/3/2013,1608.5,2725,
5/2/2013,1592.25,2684,13710
5/1/2013,1577.25,,13800
4/30/2013,1592.25,2669,13880
4/29/2013,1588.25,2673,
4/26/2013,1576.5,2634,13950
4/25/2013,1581.75,2650,13920
4/24/2013,1574,2647,13830
4/23/2013,1573.5,2608,13540
4/22/2013,1556,2525,13560
4/19/2013,1547.5,2515,13370
4/18/2013,1534,2499,13270
4/17/2013,1546,2497,13400
4/16/2013,1568.75,2555,13310
4/15/2013,1543.5,2564,13340
4/12/2013,1582,2573,13500
4/11/2013,1587.75,2617,13490
4/10/2013,1582.75,2598,13290
4/9/2013,1563.25,2527,13190
4/8/2013,1559.25,2523,13210
4/5/2013,1546,2523,12810
4/4/2013,1554.5,2560,12720
4/3/2013,1548.5,2577,12360
4/2/2013,1564.5,2614,12030
4/1/2013,1556,,12180
3/29/2013,,,12400
3/28/2013,1562.75,2554,12400
3/27/2013,1556.75,2548,12520
3/26/2013,1557.25,2577,12370
3/25/2013,1547,2587,12510
3/22/2013,1552,2619,12320
3/21/2013,1539,2617,12570
3/20/2013,1549,2646,
3/19/2013,1542.25,2609,12420
3/18/2013,1546.75,2642,12170
3/15/2013,1557.08,2735.01,12490
3/14/2013,1562.25,2742,12330
3/13/2013,1556,2706,12200
3/12/2013,1552.5,2710,12260
3/11/2013,1556,2720,12290
3/8/2013,1549.5,2727,12220
3/7/2013,1542.75,2687,11970
3/6/2013,1539,2679,11930
3/5/2013,1537,2683,11690
3/4/2013,1525.75,2624,11650
3/1/2013,1516.5,2617,11570
2/28/2013,1513.25,2635,11500
2/27/2013,1515.75,2612,11260
2/26/2013,1492.5,2569,11410
2/25/2013,1487.25,2652,11650
2/22/2013,1514.5,2630,11410
2/21/2013,1501,2579,11320
2/20/2013,1507,2640,11440
2/19/2013,1528,2665,11370
2/18/2013,,2616,11410
2/15/2013,1517,2615,11170
2/14/2013,1518.5,2637,11330
2/13/2013,1517.25,2655,11260
2/12/2013,1516.25,2646,11370
2/11/2013,1513,2622,
2/8/2013,1512.5,2627,11170
2/7/2013,1505.25,2599,11390
2/6/2013,1506.75,2621,11430
2/5/2013,1506,2652,11080
2/4/2013,1493.5,2628,11270
2/1/2013,1506.75,2708,11170
1/31/2013,1493.25,2711,11110
1/30/2013,1495.25,2730,11100
1/29/2013,1505,2750,10890
1/28/2013,1497,2746,10810
1/25/2013,1495.75,2740,10930
1/24/2013,1491.75,2721,10630
1/23/2013,1490.25,2706,10470
1/22/2013,1489.5,2715,10700
1/21/2013,,2722,10710
1/18/2013,1479,2706,10920
1/17/2013,1475.75,2712,10630
1/16/2013,1465.5,2699,10580
1/15/2013,1465.25,2696,10890
1/14/2013,1464.25,2711,
1/11/2013,1467.25,2711,10830
1/10/2013,1467,2701,10660
1/9/2013,1455.75,2700,10570
1/8/2013,1452.25,2685,10480
1/7/2013,1455.75,2686,10620
1/4/2013,1457.75,2698,10680
1/3/2013,1453.5,2695,
1/2/2013,1457,2700,
12/31/2012,1420,,
12/28/2012,1384,2615,10390
12/27/2012,1410.75,2654,10370
12/26/2012,1413.5,,10240
12/25/2012,,,10070
12/24/2012,1419.75,,
12/21/2012,1433.59,2642.55,9960
12/20/2012,1445.5,2661,10030
12/19/2012,1437.25,2655,10180
12/18/2012,1445.75,2647,9940
12/17/2012,1432.5,2626,9820
12/14/2012,1415,2628,9760
12/13/2012,1418,2621,9760
12/12/2012,1427.25,2629,9580
12/11/2012,1431.5,2623,9520
12/10/2012,1420.25,2594,9540
12/7/2012,1416,2598,9560
12/6/2012,1413,2603,9540
12/5/2012,1408.25,2587,9480
12/4/2012,1405.5,2586,9430
12/3/2012,1407,2581,9460
11/30/2012,1414.5,2579,9450
11/29/2012,1415.75,2579,9410
11/28/2012,1407,2547,9300
11/27/2012,1397.5,2540,9430
11/26/2012,1403.25,2541,9400
11/23/2012,1405.25,2552,
11/22/2012,,2534,9360
11/21/2012,1388.25,2518,9220
11/20/2012,1386.25,2508,9120
11/19/2012,1382.5,2495,9130
11/16/2012,1359.75,2428,9010
11/15/2012,1351.25,2460,8820
11/14/2012,1353,2475,8670
11/13/2012,1371,2493,8670
11/12/2012,1378.25,2473,8690
11/9/2012,1375.75,2481,8760
11/8/2012,1375.25,2481,8840
11/7/2012,1389,2476,8960
11/6/2012,1425.25,2531,8980
11/5/2012,1412,2516,9020
11/2/2012,1405.5,2541,9060
11/1/2012,1423.25,2530,8950
10/31/2012,1406.75,2504,8920
10/30/2012,1407.5,2509,8850
10/29/2012,1407.5,2474,8920
10/26/2012,1407.5,2491,8930
10/25/2012,1408.25,2479,9070
10/24/2012,1405.25,2489,8970
10/23/2012,1406.75,2475,9000
10/22/2012,1430,2526,9020
10/19/2012,1424,2534,8990
10/18/2012,1451.5,2572,8980
10/17/2012,1457,2568,8810
10/16/2012,1449.25,2542,8710
10/15/2012,1435.5,2480,8590
10/12/2012,1421.5,2467,8560
10/11/2012,1428.5,2482,8550
10/10/2012,1426.25,2455,8590
10/9/2012,1436,2462,8770
10/8/2012,1449.75,2493,
10/5/2012,1455.5,2525,8870
10/4/2012,1455.75,2478,8840
10/3/2012,1444.75,2487,8750
10/2/2012,1441,2489,8780
10/1/2012,1437,2495,8780
9/28/2012,1434.25,2455,8880
9/27/2012,1441,2500,8960
9/26/2012,1427,2500,8920
9/25/2012,1437.25,2561,9010
9/24/2012,1451.5,2551,8990
9/21/2012,1467.17,2564.02,9060
9/20/2012,1460.5,2550,8990
9/19/2012,1459.5,2568,9170
9/18/2012,1459.25,2563,9070
9/17/2012,1460.75,2582,
9/14/2012,1465.75,2590,9080
9/13/2012,1457.25,2545,8990
9/12/2012,1439.5,2565,8950
9/11/2012,1430.5,2559,8800
9/10/2012,1426.5,2531,8870
9/7/2012,1438.25,2540,8880
9/6/2012,1431,2519,8690
9/5/2012,1403.5,2440,8670
9/4/2012,1406,2439,8780
9/3/2012,,2459,8770
8/31/2012,1405,2436,8820
8/30/2012,1397,2407,8970
8/29/2012,1407.25,2430,9080
8/28/2012,1407.75,2441,9050
8/27/2012,1408.25,2458,9080
8/24/2012,1409.75,2436,9060
8/23/2012,1400,2430,9180
8/22/2012,1412.25,2454,9110
8/21/2012,1412.5,2491,9150
8/20/2012,1414.75,2465,9190
8/17/2012,1415.25,2467,9170
8/16/2012,1413,2453,9080
8/15/2012,1403.5,2432,8920
8/14/2012,1401.5,2429,8930
8/13/2012,1402.5,2415,8870
8/10/2012,1402.5,2423,8870
8/9/2012,1400.5,2433,8970
8/8/2012,1398.25,2432,8870
8/7/2012,1397,2437,8800
8/6/2012,1390,2397,8730
8/3/2012,1389,2366,8540
8/2/2012,1362,2266,8630
8/1/2012,1370.5,2333,8630
7/31/2012,1374.5,2328,8680
7/30/2012,1380.5,2338,8610
7/27/2012,1382.5,2295,8560
7/26/2012,1354.75,2243,8440
7/25/2012,1335,2155,8350
7/24/2012,1329.5,2155,8470
7/23/2012,1343.75,2181,8510
7/20/2012,1358.25,2238,8670
7/19/2012,1372,2297,8790
7/18/2012,1367.25,2279,8740
7/17/2012,1358.5,2244,8750
7/16/2012,1347.5,2252,
7/13/2012,1351.75,2250,8700
7/12/2012,1329.25,2226,8700
7/11/2012,1336.25,2240,8850
7/10/2012,1335.5,2240,8860
7/9/2012,1349.25,2226,8880
7/6/2012,1351.75,2231,9020
7/5/2012,1361.5,2281,9090
7/4/2012,,2304,9090
7/3/2012,1368,2312,9070
7/2/2012,1357.5,2281,9020
6/29/2012,1356.5,2255,9010
6/28/2012,1322.5,2150,8870
6/27/2012,1325.5,2155,8740
6/26/2012,1315.5,2121,8690
6/25/2012,1306.5,2127,8720
6/22/2012,1326.75,2179,8780
6/21/2012,1318.25,2195,8820
6/20/2012,1350.75,2199,8740
6/19/2012,1350.5,2188,8650
6/18/2012,1341,2147,8730
6/15/2012,1336.47,2183.82,8560
6/14/2012,1333,2148,8570
6/13/2012,1315.5,2138,8590
6/12/2012,1326.75,2143,8530
6/11/2012,1307,2136,8610
6/8/2012,1328.75,2142,8430
6/7/2012,1316.75,2136,8610
6/6/2012,1315.5,2138,8530
6/5/2012,1285,2082,8410
6/4/2012,1273,2076,8290
6/1/2012,1274,2068,8420
5/31/2012,1309.25,2105,8530
5/30/2012,1308.5,2112,8610
5/29/2012,1333.5,2155,8650
5/28/2012,,2141,8600
5/25/2012,1315,2157,8580
5/24/2012,1322.5,2149,8560
5/23/2012,1315.75,2122,8570
5/22/2012,1314.75,2180,8730
5/21/2012,1315.75,2140,8620
5/18/2012,1290.75,2125,8600
5/17/2012,1301.25,2128,8850
5/16/2012,1322.5,2151,8750
5/15/2012,1328.25,2152,8910
5/14/2012,1334,2182,8970
5/11/2012,1350,2230,8950
5/10/2012,1357.5,2218,9030
5/9/2012,1351,2189,9040
5/8/2012,1358.5,2198,9180
5/7/2012,1365.75,2246,9110
5/4/2012,1362.5,2210,
5/3/2012,1386,2239,
5/2/2012,1397.5,2242,9360
5/1/2012,1400.5,,9340
4/30/2012,1393.5,2259,
4/27/2012,1398.5,2286,9500
4/26/2012,1396.75,2263,9560
4/25/2012,1387.25,2266,9550
4/24/2012,1370,2227,9480
4/23/2012,1362.75,2182,9550
4/20/2012,1375.25,2251,9560
4/19/2012,1372.5,2223,9600
4/18/2012,1378.25,2265,9660
4/17/2012,1383.5,2303,9450
4/16/2012,1364,2245,9470
4/13/2012,1365,2226,9640
4/12/2012,1386,2286,9540
4/11/2012,1364,2271,9440
4/10/2012,1357,2258,9540
4/9/2012,1375,,9550
4/6/2012,1390.25,,9680
4/5/2012,1390.25,2326,9790
4/4/2012,1393.25,2326,9820
4/3/2012,1408.75,2392,10050
4/2/2012,1412.5,2430,10110
3/30/2012,1403.25,2409,10090
3/29/2012,1398.25,2385,10110
3/28/2012,1400.25,2430,10180
3/27/2012,1406.5,2457,10180
3/26/2012,1415,2471,9960
3/23/2012,1394,2459,9930
3/22/2012,1389,2464,10040
3/21/2012,1397.5,2503,10020
3/20/2012,1400,2508,
3/19/2012,1404,2541,10080
3/16/2012,1405.11,2602.36,10060
3/15/2012,1401.75,2594,10060
3/14/2012,1394.25,2577,10010
3/13/2012,1396.25,2558,9840
3/12/2012,1372.5,2514,9800
3/9/2012,1372.5,2519,9840
3/8/2012,1366.5,2514,9760
3/7/2012,1352.75,2463,9580
3/6/2012,1342,2452,9650
3/5/2012,1364.5,2532,9680
3/2/2012,1368.75,2546,9760
3/1/2012,1374.5,2547,9710
2/29/2012,1364.5,2510,9710
2/28/2012,1371.5,2521,9760
2/27/2012,1367.25,2517,9620
2/24/2012,1363.25,2525,9640
2/23/2012,1363,2509,9570
2/22/2012,1356,2521,9570
2/21/2012,1360,2544,9490
2/20/2012,,2550,9470
2/17/2012,1359.75,2520,9400
2/16/2012,1354.75,2487,9230
2/15/2012,1342.25,2495,9270
2/14/2012,1347.75,2489,9060
2/13/2012,1349,2487,9000
2/10/2012,1340.5,2482,8970
2/9/2012,1348.25,2520,9010
2/8/2012,1347,2513,8990
2/7/2012,1344.75,2514,8900
2/6/2012,1339,2507,8900
2/3/2012,1339,2514,8840
2/2/2012,1322.75,2479,8870
2/1/2012,1319.75,2470,8790
1/31/2012,1308.25,2420,8810
1/30/2012,1309,2407,8800
1/27/2012,1312.5,2442,8830
1/26/2012,1315.25,2461,8850
1/25/2012,1320.25,2420,8870
1/24/2012,1311.5,2427,8790
1/23/2012,1311,2436,8770
1/20/2012,1310.75,2424,8750
1/19/2012,1310.5,2431,8650
1/18/2012,1302.25,2386,8550
1/17/2012,1289.25,2388,8470
1/16/2012,,2357,8380
1/13/2012,1289,2327,8500
1/12/2012,1291.75,2341,8380
1/11/2012,1288.25,2328,8430
1/10/2012,1286,2342,8420
1/9/2012,1275.5,2280,
1/6/2012,1274.25,2290,8390
1/5/2012,1273,2312,8500
1/4/2012,1273,2347,8530
1/3/2012,1272,2385,
1/2/2012,,2359,
12/30/2011,1252.5,2308,8450
12/29/2011,1257.5,2278,8390
12/28/2011,1244.5,2255,8420
12/27/2011,1260.25,2287,8450
12/26/2011,,,8450
12/23/2011,1260.25,2281,
12/22/2011,1249,2265,8370
12/21/2011,1236.25,2236,8440
12/20/2011,1236,2252,8330
12/19/2011,1199,2194,8300
12/16/2011,1225.05,2235.78,8400
12/15/2011,1218,2230,8370
12/14/2011,1212.5,2211,8500
12/13/2011,1226.25,2259,8550
12/12/2011,1235.25,2275,8620
12/9/2011,1258.75,2343,8520
12/8/2011,1236,2289,8680
12/7/2011,1264,2345,8680
12/6/2011,1255,2361,8580
12/5/2011,1255,2375,8680
12/2/2011,1243.5,2340,8660
12/1/2011,1243.5,2315,8600
11/30/2011,1246,2326,8420
11/29/2011,1196.5,2233,8480
11/28/2011,1191,2218,8310
11/25/2011,1153.5,2108,8180
11/24/2011,,2093,8160
11/23/2011,1160,2103,
11/22/2011,1182.75,2143,8320
11/21/2011,1190.75,2164,8360
11/18/2011,1214,2240,8410
11/17/2011,1214.75,2240,8470
11/16/2011,1231,2270,8450
11/15/2011,1254,2257,8560
11/14/2011,1252.5,2290,8620
11/11/2011,1261.5,2320,8500
11/10/2011,1237.5,2254,8490
11/9/2011,1225.5,2248,8730
11/8/2011,1273.25,2305,8670
11/7/2011,1257.5,2272,8760
11/4/2011,1251,2286,8800
11/3/2011,1255.75,2348,
11/2/2011,1234.25,2285,8690
11/1/2011,1224.5,2251,8850
10/31/2011,1249.25,2388,8960
10/28/2011,1281,2456,9050
10/27/2011,1282.5,2468,8920
10/26/2011,1237.5,2325,8730
10/25/2011,1224.5,2334,8770
10/24/2011,1247,2364,8840
10/21/2011,1235.25,2328,8680
10/20/2011,1210,2267,8670
10/19/2011,1206.5,2321,8790
10/18/2011,1223,2296,8750
10/17/2011,1194,2310,8900
10/14/2011,1219.25,2343,8770
10/13/2011,1198,2319,8800
10/12/2011,1198.25,2359,8740
10/11/2011,1189.5,2302,8770
10/10/2011,1191,2310,
10/7/2011,1155,2259,8590
10/6/2011,1157.5,2236,8530
10/5/2011,1135,2166,8380
10/4/2011,1113.5,2084,8450
10/3/2011,1086.25,2130,8530
9/30/2011,1126,2156,8700
9/29/2011,1156.25,2201,8710
9/28/2011,1148.75,2166,8640
9/27/2011,1169.5,2178,8580
9/26/2011,1158.5,2074,8290
9/23/2011,1129.75,2013,
9/22/2011,1123.5,1987,8490
9/21/2011,1155.75,2088,8680
9/20/2011,1196,2129,8650
9/19/2011,1197.75,2091,
9/16/2011,1216.74,2175.08,8790
9/15/2011,1210.75,2153,8600
9/14/2011,1188.5,2082,8460
9/13/2011,1171.5,2029,8570
9/12/2011,1163.25,1998,8480
9/9/2011,1158,2071,8650
9/8/2011,1185.75,2162,8790
9/7/2011,1199,2149,8780
9/6/2011,1164.5,2082,8610
9/5/2011,,2112,8770
9/2/2011,1169.25,2218,8940
9/1/2011,1201.25,2298,9060
8/31/2011,1217.75,2296,8960
8/30/2011,1204.75,2237,8950
8/29/2011,1208,2237,8870
8/26/2011,1176,2184,8790
8/25/2011,1157.5,2213,8780
8/24/2011,1172,2234,8660
8/23/2011,1158.5,2197,8740
8/22/2011,1123.25,2181,8620
8/19/2011,1124,2160,8710
8/18/2011,1143.5,2203,8940
8/17/2011,1190,2330,9040
8/16/2011,1192.25,2321,9070
8/15/2011,1198.5,2322,9060
8/12/2011,1176.75,2301,8960
8/11/2011,1168.5,2216,8980
8/10/2011,1123.5,2154,9020
8/9/2011,1171.75,2300,9000
8/8/2011,1111.25,2299,9120
8/5/2011,1197.75,2380,9280
8/4/2011,1198.75,2409,9670
8/3/2011,1254.5,2497,9650
8/2/2011,1247.25,2553,9830
8/1/2011,1279.75,2608,9970
7/29/2011,1288.5,2674,9830
7/28/2011,1296.75,2697,9900
7/27/2011,1299,2695,10040
7/26/2011,1326.25,2745,10110
7/25/2011,1333.5,2748,10050
7/22/2011,1341,2773,10140
7/21/2011,1342.5,2765,10010
7/20/2011,1321.25,2705,10020
7/19/2011,1321.25,2658,9890
7/18/2011,1300.5,2630,
7/15/2011,1315,2681,9970
7/14/2011,1306.75,2701,9930
7/13/2011,1312.25,2719,9950
7/12/2011,1310.75,2694,9920
7/11/2011,1318.5,2710,10080
7/8/2011,1341.75,2793,10160
7/7/2011,1351.75,2850,10080
7/6/2011,1335.75,2832,10080
7/5/2011,1336.75,2855,9960
7/4/2011,,2869,9960
7/1/2011,1334.75,2874,9850
6/30/2011,1315.5,2848,9820
6/29/2011,1304.25,2804,9790
6/28/2011,1294.5,2752,9650
6/27/2011,1276.25,2725,9590
6/24/2011,1264,2720,9670
6/23/2011,1277,2731,9600
6/22/2011,1279.75,2799,9610
6/21/2011,1288,2803,9450
6/20/2011,1273.75,2751,9350
6/17/2011,1279.4,2744.93,9340
6/16/2011,1269,2730,9410
6/15/2011,1265.5,2733,9580
6/14/2011,1290,2778,9530
6/13/2011,1271.5,2737,9450
6/10/2011,1269.25,2734,9500
6/9/2011,1287.5,2773,9490
6/8/2011,1277,2749,9460
6/7/2011,1284.75,2774,9450
6/6/2011,1285,2765,9400
6/3/2011,1296.25,2783,9520
6/2/2011,1312.5,2783,9550
6/1/2011,1312,2828,9710
5/31/2011,1344,2857,9690
5/30/2011,,2810,9520
5/27/2011,1330,2814,9530
5/26/2011,1326.5,2794,9550
5/25/2011,1316.5,2810,9410
5/24/2011,1313.5,2793,9480
5/23/2011,1315.25,2792,9460
5/20/2011,1327.75,2836,9620
5/19/2011,1341.75,2865,9630
5/18/2011,1338.5,2846,9670
5/17/2011,1325.5,2835,9580
5/16/2011,1325.5,2857,9560
5/13/2011,1334,2868,9670
5/12/2011,1347.5,2884,9700
5/11/2011,1338.75,2913,9860
5/10/2011,1353.75,2906,9820
5/9/2011,1342.75,2871,9810
5/6/2011,1334.5,2917,9850
5/5/2011,1335,2879,
5/4/2011,1343,2899,
5/3/2011,1352,2942,
5/2/2011,1357.75,2954,10030
4/29/2011,1359.75,2947,
4/28/2011,1355,2941,9870
4/27/2011,1351,2912,9710
4/26/2011,1341,2888,9550
4/25/2011,1330.75,,9680
4/22/2011,,,9680
4/21/2011,1331,2869,9680
4/20/2011,1328.25,2845,9610
4/19/2011,1308.5,2781,9440
4/18/2011,1301,2776,9560
4/15/2011,1318.75,2844,9560
4/14/2011,1310.25,2846,9650
4/13/2011,1308.75,2874,9640
4/12/2011,1308.25,2856,9560
4/11/2011,1319.5,2902,9720
4/8/2011,1323.75,2904,9770
4/7/2011,1328.5,2889,9590
4/6/2011,1329,2897,9610
4/5/2011,1326.75,2877,9630
4/4/2011,1329.25,2884,9710
4/1/2011,1327.75,2885,9700
3/31/2011,1321,2844,9760
3/30/2011,1324,2856,9710
3/29/2011,1316.5,2835,9480
3/28/2011,1302.25,2837,9410
3/25/2011,1310,2838,9450
3/24/2011,1305.25,2835,9350
3/23/2011,1292,2787,9380
3/22/2011,1288.25,2779,9530
3/21/2011,1293,2780,
3/18/2011,1291,2798.21,9130
3/17/2011,1273.75,2785,8930
3/16/2011,1258.75,2729,9000
3/15/2011,1280,2793,8640
3/14/2011,1295.5,2854,9460
3/11/2011,1306,2885,10170
3/10/2011,1294.25,2908,10440
3/9/2011,1315.5,2933,10600
3/8/2011,1320,2943,10520
3/7/2011,1309,2932,10530
3/4/2011,1320.25,2946,10700
3/3/2011,1329.75,2966,10590
3/2/2011,1305.75,2961,10490
3/1/2011,1301,2983,10750
2/28/2011,1326,3013,10630
2/25/2011,1318.75,2983,10510
2/24/2011,1302.75,2951,10470
2/23/2011,1305.5,2959,10570
2/22/2011,1314.5,2988,10660
2/21/2011,,3012,10870
2/18/2011,1342.5,3067,10850
2/17/2011,1337.75,3065,10840
2/16/2011,1333,3068,10800
2/15/2011,1326.25,3030,10740
2/14/2011,1327.75,3020,10730
2/11/2011,1327.25,3032,
2/10/2011,1318.75,3026,10620
2/9/2011,1319.25,3031,10620
2/8/2011,1321.75,3038,10630
2/7/2011,1315.75,3029,10590
2/4/2011,1307.25,3000,10530
2/3/2011,1303.25,2990,10440
2/2/2011,1300,3011,10460
2/1/2011,1302.75,3003,10270
1/31/2011,1282.5,2960,10230
1/28/2011,1271.5,2958,10370
1/27/2011,1295.75,2993,10480
1/26/2011,1293.5,2967,10420
1/25/2011,1287.5,2955,10470
1/24/2011,1288.5,2978,10340
1/21/2011,1279.75,2970,10280
1/20/2011,1276.25,2925,10440
1/19/2011,1278.5,2921,10570
1/18/2011,1294.75,2943,10520
1/17/2011,,2908,10500
1/14/2011,1289.5,2921,10500
1/13/2011,1281.25,2911,10560
1/12/2011,1283.5,2872,10520
1/11/2011,1270.5,2793,10510
1/10/2011,1265.5,2761,
1/7/2011,1267.5,2803,10550
1/6/2011,1270.25,2830,10510
1/5/2011,1271.75,2826,10380
1/4/2011,1265.25,2837,10380
1/3/2011,1265.25,2834,
12/31/2010,1253,,
12/30/2010,1254.5,2794,10210
12/29/2010,1255.75,2838,10360
12/28/2010,1254,2822,10320
12/27/2010,1253.25,2826,10350
12/24/2010,,,10280
12/23/2010,1253,2862,
12/22/2010,1254.5,2872,10330
12/21/2010,1250.75,2873,10350
12/20/2010,1241.25,2838,10230
12/17/2010,1242.35,2837.66,10290
12/16/2010,1243.5,2844,10300
12/15/2010,1237,2845,10300
12/14/2010,1241.75,2860,10310
12/13/2010,1241.25,2855,10280
12/10/2010,1241,2839,10210
12/9/2010,1233,2840,10280
12/8/2010,1228.75,2820,10240
12/7/2010,1223.25,2803,10150
12/6/2010,1222,2769,10180
12/3/2010,1223.5,2787,10190
12/2/2010,1222.75,2784,10160
12/1/2010,1204.5,2721,10000
11/30/2010,1179.5,2653,9950
11/29/2010,1186.5,2675,10120
11/26/2010,1183.25,2738,10060
11/25/2010,,2764,10080
11/24/2010,1196.5,2757,10040
11/23/2010,1178.25,2743,
11/22/2010,1198,2813,10120
11/19/2010,1198.25,2842,10050
11/18/2010,1197.75,2851,9980
11/17/2010,1177.5,2803,9830
11/16/2010,1174.75,2784,9780
11/15/2010,1195.75,2846,9820
11/12/2010,1195.5,2821,9740
11/11/2010,1211,2828,9860
11/10/2010,1214,2842,9810
11/9/2010,1211,2884,9690
11/8/2010,1220,2862,9720
11/5/2010,1222,2861,9650
11/4/2010,1218.5,2872,9360
11/3/2010,1197.25,2817,
11/2/2010,1192.75,2852,9170
11/1/2010,1183,2826,9160
10/29/2010,1179.75,2839,9190
10/28/2010,1179.25,2838,9370
10/27/2010,1178.75,2822,9410
10/26/2010,1182.75,2848,9360
10/25/2010,1182.75,2863,9430
10/22/2010,1180.75,2862,9420
10/21/2010,1175.75,2869,9370
10/20/2010,1174.75,2842,9380
10/19/2010,1163.75,2825,9530
10/18/2010,1178.25,2841,9490
10/15/2010,1175,2827,9520
10/14/2010,1173.5,2826,9570
10/13/2010,1174.25,2830,9410
10/12/2010,1164.5,2765,9400
10/11/2010,1162.25,2777,
10/8/2010,1160.5,2774,9580
10/7/2010,1156.5,2773,9690
10/6/2010,1155.75,2765,9700
10/5/2010,1154.75,2745,9520
10/4/2010,1134.75,2691,9350
10/1/2010,1142.25,2718,9390
9/30/2010,1136.75,2738,9360
9/29/2010,1141,2741,9560
9/28/2010,1141.75,2762,9490
9/27/2010,1137.75,2765,9540
9/24/2010,1143.25,2779,9400
9/23/2010,1120.5,2723,
9/22/2010,1129.75,2743,9520
9/21/2010,1134.75,2784,9530
9/20/2010,1136.5,2788,
9/17/2010,1133,2813.92,9570
9/16/2010,1127.75,2787,9430
9/15/2010,1125.75,2797,9470
9/14/2010,1120.75,2809,9250
9/13/2010,1121.25,2807,9260
9/10/2010,1109.75,2784,9180
9/9/2010,1102.5,2780,9090
9/8/2010,1099.25,2755,9010
9/7/2010,1091.25,2729,9220
9/6/2010,,2752,9290
9/3/2010,1103.5,2744,9100
9/2/2010,1089.5,2716,9040
9/1/2010,1081.75,2712,8930
8/31/2010,1048.25,2615,8800
8/30/2010,1045,2619,9130
8/27/2010,1063.75,2630,8970
8/26/2010,1044.75,2601,8890
8/25/2010,1054.5,2590,8830
8/24/2010,1049.75,2614,8970
8/23/2010,1065.5,2655,9100
8/20/2010,1070.25,2645,9160
8/19/2010,1071.25,2677,9360
8/18/2010,1086.75,2730,9240
8/17/2010,1089,2736,9170
8/16/2010,1077,2694,9180
8/13/2010,1076,2706,9270
8/12/2010,1079.25,2724,9190
8/11/2010,1085,2726,9280
8/10/2010,1119.75,2796,9540
8/9/2010,1125.5,2826,9560
8/6/2010,1119.5,2779,9650
8/5/2010,1123.5,2819,9620
8/4/2010,1124.5,2827,9490
8/3/2010,1118.25,2815,9680
8/2/2010,1121.75,2815,9560
7/30/2010,1098.25,2745,9530
7/29/2010,1097,2751,9690
7/28/2010,1102,2763,9730
7/27/2010,1111,2766,9500
7/26/2010,1109.5,2740,9490
7/23/2010,1100.5,2719,9440
7/22/2010,1087.75,2712,9200
7/21/2010,1064,2636,9280
7/20/2010,1080,2623,9300
7/19/2010,1063.75,2636,
7/16/2010,1063,2647,9400
7/15/2010,1090.5,2699,9670
7/14/2010,1091,2733,9790
7/13/2010,1089.75,2731,9530
7/12/2010,1076.5,2681,9550
7/9/2010,1072.5,2679,9580
7/8/2010,1067,2658,9540
7/7/2010,1059.25,2626,9290
7/6/2010,1024.25,2565,9350
7/5/2010,,2507,9260
7/2/2010,1014.25,2519,9210
7/1/2010,1021.75,2516,9180
6/30/2010,1026.5,2568,9360
6/29/2010,1035.25,2559,9550
6/28/2010,1071,2663,9690
6/25/2010,1074.75,2627,9740
6/24/2010,1070.5,2640,9910
6/23/2010,1087.5,2705,9900
6/22/2010,1090.5,2742,10110
6/21/2010,1110.5,2762,10230
6/18/2010,1118.83,2733.55,10000
6/17/2010,1116.25,2726,10010
6/16/2010,1114,2719,10090
6/15/2010,1113.5,2715,9840
6/14/2010,1090.5,2680,9880
6/11/2010,1089.25,2632,9710
6/10/2010,1083.75,2602,9530
6/9/2010,1055.5,2552,9480
6/8/2010,1059.25,2500,9530
6/7/2010,1048,2517,9510
6/4/2010,1066,2542,9930
6/3/2010,1103.5,2625,9940
6/2/2010,1096.75,2598,9610
6/1/2010,1069.5,2597,9740
5/31/2010,,2601,9760
5/28/2010,1088.5,2607,9800
5/27/2010,1101,2616,9650
5/26/2010,1061.25,2520,9490
5/25/2010,1073,2481,9440
5/24/2010,1071,2545,9760
5/21/2010,1084.5,2555,9730
5/20/2010,1070,2548,10040
5/19/2010,1110,2594,10140
5/18/2010,1118.75,2672,10260
5/17/2010,1134.5,2608,10240
5/14/2010,1135.25,2599,10450
5/13/2010,1156.75,2735,10640
5/12/2010,1169.75,2739,10370
5/11/2010,1152.25,2701,10400
5/10/2010,1156.5,2717,10540
5/7/2010,1107,2465,10430
5/6/2010,1122.5,2580,10680
5/5/2010,1164,2634,
5/4/2010,1172.5,2656,
5/3/2010,1198.5,2760,
4/30/2010,1183.5,2748,11050
4/29/2010,1205.25,2762,
4/28/2010,1190,2718,10940
4/27/2010,1181,2778,11210
4/26/2010,1208.25,2879,11160
4/23/2010,1212.25,2848,10950
4/22/2010,1201.75,2831,10950
4/21/2010,1200.5,2874,11100
4/20/2010,1205.5,2910,10900
4/19/2010,1195.5,2867,10910
4/16/2010,1190.25,2878,11090
4/15/2010,1208.5,2941,11270
4/14/2010,1206.5,2941,11210
4/13/2010,1193,2920,11150
4/12/2010,1192.5,2932,11260
4/9/2010,1192.5,2923,11210
4/8/2010,1183.75,2871,11170
4/7/2010,1179,2905,11290
4/6/2010,1185.75,2914,11280
4/5/2010,1183,,11360
4/2/2010,,,11310
4/1/2010,1173.75,2902,11230
3/31/2010,1165.25,2851,11100
3/30/2010,1169.5,2871,11120
3/29/2010,1168.75,2877,11020
3/26/2010,1163.5,2864,10930
3/25/2010,1162.75,2875,10770
3/24/2010,1164.5,2833,10740
3/23/2010,1169.5,2842,10720
3/22/2010,1162,2815,
3/19/2010,1172.95,2931.35,10750
3/18/2010,1166,2914,10690
3/17/2010,1165.75,2930,10780
3/16/2010,1159.5,2907,10670
3/15/2010,1150.25,2873,10670
3/12/2010,1151.25,2898,10680
3/11/2010,1150.5,2894,10680
3/10/2010,1145.75,2908,10570
3/9/2010,1140.5,2881,10560
3/8/2010,1137,2878,10580
3/5/2010,1136.5,2878,10370
3/4/2010,1122.25,2817,10140
3/3/2010,1118.5,2821,10230
3/2/2010,1117.5,2794,10230
3/1/2010,1114.5,2771,10170
2/26/2010,1103.5,2724,10100
2/25/2010,1102.25,2687,10100
2/24/2010,1103.5,2733,10200
2/23/2010,1097.25,2728,10350
2/22/2010,1107.5,2777,10370
2/19/2010,1106.25,2796,10140
2/18/2010,1105.5,2780,10330
2/17/2010,1099.5,2759,10290
2/16/2010,1093.25,2719,10020
2/15/2010,,2682,10010
2/12/2010,1079,2676,10100
2/11/2010,1076.5,2683,
2/10/2010,1063.25,2697,9990
2/9/2010,1066.25,2661,9940
2/8/2010,1056,2665,9960
2/5/2010,1059.75,2641,10060
2/4/2010,1061.75,2710,10350
2/3/2010,1096.5,2804,10420
2/2/2010,1097.25,2832,10370
2/1/2010,1086.25,2795,10190
1/29/2010,1070.5,2773,10160
1/28/2010,1079.25,2748,10420
1/27/2010,1094.5,2783,10270
1/26/2010,1087.25,2825,10340
1/25/2010,1092.5,2806,10510
1/22/2010,1091,2836,10590
1/21/2010,1111,2861,10840
1/20/2010,1134,2914,10710
1/19/2010,1145.75,2983,10760
1/18/2010,,2958,10840
1/15/2010,1132.25,2936,10970
1/14/2010,1145.25,2988,10890
1/13/2010,1141.5,2978,10720
1/12/2010,1134,2977,10890
1/11/2010,1142.5,3005,
1/8/2010,1141.5,3018,10810
1/7/2010,1137.5,3007,10700
1/6/2010,1133,3006,10710
1/5/2010,1132.25,3011,10690
1/4/2010,1128.75,3015,10640
12/31/2009,1110.75,,
12/30/2009,1122,2972,10540
12/29/2009,1121.75,2987,10650
12/28/2009,1123,2986,10630
12/25/2009,,,10510
12/24/2009,1122,,10510
12/23/2009,1115.5,2951,
12/22/2009,1113.5,2943,10350
12/21/2009,1108.25,2919,10190
12/18/2009,1102.38,2916.49,10140
12/17/2009,1099,2896,10150
12/16/2009,1110.5,2924,10180
12/15/2009,1108.75,2886,10070
12/14/2009,1113.5,2881,10100
12/11/2009,1108,2862,10100
12/10/2009,1102,2847,9820
12/9/2009,1095.5,2819,10000
12/8/2009,1090,2851,10120
12/7/2009,1103.75,2896,10150
12/4/2009,1108,2909,10000
12/3/2009,1098,2876,9950
12/2/2009,1108,2874,9630
12/1/2009,1108.5,2868,9550
11/30/2009,1094.75,2800,9330
11/27/2009,1089.5,2833,9070
11/26/2009,,2805,9390
11/25/2009,1109,2897,9450
11/24/2009,1103,2879,9390
11/23/2009,1103.75,2892,
11/20/2009,1090,2830,9490
11/19/2009,1094.25,2862,9550
11/18/2009,1108.5,2911,9670
11/17/2009,1107.5,2902,9740
11/16/2009,1106.25,2922,9800
11/13/2009,1091.5,2879,9750
11/12/2009,1087.25,2870,9790
11/11/2009,1096.25,2872,9880
11/10/2009,1092,2846,9870
11/9/2009,1091.75,2846,9800
11/6/2009,1066.25,2782,9780
11/5/2009,1063.25,2784,9700
11/4/2009,1047,2751,9820
11/3/2009,1041.75,2704,
11/2/2009,1039,2750,9830
10/30/2009,1033,2726,10010
10/29/2009,1061.5,2815,9880
10/28/2009,1038.5,2772,10080
10/27/2009,1060.5,2825,10250
10/26/2009,1066.5,2826,10360
10/23/2009,1077,2879,10290
10/22/2009,1090.75,2894,10270
10/21/2009,1078,2929,10330
10/20/2009,1089.5,2917,10330
10/19/2009,1091,2937,10250
10/16/2009,1082,2889,10270
10/15/2009,1089.75,2926,10240
10/14/2009,1087.75,2933,10080
10/13/2009,1068.75,2868,10090
10/12/2009,1071.5,2898,
10/9/2009,1068,2867,10010
10/8/2009,1063.75,2871,9860
10/7/2009,1053.5,2846,9790
10/6/2009,1048.5,2849,9680
10/5/2009,1036.5,2775,9680
10/2/2009,1021.75,2751,9730
10/1/2009,1027.5,2800,9980
9/30/2009,1053,2857,10110
9/29/2009,1054.75,2880,10100
9/28/2009,1059,2882,10030
9/25/2009,1041,2823,10310
9/24/2009,1044.25,2828,10460
9/23/2009,1059,2872,
9/22/2009,1067.25,2869,
9/21/2009,1060.5,2860,
9/18/2009,1071.57,2903.96,10340
9/17/2009,1067.5,2899,10380
9/16/2009,1068,2878,10210
9/15/2009,1050.25,2839,10190
9/14/2009,1048,2830,10180
9/11/2009,1041.5,2831,10400
9/10/2009,1041.75,2818,10510
9/9/2009,1032.5,2819,10340
9/8/2009,1025,2787,10410
9/7/2009,,2779,10310
9/4/2009,1014,2733,10190
9/3/2009,1001.75,2697,10200
9/2/2009,994.25,2706,10310
9/1/2009,996.5,2717,10500
8/31/2009,1019.75,2775,10450
8/28/2009,1027.5,2804,10530
8/27/2009,1029.25,2776,10510
8/26/2009,1026.75,2788,10640
8/25/2009,1026,2802,10500
8/24/2009,1024.5,2769,10550
8/21/2009,1025.25,2737,10280
8/20/2009,1004.75,2660,10360
8/19/2009,997,2620,10210
8/18/2009,989.5,2620,10300
8/17/2009,978.25,2602,10250
8/14/2009,1005.75,2665,10590
8/13/2009,1013.5,2704,10520
8/12/2009,1002.25,2686,10440
8/11/2009,993,2651,10580
8/10/2009,1007.5,2690,10550
8/7/2009,1006.5,2706,10420
8/6/2009,995,2660,10400
8/5/2009,1000.75,2643,10250
8/4/2009,1004.75,2669,10400
8/3/2009,1000.75,2673,10360
7/31/2009,984.5,2636,10370
7/30/2009,982.25,2657,10200
7/29/2009,975,2597,10110
7/28/2009,976,2570,10080
7/27/2009,980,2595,10080
7/24/2009,977.75,2579,9940
7/23/2009,969,2584,9780
7/22/2009,949.5,2521,9730
7/21/2009,953.5,2518,9650
7/20/2009,949,2497,
7/17/2009,937,2471,9380
7/16/2009,935.75,2458,9330
7/15/2009,927.25,2443,9290
7/14/2009,901.5,2362,9250
7/13/2009,895.5,2333,9040
7/10/2009,874.25,2273,9250
7/9/2009,879,2304,9310
7/8/2009,873.75,2282,9410
7/7/2009,879.25,2312,9640
7/6/2009,895.5,2343,9700
7/3/2009,,2362,9840
7/2/2009,893.25,2369,9890
7/1/2009,919.25,2442,9930
6/30/2009,915.5,2398,9930
6/29/2009,921.25,2432,9820
6/26/2009,914,2388,9900
6/25/2009,916.5,2399,9790
6/24/2009,898,2415,9570
6/23/2009,890.25,2348,9540
6/22/2009,888.5,2360,9830
6/19/2009,926.15,2442.54,9770
6/18/2009,917.75,2412,9730
6/17/2009,909.75,2386,9830
6/16/2009,912,2429,9770
6/15/2009,923.5,2432,10040
6/12/2009,944.75,2507,10140
6/11/2009,942,2525,10020
6/10/2009,940.5,2500,9990
6/9/2009,939.5,2478,9780
6/8/2009,938.75,2467,9850
6/5/2009,940.5,2505,9780
6/4/2009,940.5,2491,9690
6/3/2009,931.75,2483,9760
6/2/2009,942.5,2538,9710
6/1/2009,939,2533,9690
5/29/2009,918,2444,9510
5/28/2009,905,2453,9450
5/27/2009,892.5,2478,9430
5/26/2009,908.75,2467,9340
5/25/2009,,2440,9340
5/22/2009,885,2428,9230
5/21/2009,888.75,2411,9280
5/20/2009,900,2478,9330
5/19/2009,906.5,2441,9300
5/18/2009,907,2400,9080
5/15/2009,883,2339,9270
5/14/2009,889.5,2329,9130
5/13/2009,885.25,2336,9360
5/12/2009,906.75,2400,9320
5/11/2009,909,2397,9450
5/8/2009,924.75,2431,9460
5/7/2009,907,2374,9370
5/6/2009,917.25,2399,
5/5/2009,903.5,2363,
5/4/2009,902.75,2376,
5/1/2009,876,,9030
4/30/2009,870,2328,8860
4/29/2009,869,2281,
4/28/2009,851.75,2221,8510
4/27/2009,856.75,2264,8750
4/24/2009,866.5,2260,8740
4/23/2009,848.75,2195,8830
4/22/2009,837,2214,8750
4/21/2009,847.75,2169,8770
4/20/2009,833,2173,8930
4/17/2009,866.75,2255,8940
4/16/2009,861.5,2227,8750
4/15/2009,848.5,2186,8740
4/14/2009,840.25,2197,8850
4/13/2009,854,,8890
4/10/2009,,,8970
4/9/2009,852.5,2172,8930
4/8/2009,822.5,2112,8580
4/7/2009,814,2089,8860
4/6/2009,830.5,2095,8890
4/3/2009,840.5,2121,8730
4/2/2009,835.5,2145,8690
4/1/2009,809.25,2021,8380
3/31/2009,794.75,1993,8120
3/30/2009,784.25,1937,8200
3/27/2009,816,2040,8630
3/26/2009,827.25,2083,8710
3/25/2009,808.25,2075,8440
3/24/2009,803.5,2057,8400
3/23/2009,817.25,2055,8180
3/20/2009,789.4,2027.84,
3/19/2009,784.25,2039,7860
3/18/2009,795.5,2015,7920
3/17/2009,778.75,2010,7890
3/16/2009,757.25,2029,7680
3/13/2009,757.75,1970,7510
3/12/2009,751.5,1959,7150
3/11/2009,720.5,1931,7390
3/10/2009,716,1918,7040
3/9/2009,676,1811,7050
3/6/2009,687.75,1808,7170
3/5/2009,686,1854,7410
3/4/2009,708.5,1941,7270
3/3/2009,689.5,1873,7210
3/2/2009,705.5,1880,7250
2/27/2009,734.25,1975,7560
2/26/2009,752,2016,7430
2/25/2009,761.5,1967,7480
2/24/2009,768.75,1985,7290
2/23/2009,745,1999,7380
2/20/2009,769.5,2025,7380
2/19/2009,779.5,2115,7570
2/18/2009,779.5,2121,7580
2/17/2009,785.5,2124,7640
2/16/2009,,2197,7720
2/13/2009,820,2229,7770
2/12/2009,835.5,2219,7750
2/11/2009,831.5,2272,
2/10/2009,827,2286,7950
2/9/2009,865,2357,7910
2/6/2009,867.75,2341,8060
2/5/2009,840.5,2290,7930
2/4/2009,829.75,2298,8010
2/3/2009,831.5,2244,7770
2/2/2009,821.25,2197,7870
1/30/2009,822.5,2229,7940
1/29/2009,842.75,2271,8200
1/28/2009,871.5,2327,8110
1/27/2009,839.25,2228,8080
1/26/2009,830.75,2223,7590
1/23/2009,823.5,2148,7730
1/22/2009,825.5,2164,8030
1/21/2009,836.75,2185,7870
1/20/2009,806,2200,8050
1/19/2009,,2254,8250
1/16/2009,848.5,2291,8240
1/15/2009,839.25,2256,8040
1/14/2009,839.75,2303,8370
1/13/2009,868.5,2411,8370
1/12/2009,868,2460,
1/9/2009,885.5,2497,8850
1/8/2009,906.75,2523,8870
1/7/2009,905.25,2538,9240
1/6/2009,930.5,2576,9070
1/5/2009,927.5,2551,9070
1/2/2009,925.5,2534,
12/31/2008,900,,
12/30/2008,888.25,2450,8830
12/29/2008,870.5,2391,8750
12/26/2008,869,,8730
12/25/2008,,,8660
12/24/2008,865,,8550
12/23/2008,858.5,2394,
12/22/2008,871.25,2412,8740
12/19/2008,889.74,2427.56,8600
12/18/2008,895.5,2451,8660
12/17/2008,904.25,2439,8650
12/16/2008,913.5,2452,8560
12/15/2008,873.25,2414,8630
12/12/2008,886,2421,8290
12/11/2008,875,2486,8690
12/10/2008,895.75,2496,8630
12/9/2008,889.5,2483,8400
12/8/2008,904.75,2451,8370
12/5/2008,872.5,2249,7900
12/4/2008,847.5,2381,7880
12/3/2008,868.5,2370,8040
12/2/2008,849,2359,7880
12/1/2008,815.75,2282,8400
11/28/2008,895.25,2426,8520
11/27/2008,,2432,8370
11/26/2008,886.25,2387,8140
11/25/2008,853.25,2392,8340
11/24/2008,848,2375,
11/21/2008,792,2155,7950
11/20/2008,748.25,2232,7680
11/19/2008,812.5,2295,8270
11/18/2008,866.5,2385,8320
11/17/2008,851,2363,8490
11/14/2008,861.5,2465,8480
11/13/2008,907.75,2428,8260
11/12/2008,853.5,2403,8740
11/11/2008,893,2491,8780
11/10/2008,921.5,2626,9120
11/7/2008,936.25,2590,8660
11/6/2008,904.5,2546,8800
11/5/2008,958,2715,9520
11/4/2008,1003.25,2753,9100
11/3/2008,969.5,2604,
10/31/2008,967.25,2592,8450
10/30/2008,961.5,2519,9030
10/29/2008,927,2494,8300
10/28/2008,938.75,2326,7730
10/27/2008,834.75,2275,7160
10/24/2008,866,2326,7620
10/23/2008,915.25,2444,8450
10/22/2008,902.75,2451,8660
10/21/2008,959.25,2589,9240
10/20/2008,990.5,2610,9090
10/17/2008,933.5,2525,8700
10/16/2008,941,2410,8250
10/15/2008,903.25,2568,9490
10/14/2008,1002.25,2761,9680
10/13/2008,1016.75,2650,
10/10/2008,891,2365,8020
10/9/2008,912.5,2588,9200
10/8/2008,981,2684,9090
10/7/2008,1005.75,2878,10210
10/6/2008,1053.25,2875,10450
10/3/2008,1108.25,3128,10960
10/2/2008,1124.5,3024,11150
10/1/2008,1168.5,3075,11440
9/30/2008,1169,3062,11320
9/29/2008,1118.75,3036,11780
9/26/2008,1214.5,3183,11960
9/25/2008,1213.5,3227,12040
9/24/2008,1193,3144,12120
9/23/2008,1187,3162,
9/22/2008,1213.75,3207,12050
9/19/2008,1279.31,3180.52,11880
9/18/2008,1198.25,2997,11410
9/17/2008,1160.75,3006,11730
9/16/2008,1214.25,3084,11580
9/15/2008,1195,3144,
9/12/2008,1257.25,3277,12170
9/11/2008,1251,3219,12120
9/10/2008,1233.25,3238,12330
9/9/2008,1226.5,3266,12390
9/8/2008,1267,3282,12650
9/5/2008,1241,3185,12200
9/4/2008,1236.5,3280,12580
9/3/2008,1275.25,3377,12680
9/2/2008,1276.5,3419,12610
9/1/2008,,3369,12840
8/29/2008,1282.5,3373,13060
8/28/2008,1298,3365,12770
8/27/2008,1282,3304,12780
8/26/2008,1271.75,3310,12780
8/25/2008,1266.5,3287,12870
8/22/2008,1292.25,3318,12670
8/21/2008,1275.5,3258,12750
8/20/2008,1273.75,3306,12860
8/19/2008,1268.5,3292,12850
8/18/2008,1282,3375,13170
8/15/2008,1299.75,3374,13030
8/14/2008,1293.75,3369,12950
8/13/2008,1284.5,3368,13040
8/12/2008,1291.5,3445,13310
8/11/2008,1305,3453,13390
8/8/2008,1292.25,3415,13170
8/7/2008,1268,3412,13130
8/6/2008,1287.75,3425,13230
8/5/2008,1283,3395,12920
8/4/2008,1248.75,3297,12950
8/1/2008,1260.25,3326,13030
7/31/2008,1267,3379,13360
7/30/2008,1284.75,3389,13370
7/29/2008,1261.75,3344,13130
7/28/2008,1235,3330,13350
7/25/2008,1253.75,3368,13360
7/24/2008,1253.75,3367,13660
7/23/2008,1282.5,3408,13360
7/22/2008,1274.25,3350,13200
7/21/2008,1261.5,3357,
7/18/2008,1260.5,3341,12850
7/17/2008,1253.5,3278,12920
7/16/2008,1241,3191,12730
7/15/2008,1211.5,3171,12760
7/14/2008,1228.25,3243,13050
7/11/2008,1239.75,3220,13090
7/10/2008,1254.5,3301,13050
7/9/2008,1248,3368,13120
7/8/2008,1273.75,3313,13000
7/7/2008,1251.75,3357,13370
7/4/2008,,3299,13280
7/3/2008,1265,3357,13220
7/2/2008,1262.75,3315,13290
7/1/2008,1286.25,3321,13460
6/30/2008,1281,3380,13470
6/27/2008,1280,3369,13530
6/26/2008,1284.5,3394,13850
6/25/2008,1322.5,3485,13880
6/24/2008,1315.5,3434,13890
6/23/2008,1318.25,3458,13850
6/20/2008,1339.28,3484.63,13960
6/19/2008,1340,3493,14140
6/18/2008,1337,3506,14440
6/17/2008,1351,3558,14390
6/16/2008,1357.75,3531,14340
6/13/2008,1357.5,3566,13980
6/12/2008,1341,3545,13880
6/11/2008,1335.75,3517,14170
6/10/2008,1356.25,3580,14050
6/9/2008,1363.5,3602,14230
6/6/2008,1359.5,3606,14520
6/5/2008,1405.25,3690,14350
6/4/2008,1377.5,3707,14380
6/3/2008,1378.5,3743,14190
6/2/2008,1385.5,3724,14440
5/30/2008,1400.5,3775,14340
5/29/2008,1397.75,3756,14130
5/28/2008,1391.5,3743,13730
5/27/2008,1384.75,3708,13930
5/26/2008,,3723,13690
5/23/2008,1373.5,3723,14050
5/22/2008,1393.25,3786,13990
5/21/2008,1393,3781,13920
5/20/2008,1417.5,3813,14200
5/19/2008,1429.75,3865,14280
5/16/2008,1425.75,3822,14260
5/15/2008,1424.5,3812,14260
5/14/2008,1407.75,3817,14110
5/13/2008,1404.75,3773,14010
5/12/2008,1404.75,3769,13760
5/9/2008,1389,3758,13660
5/8/2008,1392,3797,13950
5/7/2008,1395.25,3823,14120
5/6/2008,1420.75,3796,
5/5/2008,1408.25,3819,
5/2/2008,1415.75,3827,14060
5/1/2008,1411.5,,13790
4/30/2008,1386,3761,13820
4/29/2008,1391.25,3731,
4/28/2008,1397.5,3756,13890
4/25/2008,1397,3727,13830
4/24/2008,1386,3695,13580
4/23/2008,1378.5,3690,13620
4/22/2008,1380.75,3661,13560
4/21/2008,1388.25,3695,13720
4/18/2008,1388,3737,13480
4/17/2008,1372.25,3646,13440
4/16/2008,1371,3667,13200
4/15/2008,1336,3604,12990
4/14/2008,1331.25,3589,12970
4/11/2008,1335.5,3622,13360
4/10/2008,1362.75,3676,12960
4/9/2008,1360.25,3693,13130
4/8/2008,1371,3724,13290
4/7/2008,1372.25,3748,13490
4/4/2008,1372,3717,13280
4/3/2008,1373.5,3697,13420
4/2/2008,1371,3715,13180
4/1/2008,1370.5,3674,12680
3/31/2008,1324,3549,12490
3/28/2008,1319,3562,12840
3/27/2008,1329.75,3573,12630
3/26/2008,1335.5,3533,12770
3/25/2008,1351.5,3552,12730
3/24/2008,1351.5,,12410
3/21/2008,,,12390
3/20/2008,1302.64,3507.11,
3/19/2008,1298.5,3530,12270
3/18/2008,1332.5,3558,11880
3/17/2008,1278.5,3440,11750
3/14/2008,1291.5,3574,12200
3/13/2008,1313.25,3607,12400
3/12/2008,1309.5,3643,12890
3/11/2008,1324,3615,12620
3/10/2008,1275.5,3548,12550
3/7/2008,1292.75,3572,12760
3/6/2008,1308,3620,13230
3/5/2008,1335.5,3686,12970
3/4/2008,1327,3615,12960
3/3/2008,1332,3678,12990
2/29/2008,1331.25,3721,13560
2/28/2008,1365.75,3793,13920
2/27/2008,1380.5,3866,14030
2/26/2008,1382.75,3863,13920
2/25/2008,1371.5,3809,13890
2/22/2008,1355.5,3737,13500
2/21/2008,1347,3788,13690
2/20/2008,1359,3770,13300
2/19/2008,1355.5,3816,13760
2/18/2008,,3810,13590
2/15/2008,1351.25,3732,13610
2/14/2008,1351,3809,13630
2/13/2008,1363.75,3819,13100
2/12/2008,1349.75,3816,12990
2/11/2008,1338.25,3694,
2/8/2008,1330.25,3722,13050
2/7/2008,1340.25,3717,13200
2/6/2008,1330,3779,13090
2/5/2008,1343.25,3731,13750
2/4/2008,1378.75,3883,13890
2/1/2008,1397,3884,13490
1/31/2008,1379.5,3820,13550
1/30/2008,1350.5,3808,13420
1/29/2008,1362,3828,13450
1/28/2008,1354.5,3781,13050
1/25/2008,1334,3791,13660
1/24/2008,1352.25,3829,13060
1/23/2008,1341.5,3605,12800
1/22/2008,1309.25,3789,12510
1/21/2008,,3740,13310
1/18/2008,1325.25,4028,13790
1/17/2008,1339.75,4090,13740
1/16/2008,1376,4144,13490
1/15/2008,1388,4176,13980
1/14/2008,1420.25,4275,
1/11/2008,1407.75,4259,14170
1/10/2008,1421,4273,14400
1/9/2008,1411.5,4291,14600
1/8/2008,1397,4333,14540
1/7/2008,1421.5,4319,14460
1/4/2008,1423,4307,14660
1/3/2008,1458.75,4368,
1/2/2008,1458.5,4378,
12/31/2007,1477.25,,
12/28/2007,1485.5,4435,15250
12/27/2007,1489.75,4444,15600
12/26/2007,1509.75,,15710
12/25/2007,,,15640
12/24/2007,1506.5,,
12/21/2007,1474.95,4398.63,15320
12/20/2007,1464,4316,15010
12/19/2007,1454,4305,15090
12/18/2007,1455.75,4317,15170
12/17/2007,1446.5,4321,15240
12/14/2007,1468,4389,15570
12/13/2007,1488,4378,15520
12/12/2007,1490.25,4477,15900
12/11/2007,1478,4458,16080
12/10/2007,1518.75,4475,15890
12/7/2007,1507.25,4455,15940
12/6/2007,1507.5,4425,15930
12/5/2007,1487,4424,15650
12/4/2007,1463.25,4351,15470
12/3/2007,1475.5,4386,15700
11/30/2007,1483.75,4407,15730
11/29/2007,1471.5,4352,15570
11/28/2007,1470.5,4337,15160
11/27/2007,1426.5,4241,15240
11/26/2007,1409.25,4249,15200
11/23/2007,1442,4287,
11/22/2007,,4227,14800
11/21/2007,1417.75,4215,14820
11/20/2007,1446,4296,15210
11/19/2007,1437.5,4243,15070
11/16/2007,1460.25,4296,15190
11/15/2007,1458,4315,15390
11/14/2007,1478,4351,15530
11/13/2007,1483.25,4323,15040
11/12/2007,1440.2,4316,15220
11/9/2007,1455,4314,15550
11/8/2007,1475.5,4377,15740
11/7/2007,1482.75,4411,16130
11/6/2007,1525,4425,16270
11/5/2007,1505.5,4404,16300
11/2/2007,1517.5,4426,16490
11/1/2007,1515.75,4429,16910
10/31/2007,1554.9,4504,16710
10/30/2007,1536,4476,16670
10/29/2007,1547,4487,16730
10/26/2007,1542.5,4456,16490
10/25/2007,1525,4424,16280
10/24/2007,1522,4372,16370
10/23/2007,1525.5,4393,16480
10/22/2007,1513.5,4372,16440
10/19/2007,1505.75,4431,16820
10/18/2007,1546.75,4435,17120
10/17/2007,1552.5,4455,16980
10/16/2007,1547.5,4439,17130
10/15/2007,1560.25,4456,17400
10/12/2007,1574.5,4489,17340
10/11/2007,1565.25,4497,17530
10/10/2007,1573.25,4464,17230
10/9/2007,1576.25,4474,17200
10/8/2007,1562.75,4463,
10/5/2007,1570.75,4475,17130
10/4/2007,1552.25,4446,17120
10/3/2007,1550.75,4448,17200
10/2/2007,1554.5,4455,17090
10/1/2007,1556.5,4436,16850
9/28/2007,1538,4411,16830
9/27/2007,1544.5,4417,16860
9/26/2007,1536.25,4396,16500
9/25/2007,1529,4363,16430
9/24/2007,1531.75,4395,
9/21/2007,1533.38,4382.53,16270
9/20/2007,1519.75,4368,16380
9/19/2007,1528.75,4388,16370
9/18/2007,1520,4265,15780
9/17/2007,1477,4190,
9/14/2007,1485,4225,16090
9/13/2007,1485,4256,15800
9/12/2007,1476.25,4213,15780
9/11/2007,1472.75,4205,15840
9/10/2007,1455.25,4142,15740
9/7/2007,1459.75,4159,16100
9/6/2007,1479.5,4257,16240
9/5/2007,1476.5,4244,16190
9/4/2007,1489.5,4330,16400
9/3/2007,,4303,16540
8/31/2007,1476.75,4296,16600
8/30/2007,1461.5,4257,16200
8/29/2007,1465.5,4199,16050
8/28/2007,1438.25,4180,16270
8/27/2007,1469.75,4253,16310
8/24/2007,1483.5,4252,16240
8/23/2007,1466.5,4247,16360
8/22/2007,1468.75,4240,15910
8/21/2007,1450.25,4186,15870
8/20/2007,1449,4187,15730
8/17/2007,1450,4187,15300
8/16/2007,1424.5,4091,16050
8/15/2007,1414.5,4203,16400
8/14/2007,1434.25,4211,16840
8/13/2007,1455,4274,16780
8/10/2007,1451,4189,16750
8/9/2007,1458,4291,17220
8/8/2007,1504,4383,17100
8/7/2007,1482.5,4293,16940
8/6/2007,1467.75,4225,16860
8/3/2007,1443,4243,17010
8/2/2007,1481.75,4303,16980
8/1/2007,1470,4249,16810
7/31/2007,1462,4328,17280
7/30/2007,1480.75,4260,17300
7/27/2007,1458,4256,17290
7/26/2007,1488,4277,17700
7/25/2007,1524.75,4383,17860
7/24/2007,1522.5,4435,18020
7/23/2007,1549,4503,17970
7/20/2007,1545,4466,18180
7/19/2007,1559.75,4542,18130
7/18/2007,1554.75,4502,18050
7/17/2007,1558.75,4562,18210
7/16/2007,1559.75,4582,
7/13/2007,1560,4570,18270
7/12/2007,1555.75,4538,17980
7/11/2007,1531,4477,18060
7/10/2007,1520,4505,18260
7/9/2007,1542.5,4559,18280
7/6/2007,1542.5,4551,18150
7/5/2007,1534.5,4523,18240
7/4/2007,,4552,18190
7/3/2007,1536.25,4545,18210
7/2/2007,1531,4504,18190
6/29/2007,1515.5,4515,18160
6/28/2007,1517.25,4483,17970
6/27/2007,1519,4445,17850
6/26/2007,1497.75,4467,18090
6/25/2007,1513.5,4508,18100
6/22/2007,1520.5,4510,18220
6/21/2007,1535.75,4526,18260
6/20/2007,1527,4584,18240
6/19/2007,1549,4566,18180
6/18/2007,1546,4567,18200
6/15/2007,1535,4512.19,18020
6/14/2007,1524.75,4481,17900
6/13/2007,1515.5,4401,17730
6/12/2007,1493,4389,17800
6/11/2007,1510.5,4411,17840
6/8/2007,1508,4373,17790
6/7/2007,1489.25,4381,18080
6/6/2007,1516.5,4443,18040
6/5/2007,1533.75,4517,18050
6/4/2007,1540.25,4534,18010
6/1/2007,1539.5,4552,17950
5/31/2007,1533,4512,17860
5/30/2007,1534,4468,17590
5/29/2007,1522.5,4475,17680
5/28/2007,,,17600
5/25/2007,1517.25,4460,17450
5/24/2007,1511.5,4442,17660
5/23/2007,1525.5,4488,17730
5/22/2007,1525.25,4460,17690
5/21/2007,1528,4458,17560
5/18/2007,1528,4456,17400
5/17/2007,1515.25,4392,17530
5/16/2007,1518,4385,17560
5/15/2007,1508.5,4402,17550
5/14/2007,1508.75,4374,17710
5/11/2007,1512.25,4383,17540
5/10/2007,1499.25,4354,17770
5/9/2007,1515.5,4384,17750
5/8/2007,1512.25,4375,17670
5/7/2007,1514.25,4405,17690
5/4/2007,1514.25,4403,
5/3/2007,1508.25,4375,
5/2/2007,1501,4363,17440
5/1/2007,1492.75,,17280
4/30/2007,1488.5,4341,
4/27/2007,1502,4323,17410
4/26/2007,1502.75,4349,17460
4/25/2007,1500.75,4331,17280
4/24/2007,1488.5,4307,17450
4/23/2007,1488.25,4336,17480
4/20/2007,1493,4344,17410
4/19/2007,1480.25,4268,17390
4/18/2007,1480.25,4290,17660
4/17/2007,1479,4309,17610
4/16/2007,1475.5,4307,17650
4/13/2007,1461.25,4246,17400
4/12/2007,1455.5,4212,17520
4/11/2007,1448.5,4229,17700
4/10/2007,1456,4229,17690
4/9/2007,1454.5,,17760
4/6/2007,1452.75,,17530
4/5/2007,1452.75,4202,17530
4/4/2007,1448.5,4191,17580
4/3/2007,1447.25,4171,17270
4/2/2007,1433.25,4118,17030
3/30/2007,1431.25,4110,17310
3/29/2007,1431.5,4108,17270
3/28/2007,1429.5,4055,17250
3/27/2007,1440.5,4082,17430
3/26/2007,1445.25,4073,17470
3/23/2007,1447,4127,17440
3/22/2007,1445,4100,17380
3/21/2007,1445,4011,
3/20/2007,1423.5,4015,17140
3/19/2007,1415.75,3986,17000
3/16/2007,1396.12,3974.34,16700
3/15/2007,1391.5,3976,16800
3/14/2007,1389.5,3909,16550
3/13/2007,1379.75,4018,17130
3/12/2007,1407,4070,17280
3/9/2007,1405,4087,17110
3/8/2007,1404.75,4076,17070
3/7/2007,1393.25,4025,16760
3/6/2007,1395.5,4013,16820
3/5/2007,1372.25,3989,16630
3/2/2007,1385.75,4020,17160
3/1/2007,1405,4039,17390
2/28/2007,1409,4094,17540
2/27/2007,1395.25,4164,18110
2/26/2007,1452.5,4279,18230
2/23/2007,1453.75,4248,18220
2/22/2007,1459.25,4248,18090
2/21/2007,1460.5,4240,17930
2/20/2007,1461.75,4259,17960
2/19/2007,,4275,17920
2/16/2007,1459,4255,17870
2/15/2007,1459.5,4269,17890
2/14/2007,1458.5,4279,17780
2/13/2007,1449.5,4248,17600
2/12/2007,1438,4225,
2/9/2007,1443,4263,17510
2/8/2007,1454,4242,17280
2/7/2007,1455.75,4262,17290
2/6/2007,1453.25,4247,17430
2/5/2007,1453.75,4244,17350
2/2/2007,1453,4245,17590
2/1/2007,1450.75,4229,17560
1/31/2007,1443,4193,17390
1/30/2007,1434,4213,17520
1/29/2007,1426.25,4184,17480
1/26/2007,1427.5,4167,17380
1/25/2007,1429.25,4189,17480
1/24/2007,1446.25,4203,17530
1/23/2007,1435.5,4154,17420
1/22/2007,1431,4157,17410
1/19/2007,1436.75,4191,17320
1/18/2007,1433.25,4154,17380
1/17/2007,1438.75,4165,17270
1/16/2007,1438.75,4189,17250
1/15/2007,,4211,17250
1/12/2007,1440.75,4195,17080
1/11/2007,1431,4188,16860
1/10/2007,1424.5,4112,16950
1/9/2007,1420.5,4150,17260
1/8/2007,1422.5,4143,
1/5/2007,1416.5,4152,17080
1/4/2007,1427.5,4199,17360
1/3/2007,1424.75,4212,
1/2/2007,1428.5,4206,
12/29/2006,1428.5,4157,17270
12/28/2006,1433.75,4158,17250
12/27/2006,1437,4159,17260
12/26/2006,1428.75,,17180
12/25/2006,,,17100
12/22/2006,1420.25,4097,17110
12/21/2006,1429.75,4141,17050
12/20/2006,1435.25,4147,17000
12/19/2006,1436.25,4132,16810
12/18/2006,1434.75,4156,16960
12/15/2006,1428.74,4138.44,16910
12/14/2006,1426,4120,16840
12/13/2006,1414.25,4097,16700
12/12/2006,1412.75,4063,16670
12/11/2006,1414.5,4056,16580
12/8/2006,1410,4020,16400
12/7/2006,1408.75,4021,16480
12/6/2006,1414.75,4008,16400
12/5/2006,1416.75,4013,16290
12/4/2006,1410.75,3968,16240
12/1/2006,1400.5,3938,16330
11/30/2006,1403,3994,16310
11/29/2006,1402.25,4027,16100
11/28/2006,1388.5,3980,15850
11/27/2006,1383.5,3989,15880
11/24/2006,1403,4056,15730
11/23/2006,,4093,
11/22/2006,1408.5,4104,15860
11/21/2006,1406.25,4107,15700
11/20/2006,1405.25,4104,15720
11/17/2006,1404.75,4088,16070
11/16/2006,1405,4116,16180
11/15/2006,1401.5,4112,16270
11/14/2006,1397.75,4088,16300
11/13/2006,1388,4095,16010
11/10/2006,1384.75,4071,16080
11/9/2006,1384,4079,16250
11/8/2006,1391.5,4080,16240
11/7/2006,1389,4081,16430
11/6/2006,1383.75,4054,16380
11/3/2006,1368.5,3994,
11/2/2006,1371.25,3983,16350
11/1/2006,1373,4022,16390
10/31/2006,1383.25,4012,16350
10/30/2006,1383.25,4012,16380
10/27/2006,1384.75,4023,16690
10/26/2006,1393,4036,16830
10/25/2006,1389.25,4027,16710
10/24/2006,1384.75,4024,16790
10/23/2006,1380.75,4028,16770
10/20/2006,1375,4005,16630
10/19/2006,1374.25,3996,16530
10/18/2006,1372.5,4001,16660
10/17/2006,1371.75,3957,16620
10/16/2006,1376,4009,16700
10/13/2006,1373.5,4009,16570
10/12/2006,1370.75,4011,16380
10/11/2006,1359,3978,16440
10/10/2006,1360.75,3973,16510
10/9/2006,1359.25,3953,
10/6/2006,1358.75,3951,16480
10/5/2006,1360.75,3953,16460
10/4/2006,1358.25,3929,16120
10/3/2006,1343.25,3894,16240
10/2/2006,1340.5,3905,16290
9/29/2006,1345.5,3913,16100
9/28/2006,1347.25,3909,16050
9/27/2006,1347.75,3909,15940
9/26/2006,1346.75,3886,15580
9/25/2006,1335.75,3838,15580
9/22/2006,1326,3825,15560
9/21/2006,1330.25,3877,15770
9/20/2006,1336.5,3857,15680
9/19/2006,1330.5,3796,15810
9/18/2006,1334.25,3826,
9/15/2006,1323.12,3807.96,15850
9/14/2006,1318,3799,15900
9/13/2006,1317.5,3804,15750
9/12/2006,1313.75,3790,15650
9/11/2006,1300.5,3746,15760
9/8/2006,1299.25,3752,15990
9/7/2006,1296.25,3741,15970
9/6/2006,1302.75,3777,16290
9/5/2006,1314.5,3818,16410
9/4/2006,,3842,16350
9/1/2006,1312.5,3824,16120
8/31/2006,1305.5,3810,16160
8/30/2006,1305,3825,15910
8/29/2006,1305,3813,15920
8/28/2006,1303.75,3815,15770
8/25/2006,1297.5,3788,15970
8/24/2006,1296,3789,15950
8/23/2006,1297.75,3767,16170
8/22/2006,1302,3799,16190
8/21/2006,1302.25,3782,16000
8/18/2006,1307,3797,16150
8/17/2006,1301,3810,16040
8/16/2006,1299,3798,16060
8/15/2006,1287.75,3784,15870
8/14/2006,1273.25,3729,15830
8/11/2006,1272.25,3684,15600
8/10/2006,1275.5,3683,15570
8/9/2006,1271.5,3714,15660
8/8/2006,1276.75,3673,15420
8/7/2006,1282.25,3665,15200
8/4/2006,1286,3725,15500
8/3/2006,1287.25,3676,15510
8/2/2006,1284.25,3704,15490
8/1/2006,1276.75,3650,15420
7/31/2006,1281.75,3695,15410
7/28/2006,1284.25,3721,15320
7/27/2006,1272.25,3691,15180
7/26/2006,1273.25,3649,14890
7/25/2006,1271.5,3639,15060
7/24/2006,1267.5,3638,14760
7/21/2006,1244.75,3563,14830
7/20/2006,1254.25,3596,14950
7/19/2006,1262.5,3587,14530
7/18/2006,1245.75,3496,14410
7/17/2006,1240.5,3508,
7/14/2006,1242.25,3517,14790
7/13/2006,1247.5,3574,15060
7/12/2006,1268.25,3640,15260
7/11/2006,1282.25,3633,15450
7/10/2006,1277,3680,15550
7/7/2006,1275,3662,15340
7/6/2006,1282.75,3675,15340
7/5/2006,1279.75,3628,15550
7/4/2006,,3682,15630
7/3/2006,1288.25,3673,15560
6/30/2006,1279.5,3662,15510
6/29/2006,1282.5,3590,15130
6/28/2006,1257.75,3516,14920
6/27/2006,1249.75,3518,15130
6/26/2006,1260.25,3545,15140
6/23/2006,1255.5,3560,15100
6/22/2006,1256,3557,15130
6/21/2006,1261.75,3539,14700
6/20/2006,1252.5,3527,14670
6/19/2006,1248.5,3500,14890
6/16/2006,1252.09,3521.14,14920
6/15/2006,1257,3491,14440
6/14/2006,1230.75,3417,14270
6/13/2006,1222,3412,14270
6/12/2006,1236.5,3478,14810
6/9/2006,1251,3521,14800
6/8/2006,1255.5,3468,14570
6/7/2006,1256,3563,15100
6/6/2006,1265.75,3533,15360
6/5/2006,1269.5,3598,15680
6/2/2006,1288.25,3629,15790
6/1/2006,1285.75,3638,15500
5/31/2006,1272,3629,15470
5/30/2006,1260,3575,15840
5/29/2006,,3669,15860
5/26/2006,1282.75,3683,15980
5/25/2006,1276,3623,15710
5/24/2006,1261.1,3564,15920
5/23/2006,1252.5,3604,15560
5/22/2006,1262,3528,15800
5/19/2006,1270.75,3606,16110
5/18/2006,1263,3591,16070
5/17/2006,1269,3577,16270
5/16/2006,1295,3708,16160
5/15/2006,1297.25,3691,16480
5/12/2006,1294.25,3734,16600
5/11/2006,1311.75,3812,16890
5/10/2006,1327.75,3838,16960
5/9/2006,1329.25,3859,17190
5/8/2006,1327.25,3845,17300
5/5/2006,1329,3842,
5/4/2006,1317,3803,
5/3/2006,1312.25,3774,
5/2/2006,1318,3814,17120
5/1/2006,1308.25,,16940
4/28/2006,1316,3788,16980
4/27/2006,1315,3814,17150
4/26/2006,1309,3833,17090
4/25/2006,1309.5,3820,16940
4/24/2006,1314.5,3813,16850
4/21/2006,1317,3834,17420
4/20/2006,1317,3802,17350
4/19/2006,1315.25,3766,17390
4/18/2006,1313.5,3715,17240
4/17/2006,1293,,17030
4/14/2006,,,17230
4/13/2006,1294.25,3721,17200
4/12/2006,1295.5,3718,17170
4/11/2006,1294,3731,17450
4/10/2006,1305.5,3787,17490
4/7/2006,1304,3765,17560
4/6/2006,1317.5,3804,17510
4/5/2006,1319,3805,17280
4/4/2006,1314.75,3794,17330
4/3/2006,1305.75,3825,17350
3/31/2006,1303.25,3796,17020
3/30/2006,1307.5,3818,17060
3/29/2006,1310,3771,16910
3/28/2006,1302.5,3756,16650
3/27/2006,1311,3769,16570
3/24/2006,1312.75,3813,16470
3/23/2006,1311.75,3808,16430
3/22/2006,1314.5,3814,16430
3/21/2006,1307.5,3791,
3/20/2006,1315.5,3787,16520
3/17/2006,1310.16,3869.74,16240
3/16/2006,1306.25,3842,16090
3/15/2006,1303.75,3843,16240
3/14/2006,1298.5,3834,16180
3/13/2006,1285.5,3827,16300
3/10/2006,1283,3800,16010
3/9/2006,1272,3760,16040
3/8/2006,1279.5,3730,15680
3/7/2006,1277.5,3748,15750
3/6/2006,1279.5,3759,15910
3/3/2006,1286.5,3735,15690
3/2/2006,1291.5,3763,15940
3/1/2006,1292,3812,15930
2/28/2006,1282.5,3777,16210
2/27/2006,1294,3847,16150
2/24/2006,1293,3829,16090
2/23/2006,1290.25,3821,16060
2/22/2006,1292.25,3821,15750
2/21/2006,1285.25,3788,15890
2/20/2006,1288.75,3770,15470
2/17/2006,1289,3771,15760
2/16/2006,1291.75,3762,16000
2/15/2006,1282.25,3737,15930
2/14/2006,1278.25,3741,16150
2/13/2006,1265.75,3736,15950
2/10/2006,1268.25,3706,16300
2/9/2006,1265.75,3733,16500
2/8/2006,1268.25,3680,16300
2/7/2006,1257.5,3690,16730
2/6/2006,1268.75,3691,16720
2/3/2006,1265.5,3686,16690
2/2/2006,1272,3686,16700
2/1/2006,1287.25,3731,16480
1/31/2006,1283.5,3705,16660
1/30/2006,1288.5,3686,16570
1/27/2006,1289.25,3693,16470
1/26/2006,1277.75,3645,15910
1/25/2006,1271,3584,15700
1/24/2006,1270.5,3541,15660
1/23/2006,1269.25,3553,15380
1/20/2006,1264.75,3564,15740
1/19/2006,1288.25,3602,15690
1/18/2006,1283.75,3584,15330
1/17/2006,1289.5,3621,15770
1/16/2006,1292.75,3660,16210
1/13/2006,1292.75,3641,16400
1/12/2006,1293.5,3681,16440
1/11/2006,1299.75,3678,16360
1/10/2006,1296,3658,16180
1/9/2006,1295,3686,
1/6/2006,1291.75,3681,16440
1/5/2006,1281.25,3660,16370
1/4/2006,1280.5,3665,16330
1/3/2006,1274.75,3624,
1/2/2006,,3620,
12/30/2005,1254.75,3588,16050
12/29/2005,1260,3629,16360
12/28/2005,1265.25,3619,16240
12/27/2005,1264,3627,15990
12/26/2005,,,16110
12/23/2005,1276.5,3617,
12/22/2005,1275.5,3607,15940
12/21/2005,1270,3608,15930
12/20/2005,1268,3578,15580
12/19/2005,1267.5,3566,15410
12/16/2005,1274.84,3562.54,15140
12/15/2005,1269.5,3517,15170
12/14/2005,1273.75,3519,15460
12/13/2005,1269,3533,15800
12/12/2005,1261,3515,15760
12/9/2005,1259.25,3501,15430
12/8/2005,1256.75,3511,15200
12/7/2005,1258,3502,15500
12/6/2005,1265.5,3524,15450
12/5/2005,1263.5,3502,15560
12/2/2005,1266,3523,15370
12/1/2005,1264.5,3504,15140
11/30/2005,1251,3456,14880
11/29/2005,1259.25,3463,14920
11/28/2005,1261,3457,14970
11/25/2005,1270,3470,14780
11/24/2005,1267.5,3468,14710
11/23/2005,1268.5,3473,
11/22/2005,1262,3455,14700
11/21/2005,1257,3454,14700
11/18/2005,1250.25,3436,14660
11/17/2005,1245.25,3410,14430
11/16/2005,1234.75,3389,14200
11/15/2005,1232.5,3413,14090
11/14/2005,1237.25,3416,14100
11/11/2005,1238,3408,14180
11/10/2005,1233.75,3394,14040
11/9/2005,1223.75,3378,14050
11/8/2005,1222.75,3363,14030
11/7/2005,1222.75,3369,14030
11/4/2005,1222,3346,14040
11/3/2005,1223.75,3361,
11/2/2005,1218,3341,13840
11/1/2005,1206.25,3310,13860
10/31/2005,1209.75,3315,13620
10/28/2005,1199.75,3272,13310
10/27/2005,1182.5,3250,13410
10/26/2005,1196,3293,13380
10/25/2005,1199,3276,13300
10/24/2005,1202.5,3325,13100
10/21/2005,1183.75,3290,13220
10/20/2005,1179.5,3272,13200
10/19/2005,1200.5,3310,13160
10/18/2005,1181.5,3330,13340
10/17/2005,1194.25,3347,13350
10/14/2005,1190,3353,13410
10/13/2005,1178,3323,13450
10/12/2005,1178.5,3344,13470
10/11/2005,1188.5,3383,13530
10/10/2005,1190,3381,
10/7/2005,1200,3374,13230
10/6/2005,1197,3356,13280
10/5/2005,1200.75,3419,13660
10/4/2005,1216.75,3465,13750
10/3/2005,1231.75,3455,13570
9/30/2005,1234.25,3436,13560
9/29/2005,1231.75,3447,13640
9/28/2005,1222.75,3421,13460
9/27/2005,1221.75,3397,13320
9/26/2005,1221.5,3396,13330
9/23/2005,1220.5,3354,
9/22/2005,1219.75,3326,13140
9/21/2005,1216,3321,13160
9/20/2005,1227.5,3372,13130
9/19/2005,1238,3372,
9/16/2005,1232.79,3373.1,12920
9/15/2005,1227.25,3329,12940
9/14/2005,1228.5,3336,12820
9/13/2005,1232.5,3330,12860
9/12/2005,1240.25,3354,12830
9/9/2005,1242,3372,12670
9/8/2005,1232,3348,12510
9/7/2005,1235.5,3353,12610
9/6/2005,1234.25,3349,12600
9/5/2005,1224,3303,12650
9/2/2005,1219.75,3278,12560
9/1/2005,1221.75,3276,12530
8/31/2005,1221.5,3270,12430
8/30/2005,1208.6,3245,12470
8/29/2005,1214.5,3256,12320
8/26/2005,1206,3224,12430
8/25/2005,1213.5,3254,12450
8/24/2005,1210,3293,12500
8/23/2005,1221.5,3292,12470
8/22/2005,1224,3320,12480
8/19/2005,1223.75,3326,12280
8/18/2005,1221,3292,12290
8/17/2005,1221.5,3307,12290
8/16/2005,1221.5,3304,12320
8/15/2005,1237.5,3343,12270
8/12/2005,1231,3328,12280
8/11/2005,1238.5,3351,12260
8/10/2005,1233.75,3358,12150
8/9/2005,1234.25,3335,11920
8/8/2005,1227.25,3284,11790
8/5/2005,1229.75,3282,11760
8/4/2005,1238,3297,11890
8/3/2005,1247.75,3348,11940
8/2/2005,1245,3351,11940
8/1/2005,1237.5,3327,11970
7/29/2005,1236.75,3328,11910
7/28/2005,1247,3343,11850
7/27/2005,1239.75,3318,11840
7/26/2005,1235,3310,11740
7/25/2005,1234,3301,11770
7/22/2005,1237,3298,11700
7/21/2005,1230,3301,11790
7/20/2005,1236.5,3325,11770
7/19/2005,1233.25,3318,11770
7/18/2005,1226.5,3284,
7/15/2005,1231.25,3287,11780
7/14/2005,1231.75,3281,11770
7/13/2005,1228,3265,11680
7/12/2005,1225.5,3253,11700
7/11/2005,1223.5,3245,11700
7/8/2005,1216.5,3244,11580
7/7/2005,1202.75,3197,11590
7/6/2005,1198.5,3231,11610
7/5/2005,1209,3220,11600
7/4/2005,1198.25,3219,11660
7/1/2005,1200,3216,11640
6/30/2005,1195.5,3198,11560
6/29/2005,1203,3178,11550
6/28/2005,1206.75,3174,11510
6/27/2005,1196.25,3124,11430
6/24/2005,1195.75,3153,11520
6/23/2005,1204,3180,11580
6/22/2005,1221,3189,11540
6/21/2005,1221,3188,11490
6/20/2005,1220,3175,11480
6/17/2005,1222.68,3185.42,11520
6/16/2005,1210.5,3159,11420
6/15/2005,1206.5,3153,11410
6/14/2005,1205,3173,11340
6/13/2005,1202.5,3153,11320
6/10/2005,1199,3143,11300
6/9/2005,1201,3132,11140
6/8/2005,1196,3124,11290
6/7/2005,1199,3133,11190
6/6/2005,1198,3108,11260
6/3/2005,1198.5,3108,11280
6/2/2005,1205.25,3135,11300
6/1/2005,1201.25,3132,11300
5/31/2005,1192.25,3090,11260
5/30/2005,1201.75,3099,11240
5/27/2005,1200.25,3081,11160
5/26/2005,1198,3080,11050
5/25/2005,1192.5,3051,11030
5/24/2005,1193.75,3059,11130
5/23/2005,1196.25,3069,11160
5/20/2005,1190.25,3053,11070
5/19/2005,1191.25,3032,11070
5/18/2005,1186.75,3029,10830
5/17/2005,1175.25,2971,10820
5/16/2005,1167,2981,10950
5/13/2005,1156.75,2966,11040
5/12/2005,1159.25,2967,11080
5/11/2005,1172.5,2951,11100
5/10/2005,1166.25,2959,11160
5/9/2005,1178.25,2994,11180
5/6/2005,1171.25,2991,11170
5/5/2005,1175,2969,
5/4/2005,1175.25,2969,
5/3/2005,1166,2941,
5/2/2005,1163.5,2925,11020
4/29/2005,1158.5,2908,
4/28/2005,1143,2899,10970
4/27/2005,1157.25,2921,11020
4/26/2005,1153.75,2942,11020
4/25/2005,1164,2947,11070
4/22/2005,1157.25,2933,11060
4/21/2005,1161.5,2932,10970
4/20/2005,1139.75,2882,11080
4/19/2005,1155.75,2917,11050
4/18/2005,1146.75,2906,10890
4/15/2005,1143.5,2954,11320
4/14/2005,1160.5,3023,11560
4/13/2005,1176,3031,11670
4/12/2005,1190,3022,11670
4/11/2005,1183.75,3043,11740
4/8/2005,1183.5,3043,11880
4/7/2005,1195.25,3045,11820
4/6/2005,1189.25,3027,11830
4/5/2005,1185.25,3024,11770
4/4/2005,1179.75,3002,11690
4/1/2005,1177.75,2995,11720
3/31/2005,1184,3003,11640
3/30/2005,1185.5,3027,11520
3/29/2005,1170,3017,11580
3/28/2005,1177.5,,11810
3/25/2005,,,11700
3/24/2005,1175.5,3026,11670
3/23/2005,1174.5,2998,11670
3/22/2005,1174.25,3016,11810
3/21/2005,1186.25,2999,
3/18/2005,1190.7,3057,11820
3/17/2005,1190,3036,11740
3/16/2005,1187.75,3028,11820
3/15/2005,1198.5,3073,11780
3/14/2005,1207.75,3061,11820
3/11/2005,1201,3054,11890
3/10/2005,1209.5,3069,11840
3/9/2005,1207,3076,11970
3/8/2005,1220.5,3098,11910
3/7/2005,1225.25,3115,11920
3/4/2005,1224.25,3115,11890
3/3/2005,1210,3081,11840
3/2/2005,1209.5,3074,11800
3/1/2005,1210,3083,11780
2/28/2005,1204,3047,11770
2/25/2005,1212,3071,11660
2/24/2005,1200.75,3031,11550
2/23/2005,1192.75,3028,11500
2/22/2005,1184.75,3033,11590
2/21/2005,,3078,11660
2/18/2005,1202.25,3076,11650
2/17/2005,1201,3074,11590
2/16/2005,1210.5,3069,11620
2/15/2005,1210.75,3084,11640
2/14/2005,1206.25,3081,11640
2/11/2005,1207,3088,
2/10/2005,1196.5,3060,11530
2/9/2005,1193,3054,11480
2/8/2005,1202.25,3065,11480
2/7/2005,1200.75,3054,11480
2/4/2005,1202,3050,11310
2/3/2005,1189.5,3020,11390
2/2/2005,1193.25,3020,11420
2/1/2005,1189.25,3017,11360
1/31/2005,1181.75,2994,11370
1/28/2005,1174.75,2959,11280
1/27/2005,1174.75,2971,11350
1/26/2005,1173.25,2960,11370
1/25/2005,1169.75,2961,11270
1/24/2005,1166.25,2940,11300
1/21/2005,1168.5,2937,11260
1/20/2005,1176.5,2926,11290
1/19/2005,1183.5,2963,11390
1/18/2005,1195.75,2972,11420
1/17/2005,1186,2963,11490
1/14/2005,1183.75,2945,11450
1/13/2005,1178,2941,11370
1/12/2005,1187.5,2927,11470
1/11/2005,1184,2943,11550
1/10/2005,1191.75,2987,
1/7/2005,1186.25,2984,11470
1/6/2005,1188.25,2981,11480
1/5/2005,1183.25,2966,11430
1/4/2005,1191,2964,11540
1/3/2005,1206.25,2973,
12/31/2004,1213.75,,
12/30/2004,1214.75,2948,11480
12/29/2004,1217,2961,11480
12/28/2004,1215.5,2961,11430
12/27/2004,1208.5,2956,11370
12/24/2004,,,11350
12/23/2004,1211.75,2957,
12/22/2004,1211,2937,11240
12/21/2004,1208,2930,11140
12/20/2004,1198.75,2908,11110
12/17/2004,1190.45,2915.9,11090
12/16/2004,1204.25,2927,10950
12/15/2004,1204.75,2928,10960
12/14/2004,1204,2935,10940
12/13/2004,1200.25,2936,10800
12/10/2004,1189.75,2913,10770
12/9/2004,1188.5,2905,10770
12/8/2004,1184,2922,10900
12/7/2004,1177.75,2909,10880
12/6/2004,1189.25,2914,10950
12/3/2004,1189.25,2898,11060
12/2/2004,1190.5,2919,10990
12/1/2004,1189.75,2916,10790
11/30/2004,1174,2875,10880
11/29/2004,1176,2903,10970
11/26/2004,1180.75,2887,10840
11/25/2004,1186.25,2912,10870
11/24/2004,1182,2881,10860
11/23/2004,1179.25,2882,
11/22/2004,1178,2897,10830
11/19/2004,1172.25,2883,11100
11/18/2004,1185,2923,11090
11/17/2004,1184.25,2924,11170
11/16/2004,1177.5,2886,11180
11/15/2004,1186,2906,11220
11/12/2004,1182.75,2913,11020
11/11/2004,1173.75,2914,10840
11/10/2004,1164.75,2882,11010
11/9/2004,1164.25,2877,10980
11/8/2004,1166.5,2883,10980
11/5/2004,1167.75,2886,11050
11/4/2004,1160.5,2892,10940
11/3/2004,1145,2862,
11/2/2004,1130.5,2869,10910
11/1/2004,1130.75,2836,10710
10/29/2004,1130.25,2819,10750
10/28/2004,1127.5,2826,10820
10/27/2004,1124.75,2799,10670
10/26/2004,1111.5,2749,10690
10/25/2004,1095.25,2739,10680
10/22/2004,1096,2781,10830
10/21/2004,1107.75,2781,10780
10/20/2004,1101.75,2780,10860
10/19/2004,1103.5,2796,11050
10/18/2004,1113,2792,10960
10/15/2004,1108.25,2802,10980
10/14/2004,1103,2767,11060
10/13/2004,1112.25,2776,11200
10/12/2004,1122.5,2798,11230
10/11/2004,1126,2829,
10/8/2004,1122,2825,11330
10/7/2004,1131.5,2842,11360
10/6/2004,1142.75,2845,11370
10/5/2004,1136.5,2834,11270
10/4/2004,1135.5,2836,11290
10/1/2004,1133.25,2798,10960
9/30/2004,1115,2733,10890
9/29/2004,1115.25,2757,10790
9/28/2004,1109.75,2749,10790
9/27/2004,1105.25,2739,10870
9/24/2004,1111.5,2748,10870
9/23/2004,1107.25,2740,
9/22/2004,1113,2761,10980
9/21/2004,1127.25,2802,11040
9/20/2004,1122.25,2777,
9/17/2004,1127.02,2785.27,11070
9/16/2004,1124,2768,11090
9/15/2004,1120.25,2770,11120
9/14/2004,1129.5,2775,11270
9/13/2004,1127.75,2779,11220
9/10/2004,1123.25,2748,11040
9/9/2004,1117.5,2747,11140
9/8/2004,1118.75,2744,11290
9/7/2004,1122.25,2759,11310
9/6/2004,1118.25,2759,11250
9/3/2004,1114.5,2747,11000
9/2/2004,1119.5,2720,11120
9/1/2004,1106.75,2695,11150
8/31/2004,1104,2680,11100
8/30/2004,1099,2702,11180
8/27/2004,1108.25,2716,11180
8/26/2004,1104.5,2691,11120
8/25/2004,1103.75,2689,11110
8/24/2004,1097.5,2673,11010
8/23/2004,1096.25,2665,10930
8/20/2004,1098.75,2648,10910
8/19/2004,1091.25,2629,10890
8/18/2004,1094.5,2637,10730
8/17/2004,1083,2620,10720
8/16/2004,1077.5,2615,10670
8/13/2004,1066.25,2581,10780
8/12/2004,1063.75,2575,11020
8/11/2004,1075.75,2599,11030
8/10/2004,1076.25,2627,10920
8/9/2004,1064.25,2597,10900
8/6/2004,1063.5,2614,11000
8/5/2004,1078.5,2677,11080
8/4/2004,1097,2698,11050
8/3/2004,1097.25,2710,11140
8/2/2004,1105.5,2710,11230
7/30/2004,1101,2716,11300
7/29/2004,1100.25,2719,11120
7/28/2004,1095.5,2661,11240
7/27/2004,1092.5,2677,11070
7/26/2004,1083,2635,11140
7/23/2004,1085.5,2665,11190
7/22/2004,1093.75,2681,11280
7/21/2004,1090.5,2716,11410
7/20/2004,1112,2714,11220
7/19/2004,1098.75,2690,
7/16/2004,1102.75,2710,11410
7/15/2004,1103.5,2724,11400
7/14/2004,1111.25,2758,11360
7/13/2004,1114.25,2766,11580
7/12/2004,1113.5,2763,11570
7/9/2004,1112.75,2777,11430
7/8/2004,1110.75,2773,11290
7/7/2004,1118,2775,11360
7/6/2004,1115,2765,11470
7/5/2004,1124.25,2794,11510
7/2/2004,1125.75,2793,11750
7/1/2004,1126.25,2795,11850
6/30/2004,1140.5,2817,11890
6/29/2004,1135.75,2832,11850
6/28/2004,1131.75,2838,11860
6/25/2004,1135.25,2814,11790
6/24/2004,1141.25,2823,11730
6/23/2004,1144,2808,11570
6/22/2004,1135,2792,11550
6/21/2004,1129.25,2821,11590
6/18/2004,1129.6,2814.32,11440
6/17/2004,1131.75,2815,11570
6/16/2004,1133,2808,11590
6/15/2004,1134,2804,11430
6/14/2004,1125.5,2747,11460
6/11/2004,1136.5,2793,11520
6/10/2004,1136.5,2798,11630
6/9/2004,1131.5,2778,11440
6/8/2004,1142,2798,11500
6/7/2004,1140.25,2803,11410
6/4/2004,1123.25,2773,11150
6/3/2004,1115,2741,11060
6/2/2004,1125.5,2743,11240
6/1/2004,1121.25,2716,11320
5/31/2004,1121.5,2750,11250
5/28/2004,1120.25,2741,11360
5/27/2004,1122.75,2744,11140
5/26/2004,1116,2732,11160
5/25/2004,1112.5,2723,11000
5/24/2004,1096.5,2706,11110
5/21/2004,1092.5,2672,11050
5/20/2004,1090.5,2682,10830
5/19/2004,1086.75,2706,10940
5/18/2004,1090.25,2651,10660
5/17/2004,1085.5,2634,10490
5/14/2004,1094.75,2676,10880
5/13/2004,1093.75,2684,10830
5/12/2004,1098.75,2630,11140
5/11/2004,1092.25,2689,10900
5/10/2004,1083.5,2661,10820
5/7/2004,1095.5,2716,11480
5/6/2004,1113,2723,11560
5/5/2004,1122,2805,
5/4/2004,1115.5,2770,
5/3/2004,1116,2778,
4/30/2004,1106,2748,11730
4/29/2004,1114,2763,
4/28/2004,1123.5,2808,11990
4/27/2004,1138,2859,12070
4/26/2004,1138,2852,12190
4/23/2004,1139.5,2855,12130
4/22/2004,1136.75,2869,11970
4/21/2004,1122.5,2828,11920
4/20/2004,1114.5,2841,11970
4/19/2004,1133.75,2826,11730
4/16/2004,1134,2833,11870
4/15/2004,1125,2812,11810
4/14/2004,1129.75,2824,12100
4/13/2004,1128.25,2832,12120
4/12/2004,1144,,12070
4/9/2004,,,11890
4/8/2004,1139.5,2826,12120
4/7/2004,1142.25,2811,12010
4/6/2004,1144.75,2829,12110
4/5/2004,1148.25,2872,11970
4/2/2004,1142,2858,11820
4/1/2004,1133.5,2779,11680
3/31/2004,1125,2748,11770
3/30/2004,1126,2747,11710
3/29/2004,1121.75,2765,11740
3/26/2004,1106,2720,11730
3/25/2004,1106,2719,11510
3/24/2004,1091.5,2682,11300
3/23/2004,1091.25,2672,11260
3/22/2004,1093.25,2649,11260
3/19/2004,1120.18,2758,11410
3/18/2004,1124.25,2768,11420
3/17/2004,1123.75,2817,11390
3/16/2004,1111.5,2762,11210
3/15/2004,1106.25,2744,11260
3/12/2004,1119.25,2825,11130
3/11/2004,1105.5,2845,11340
3/10/2004,1120.25,2907,11440
3/9/2004,1139.5,2897,11540
3/8/2004,1144,2955,11550
3/5/2004,1157.75,2955,11580
3/4/2004,1154.25,2960,11440
3/3/2004,1150.75,2936,11340
3/2/2004,1149,2934,11370
3/1/2004,1155.5,2929,11280
2/27/2004,1144.5,2897,11040
2/26/2004,1143.25,2895,10820
2/25/2004,1143,2883,10680
2/24/2004,1138.5,2868,10660
2/23/2004,1140,2907,10890
2/20/2004,1143.75,2913,10720
2/19/2004,1147.25,2941,10760
2/18/2004,1151.25,2908,10700
2/17/2004,1156.5,2908,10670
2/16/2004,1148,2886,10540
2/13/2004,1145.75,2861,10560
2/12/2004,1151,2893,10450
2/11/2004,1155.25,2904,
2/10/2004,1143.25,2893,10370
2/9/2004,1140,2885,10380
2/6/2004,1139,2842,10440
2/5/2004,1126.5,2831,10470
2/4/2004,1124,2821,10420
2/3/2004,1133,2848,10630
2/2/2004,1134.5,2884,10790
1/30/2004,1130,2852,10780
1/29/2004,1130.25,2860,10810
1/28/2004,1129.25,2906,10880
1/27/2004,1142.5,2891,10920
1/26/2004,1154.25,2893,10980
1/23/2004,1140.25,2892,11090
1/22/2004,1144,2898,11010
1/21/2004,1146,2894,10980
1/20/2004,1137.5,2872,11050
1/19/2004,1136.25,2886,11020
1/16/2004,1138,2877,10830
1/15/2004,1133.25,2863,10650
1/14/2004,1131.25,2834,10850
1/13/2004,1121.25,2801,10850
1/12/2004,1128.25,2805,
1/9/2004,1120,2809,10920
1/8/2004,1129.5,2842,10870
1/7/2004,1125.5,2806,10740
1/6/2004,1122,2822,10850
1/5/2004,1120,2816,10870
1/2/2004,1109,2809,
12/31/2003,1110.5,,
12/30/2003,1107.75,2759,10710
12/29/2003,1107.75,2766,10460
12/26/2003,1093.5,,10440
12/25/2003,,,10390
12/24/2003,1093,,10350
12/23/2003,1093.5,2731,
12/22/2003,1092.75,2728,10310
12/19/2003,1091.61,2722.04,10280
12/18/2003,1090.25,2724,10100
12/17/2003,1077.5,2676,10100
12/16/2003,1075,2701,10240
12/15/2003,1068.75,2693,10450
12/12/2003,1074,2686,10160
12/11/2003,1072.25,2689,10070
12/10/2003,1060.75,2670,9950
12/9/2003,1060.5,2675,10120
12/8/2003,1069,2661,10070
12/5/2003,1062.25,2666,10390
12/4/2003,1069.5,2687,10430
12/3/2003,1065,2707,10330
12/2/2003,1067,2677,10380
12/1/2003,1069,2682,10390
11/28/2003,1057.75,2639,10120
11/27/2003,1059,2635,10150
11/26/2003,1056.75,2633,10140
11/25/2003,1053.25,2635,10000
11/24/2003,1049.5,2644,
11/21/2003,1036.25,2582,9840
11/20/2003,1032,2582,9860
11/19/2003,1041,2581,9600
11/18/2003,1032.75,2559,9880
11/17/2003,1043.5,2585,9740
11/14/2003,1049,2664,10170
11/13/2003,1058,2639,10320
11/12/2003,1057,2648,10220
11/11/2003,1045.75,2632,10220
11/10/2003,1046.25,2642,10530
11/7/2003,1050.5,2658,10640
11/6/2003,1058.5,2647,10510
11/5/2003,1053.5,2624,10830
11/4/2003,1052.25,2628,10870
11/3/2003,1054.25,2645,
10/31/2003,1049.5,2585,10570
10/30/2003,1048.5,2581,10660
10/29/2003,1046.25,2566,10720
10/28/2003,1044.75,2562,10500
10/27/2003,1030.75,2522,10440
10/24/2003,1030,2480,10390
10/23/2003,1028.5,2511,10250
10/22/2003,1030.5,2501,10850
10/21/2003,1043.5,2579,11030
10/20/2003,1045.25,2569,11140
10/17/2003,1037.75,2542,10990
10/16/2003,1049.25,2580,11010
10/15/2003,1044.5,2577,10880
10/14/2003,1047.5,2564,10980
10/13/2003,1044.5,2569,
10/10/2003,1040.5,2526,10760
10/9/2003,1038.5,2542,10510
10/8/2003,1035,2483,10480
10/7/2003,1037.25,2473,10880
10/6/2003,1033.5,2511,10760
10/3/2003,1028.5,2529,10720
10/2/2003,1019.5,2438,10670
10/1/2003,1016.5,2456,10360
9/30/2003,994,2405,10250
9/29/2003,1004.25,2444,10170
9/26/2003,994.5,2449,10320
9/25/2003,997.75,2469,10270
9/24/2003,1007.25,2442,10460
9/23/2003,1025.5,2496,
9/22/2003,1021.25,2513,10440
9/19/2003,1039.6,2594.51,10920
9/18/2003,1039.25,2613,11080
9/17/2003,1027.25,2573,10940
9/16/2003,1029.5,2583,10900
9/15/2003,1014.5,2554,
9/12/2003,1018,2536,10710
9/11/2003,1016.75,2581,10550
9/10/2003,1013.5,2575,10840
9/9/2003,1024,2604,10940
9/8/2003,1030.5,2638,10680
9/5/2003,1022.25,2608,10650
9/4/2003,1028.25,2646,10650
9/3/2003,1027,2642,10710
9/2/2003,1022,2599,10750
9/1/2003,1012,2610,10660
8/29/2003,1007.75,2564,10330
8/28/2003,1001.25,2578,10240
8/27/2003,995.75,2566,10260
8/26/2003,995.5,2534,10360
8/25/2003,993.75,2577,10270
8/22/2003,992.5,2590,10300
8/21/2003,1002,2593,10340
8/20/2003,999,2574,10290
8/19/2003,1003,2572,10240
8/18/2003,998.75,2585,10030
8/15/2003,990.5,2561,9880
8/14/2003,987.75,2564,9890
8/13/2003,984.75,2497,9720
8/12/2003,990,2493,9600
8/11/2003,981.25,2478,9480
8/8/2003,978,2459,9320
8/7/2003,974.5,2437,9290
8/6/2003,965,2454,9340
8/5/2003,959.5,2484,9420
8/4/2003,980.25,2459,9440
8/1/2003,979.5,2486,9590
7/31/2003,989.25,2514,9570
7/30/2003,986.5,2490,9600
7/29/2003,989,2478,9840
7/28/2003,994,2481,9860
7/25/2003,996.75,2452,9670
7/24/2003,980.25,2473,9600
7/23/2003,987.5,2428,9630
7/22/2003,986.75,2438,9490
7/21/2003,978,2409,
7/18/2003,990.5,2464,9530
7/17/2003,980.75,2436,9510
7/16/2003,995,2488,9710
7/15/2003,1001,2498,9780
7/14/2003,1002.5,2520,9750
7/11/2003,997.25,2476,9600
7/10/2003,988.75,2437,9920
7/9/2003,1001,2471,10020
7/8/2003,1007.5,2490,9870
7/7/2003,1002.5,2497,9810
7/4/2003,,2418,9600
7/3/2003,982.5,2413,9560
7/2/2003,993,2435,9590
7/1/2003,981.25,2379,9280
6/30/2003,973.25,2427,9100
6/27/2003,973.25,2438,9110
6/26/2003,983.5,2459,8950
6/25/2003,972,2449,8960
6/24/2003,981.5,2463,8920
6/23/2003,981,2455,9140
6/20/2003,1001.56,2514,9090
6/19/2003,995.25,2479,9150
6/18/2003,1009.5,2527,9100
6/17/2003,1010.75,2506,9040
6/16/2003,1010.5,2497,8830
6/13/2003,989.75,2425,8980
6/12/2003,1000.5,2468,8950
6/11/2003,997.25,2444,8880
6/10/2003,986.75,2411,8800
6/9/2003,977,2390,8800
6/6/2003,987.75,2420,8790
6/5/2003,990.75,2359,8650
6/4/2003,986.25,2390,8600
6/3/2003,972.25,2349,8590
6/2/2003,968.25,2391,8590
5/30/2003,963.25,2332,8400
5/29/2003,949.25,2282,8380
5/28/2003,952,2295,8250
5/27/2003,949.5,2271,8120
5/26/2003,934.5,2242,8220
5/23/2003,932.25,2248,8200
5/22/2003,930.75,2259,8060
5/21/2003,922,2222,8010
5/20/2003,919.25,2234,8090
5/19/2003,922.5,2224,8060
5/16/2003,944.25,2354,8110
5/15/2003,946.25,2340,8130
5/14/2003,940.25,2297,8250
5/13/2003,942.75,2296,8220
5/12/2003,944.25,2305,8230
5/9/2003,932.25,2314,8130
5/8/2003,920.5,2253,8050
5/7/2003,929.5,2335,8080
5/6/2003,934.75,2388,8100
5/5/2003,926.25,2354,
5/2/2003,927.5,2317,7940
5/1/2003,915,,7850
4/30/2003,916,2292,7790
4/29/2003,916,2294,
4/28/2003,913.5,2327,7630
4/25/2003,898.5,2256,7710
4/24/2003,909.75,2297,7830
4/23/2003,917.5,2343,7800
4/22/2003,909.5,2344,7770
4/21/2003,893,,7980
4/18/2003,,,7870
4/17/2003,891.25,2305,7830
4/16/2003,878.75,2258,7890
4/15/2003,893.75,2285,7860
4/14/2003,886,2257,7770
4/11/2003,868.25,2205,7850
4/10/2003,871.75,2204,7980
4/9/2003,866.75,2224,8060
4/8/2003,878.25,2249,8100
4/7/2003,877,2294,8300
4/4/2003,878.5,2194,8090
4/3/2003,873.25,2123,7990
4/2/2003,877.25,2135,8070
4/1/2003,856.75,2024,8010
3/31/2003,847,2013,7880
3/28/2003,863,2090,8290
3/27/2003,867.5,2128,8330
3/26/2003,868,2127,8380
3/25/2003,872.25,2160,8200
3/24/2003,863.5,2088,8410
3/21/2003,887.16,2242.08,
3/20/2003,875.75,2178,8200
3/19/2003,873.5,2181,8050
3/18/2003,867.25,2175,7920
3/17/2003,862,2161,7760
3/14/2003,834.25,2034,7990
3/13/2003,833.25,1992,7900
3/12/2003,805.75,1840,7970
3/11/2003,800.25,1943,7840
3/10/2003,807.75,1926,8060
3/7/2003,828.5,1998,8110
3/6/2003,821.75,2024,8340
3/5/2003,829.5,2092,8480
3/4/2003,822.25,2096,8470
3/3/2003,835.5,2131,8520
2/28/2003,841,2131,8360
2/27/2003,838.2,2095,8390
2/26/2003,827.75,2066,8380
2/25/2003,839.75,2086,8350
2/24/2003,832.5,2159,8610
2/21/2003,847.25,2223,8520
2/20/2003,838.75,2177,8630
2/19/2003,846.75,2200,8630
2/18/2003,851.5,2283,8710
2/17/2003,841.25,2252,8770
2/14/2003,837,2202,8680
2/13/2003,819,2120,8600
2/12/2003,816.75,2136,8650
2/11/2003,829.75,2177,
2/10/2003,836,2141,8480
2/7/2003,830.5,2122,8490
2/6/2003,840.5,2166,8480
2/5/2003,844.5,2252,8580
2/4/2003,849.25,2197,8440
2/3/2003,858.5,2281,8480
1/31/2003,854.75,2254,8320
1/30/2003,840,2218,8280
1/29/2003,860.75,2221,8330
1/28/2003,854.5,2180,8520
1/27/2003,847.25,2151,8620
1/24/2003,860.25,2231,8740
1/23/2003,883,2290,8800
1/22/2003,877.5,2285,8610
1/21/2003,888.5,2332,8710
1/20/2003,903.75,2370,8510
1/17/2003,903,2376,8650
1/16/2003,916.5,2472,8560
1/15/2003,921,2488,8570
1/14/2003,929.25,2532,8550
1/13/2003,926.5,2510,
1/10/2003,926.5,2487,8450
1/9/2003,924.75,2485,8500
1/8/2003,910,2461,8510
1/7/2003,923.75,2531,8600
1/6/2003,926.5,2568,8710
1/3/2003,910,2512,
1/2/2003,907.5,2525,
12/31/2002,879,,
12/30/2002,877.5,2395,8520
12/27/2002,871.75,2360,8660
12/26/2002,890.75,,8670
12/25/2002,,,8510
12/24/2002,891.5,,8540
12/23/2002,897,2461,
12/20/2002,891.11,2454.9,8400
12/19/2002,886,2388,8390
12/18/2002,892.25,2434,8310
12/17/2002,902.75,2491,8540
12/16/2002,910.25,2530,8430
12/13/2002,887.5,2426,8500
12/12/2002,902,2451,8740
12/11/2002,902.25,2510,8700
12/10/2002,902,2496,8830
12/9/2002,889.5,2441,8840
12/6/2002,913.75,2548,8910
12/5/2002,908.5,2534,8890
12/4/2002,919,2586,8990
12/3/2002,923.75,2588,9200
12/2/2002,935.25,2652,9200
11/29/2002,936,2638,9160
11/28/2002,939.5,2683,9210
11/27/2002,938,2660,8900
11/26/2002,911.5,2548,8840
11/25/2002,929.75,2644,8880
11/22/2002,928.75,2661,8760
11/21/2002,935.5,2653,8660
11/20/2002,918.75,2578,8440
11/19/2002,898,2583,8350
11/18/2002,900,2582,8380
11/15/2002,909,2542,8530
11/14/2002,902.5,2536,8320
11/13/2002,885.75,2443,8410
11/12/2002,884.75,2466,8480
11/11/2002,877.75,2425,8460
11/8/2002,891.5,2446,8670
11/7/2002,902.5,2497,8900
11/6/2002,925.75,2586,9000
11/5/2002,914,2620,8960
11/4/2002,907.5,2605,
11/1/2002,898.5,2504,8720
10/31/2002,885.5,2518,8590
10/30/2002,889.75,2481,8780
10/29/2002,881.5,2400,8680
10/28/2002,891.75,2529,8780
10/25/2002,898.75,2468,8670
10/24/2002,880.5,2483,8590
10/23/2002,898.25,2418,8740
10/22/2002,891.5,2483,8700
10/21/2002,898.75,2605,8930
10/18/2002,883.25,2542,9090
10/17/2002,879,2557,8970
10/16/2002,862.25,2451,8870
10/15/2002,882.75,2500,8860
10/14/2002,841.5,2332,
10/11/2002,838.5,2403,8540
10/10/2002,802.5,2264,8440
10/9/2002,777.75,2165,8510
10/8/2002,801,2194,8710
10/7/2002,788.5,2229,8700
10/4/2002,805.75,2227,8960
10/3/2002,820.5,2300,8880
10/2/2002,830.5,2378,9070
10/1/2002,854,2333,9090
9/30/2002,815,2235,9290
9/27/2002,825.25,2287,9560
9/26/2002,854.5,2360,9320
9/25/2002,841.25,2307,9170
9/24/2002,820.75,2229,9270
9/23/2002,834.5,2235,
9/20/2002,846.24,2329.64,9450
9/19/2002,841.75,2327,9610
9/18/2002,863.75,2388,9570
9/17/2002,872.5,2494,9610
9/16/2002,893,2533,
9/13/2002,891,2550,9190
9/12/2002,889.25,2591,9420
9/11/2002,906,2706,9380
9/10/2002,911,2637,9310
9/9/2002,900.5,2582,9330
9/6/2002,894.5,2623,9110
9/5/2002,883.25,2511,9180
9/4/2002,889.75,2532,9080
9/3/2002,877.75,2501,9230
9/2/2002,908.5,2648,9500
8/30/2002,916,2724,9570
8/29/2002,916,2692,9590
8/28/2002,916.5,2745,9790
8/27/2002,936.5,2835,9940
8/26/2002,947.5,2796,10100
8/23/2002,941,2802,9880
8/22/2002,961,2863,9780
8/21/2002,952.25,2835,9580
8/20/2002,939.75,2777,9610
8/19/2002,949,2836,9600
8/16/2002,928,2736,9810
8/15/2002,930.5,2695,9770
8/14/2002,918,2629,9650
8/13/2002,885.25,2712,9690
8/12/2002,902.5,2675,9750
8/9/2002,907.75,2770,9990
8/8/2002,905.75,2734,9820
8/7/2002,876,2536,9880
8/6/2002,861,2582,9520
8/5/2002,834,2423,9730
8/2/2002,865,2519,9720
8/1/2002,884,2579,9770
7/31/2002,911.5,2682,9880
7/30/2002,905.5,2750,9980
7/29/2002,893.75,2765,9740
7/26/2002,853.75,2540,9650
7/25/2002,836.75,2481,9900
7/24/2002,844,2500,9930
7/23/2002,796.75,2460,10230
7/22/2002,819.75,2544,10140
7/19/2002,844,2698,10200
7/18/2002,875.5,2861,10390
7/17/2002,905,2829,10310
7/16/2002,903.25,2727,10240
7/15/2002,920.5,2703,10430
7/12/2002,917.25,2888,10610
7/11/2002,927,2926,10530
7/10/2002,919,2960,10730
7/9/2002,954,3088,10950
7/8/2002,978.25,3161,10780
7/5/2002,991,3222,10840
7/4/2002,952.5,3064,10650
7/3/2002,953.25,2951,10770
7/2/2002,947.5,3022,10680
7/1/2002,969.5,3141,10600
6/28/2002,990,3157,10580
6/27/2002,992,3046,10250
6/26/2002,974.75,2927,10120
6/25/2002,974.5,3007,10450
6/24/2002,997,2962,10420
6/21/2002,991.33,3083.52,10310
6/20/2002,1007,3049,10540
6/19/2002,1019.5,3097,10500
6/18/2002,1044.25,3181,10830
6/17/2002,1035.5,3215,10690
6/14/2002,1009,3037,10910
6/13/2002,1010.75,3160,11130
6/12/2002,1020.25,3178,11310
6/11/2002,1014.25,3260,11450
6/10/2002,1032,3224,11380
6/7/2002,1028.25,3213,11450
6/6/2002,1029.5,3286,11580
6/5/2002,1050.5,3260,11670
6/4/2002,1041.5,3266,11670
6/3/2002,1038.75,3370,11960
5/31/2002,1067.5,3421,11760
5/30/2002,1065.75,3358,11790
5/29/2002,1067.75,3462,11840
5/28/2002,1076.5,3466,11930
5/27/2002,1085.5,3505,11960
5/24/2002,1082.5,3483,11990
5/23/2002,1097,3469,11920
5/22/2002,1085,3469,11980
5/21/2002,1083,3501,11800
5/20/2002,1093.5,3518,11850
5/17/2002,1105.25,3542,11780
5/16/2002,1099,3549,11700
5/15/2002,1094.5,3596,11600
5/14/2002,1098.5,3558,11390
5/13/2002,1075.5,3500,11350
5/10/2002,1054,3409,11570
5/9/2002,1074,3500,11630
5/8/2002,1086.5,3531,11530
5/7/2002,1047.5,3437,11320
5/6/2002,1051.75,3450,
5/3/2002,1073,3464,
5/2/2002,1084.5,3521,11550
5/1/2002,1088.5,,11540
4/30/2002,1077.25,3561,11500
4/29/2002,1065,3505,
4/26/2002,1072,3516,11550
4/25/2002,1092.5,3539,11650
4/24/2002,1091.75,3605,11680
4/23/2002,1103.25,3630,11760
4/22/2002,1108.25,3634,11670
4/19/2002,1126.75,3697,11490
4/18/2002,1123,3656,11560
4/17/2002,1128,3713,11520
4/16/2002,1129.75,3724,11330
4/15/2002,1104.25,3635,11150
4/12/2002,1112,3596,11020
4/11/2002,1104,3560,11120
4/10/2002,1132,3638,11220
4/9/2002,1120.5,3582,11150
4/8/2002,1127.5,3579,11330
4/5/2002,1125.5,3631,11350
4/4/2002,1125.75,3663,11420
4/3/2002,1130.25,3718,11370
4/2/2002,1138,3720,11180
4/1/2002,1144.5,,11070
3/29/2002,,,11100
3/28/2002,1149.25,3729,11310
3/27/2002,1145,3717,11260
3/26/2002,1142,3706,11150
3/25/2002,1135.75,3690,11220
3/22/2002,1149.5,3729,11300
3/21/2002,1152.75,3693,
3/20/2002,1152.25,3714,11500
3/19/2002,1174.25,3786,11750
3/18/2002,1167.25,3761,11500
3/15/2002,1158.6,3712.79,11590
3/14/2002,1153,3709,11510
3/13/2002,1154.5,3685,11370
3/12/2002,1166.75,3729,11640
3/11/2002,1166.25,3778,11950
3/8/2002,1163.75,3801,11900
3/7/2002,1159.25,3751,11720
3/6/2002,1162.5,3766,11390
3/5/2002,1149,3722,11450
3/4/2002,1151.75,3743,11340
3/1/2002,1132.5,3667,10840
2/28/2002,1107,3639,10600
2/27/2002,1111.5,3582,10560
2/26/2002,1108,3535,10230
2/25/2002,1109.5,3526,10300
2/22/2002,1091.75,3428,10300
2/21/2002,1079,3499,10280
2/20/2002,1101,3452,9830
2/19/2002,1083.75,3454,9790
2/18/2002,1104.75,3536,10100
2/15/2002,1104.75,3540,10070
2/14/2002,1116.75,3624,10050
2/13/2002,1118.75,3585,9980
2/12/2002,1107.5,3550,9840
2/11/2002,1110.25,3561,
2/8/2002,1096.5,3524,9700
2/7/2002,1077,3527,9530
2/6/2002,1083.25,3494,9460
2/5/2002,1089,3541,9500
2/4/2002,1095.25,3642,9670
2/1/2002,1123.5,3698,9780
1/31/2002,1130.5,3679,9930
1/30/2002,1115.5,3641,9900
1/29/2002,1100.5,3703,10020
1/28/2002,1135.5,3759,10230
1/25/2002,1133.25,3717,10150
1/24/2002,1133.25,3729,9990
1/23/2002,1129,3650,10060
1/22/2002,1121.3,3630,10050
1/21/2002,,3616,10230
1/18/2002,1129,3656,10230
1/17/2002,1134.25,3654,10170
1/16/2002,1126,3594,10260
1/15/2002,1149,3661,10280
1/14/2002,1140.25,3608,
1/11/2002,1147.75,3719,10470
1/10/2002,1159,3677,10590
1/9/2002,1154.5,3745,10670
1/8/2002,1163.25,3740,10680
1/7/2002,1166.75,3767,10840
1/4/2002,1175.25,3835,10830
1/3/2002,1166.5,3860,
1/2/2002,1154,3768,
12/31/2001,1149.2,,
12/28/2001,1159.25,3832,10460
12/27/2001,1159.5,3803,10460
12/26/2001,1153,,10130
12/25/2001,,,10180
12/24/2001,1147.2,,
12/21/2001,1147.3,3673.04,10290
12/20/2001,1141,3615,10480
12/19/2001,1151.75,3658,10430
12/18/2001,1144.25,3689,10430
12/17/2001,1136.75,3708,10340
12/14/2001,1125.25,3553,10520
12/13/2001,1115.75,3614,10470
12/12/2001,1138,3685,10780
12/11/2001,1136.5,3739,10550
12/10/2001,1139.25,3726,10610
12/7/2001,1160.5,3802,10800
12/6/2001,1168.5,3843,10850
12/5/2001,1168.75,3835,10750
12/4/2001,1147.75,3698,10450
12/3/2001,1129.5,3645,10390
11/30/2001,1140,3663,10660
11/29/2001,1144.5,3634,10650
11/28/2001,1129.25,3646,10670
11/27/2001,1150.5,3673,10920
11/26/2001,1155.25,3766,11030
11/23/2001,1152.75,3779,
11/22/2001,1140.5,3786,10680
11/21/2001,1137,3739,10660
11/20/2001,1144.25,3765,10620
11/19/2001,1154,3811,10730
11/16/2001,1140,3762,10570
11/15/2001,1145.25,3719,10550
11/14/2001,1143.5,3730,10170
11/13/2001,1141.75,3734,10120
11/12/2001,1116.75,3560,10090
11/9/2001,1123.5,3676,10210
11/8/2001,1123.5,3728,10390
11/7/2001,1119.5,3645,10280
11/6/2001,1121,3611,10660
11/5/2001,1103.75,3630,10450
11/2/2001,1089.5,3510,10380
11/1/2001,1082,3525,10350
10/31/2001,1060.75,3481,10380
10/30/2001,1059.25,3421,10510
10/29/2001,1073,3551,10670
10/26/2001,1102,3628,10800
10/25/2001,1102.75,3534,10920
10/24/2001,1085,3627,10750
10/23/2001,1088.25,3608,10830
10/22/2001,1093.5,3498,10560
10/19/2001,1072.5,3418,10490
10/18/2001,1073,3481,10430
10/17/2001,1076,3567,10750
10/16/2001,1099.5,3473,10590
10/15/2001,1092.5,3403,10460
10/12/2001,1094,3532,10600
10/11/2001,1099.75,3531,10320
10/10/2001,1083.25,3495,9960
10/9/2001,1059.5,3378,9950
10/8/2001,1065.25,3376,
10/5/2001,1071.75,3353,10110
10/4/2001,1074.5,3430,10180
10/3/2001,1074.5,3274,9910
10/2/2001,1055.5,3259,10130
10/1/2001,1043.25,3221,9980
9/28/2001,1043.75,3320,9650
9/27/2001,1022.5,3202,9680
9/26/2001,1014.5,3179,9620
9/25/2001,1018.25,3133,9720
9/24/2001,1007.5,3093,
9/21/2001,939.57,2852.99,9520
9/20/2001,981.5,2976,9700
9/19/2001,1013.5,3115,9940
9/18/2001,1035.5,3189,9670
9/17/2001,1039,3215,9450
9/14/2001,,3086,9940
9/13/2001,,3299,9640
9/12/2001,,3264,9320
9/11/2001,1073.25,3140,10320
9/10/2001,1095.75,3451,10190
9/7/2001,1083.25,3448,10480
9/6/2001,1103.5,3544,10620
9/5/2001,1133.5,3649,10610
9/4/2001,1131,3748,10700
9/3/2001,1134.25,3705,10370
8/31/2001,1135,3745,10700
8/30/2001,1129.25,3736,10880
8/29/2001,1152.4,3848,10990
8/28/2001,1163.6,3825,11220
8/27/2001,1180.5,3898,11240
8/24/2001,1187.5,3918,11180
8/23/2001,1163.5,3826,11120
8/22/2001,1167.25,3802,11400
8/21/2001,1156.25,3812,11310
8/20/2001,1175.75,3768,11240
8/17/2001,1165.5,3768,11430
8/16/2001,1184.75,3860,11520
8/15/2001,1180.75,3887,11710
8/14/2001,1192.25,3939,11930
8/13/2001,1192.5,3889,11500
8/10/2001,1191.25,3831,11770
8/9/2001,1187.75,3890,11740
8/8/2001,1185.5,3987,12150
8/7/2001,1207.75,4052,12290
8/6/2001,1203,4070,12230
8/3/2001,1220,4056,12210
8/2/2001,1226,4084,12410
8/1/2001,1221.5,4124,11990
7/31/2001,1215.25,4103,11870
7/30/2001,1209.75,4079,11560
7/27/2001,1209.75,4015,11810
7/26/2001,1205.5,3915,11800
7/25/2001,1191.5,3862,11860
7/24/2001,1178.25,3946,11830
7/23/2001,1192,3997,11570
7/20/2001,1215,3980,
7/19/2001,1223,4008,11920
7/18/2001,1212.25,3923,11880
7/17/2001,1220.5,4013,12130
7/16/2001,1210.5,4045,12320
7/13/2001,1225.25,4073,12340
7/12/2001,1214.25,4029,12410
7/11/2001,1185.25,3974,12020
7/10/2001,1186.5,4052,12260
7/9/2001,1200.25,4106,12250
7/6/2001,1193.8,4083,12270
7/5/2001,1222.3,4211,12610
7/4/2001,1238,4243,12620
7/3/2001,1245.6,4272,12820
7/2/2001,1245.9,4354,12770
6/29/2001,1231.7,4290,12920
6/28/2001,1227,4207,12690
6/27/2001,1219,4160,12790
6/26/2001,1220.5,4166,12980
6/25/2001,1223.5,4255,12840
6/22/2001,1235,4235,13050
6/21/2001,1243,4205,13000
6/20/2001,1229.25,4227,12630
6/19/2001,1224,4234,12550
6/18/2001,1219.75,4193,12670
6/15/2001,1206.88,4254.65,12800
6/14/2001,1214,4281,12820
6/13/2001,1243.25,4350,12920
6/12/2001,1254.5,4287,12830
6/11/2001,1256,4426,13220
6/8/2001,1266.5,4452,13510
6/7/2001,1276.5,4447,13270
6/6/2001,1274,4452,13150
6/5/2001,1284.5,4505,13100
6/4/2001,1269.25,4458,13280
6/1/2001,1265,4409,13210
5/31/2001,1257.5,4417,13300
5/30/2001,1250,4413,13480
5/29/2001,1268.5,4485,13820
5/28/2001,1282.75,4517,13770
5/25/2001,1279,4499,13840
5/24/2001,1294.5,4547,13890
5/23/2001,1290.5,4532,14060
5/22/2001,1312.75,4583,14060
5/21/2001,1314.5,4568,14210
5/18/2001,1295.5,4541,13900
5/17/2001,1291.5,4497,14000
5/16/2001,1288.5,4431,13760
5/15/2001,1257.5,4452,14090
5/14/2001,1252,4417,13900
5/11/2001,1251.75,4453,14110
5/10/2001,1261.5,4512,14010
5/9/2001,1257.75,4399,14180
5/8/2001,1263.5,4440,14300
5/7/2001,1263.5,4430,14560
5/4/2001,1273.25,4415,
5/3/2001,1254.25,4374,
5/2/2001,1271,4483,14340
5/1/2001,1272.25,,14380
4/30/2001,1254.25,4516,
4/27/2001,1258.5,4467,13960
4/26/2001,1240.5,4395,13940
4/25/2001,1232,4335,13850
4/24/2001,1216.5,4355,13830
4/23/2001,1226,4318,13710
4/20/2001,1250.75,4354,13820
4/19/2001,1258.75,4405,13910
4/18/2001,1246.25,4430,13810
4/17/2001,1195.5,4273,13020
4/16/2001,1182,,13260
4/13/2001,,,13360
4/12/2001,1192.25,4308,13340
4/11/2001,1173.25,4328,13120
4/10/2001,1172,4276,12680
4/9/2001,1150.25,4188,12810
4/6/2001,1140.25,4132,13320
4/5/2001,1155,4137,13440
4/4/2001,1112.5,4055,13220
4/3/2001,1108.5,3993,13230
4/2/2001,1150.25,4179,13120
3/30/2001,1169.25,4134,12980
3/29/2001,1161.5,4137,13050
3/28/2001,1159.5,4139,13720
3/27/2001,1190,4217,13560
3/26/2001,1167,4135,13760
3/23/2001,1153.5,3977,13210
3/22/2001,1119.5,3851,12680
3/21/2001,1132,4055,13000
3/20/2001,1152.5,4149,
3/19/2001,1180.5,4083,12000
3/16/2001,1156.28,4163.28,12230
3/15/2001,1173.25,4180,12160
3/14/2001,1169.25,4117,11730
3/13/2001,1197.25,4178,11780
3/12/2001,1179,4217,12150
3/9/2001,1231,4321,12630
3/8/2001,1266.25,4380,12660
3/7/2001,1265.25,4421,12720
3/6/2001,1257,4433,12710
3/5/2001,1243.75,4345,12290
3/2/2001,1235.25,4298,12210
3/1/2001,1243.5,4293,12680
2/28/2001,1242,4309,12880
2/27/2001,1264,4342,13010
2/26/2001,1273.5,4332,13250
2/23/2001,1247.5,4265,13260
2/22/2001,1257.5,4331,13110
2/21/2001,1256.5,4423,13130
2/20/2001,1285.25,4489,13220
2/19/2001,1305,4521,13170
2/16/2001,1305.5,4543,13180
2/15/2001,1333,4629,13330
2/14/2001,1319.75,4574,13290
2/13/2001,1326,4659,13280
2/12/2001,1333.5,4663,
2/9/2001,1321.5,4594,13490
2/8/2001,1335,4664,13190
2/7/2001,1349.5,4662,13360
2/6/2001,1356.25,4730,13330
2/5/2001,1362,4697,13390
2/2/2001,1353.25,4680,13750
2/1/2001,1382.5,4736,13700
1/31/2001,1373,4810,13860
1/30/2001,1382,4750,13820
1/29/2001,1370,4800,13890
1/26/2001,1363.25,4795,13740
1/25/2001,1364.5,4819,13810
1/24/2001,1370.25,4815,13830
1/23/2001,1366,4760,13990
1/22/2001,1358.5,4773,14010
1/19/2001,1348.5,4762,14060
1/18/2001,1356,4789,13870
1/17/2001,1341.75,4832,13700
1/16/2001,1335.5,4720,13590
1/15/2001,1331.5,4788,13490
1/12/2001,1330.25,4804,13360
1/11/2001,1334.5,4728,13240
1/10/2001,1327,4653,13410
1/9/2001,1309.5,4678,13570
1/8/2001,1309.5,4751,
1/5/2001,1304.5,4744,13810
1/4/2001,1348.25,4820,13650
1/3/2001,1359.25,4650,
1/2/2001,1299.75,4738,
12/29/2000,1335,4812,13760
12/28/2000,1353.25,4825,13910
12/27/2000,1350.5,4788,13900
12/26/2000,1337,,13990
12/25/2000,,,13950
12/22/2000,1326.75,4705,13520
12/21/2000,1288,4666,13250
12/20/2000,1279.5,4668,13900
12/19/2000,1318,4893,14200
12/18/2000,1346.5,4798,14600
12/15/2000,1326,4751.83,14570
12/14/2000,1338.5,4817,14930
12/13/2000,1357.5,4886,15260
12/12/2000,1379,4970,15110
12/11/2000,1382.5,4994,15100
12/8/2000,1337.75,4910,14730
12/7/2000,1336.75,4932,14670
12/6/2000,1354,4954,14870
12/5/2000,1374.25,4940,14720
12/4/2000,1330.5,4733,14880
12/1/2000,1320.5,4858,14940
11/30/2000,1321.5,4804,14630
11/29/2000,1335.25,4927,14500
11/28/2000,1338.5,4891,14660
11/27/2000,1358.75,4968,14760
11/24/2000,1346.5,4977,14290
11/23/2000,1329,4875,
11/22/2000,1323,4788,14230
11/21/2000,1355.75,4915,14350
11/20/2000,1347,4853,14580
11/17/2000,1370.5,4963,14630
11/16/2000,1379.25,5026,14640
11/15/2000,1397.5,5070,14800
11/14/2000,1394.5,5040,14740
11/13/2000,1358.75,4849,14590
11/10/2000,1372.5,4953,14990
11/9/2000,1403.25,5048,14970
11/8/2000,1413.25,5088,15350
11/7/2000,1444,5119,15300
11/6/2000,1446.5,5103,15420
11/3/2000,1436.25,5129,
11/2/2000,1435,5131,14830
11/1/2000,1432,5130,14910
10/31/2000,1440.25,5111,14500
10/30/2000,1411.2,5027,14480
10/27/2000,1401,5006,14640
10/26/2000,1371.25,4945,14810
10/25/2000,1374,5026,14770
10/24/2000,1403,5083,15150
10/23/2000,1417.25,4963,15070
10/20/2000,1411,4934,15250
10/19/2000,1401,4895,14820
10/18/2000,1352.8,4672,14850
10/17/2000,1359.8,4795,15350
10/16/2000,1391.5,4836,15540
10/13/2000,1385.5,4817,15310
10/12/2000,1344.5,4760,15510
10/11/2000,1378.75,4770,15400
10/10/2000,1391,4916,15840
10/9/2000,1416.5,4874,
10/6/2000,1426.75,4980,16000
10/5/2000,1456,5042,16080
10/4/2000,1450.25,5009,16220
10/3/2000,1441.5,5072,15930
10/2/2000,1456.25,5022,15880
9/29/2000,1453.75,4967,15760
9/28/2000,1476,4982,15690
9/27/2000,1447,4995,15700
9/26/2000,1443,4982,15970
9/25/2000,1461,5042,16000
9/22/2000,1468.5,5000,15780
9/21/2000,1469.5,4957,16250
9/20/2000,1469,5099,16390
9/19/2000,1478.5,5172,16090
9/18/2000,1467.25,5186,16070
9/15/2000,1483.5,5190.23,
9/14/2000,1481.25,5225,16160
9/13/2000,1485.5,5143,16200
9/12/2000,1482,5238,16080
9/11/2000,1491.75,5249,16070
9/8/2000,1496.5,5230,16500
9/7/2000,1506.5,5336,16450
9/6/2000,1494,5292,16450
9/5/2000,1512.25,5342,16400
9/4/2000,1526.75,5403,16740
9/1/2000,1523.25,5323,16720
8/31/2000,1521.25,5174,16850
8/30/2000,1503.5,5170,16900
8/29/2000,1518.25,5209,17120
8/28/2000,1518.75,5215,17150
8/25/2000,1513.5,5190,16950
8/24/2000,1515.25,5121,16660
8/23/2000,1510.25,5185,16390
8/22/2000,1507.5,5193,16460
8/21/2000,1506.75,5197,16040
8/18/2000,1500.75,5186,16300
8/17/2000,1503.5,5212,16100
8/16/2000,1491.5,5245,16370
8/15/2000,1494.75,5213,16260
8/14/2000,1498,5238,16130
8/11/2000,1478.5,5192,16200
8/10/2000,1474.25,5214,15980
8/9/2000,1481,5187,16050
8/8/2000,1491.75,5139,15840
8/7/2000,1486.25,5112,16010
8/4/2000,1471.75,5081,15730
8/3/2000,1461.5,5011,15710
8/2/2000,1452.5,5130,16180
8/1/2000,1447.5,5133,16140
7/31/2000,1439,5168,15870
7/28/2000,1432,5080,15750
7/27/2000,1463.75,5144,16080
7/26/2000,1469,5254,16470
7/25/2000,1484.5,5233,16550
7/24/2000,1481.5,5283,16520
7/21/2000,1489.5,5274,16750
7/20/2000,1516.25,5340,
7/19/2000,1500.25,5333,16930
7/18/2000,1511.5,5365,16890
7/17/2000,1522,5384,17280
7/14/2000,1524,5359,17090
7/13/2000,1509.5,5336,17030
7/12/2000,1505.75,5299,17290
7/11/2000,1494.75,5282,17480
7/10/2000,1491.5,5282,17600
7/7/2000,1494.75,5284,17330
7/6/2000,1473.75,5195,17280
7/5/2000,1463.25,5202,17470
7/4/2000,1487,5243,17470
7/3/2000,1490.5,5227,17540
6/30/2000,1468,5197,17410
6/29/2000,1458,5106,17480
6/28/2000,1471.25,5262,17350
6/27/2000,1471,5258,17360
6/26/2000,1479,5290,16950
6/23/2000,1463.5,5268,17000
6/22/2000,1476.3,5285,17130
6/21/2000,1498.5,5306,17110
6/20/2000,1499,5370,16900
6/19/2000,1504.5,5319,16670
6/16/2000,1488,5328.58,16370
6/15/2000,1475,5350,16340
6/14/2000,1475.25,5397,16560
6/13/2000,1472,5307,16860
6/12/2000,1446.75,5291,16980
6/9/2000,1462,5300,16780
6/8/2000,1466.5,5283,16900
6/7/2000,1472,5273,17170
6/6/2000,1463,5315,17160
6/5/2000,1470.5,5390,17230
6/2/2000,1476,5428,16820
6/1/2000,1451.5,5322,16710
5/31/2000,1422.25,5204,16340
5/30/2000,1427.25,5162,16300
5/29/2000,1387,5093,16250
5/26/2000,1381.25,5039,15990
5/25/2000,1389,5016,16240
5/24/2000,1401.75,4911,15930
5/23/2000,1382.5,4972,16220
5/22/2000,1403.75,4955,16300
5/19/2000,1415,5043,16800
5/18/2000,1442,5240,17000
5/17/2000,1456.75,5230,17360
5/16/2000,1471.75,5340,17560
5/15/2000,1457.75,5190,17280
5/12/2000,1430.75,5253,17280
5/11/2000,1415,5193,16810
5/10/2000,1387.75,5064,17740
5/9/2000,1419.75,5153,17800
5/8/2000,1430,5268,18160
5/5/2000,1439,5345,
5/4/2000,1423.25,5304,
5/3/2000,1422.5,5285,
5/2/2000,1450.5,5448,18470
5/1/2000,1477,,18430
4/28/2000,1460,5308,18100
4/27/2000,1467.25,5157,18090
4/26/2000,1475.5,5233,18080
4/25/2000,1489.25,5173,18170
4/24/2000,1437,,18480
4/21/2000,,,18770
4/20/2000,1447.25,5124,19160
4/19/2000,1440.25,5060,19120
4/18/2000,1452.75,5084,18730
4/17/2000,1412.75,5000,19000
4/14/2000,1367.5,4991,20500
4/13/2000,1456,5185,20530
4/12/2000,1476.75,5166,20770
4/11/2000,1519,5153,20570
4/10/2000,1521.5,5294,20640
4/7/2000,1529,5264,20440
4/6/2000,1516.5,5192,20240
4/5/2000,1505.5,5041,20500
4/4/2000,1519.5,5180,20610
4/3/2000,1528.25,5130,20710
3/31/2000,1515.25,5232,20400
3/30/2000,1504.25,5229,20430
3/29/2000,1530.5,5416,20670
3/28/2000,1530.25,5421,20480
3/27/2000,1538.5,5389,20150
3/24/2000,1555.5,5386,19840
3/23/2000,1544,5270,19640
3/22/2000,1517.5,5268,19670
3/21/2000,1507.5,5289,19520
3/20/2000,1478,5310,
3/17/2000,1489,5323,19440
3/16/2000,1459,5187,19210
3/15/2000,1395.25,5083,18970
3/14/2000,1362.25,5230,18990
3/13/2000,1383.5,5227,19140
3/10/2000,1399.5,5424,19840
3/9/2000,1404.25,5362,19680
3/8/2000,1366.25,5363,19790
3/7/2000,1351.75,5425,19940
3/6/2000,1395,5476,19820
3/3/2000,1410.75,5465,19940
3/2/2000,1385,5425,20060
3/1/2000,1385,5250,20050
2/29/2000,1372,5210,19950
2/28/2000,1347.75,5125,19770
2/25/2000,1338,5241,19810
2/24/2000,1355.25,5095,19640
2/23/2000,1365.25,5105,19520
2/22/2000,1349,5069,19450
2/21/2000,,5055,19580
2/18/2000,1353.25,5120,19840
2/17/2000,1385.5,5129,19780
2/16/2000,1392.75,5104,19700
2/15/2000,1410,5044,19400
2/14/2000,1398.75,5151,19690
2/11/2000,1396.75,5265,
2/10/2000,1419.25,5177,19790
2/9/2000,1418.25,5171,19990
2/8/2000,1446.25,5192,19870
2/7/2000,1427.25,5058,19950
2/4/2000,1431.5,5120,19840
2/3/2000,1436.5,5053,19830
2/2/2000,1415.5,4924,19660
2/1/2000,1416.75,4830,19450
1/31/2000,1401,4687,19500
1/28/2000,1366.5,4763,19380
1/27/2000,1409.75,4832,19180
1/26/2000,1415.5,4733,19100
1/25/2000,1418.5,4690,18930
1/24/2000,1411.75,4700,19050
1/21/2000,1454.25,4710,18760
1/20/2000,1456.25,4792,19060
1/19/2000,1472.5,4769,18930
1/18/2000,1469.5,4781,19150
1/17/2000,,4927,19300
1/14/2000,1478,4897,18850
1/13/2000,1459,4711,18920
1/12/2000,1442,4664,18620
1/11/2000,1454.25,4708,18830
1/10/2000,1475,4747,
1/7/2000,1459.75,4684,18170
1/6/2000,1404,4535,17900
1/5/2000,1413.5,4562,18380
1/4/2000,1411.75,4672,18990
1/3/2000,1466.75,4862,
12/31/1999,1484.25,,
12/30/1999,1480.75,4958,18830
12/29/1999,1482.25,4852,18750
12/28/1999,1478.75,4808,18780
12/27/1999,1477.75,4824,18600
12/24/1999,,,18660
12/23/1999,1480.5,4792,
12/22/1999,1457.5,4692,18460
12/21/1999,1454.5,4588,18170
12/20/1999,1435,4640,18120
12/17/1999,1444.25,4566.81,18140
12/16/1999,1417.5,4510,18100
12/15/1999,1409.25,4484,18060
12/14/1999,1405.5,4517,18140
12/13/1999,1417,4489,18120
12/10/1999,1416.75,4457,18260
12/9/1999,1410.5,4530,18200
12/8/1999,1405.5,4506,18400
12/7/1999,1415.75,4500,18600
12/6/1999,1425.5,4505,18570
12/3/1999,1437.75,4447,18500
12/2/1999,1412.25,4353,18500
12/1/1999,1402.5,4346,18600
11/30/1999,1391.5,4342,18550
11/29/1999,1410.5,4362,18820
11/26/1999,1414.5,4389,18940
11/25/1999,1427.25,4355,18750
11/24/1999,1421.5,4238,18820
11/23/1999,1412,4238,
11/22/1999,1427.25,4215,18810
11/19/1999,1428,4305,18650
11/18/1999,1428.5,4290,18610
11/17/1999,1418,4247,18280
11/16/1999,1431,4216,18160
11/15/1999,1403,4191,18270
11/12/1999,1402.75,4138,18300
11/11/1999,1388,4135,18300
11/10/1999,1380,4070,18590
11/9/1999,1372,4052,18260
11/8/1999,1383.25,4036,18180
11/5/1999,1384,4033,18340
11/4/1999,1368.5,4010,18360
11/3/1999,1360.5,3960,
11/2/1999,1352.5,3940,18010
11/1/1999,1362.5,3942,17950
10/29/1999,1376.25,3936,17970
10/28/1999,1350.5,3905,17450
10/27/1999,1305.5,3795,17360
10/26/1999,1285.5,3812,17710
10/25/1999,1301,3768,17680
10/22/1999,1307.25,3798,17430
10/21/1999,1296,3705,17370
10/20/1999,1292.5,3720,17520
10/19/1999,1274.5,3724,17260
10/18/1999,1265.75,3623,17330
10/15/1999,1256.5,3643,17600
10/14/1999,1290,3714,17890
10/13/1999,1289.5,3732,17820
10/12/1999,1326,3763,18130
10/11/1999,1347,3808,
10/8/1999,1346.75,3805,18140
10/7/1999,1329,3808,18090
10/6/1999,1334.75,3766,17920
10/5/1999,1315.75,3753,17810
10/4/1999,1318.75,3738,17770
10/1/1999,1294,3653,17680
9/30/1999,1298.25,3676,17610
9/29/1999,1280,3684,17250
9/28/1999,1294.25,3702,17310
9/27/1999,1296.25,3750,16790
9/24/1999,1289.25,3703,16720
9/23/1999,1291,3760,
9/22/1999,1321.75,3745,17220
9/21/1999,1322,3749,17740
9/20/1999,1348.75,3802,17570
9/17/1999,1351.5,3790.42,17240
9/16/1999,1319.25,3775,17130
9/15/1999,1317.25,3780,
9/14/1999,1337.5,3824,17590
9/13/1999,1347,3860,17850
9/10/1999,1352.5,3896,17690
9/9/1999,1345,3862,17770
9/8/1999,1346,3827,17620
9/7/1999,1352.5,3826,17720
9/6/1999,1363.75,3855,17790
9/3/1999,1362.5,3819,17600
9/2/1999,1320.25,3717,17670
9/1/1999,1334,3799,17770
8/31/1999,1319.75,3768,17570
8/30/1999,1326,3840,17920
8/27/1999,1351.5,3864,17680
8/26/1999,1367.75,3856,17670
8/25/1999,1383,3871,17820
8/24/1999,1370.5,3795,18100
8/23/1999,1366.75,3767,18300
8/20/1999,1340.75,3714,18200
8/19/1999,1327,3680,17970
8/18/1999,1334.5,3742,17930
8/17/1999,1347,3756,17820
8/16/1999,1339.5,3726,17850
8/13/1999,1333,3737,17440
8/12/1999,1304.75,3648,17450
8/11/1999,1304,3540,17190
8/10/1999,1290.5,3532,17150
8/9/1999,1303.5,3600,17190
8/6/1999,1306,3531,17110
8/5/1999,1321.25,3504,17250
8/4/1999,1309,3600,17620
8/3/1999,1328.75,3614,17930
8/2/1999,1336.25,3650,17860
7/30/1999,1331.75,3635,17690
7/29/1999,1349.75,3570,17960
7/28/1999,1367.75,3686,17670
7/27/1999,1363.75,3685,17470
7/26/1999,1354.75,3680,17460
7/23/1999,1362.75,3720,17470
7/22/1999,1367.75,3774,17670
7/21/1999,1385.5,3796,18240
7/20/1999,1387.5,3863,
7/19/1999,1418,3950,18510
7/16/1999,1427.5,3952,18260
7/15/1999,1419.5,3958,18440
7/14/1999,1409.25,3924,18330
7/13/1999,1403.75,3915,18170
7/12/1999,1409,3975,18240
7/9/1999,1414,3975,17860
7/8/1999,1405,3956,17920
7/7/1999,1404.5,3972,18000
7/6/1999,1403.25,3988,18110
7/5/1999,1409.5,3996,18150
7/2/1999,1406,3913,17990
7/1/1999,1392.1,3881,17900
6/30/1999,1381.75,3803,17560
6/29/1999,1356.75,3799,17840
6/28/1999,1344,3785,17670
6/25/1999,1329,3778,17480
6/24/1999,1332.75,3770,17670
6/23/1999,1342.25,3825,17590
6/22/1999,1349.25,3880,17780
6/21/1999,1360,3898,17730
6/18/1999,1356.75,3839.81,17490
6/17/1999,1341.5,3812,17500
6/16/1999,1329.25,3778,17180
6/15/1999,1305,3742,17250
6/14/1999,1296.25,3725,17210
6/11/1999,1294.5,3758,17060
6/10/1999,1307.5,3700,17110
6/9/1999,1318.5,3739,16630
6/8/1999,1321.25,3727,16570
6/7/1999,1332.25,3722,16500
6/4/1999,1329.5,3680,16280
6/3/1999,1305,,16190
6/2/1999,1296.25,3619,16360
6/1/1999,1295.5,3611,16460
5/31/1999,1300,3626,16060
5/28/1999,1296.75,3596,15930
5/27/1999,1286,3579,16080
5/26/1999,1304.5,3626,16200
5/25/1999,1284.5,3631,16240
5/24/1999,1312.5,,16390
5/21/1999,1334.75,3683,16290
5/20/1999,1342.5,3679,16200
5/19/1999,1349.25,3634,16140
5/18/1999,1341.25,3595,16410
5/17/1999,1341,3555,16440
5/14/1999,1340.25,3619,16830
5/13/1999,1375,,16930
5/12/1999,1369,3666,17000
5/11/1999,1358.25,3690,16720
5/10/1999,1347,3667,16980
5/7/1999,1352.25,3662,17010
5/6/1999,1342.25,3671,17300
5/5/1999,1352,3690,
5/4/1999,1343,3740,
5/3/1999,1359.25,3751,
4/30/1999,1337.75,3740,16730
4/29/1999,1347.5,3707,
4/28/1999,1359,3716,16980
4/27/1999,1376.5,3726,16990
4/26/1999,1371.5,3670,16990
4/23/1999,1365,3648,16960
4/22/1999,1369,3652,16640
4/21/1999,1351.75,3620,16430
4/20/1999,1315,3600,16740
4/19/1999,1301,3699,16620
4/16/1999,1323.75,3638,16790
4/15/1999,1332,3635,16730
4/14/1999,1339.25,3684,16740
4/13/1999,1362.25,3710,16740
4/12/1999,1372,3679,16560
4/9/1999,1358.25,3681,16850
4/8/1999,1355.5,3650,16780
4/7/1999,1338.5,3640,16500
4/6/1999,1330.5,3670,16450
4/5/1999,1333.5,,16380
4/2/1999,1302.75,,16370
4/1/1999,1302.75,3579,16330
3/31/1999,1293.25,3547,15750
3/30/1999,1315.75,3527,15850
3/29/1999,1315.75,3540,16010
3/26/1999,1297,3490,15980
3/25/1999,1304,3536,16090
3/24/1999,1279.5,3459,15530
3/23/1999,1272.25,3510,15980
3/22/1999,1311.25,3611,
3/19/1999,1309.5,3643.1,16350
3/18/1999,1318.5,3587,15780
3/17/1999,1299,3580,16160
3/16/1999,1306,3606,15880
3/15/1999,1306.5,3587,15770
3/12/1999,1291.25,3582,15470
3/11/1999,1304.5,3530,15540
3/10/1999,1289,3493,15430
3/9/1999,1279.75,3499,15080
3/8/1999,1283.25,3497,14770
3/5/1999,1279.5,3544,14850
3/4/1999,1249.75,3440,14200
3/3/1999,1234,3385,14160
3/2/1999,1229.5,3459,13910
3/1/1999,1239,3448,14300
2/26/1999,1235.5,3499,14400
2/25/1999,1241.5,3480,14510
2/24/1999,1253.25,3578,14330
2/23/1999,1275.5,3550,14430
2/22/1999,1274.5,3480,14320
2/19/1999,1243.5,3413,14110
2/18/1999,1238.5,3385,14090
2/17/1999,1229.25,3360,14150
2/16/1999,1242.25,3408,14230
2/15/1999,1238.75,3429,14030
2/12/1999,1238.25,3420,13970
2/11/1999,1262.5,3390,
2/10/1999,1226,3325,13960
2/9/1999,1219,3370,13860
2/8/1999,1247.25,3468,14010
2/5/1999,1243.5,3503,13790
2/4/1999,1259.25,3488,14150
2/3/1999,1278.5,3496,14220
2/2/1999,1265.25,3552,14300
2/1/1999,1274.25,3638,14480
1/29/1999,1281.5,3585,14630
1/28/1999,1265.75,3545,14250
1/27/1999,1249,3481,14420
1/26/1999,1265.5,3460,14350
1/25/1999,1243.5,3438,14150
1/22/1999,1232.5,3422,14130
1/21/1999,1233,3592,14300
1/20/1999,1268.25,3637,13980
1/19/1999,1257,3550,13820
1/18/1999,1257,3550,13790
1/15/1999,1248.5,3496,
1/14/1999,1219,3370,13700
1/13/1999,1239,3411,13440
1/12/1999,1251,3526,13380
1/11/1999,1273.75,3570,13440
1/8/1999,1288,3675,13320
1/7/1999,1277.75,3690,13500
1/6/1999,1280.25,3750,13500
1/5/1999,1253.25,3650,13190
1/4/1999,1241,3605,13390
12/31/1998,1245.5,,
12/30/1998,1242,3392,13700
12/29/1998,1254.5,3386,13860
12/28/1998,1233.5,3389,13700
12/25/1998,,,13900
12/24/1998,1239.5,,13760
12/23/1998,1242.5,3359,
12/22/1998,1216,3290,13680
12/21/1998,1214.5,3274,14000
12/18/1998,1197.2,3130.54,14190
12/17/1998,1180,3150,14140
12/16/1998,1162.75,3130,14110
12/15/1998,1162.75,3082,14000
12/14/1998,1136.5,3062,14120
12/11/1998,1163.5,3050,14390
12/10/1998,1166.5,3110,14760
12/9/1998,1184.5,3124,14990
12/8/1998,1181.5,3117,14760
12/7/1998,1187.5,3105,14760
12/4/1998,1180.25,3085,14640
12/3/1998,1153,3080,14700
12/2/1998,1172.25,3035,14980
12/1/1998,1174.25,3056,14890
11/30/1998,1162.5,3200,14940
11/27/1998,1194.25,3282,15170
11/26/1998,1193.5,3250,15160
11/25/1998,1186,3185,15070
11/24/1998,1186.75,3177,15130
11/23/1998,1194,3220,
11/20/1998,1167.25,3152,14800
11/19/1998,1158.75,3065,14360
11/18/1998,1150,2995,14470
11/17/1998,1143.5,3000,14360
11/16/1998,1142.25,3005,14450
11/13/1998,1134,2945,14320
11/12/1998,1123.75,2958,14120
11/11/1998,1126.25,2963,14480
11/10/1998,1129,2939,14110
11/9/1998,1136.5,2985,14230
11/6/1998,1148.25,2998,14190
11/5/1998,1140.75,2991,14260
11/4/1998,1124.5,3055,14450
11/3/1998,1114,2970,
11/2/1998,1121.25,2978,14000
10/30/1998,1105.2,2914,13550
10/29/1998,1096.5,2861,13720
10/28/1998,1071,2867,13560
10/27/1998,1074.5,2941,13860
10/26/1998,1080.5,2855,13880
10/23/1998,1074,2825,14100
10/22/1998,1086.75,2815,14300
10/21/1998,1072.75,2840,14270
10/20/1998,1074,2905,13910
10/19/1998,1069.5,2800,13540
10/16/1998,1066.25,2815,13230
10/15/1998,1064,2773,12980
10/14/1998,1010.75,2765,13140
10/13/1998,1003,2695,13290
10/12/1998,1005.25,2660,13460
10/9/1998,991,2501,12870
10/8/1998,969,2452,12990
10/7/1998,979,2565,13810
10/6/1998,994.25,2600,12940
10/5/1998,994.5,2450,12950
10/2/1998,1012.75,2500,13260
10/1/1998,994.75,2530,13150
9/30/1998,1026,2695,13350
9/29/1998,1057.5,2796,13770
9/28/1998,1063.25,2808,13950
9/25/1998,1051,2768,13780
9/24/1998,1053.75,2813,14240
9/23/1998,1077.5,2845,
9/22/1998,1039.5,2751,13800
9/21/1998,1030.5,2686,13490
9/18/1998,1031,2774.7,13950
9/17/1998,1019.5,2835,13800
9/16/1998,1048,2973,14070
9/15/1998,1036.25,2950,
9/14/1998,1030.25,2971,14320
9/11/1998,1014,2885,13720
9/10/1998,969.5,2904,14600
9/9/1998,1003,3050,14710
9/8/1998,1027.5,3125,14870
9/7/1998,992.25,3046,14930
9/4/1998,976.75,3030,14010
9/3/1998,985.5,2960,14200
9/2/1998,990.75,3038,14360
9/1/1998,999.5,2954,14410
8/31/1998,954.25,2975,14070
8/28/1998,1032.75,3000,13740
8/27/1998,1036,3080,14440
8/26/1998,1087.75,3210,14850
8/25/1998,1095.5,3308,15070
8/24/1998,1093.25,3210,15020
8/21/1998,1086.75,3220,15240
8/20/1998,1094.5,3370,15390
8/19/1998,1102.75,3421,15390
8/18/1998,1106,3399,15040
8/17/1998,1084.5,3280,14720
8/14/1998,1062.3,3315,15050
8/13/1998,1075.75,3245,15340
8/12/1998,1090.5,3254,15410
8/11/1998,1071.5,3198,15350
8/10/1998,1088,3290,15550
8/7/1998,1094.75,3370,15800
8/6/1998,1092.5,3285,15830
8/5/1998,1089.25,3368,15940
8/4/1998,1074,3448,15930
8/3/1998,1117.5,3448,16100
7/31/1998,1123,3530,16360
7/30/1998,1146,3567,16170
7/29/1998,1129.25,3520,16170
7/28/1998,1135.35,3515,16080
7/27/1998,1153.25,3530,15900
7/24/1998,1147.5,3595,16270
7/23/1998,1147.5,3615,16110
7/22/1998,1171.75,3611,16210
7/21/1998,1172.75,3700,16480
7/20/1998,1193.5,3720,
7/17/1998,1194.75,3703,16570
7/16/1998,1191.25,3642,16610
7/15/1998,1183.5,3646,16520
7/14/1998,1185.75,3616,16450
7/13/1998,1173.75,3591,16310
7/10/1998,1172.5,3556,16050
7/9/1998,1167.5,3584,16420
7/8/1998,1175,3590,16510
7/7/1998,1167.25,3568,16480
7/6/1998,1169.5,3545,16400
7/3/1998,1158,3538,16500
7/2/1998,1158,3525,16400
7/1/1998,1156.5,3500,16350
6/30/1998,1143,3445,15650
6/29/1998,1151.5,3470,15390
6/26/1998,1147.5,3436,15230
6/25/1998,1143.5,3440,15090
6/24/1998,1145.5,3355,15060
6/23/1998,1130,3325,15050
6/22/1998,1116.75,3265,15270
6/19/1998,1111.5,,15280
6/18/1998,1106.5,,15450
6/17/1998,1110.5,,14800
6/16/1998,1088,,14660
6/15/1998,1073.75,,14730
6/12/1998,1100.5,,14950
6/11/1998,1092,,15020
6/10/1998,1113,,15340
6/9/1998,1119.5,,15490
6/8/1998,1117,,15320
6/5/1998,1117.5,,15310
6/4/1998,1097.75,,15420
6/3/1998,1078.25,,15310
6/2/1998,1095.75,,15410
6/1/1998,1095.25,,15330
5/29/1998,1090.75,,15700
5/28/1998,1100.75,,15760
5/27/1998,1098,,15600
5/26/1998,1094,,15880
5/25/1998,1116.5,,15800
5/22/1998,1114,,15740
5/21/1998,1118.25,,15870
5/20/1998,1124,,15590
5/19/1998,1115.5,,15660
5/18/1998,1108.25,,15390
5/15/1998,1112.5,,15230
5/14/1998,1119.5,,15210
5/13/1998,1124,,15330
5/12/1998,1122,,15260
5/11/1998,1112.25,,15360
5/8/1998,1116.25,,15140
5/7/1998,1098.25,,15150
5/6/1998,1106.75,,15170
5/5/1998,1120,,
5/4/1998,1128,,
5/1/1998,1130.25,,15530
4/30/1998,1119.25,,15530
4/29/1998,1096.75,,
4/28/1998,1091,,15400
4/27/1998,1093.75,,15600
4/24/1998,1113,,16020
4/23/1998,1126.5,,15710
4/22/1998,1136.5,,15730
4/21/1998,1135.5,,15800
4/20/1998,1129,,15750
4/17/1998,1130.5,,15750
4/16/1998,1115.5,,15850
4/15/1998,1128.25,,16350
4/14/1998,1125,,16300
4/13/1998,1117.25,,16330
4/10/1998,,,16410
4/9/1998,1119.5,,16570
4/8/1998,1111.75,,16380
4/7/1998,1119,,16030
4/6/1998,1127,,15750
4/3/1998,1135,,15520
4/2/1998,1131,,15780
4/1/1998,1118.25,,16210
3/31/1998,1110.5,,16300
3/30/1998,1105.75,,16130
3/27/1998,1107.5,,16860
3/26/1998,1110.75,,16870
3/25/1998,1113.75,,16460
3/24/1998,1117,,16590
3/23/1998,1108.25,,16820
3/20/1998,1093.75,,16830
3/19/1998,1089.75,,16690
3/18/1998,1085.75,,16550
3/17/1998,1082.5,,16950
3/16/1998,1080,,16810
3/13/1998,1069.5,,17010
3/12/1998,1072.5,,16570
3/11/1998,1068.5,,16780
3/10/1998,1065,,16990
3/9/1998,1054,,16970
3/6/1998,1057.5,,17170
3/5/1998,1038.5,,16830
3/4/1998,1048,,17050
3/3/1998,1055.5,,17110
3/2/1998,1050,,17220
2/27/1998,1050.5,,16920
2/26/1998,1052,,16510
2/25/1998,1045.5,,16330
2/24/1998,1033.75,,16160
2/23/1998,1041.25,,16590
2/20/1998,1037.5,,16750
2/19/1998,1030.75,,16630
2/18/1998,1035.25,,16680
2/17/1998,1027.5,,16830
2/16/1998,1019,,16770
2/13/1998,1022.25,,16720
2/12/1998,1026.75,,17130
2/11/1998,1023.75,,
2/10/1998,1024.25,,17220
2/9/1998,1015,,17190
2/6/1998,1019,,17130
2/5/1998,1009,,17090
2/4/1998,1009.75,,16970
2/3/1998,1010.75,,17050
2/2/1998,1004,,16840
1/30/1998,987.75,,16660
1/29/1998,987,,17060
1/28/1998,982,,16990
1/27/1998,973.75,,17040
1/26/1998,963.5,,17030
1/23/1998,964.5,,16820
1/22/1998,966.25,,16520
1/21/1998,975.5,,16730
1/20/1998,985.25,,16380
1/19/1998,972.25,,16220
1/16/1998,968.5,,16050
1/15/1998,955,,
1/14/1998,963.25,,15140
1/13/1998,959.5,,14790
1/12/1998,945.5,,14730
1/9/1998,929.5,,15080
1/8/1998,961.25,,15000
1/7/1998,974,,14980
1/6/1998,971,,14900
1/5/1998,987,,15010
1/2/1998,984.75,,
12/31/1997,979,,
12/30/1997,979.25,,15240
12/29/1997,965.75,,14760
12/26/1997,946,,14750
12/25/1997,,,15300
12/24/1997,941.75,,15050
12/23/1997,945,,
12/22/1997,962.75,,14690
12/19/1997,957.5,,15240
12/18/1997,954.5,,16090
12/17/1997,964.5,,16520
12/16/1997,969.5,,15970
12/15/1997,963.25,,15950
12/12/1997,955.5,,15950
12/11/1997,954.5,,16070
12/10/1997,970.25,,16520
12/9/1997,979,,16710
12/8/1997,984.5,,16100
12/5/1997,986.5,,16460
12/4/1997,977,,16390
12/3/1997,977.5,,16640
12/2/1997,975,,16900
12/1/1997,979.5,,17000
11/28/1997,955,,16690
11/27/1997,,,16700
11/26/1997,955,,16110
11/25/1997,951.75,,15840
11/24/1997,949.75,,
11/21/1997,969.5,,16840
11/20/1997,963,,16430
11/19/1997,947.75,,15850
11/18/1997,942.5,,16790
11/17/1997,950,,16040
11/14/1997,932.5,,15040
11/13/1997,919.25,,15470
11/12/1997,908.25,,15300
11/11/1997,926.5,,15840
11/10/1997,926.25,,15730
11/7/1997,931.25,,15810
11/6/1997,942.25,,16430
11/5/1997,947,,16440
11/4/1997,942,,16460
11/3/1997,945.75,,
10/31/1997,924,,16460
10/30/1997,903,,16380
10/29/1997,924.25,,16840
10/28/1997,924.5,,16260
10/27/1997,874,,17050
10/24/1997,944,,17400
10/23/1997,955.5,,17260
10/22/1997,974.25,,17650
10/21/1997,979.5,,17210
10/20/1997,962.25,,17340
10/17/1997,948.75,,17450
10/16/1997,959.75,,17760
10/15/1997,973.5,,17220
10/14/1997,977.5,,17420
10/13/1997,976.25,,17210
10/10/1997,976.75,,
10/9/1997,978,,17440
10/8/1997,982.25,,17660
10/7/1997,989.5,,17510
10/6/1997,980.25,,17820
10/3/1997,975.5,,17660
10/2/1997,969,,17500
10/1/1997,963.5,,17810
9/30/1997,954.5,,17750
9/29/1997,961.75,,17960
9/26/1997,953.25,,17930
9/25/1997,946.5,,18280
9/24/1997,954.5,,18420
9/23/1997,962,,
9/22/1997,966.25,,18180
9/19/1997,961,,18030
9/18/1997,948,,17990
9/17/1997,945.75,,17610
9/16/1997,946.25,,17960
9/15/1997,921.75,,
9/12/1997,924,,17770
9/11/1997,908.5,,18280
9/10/1997,915.25,,18740
9/9/1997,934,,18730
9/8/1997,,,18630
9/5/1997,,,18620
9/4/1997,,,18580
9/3/1997,,,18720
9/2/1997,,,18190
9/1/1997,,,17860
8/29/1997,,,18180
8/28/1997,,,18400
8/27/1997,,,18460
8/26/1997,,,18760
8/25/1997,,,18640
8/22/1997,,,18610
8/21/1997,,,19100
8/20/1997,,,19200
8/19/1997,,,18930
8/18/1997,,,19000
8/15/1997,,,19440
8/14/1997,,,19280
8/13/1997,,,19030
8/12/1997,,,19100
8/11/1997,,,18780
8/8/1997,,,19680
8/7/1997,,,19370
8/6/1997,,,19750
8/5/1997,,,19440
8/4/1997,,,19790
8/1/1997,,,19800
7/31/1997,,,20330
7/30/1997,,,20220
7/29/1997,,,20400
7/28/1997,,,20580
7/25/1997,,,20420
7/24/1997,,,20330
7/23/1997,,,20130
7/22/1997,,,20180
7/18/1997,,,20280
7/17/1997,,,20550
7/16/1997,,,20430
7/15/1997,,,20070
7/14/1997,,,20240
7/11/1997,,,19840
7/10/1997,,,19780
7/9/1997,,,19700
7/8/1997,,,19920
7/7/1997,,,19770
7/4/1997,,,19910
7/3/1997,,,20170
7/2/1997,,,20220
7/1/1997,,,20100
6/30/1997,,,20570
6/27/1997,,,20570
6/26/1997,,,20700
6/25/1997,,,20760
6/24/1997,,,20370
6/23/1997,,,20410
6/20/1997,,,20470
6/19/1997,,,20440
6/18/1997,,,20580
6/17/1997,,,20600
6/16/1997,,,20820
6/13/1997,,,20590
6/12/1997,,,20580
6/11/1997,,,20310
6/10/1997,,,20600
6/9/1997,,,20270
6/6/1997,,,20500
6/5/1997,,,20470
6/4/1997,,,20550
6/3/1997,,,20560
6/2/1997,,,20440
5/30/1997,,,20140
5/29/1997,,,20310
5/28/1997,,,20400
5/27/1997,,,19860
5/26/1997,,,20150
5/23/1997,,,20030
5/22/1997,,,19850
5/21/1997,,,19820
5/20/1997,,,20340
5/19/1997,,,20550
5/16/1997,,,20370
5/15/1997,,,20060
5/14/1997,,,20240
5/13/1997,,,20180
5/12/1997,,,20190
5/9/1997,,,19830
5/8/1997,,,20060
5/7/1997,,,20080
5/6/1997,,,20190
5/2/1997,,,19530
5/1/1997,,,19300
4/30/1997,,,19250
4/28/1997,,,18650
4/25/1997,,,18630
4/24/1997,,,18700
4/23/1997,,,18770
4/22/1997,,,18550
4/21/1997,,,18580
4/18/1997,,,18400
4/17/1997,,,18080
4/16/1997,,,18040
4/15/1997,,,17960
4/14/1997,,,17640
4/11/1997,,,17830
4/10/1997,,,17490
4/9/1997,,,17710
4/8/1997,,,18040
4/7/1997,,,17650
4/4/1997,,,17850
4/3/1997,,,18080
4/2/1997,,,18050
4/1/1997,,,17850
3/31/1997,,,17850
3/28/1997,,,18210
3/27/1997,,,18190
3/26/1997,,,18440
3/25/1997,,,18440
3/24/1997,,,18090
3/21/1997,,,18590
3/19/1997,,,18430
3/18/1997,,,18400
3/17/1997,,,18060
3/14/1997,,,17830
3/13/1997,,,17860
3/12/1997,,,18130
3/11/1997,,,18210
3/10/1997,,,18080
3/7/1997,,,18220
3/6/1997,,,18020
3/5/1997,,,18300
3/4/1997,,,18580
3/3/1997,,,18420
2/28/1997,,,18570
2/27/1997,,,18990
2/26/1997,,,19030
2/25/1997,,,19120
2/24/1997,,,18860
2/21/1997,,,19030
2/20/1997,,,19070
2/19/1997,,,18650
2/18/1997,,,18500
2/17/1997,,,18720
2/14/1997,,,18720
2/13/1997,,,18730
2/12/1997,,,18390
2/10/1997,,,18200
2/7/1997,,,17860
2/6/1997,,,18030
2/5/1997,,,18180
2/4/1997,,,18340
2/3/1997,,,18140
1/31/1997,,,18340
1/30/1997,,,17860
1/29/1997,,,18370
1/28/1997,,,17790
1/27/1997,,,17380
1/24/1997,,,17660
1/23/1997,,,17910
1/22/1997,,,18060
1/21/1997,,,17330
1/20/1997,,,17460
1/17/1997,,,18130
1/16/1997,,,18120
1/14/1997,,,18010
1/13/1997,,,18130
1/10/1997,,,17150
1/9/1997,,,18150
1/8/1997,,,18720
1/7/1997,,,18880
1/6/1997,,,19490
12/30/1996,,,19300
12/27/1996,,,19400
12/26/1996,,,19270
12/25/1996,,,19530
12/24/1996,,,19250
12/20/1996,,,19590
12/19/1996,,,19660
12/18/1996,,,20120
12/17/1996,,,20410
12/16/1996,,,20420
12/13/1996,,,20310
12/12/1996,,,20520
12/11/1996,,,20570
12/10/1996,,,20790
12/9/1996,,,20670
12/6/1996,,,20210
12/5/1996,,,20940
12/4/1996,,,20650
12/3/1996,,,20660
12/2/1996,,,20680
11/29/1996,,,21100
11/28/1996,,,21120
11/27/1996,,,21320
11/26/1996,,,21360
11/25/1996,,,21300
11/22/1996,,,21250
11/21/1996,,,21170
11/20/1996,,,21220
11/19/1996,,,20990
11/18/1996,,,20800
11/15/1996,,,20970
11/14/1996,,,21090
11/13/1996,,,21060
11/12/1996,,,21200
11/11/1996,,,21100
11/8/1996,,,21200
11/7/1996,,,20850
11/6/1996,,,21100
11/5/1996,,,20620
11/1/1996,,,20640
10/31/1996,,,20460
10/30/1996,,,20690
10/29/1996,,,20940
10/28/1996,,,20970
10/25/1996,,,20770
10/24/1996,,,21090
10/23/1996,,,21100
10/22/1996,,,21170
10/21/1996,,,21310
10/18/1996,,,21700
10/17/1996,,,21500
10/16/1996,,,21430
10/15/1996,,,21490
10/14/1996,,,21130
10/11/1996,,,21040
10/9/1996,,,20910
10/8/1996,,,21030
10/7/1996,,,21200
10/4/1996,,,21170
10/3/1996,,,21310
10/2/1996,,,21510
10/1/1996,,,21500
9/30/1996,,,21570
9/27/1996,,,21500
9/26/1996,,,21550
9/25/1996,,,21370
9/24/1996,,,21160
9/20/1996,,,21180
9/19/1996,,,21320
9/18/1996,,,21200
9/17/1996,,,21340
9/13/1996,,,20870
9/12/1996,,,20580
9/11/1996,,,20580
9/10/1996,,,20580
9/9/1996,,,20230
9/6/1996,,,20250
9/5/1996,,,20410
9/4/1996,,,20190
9/3/1996,,,20250
9/2/1996,,,20150
8/30/1996,,,20170
8/29/1996,,,20590
8/28/1996,,,20720
8/27/1996,,,20950
8/26/1996,,,20910
8/23/1996,,,21210
8/22/1996,,,21380
8/21/1996,,,21260
8/20/1996,,,21180
8/19/1996,,,21170
8/16/1996,,,20870
8/15/1996,,,20990
8/14/1996,,,20960
8/13/1996,,,20830
8/12/1996,,,20690
8/9/1996,,,20640
8/8/1996,,,20740
8/7/1996,,,20520
8/6/1996,,,20770
8/5/1996,,,21100
8/2/1996,,,21000
8/1/1996,,,21030
7/31/1996,,,20680
7/30/1996,,,20900
7/29/1996,,,20970
7/26/1996,,,21080
7/25/1996,,,20910
7/24/1996,,,20670
7/23/1996,,,21130
7/22/1996,,,21010
7/19/1996,,,21540
7/18/1996,,,21620
7/17/1996,,,21460
7/16/1996,,,21470
7/15/1996,,,21730
7/12/1996,,,21700
7/11/1996,,,21980
7/10/1996,,,21810
7/9/1996,,,21980
7/8/1996,,,21900
7/5/1996,,,22340
7/4/1996,,,22340
7/3/1996,,,22450
7/2/1996,,,22370
7/1/1996,,,22520
6/28/1996,,,22530
6/27/1996,,,22540
6/26/1996,,,22710
6/25/1996,,,22640
6/24/1996,,,22700
6/21/1996,,,22590
6/20/1996,,,22470
6/19/1996,,,22380
6/18/1996,,,22470
6/17/1996,,,22420
6/14/1996,,,22400
6/13/1996,,,22080
6/12/1996,,,22120
6/11/1996,,,21830
6/10/1996,,,21700
6/7/1996,,,21810
6/6/1996,,,21850
6/5/1996,,,21850
6/4/1996,,,21870
6/3/1996,,,21590
5/31/1996,,,22010
5/30/1996,,,21890
5/29/1996,,,22030
5/28/1996,,,22050
5/27/1996,,,21790
5/24/1996,,,21800
5/23/1996,,,21840
5/22/1996,,,21950
5/21/1996,,,22120
5/20/1996,,,22030
5/17/1996,,,21980
5/16/1996,,,22200
5/15/1996,,,22070
5/14/1996,,,21270
5/13/1996,,,21190
5/10/1996,,,21490
5/9/1996,,,21300
5/8/1996,,,21680
5/7/1996,,,21530
5/2/1996,,,21640
5/1/1996,,,21790
4/30/1996,,,22020
4/26/1996,,,22290
4/25/1996,,,22250
4/24/1996,,,22320
4/23/1996,,,22280
4/22/1996,,,22240
4/19/1996,,,21940
4/18/1996,,,21860
4/17/1996,,,21910
4/16/1996,,,22000
4/15/1996,,,21930
4/12/1996,,,21780
4/11/1996,,,21740
4/10/1996,,,21840
4/9/1996,,,21880
4/8/1996,,,21480
4/5/1996,,,21820
4/4/1996,,,21670
4/3/1996,,,21510
4/2/1996,,,21650
4/1/1996,,,21650
3/29/1996,,,21470
3/28/1996,,,21300
3/27/1996,,,21360
3/26/1996,,,21180
3/25/1996,,,20980
3/22/1996,,,20780
3/21/1996,,,20780
3/19/1996,,,20560
3/18/1996,,,20390
3/15/1996,,,20200
3/14/1996,,,19940
3/13/1996,,,19760
3/12/1996,,,19930
3/11/1996,,,19760
3/8/1996,,,20180
3/7/1996,,,20040
3/6/1996,,,20270
3/5/1996,,,20260
3/4/1996,,,20170
3/1/1996,,,20160
2/29/1996,,,20070
2/28/1996,,,19910
2/27/1996,,,20010
2/26/1996,,,20550
2/23/1996,,,20330
2/22/1996,,,20410
2/21/1996,,,20370
2/20/1996,,,20680
2/19/1996,,,20840
2/16/1996,,,20900
2/15/1996,,,20830
2/14/1996,,,21070
2/13/1996,,,20870
2/9/1996,,,21060
2/8/1996,,,21090
2/7/1996,,,21000
2/6/1996,,,20820
2/5/1996,,,20740
2/2/1996,,,21020
2/1/1996,,,20990
1/31/1996,,,20800
1/30/1996,,,20790
1/29/1996,,,20650
1/26/1996,,,20750
1/25/1996,,,20480
1/24/1996,,,20370
1/23/1996,,,20100
1/22/1996,,,20270
1/19/1996,,,20430
1/18/1996,,,20370
1/17/1996,,,20630
1/16/1996,,,20580
1/12/1996,,,20290
1/11/1996,,,20480
1/10/1996,,,20640
1/9/1996,,,20700
1/8/1996,,,20640
1/5/1996,,,20700
1/4/1996,,,20600
12/29/1995,,,19860
12/28/1995,,,19900
12/27/1995,,,20020
12/26/1995,,,19970
12/25/1995,,,19860
12/22/1995,,,19790
12/21/1995,,,19730
12/20/1995,,,19540
12/19/1995,,,19200
12/18/1995,,,19390
12/15/1995,,,19340
12/14/1995,,,19590
12/13/1995,,,19330
12/12/1995,,,19400
12/11/1995,,,19280
12/8/1995,,,19310
12/7/1995,,,19440
12/6/1995,,,19030
12/5/1995,,,18920
12/4/1995,,,18900
12/1/1995,,,18980
11/30/1995,,,18780
11/29/1995,,,18530
11/28/1995,,,18700
11/27/1995,,,18600
11/24/1995,,,18230
11/22/1995,,,18250
11/21/1995,,,18350
11/20/1995,,,18400
11/17/1995,,,18150
11/16/1995,,,17990
11/15/1995,,,17720
11/14/1995,,,17870
11/13/1995,,,17750
11/10/1995,,,17860
11/9/1995,,,17810
11/8/1995,,,17870
11/7/1995,,,18040
11/6/1995,,,18000
11/2/1995,,,18100
11/1/1995,,,17490
10/31/1995,,,17670
10/30/1995,,,17550
10/27/1995,,,17370
10/26/1995,,,17770
10/25/1995,,,18030
10/24/1995,,,18010
10/23/1995,,,18190
10/20/1995,,,18200
10/19/1995,,,18010
10/18/1995,,,17970
10/17/1995,,,17890
10/16/1995,,,18130
10/13/1995,,,17910
10/12/1995,,,18000
10/11/1995,,,17920
10/9/1995,,,18310
10/6/1995,,,18520
10/5/1995,,,18250
10/4/1995,,,18180
10/3/1995,,,18180
10/2/1995,,,17700
9/29/1995,,,17870
9/28/1995,,,18100
9/27/1995,,,18300
9/26/1995,,,17880
9/25/1995,,,17690
9/22/1995,,,17770
9/21/1995,,,18050
9/20/1995,,,18130
9/19/1995,,,18490
9/18/1995,,,18310
9/14/1995,,,18710
9/13/1995,,,18690
9/12/1995,,,18450
9/11/1995,,,18500
9/8/1995,,,18260
9/7/1995,,,17720
9/6/1995,,,17660
9/5/1995,,,17880
9/4/1995,,,17730
9/1/1995,,,18140
8/31/1995,,,18040
8/30/1995,,,17960
8/29/1995,,,18160
8/28/1995,,,17910
8/25/1995,,,17730
8/24/1995,,,18000
8/23/1995,,,17760
8/22/1995,,,17940
8/21/1995,,,17950
8/18/1995,,,18070
8/17/1995,,,18230
8/16/1995,,,18240
8/15/1995,,,17490
8/14/1995,,,16870
8/11/1995,,,16850
8/10/1995,,,16780
8/9/1995,,,16790
8/8/1995,,,16900
8/7/1995,,,16670
8/4/1995,,,16790
8/3/1995,,,16930
8/2/1995,,,16760
8/1/1995,,,16360
7/31/1995,,,16650
7/28/1995,,,16720
7/27/1995,,,16630
7/26/1995,,,16450
7/25/1995,,,16170
7/24/1995,,,16600
7/21/1995,,,16700
7/20/1995,,,16480
7/19/1995,,,16450
7/18/1995,,,16650
7/17/1995,,,16920
7/14/1995,,,16570
7/13/1995,,,16530
7/12/1995,,,16600
7/11/1995,,,16630
7/10/1995,,,16240
7/7/1995,,,16270
7/6/1995,,,15310
7/5/1995,,,14830
7/4/1995,,,14830
7/3/1995,,,14490
6/30/1995,,,14550
6/29/1995,,,14520
6/28/1995,,,14700
6/27/1995,,,14760
6/26/1995,,,15170
6/23/1995,,,15230
6/22/1995,,,14960
6/21/1995,,,14950
6/20/1995,,,14680
6/19/1995,,,14770
6/16/1995,,,14720
6/15/1995,,,14850
6/14/1995,,,14700
6/13/1995,,,14650
6/12/1995,,,14870
6/9/1995,,,15140
6/8/1995,,,15480
6/7/1995,,,15690
6/6/1995,,,15680
6/5/1995,,,15950
6/2/1995,,,15930
6/1/1995,,,15690
5/31/1995,,,15400
5/30/1995,,,15790
5/29/1995,,,15620
5/26/1995,,,15650
5/25/1995,,,15590
5/24/1995,,,16000
5/23/1995,,,15950
5/22/1995,,,15850
5/19/1995,,,16080
5/18/1995,,,16340
5/17/1995,,,16500
5/16/1995,,,16400
5/15/1995,,,16650
5/12/1995,,,16470
5/11/1995,,,16550
5/10/1995,,,16910
5/9/1995,,,17030
5/8/1995,,,17160
5/2/1995,,,17120
5/1/1995,,,16840
4/28/1995,,,16820
4/27/1995,,,16950
4/26/1995,,,16880
4/25/1995,,,16900
4/24/1995,,,16850
4/21/1995,,,17000
4/20/1995,,,16690
4/19/1995,,,16420
4/18/1995,,,16230
4/17/1995,,,16350
4/14/1995,,,16100
4/13/1995,,,16470
4/12/1995,,,16400
4/11/1995,,,16320
4/10/1995,,,16260
4/7/1995,,,15770
4/6/1995,,,15800
4/5/1995,,,15940
4/4/1995,,,15690
4/3/1995,,,15430
3/31/1995,,,16120
3/30/1995,,,16550
3/29/1995,,,16510
3/28/1995,,,16680
3/27/1995,,,16070
3/24/1995,,,15790
3/23/1995,,,15790
3/22/1995,,,16070
3/20/1995,,,16180
3/17/1995,,,16240
3/16/1995,,,16450
3/15/1995,,,16710
3/14/1995,,,16270
3/13/1995,,,16450
3/10/1995,,,16360
3/9/1995,,,16700
3/8/1995,,,16620
3/7/1995,,,16990
3/6/1995,,,17060
3/3/1995,,,17080
3/2/1995,,,17010
3/1/1995,,,16610
2/28/1995,,,17000
2/27/1995,,,16890
2/24/1995,,,17580
2/23/1995,,,17830
2/22/1995,,,18180
2/21/1995,,,18180
2/20/1995,,,18010
2/17/1995,,,18080
2/16/1995,,,17900
2/15/1995,,,18020
2/14/1995,,,18220
2/13/1995,,,18420
2/10/1995,,,18350
2/9/1995,,,18240
2/8/1995,,,18350
2/7/1995,,,18610
2/6/1995,,,18730
2/3/1995,,,18610
2/2/1995,,,18690
2/1/1995,,,18810
1/31/1995,,,18750
1/30/1995,,,18850
1/27/1995,,,18140
1/26/1995,,,18180
1/25/1995,,,18210
1/24/1995,,,18160
1/23/1995,,,17950
1/20/1995,,,18950
1/19/1995,,,19170
1/18/1995,,,19360
1/17/1995,,,19350
1/13/1995,,,19420
1/12/1995,,,19530
1/11/1995,,,19650
1/10/1995,,,19630
1/9/1995,,,19580
1/6/1995,,,19610
1/5/1995,,,19730
1/4/1995,,,19760
12/30/1994,,,19800
12/29/1994,,,19860
12/28/1994,,,19720
12/27/1994,,,19820
12/26/1994,,,19830
12/22/1994,,,19710
12/21/1994,,,19470
12/20/1994,,,19520
12/19/1994,,,19410
12/16/1994,,,19250
12/15/1994,,,19240
12/14/1994,,,19080
12/13/1994,,,18970
12/12/1994,,,19110
12/9/1994,,,19110
12/8/1994,,,19280
12/7/1994,,,19270
12/6/1994,,,19290
12/5/1994,,,19340
12/2/1994,,,19020
12/1/1994,,,19010
11/30/1994,,,19040
11/29/1994,,,18930
11/28/1994,,,18850
11/25/1994,,,18730
11/24/1994,,,18830
11/22/1994,,,19020
11/21/1994,,,19170
11/18/1994,,,19330
11/17/1994,,,19400
11/16/1994,,,19340
11/15/1994,,,19380
11/14/1994,,,19330
11/11/1994,,,19310
11/10/1994,,,19380
11/9/1994,,,19460
11/8/1994,,,19700
11/7/1994,,,19700
11/4/1994,,,19900
11/2/1994,,,19840
11/1/1994,,,19970
10/31/1994,,,20000
10/28/1994,,,19830
10/27/1994,,,19860
10/26/1994,,,19820
10/25/1994,,,19780
10/24/1994,,,19910
10/21/1994,,,19940
10/20/1994,,,20020
10/19/1994,,,19950
10/18/1994,,,20080
10/17/1994,,,20050
10/14/1994,,,20030
10/13/1994,,,20160
10/12/1994,,,20150
10/11/1994,,,19910
10/7/1994,,,19820
10/6/1994,,,19720
10/5/1994,,,19830
10/4/1994,,,19670
10/3/1994,,,19720
9/30/1994,,,19600
9/29/1994,,,19710
9/28/1994,,,19600
9/27/1994,,,19540
9/26/1994,,,19850
9/22/1994,,,19910
9/21/1994,,,19910
9/20/1994,,,19900
9/19/1994,,,19640
9/16/1994,,,19870
9/14/1994,,,20050
9/13/1994,,,20100
9/12/1994,,,19980
9/9/1994,,,19960
9/8/1994,,,19910
9/7/1994,,,20010
9/6/1994,,,20450
9/5/1994,,,20470
9/2/1994,,,20690
9/1/1994,,,20650
8/31/1994,,,20640
8/30/1994,,,20630
8/29/1994,,,20650
8/26/1994,,,20550
8/25/1994,,,20510
8/24/1994,,,20480
8/23/1994,,,20430
8/22/1994,,,20460
8/19/1994,,,20510
8/18/1994,,,20840
8/17/1994,,,20890
8/16/1994,,,20820
8/15/1994,,,20790
8/12/1994,,,20710
8/11/1994,,,20880
8/10/1994,,,20810
8/9/1994,,,20660
8/8/1994,,,20670
8/5/1994,,,20580
8/4/1994,,,20730
8/3/1994,,,20700
8/2/1994,,,20750
8/1/1994,,,20370
7/29/1994,,,20530
7/28/1994,,,20300
7/27/1994,,,20190
7/26/1994,,,20440
7/25/1994,,,20360
7/22/1994,,,20490
7/21/1994,,,20710
7/20/1994,,,20820
7/19/1994,,,20860
7/18/1994,,,20780
7/15/1994,,,20880
7/14/1994,,,20760
7/13/1994,,,20570
7/12/1994,,,20450
7/11/1994,,,20570
7/8/1994,,,20590
7/7/1994,,,20750
7/6/1994,,,20640
7/5/1994,,,20870
7/4/1994,,,20690
7/1/1994,,,20620
6/30/1994,,,20710
6/29/1994,,,20540
6/28/1994,,,20740
6/27/1994,,,20320
6/24/1994,,,20830
6/23/1994,,,21100
6/22/1994,,,20710
6/21/1994,,,20900
6/20/1994,,,21220
6/17/1994,,,21690
6/16/1994,,,21450
6/15/1994,,,21410
6/14/1994,,,21500
6/13/1994,,,21700
6/10/1994,,,21520
6/9/1994,,,21410
6/8/1994,,,21280
6/7/1994,,,20970
6/6/1994,,,20750
6/3/1994,,,20950
6/2/1994,,,21000
6/1/1994,,,21040
5/31/1994,,,20960
5/30/1994,,,20860
5/27/1994,,,20840
5/26/1994,,,20570
5/25/1994,,,20750
5/24/1994,,,20670
5/23/1994,,,20620
5/20/1994,,,20450
5/19/1994,,,20300
5/18/1994,,,20250
5/17/1994,,,20240
5/16/1994,,,20180
5/13/1994,,,20320
5/12/1994,,,20300
5/11/1994,,,20200
5/10/1994,,,19970
5/9/1994,,,19800
5/6/1994,,,19910
5/2/1994,,,19580
4/28/1994,,,19730
4/27/1994,,,19840
4/26/1994,,,19730
4/25/1994,,,19840
4/22/1994,,,19900
4/21/1994,,,19830
4/20/1994,,,19940
4/19/1994,,,20210
4/18/1994,,,20350
4/15/1994,,,20330
4/14/1994,,,20080
4/13/1994,,,20200
4/12/1994,,,19670
4/11/1994,,,19900
4/8/1994,,,20100
4/7/1994,,,20010
4/6/1994,,,19750
4/5/1994,,,19700
4/4/1994,,,19180
4/1/1994,,,19390
3/31/1994,,,19160
3/30/1994,,,19680
3/29/1994,,,19710
3/28/1994,,,20070
3/25/1994,,,19880
3/24/1994,,,20130
3/23/1994,,,19980
3/22/1994,,,20320
3/18/1994,,,20600
3/17/1994,,,20730
3/16/1994,,,20770
3/15/1994,,,20680
3/14/1994,,,20710
3/11/1994,,,20220
3/10/1994,,,20090
3/9/1994,,,19870
3/8/1994,,,19970
3/7/1994,,,19820
3/4/1994,,,20050
3/3/1994,,,19660
3/2/1994,,,19690
3/1/1994,,,20210
2/28/1994,,,20010
2/25/1994,,,19810
2/24/1994,,,19850
2/23/1994,,,19400
2/22/1994,,,19380
2/21/1994,,,19490
2/18/1994,,,18950
2/17/1994,,,18980
2/16/1994,,,19080
2/15/1994,,,18970
2/14/1994,,,19420
2/10/1994,,,20030
2/9/1994,,,19820
2/8/1994,,,20330
2/7/1994,,,20120
2/4/1994,,,20270
2/3/1994,,,20250
2/2/1994,,,20350
2/1/1994,,,20050
1/31/1994,,,19450
1/28/1994,,,18850
1/27/1994,,,19050
1/26/1994,,,19210
1/25/1994,,,18720
1/21/1994,,,19430
1/20/1994,,,19220
1/19/1994,,,19140
1/18/1994,,,18540
1/17/1994,,,18730
1/14/1994,,,19010
1/13/1994,,,18600
1/12/1994,,,18800
1/11/1994,,,18540
1/10/1994,,,18490
1/7/1994,,,18150
1/6/1994,,,17970
1/5/1994,,,17880
1/4/1994,,,17350
12/30/1993,,,17410
12/29/1993,,,17340
12/28/1993,,,17200
12/27/1993,,,16850
12/24/1993,,,17100
12/22/1993,,,17470
12/21/1993,,,17330
12/20/1993,,,17490
12/17/1993,,,18090
12/16/1993,,,17860
12/15/1993,,,17650
12/14/1993,,,17400
12/13/1993,,,17400
12/10/1993,,,17300
12/9/1993,,,16990
12/8/1993,,,16360
12/7/1993,,,16760
12/6/1993,,,16860
12/3/1993,,,17460
12/2/1993,,,17450
12/1/1993,,,16980
11/30/1993,,,16380
11/29/1993,,,16140
11/26/1993,,,16700
11/25/1993,,,17230
11/24/1993,,,17060
11/22/1993,,,17390
11/19/1993,,,17920
11/18/1993,,,18120
11/17/1993,,,18150
11/16/1993,,,18400
11/15/1993,,,18080
11/12/1993,,,18570
11/11/1993,,,18160
11/10/1993,,,18190
11/9/1993,,,18070
11/8/1993,,,18670
11/5/1993,,,18530
11/4/1993,,,19100
11/2/1993,,,19470
11/1/1993,,,19490
10/29/1993,,,19700
10/28/1993,,,19600
10/27/1993,,,19870
10/26/1993,,,20100
10/25/1993,,,20460
10/22/1993,,,20410
10/21/1993,,,20280
10/20/1993,,,20330
10/19/1993,,,20170
10/18/1993,,,20170
10/15/1993,,,20340
10/14/1993,,,20240
10/13/1993,,,20160
10/12/1993,,,20280
10/8/1993,,,20460
10/7/1993,,,20410
10/6/1993,,,20600
10/5/1993,,,20430
10/4/1993,,,20390
10/1/1993,,,20410
9/30/1993,,,20120
9/29/1993,,,20170
9/28/1993,,,20280
9/27/1993,,,20200
9/24/1993,,,20420
9/22/1993,,,20240
9/21/1993,,,20580
9/20/1993,,,20370
9/17/1993,,,20510
9/16/1993,,,20600
9/14/1993,,,21040
9/13/1993,,,21320
9/10/1993,,,20930
9/9/1993,,,20770
9/8/1993,,,20950
9/7/1993,,,20960
9/6/1993,,,21130
9/3/1993,,,21160
9/2/1993,,,20960
9/1/1993,,,20920
8/31/1993,,,20980
8/30/1993,,,20990
8/27/1993,,,20860
8/26/1993,,,20680
8/25/1993,,,20590
8/24/1993,,,20500
8/23/1993,,,20410
8/20/1993,,,20670
8/19/1993,,,20690
8/18/1993,,,20860
8/17/1993,,,20860
8/16/1993,,,21010
8/13/1993,,,20730
8/12/1993,,,20940
8/11/1993,,,20840
8/10/1993,,,20550
8/9/1993,,,20560
8/6/1993,,,20400
8/5/1993,,,20560
8/4/1993,,,20650
8/3/1993,,,20490
8/2/1993,,,20430
7/30/1993,,,20540
7/29/1993,,,20530
7/28/1993,,,19930
7/27/1993,,,20040
7/26/1993,,,19890
7/23/1993,,,19800
7/22/1993,,,20210
7/21/1993,,,20170
7/20/1993,,,20130
7/19/1993,,,20210
7/16/1993,,,20440
7/15/1993,,,20280
7/14/1993,,,20290
7/13/1993,,,20320
7/12/1993,,,20070
7/9/1993,,,20050
7/8/1993,,,19820
7/7/1993,,,19710
7/6/1993,,,19950
7/5/1993,,,19720
7/2/1993,,,19750
7/1/1993,,,20000
6/30/1993,,,19700
6/29/1993,,,19750
6/28/1993,,,20000
6/25/1993,,,19730
6/24/1993,,,19780
6/23/1993,,,19550
6/22/1993,,,19620
6/21/1993,,,19280
6/18/1993,,,19880
6/17/1993,,,19990
6/16/1993,,,20040
6/15/1993,,,20230
6/14/1993,,,20530
6/11/1993,,,20650
6/10/1993,,,20500
6/8/1993,,,20510
6/7/1993,,,20810
6/4/1993,,,20870
6/3/1993,,,21000
6/2/1993,,,20770
6/1/1993,,,20650
5/31/1993,,,20510
5/28/1993,,,20900
5/27/1993,,,20800
5/26/1993,,,20930
5/25/1993,,,20680
5/24/1993,,,20430
5/21/1993,,,20660
5/20/1993,,,20280
5/19/1993,,,20410
5/18/1993,,,20210
5/17/1993,,,20600
5/14/1993,,,20520
5/13/1993,,,20610
5/12/1993,,,20620
5/11/1993,,,21000
5/10/1993,,,20960
5/7/1993,,,20820
5/6/1993,,,20680
4/30/1993,,,20900
4/28/1993,,,20610
4/27/1993,,,20350
4/26/1993,,,19750
4/23/1993,,,19810
4/22/1993,,,19680
4/21/1993,,,19970
4/20/1993,,,19950
4/19/1993,,,20170
4/16/1993,,,20330
4/15/1993,,,20790
4/14/1993,,,20620
4/13/1993,,,20870
4/12/1993,,,20000
4/9/1993,,,20060
4/8/1993,,,20120
4/7/1993,,,19990
4/6/1993,,,19630
4/5/1993,,,19740
4/2/1993,,,19600
4/1/1993,,,18960
3/31/1993,,,18680
3/30/1993,,,19050
3/29/1993,,,19170
3/26/1993,,,18960
3/25/1993,,,18880
3/24/1993,,,18600
3/23/1993,,,18610
3/22/1993,,,18870
3/19/1993,,,18700
3/18/1993,,,18750
3/17/1993,,,18310
3/16/1993,,,18050
3/15/1993,,,18220
3/12/1993,,,18170
3/11/1993,,,17930
3/10/1993,,,17850
3/9/1993,,,17900
3/8/1993,,,17500
3/5/1993,,,16900
3/4/1993,,,16800
3/3/1993,,,16880
3/2/1993,,,16960
3/1/1993,,,16900
2/26/1993,,,16950
2/25/1993,,,16960
2/24/1993,,,16890
2/23/1993,,,16890
2/22/1993,,,16880
2/19/1993,,,17110
2/18/1993,,,17030
2/17/1993,,,17030
2/16/1993,,,17030
2/15/1993,,,17150
2/12/1993,,,16880
2/10/1993,,,17140
2/9/1993,,,17060
2/8/1993,,,17310
2/5/1993,,,17410
2/4/1993,,,17250
2/3/1993,,,17330
2/2/1993,,,17240
2/1/1993,,,17190
1/29/1993,,,17050
1/28/1993,,,17130
1/27/1993,,,16530
1/26/1993,,,16550
1/25/1993,,,16330
1/22/1993,,,16380
1/21/1993,,,16540
1/20/1993,,,16530
1/19/1993,,,16870
1/18/1993,,,16710
1/14/1993,,,16580
1/13/1993,,,16560
1/12/1993,,,16710
1/11/1993,,,16680
1/8/1993,,,16750
1/7/1993,,,16800
1/6/1993,,,16740
1/5/1993,,,16890
1/4/1993,,,16990
12/30/1992,,,17000
12/29/1992,,,17330
12/28/1992,,,17240
12/25/1992,,,17660
12/24/1992,,,17700
12/22/1992,,,17770
12/21/1992,,,17740
12/18/1992,,,17720
12/17/1992,,,17630
12/16/1992,,,17370
12/15/1992,,,17610
12/14/1992,,,17330
12/11/1992,,,17530
12/10/1992,,,17550
12/9/1992,,,17410
12/8/1992,,,17380
12/7/1992,,,17160
12/4/1992,,,17260
12/3/1992,,,17240
12/2/1992,,,17390
12/1/1992,,,17320
11/30/1992,,,17640
11/27/1992,,,17550
11/26/1992,,,17470
11/25/1992,,,17330
11/24/1992,,,17110
11/20/1992,,,17080
11/19/1992,,,16850
11/18/1992,,,16600
11/17/1992,,,16000
11/16/1992,,,16180
11/13/1992,,,16300
11/12/1992,,,16450
11/11/1992,,,16300
11/10/1992,,,16360
11/9/1992,,,16450
11/6/1992,,,16900
11/5/1992,,,17070
11/4/1992,,,17020
11/2/1992,,,16820
10/30/1992,,,16760
10/29/1992,,,16960
10/28/1992,,,17130
10/27/1992,,,17240
10/26/1992,,,17060
10/23/1992,,,17150
10/22/1992,,,17040
10/21/1992,,,17150
10/20/1992,,,16960
10/19/1992,,,16960
10/16/1992,,,17320
10/15/1992,,,17730
10/14/1992,,,17450
10/13/1992,,,17660
10/12/1992,,,17420
10/9/1992,,,17200
10/8/1992,,,17260
10/7/1992,,,17270
10/6/1992,,,17290
10/5/1992,,,17190
10/2/1992,,,17400
10/1/1992,,,17330
9/30/1992,,,17590
9/29/1992,,,17920
9/28/1992,,,18140
9/25/1992,,,18520
9/24/1992,,,18750
9/22/1992,,,18470
9/21/1992,,,18270
9/18/1992,,,18280
9/17/1992,,,18260
9/16/1992,,,18110
9/14/1992,,,18710
9/11/1992,,,18580
9/10/1992,,,19210
9/9/1992,,,18400
9/8/1992,,,18520
9/7/1992,,,18600
9/4/1992,,,18710
9/3/1992,,,18210
9/2/1992,,,17610
9/1/1992,,,17750
8/31/1992,,,17940
8/28/1992,,,17760
8/27/1992,,,17160
8/26/1992,,,16560
8/25/1992,,,16400
8/24/1992,,,16490
8/21/1992,,,15890
8/20/1992,,,15290
8/19/1992,,,14830
8/18/1992,,,14330
8/17/1992,,,14920
8/14/1992,,,14890
8/13/1992,,,14820
8/12/1992,,,14820
8/11/1992,,,14830
8/10/1992,,,15110
8/7/1992,,,15450
8/6/1992,,,15970
8/5/1992,,,16050
8/4/1992,,,15840
8/3/1992,,,15670
7/31/1992,,,15870
7/30/1992,,,15570
7/29/1992,,,15120
7/28/1992,,,15440
7/27/1992,,,15290
7/24/1992,,,15500
7/23/1992,,,16010
7/22/1992,,,15460
7/21/1992,,,16030
7/20/1992,,,15930
7/17/1992,,,16530
7/16/1992,,,17050
7/15/1992,,,17160
7/14/1992,,,17140
7/13/1992,,,17300
7/10/1992,,,16840
7/9/1992,,,16850
7/8/1992,,,16580
7/7/1992,,,16530
7/6/1992,,,16710
7/3/1992,,,16880
7/2/1992,,,16710
7/1/1992,,,16060
6/30/1992,,,15990
6/29/1992,,,15780
6/26/1992,,,15880
6/25/1992,,,16160
6/24/1992,,,15870
6/23/1992,,,16150
6/22/1992,,,15960
6/19/1992,,,16410
6/18/1992,,,16140
6/17/1992,,,16690
6/16/1992,,,17000
6/15/1992,,,17110
6/12/1992,,,17490
6/11/1992,,,17790
6/10/1992,,,17600
6/9/1992,,,17860
6/8/1992,,,17620
6/5/1992,,,17800
6/4/1992,,,17910
6/3/1992,,,18150
6/2/1992,,,18340
6/1/1992,,,18070
5/29/1992,,,18380
5/28/1992,,,17970
5/27/1992,,,17660
5/26/1992,,,18240
5/25/1992,,,18520
5/22/1992,,,18260
5/21/1992,,,18720
5/20/1992,,,18690
5/19/1992,,,18860
5/18/1992,,,18430
5/15/1992,,,18350
5/14/1992,,,18960
5/13/1992,,,18910
5/12/1992,,,18620
5/11/1992,,,18590
5/8/1992,,,18470
5/7/1992,,,18350
5/6/1992,,,17900
5/1/1992,,,17370
4/30/1992,,,17380
4/28/1992,,,17620
4/27/1992,,,17560
4/24/1992,,,17610
4/23/1992,,,17440
4/22/1992,,,16810
4/21/1992,,,16950
4/20/1992,,,17080
4/17/1992,,,17710
4/16/1992,,,18070
4/15/1992,,,18010
4/14/1992,,,17610
4/13/1992,,,17520
4/10/1992,,,17630
4/9/1992,,,17120
4/8/1992,,,17450
4/7/1992,,,18050
4/6/1992,,,18650
4/3/1992,,,18690
4/2/1992,,,18650
4/1/1992,,,18980
3/31/1992,,,19580
3/30/1992,,,19970
3/27/1992,,,20030
3/26/1992,,,20240
3/25/1992,,,20410
3/24/1992,,,20110
3/23/1992,,,20380
3/19/1992,,,20430
3/18/1992,,,19830
3/17/1992,,,20110
3/16/1992,,,20120
3/13/1992,,,20610
3/12/1992,,,20650
3/11/1992,,,20680
3/10/1992,,,20880
3/9/1992,,,20900
3/6/1992,,,21040
3/5/1992,,,20970
3/4/1992,,,21190
3/3/1992,,,21090
3/2/1992,,,21570
2/28/1992,,,21450
2/27/1992,,,21410
2/26/1992,,,21480
2/25/1992,,,21140
2/24/1992,,,20970
2/21/1992,,,21240
2/20/1992,,,20880
2/19/1992,,,20810
2/18/1992,,,20880
2/17/1992,,,21120
2/14/1992,,,21090
2/13/1992,,,21610
2/12/1992,,,21580
2/10/1992,,,21940
2/7/1992,,,22320
2/6/1992,,,22460
2/5/1992,,,22080
2/4/1992,,,21970
2/3/1992,,,22180
1/31/1992,,,22350
1/30/1992,,,21820
1/29/1992,,,21640
1/28/1992,,,21550
1/27/1992,,,21210
1/24/1992,,,21310
1/23/1992,,,21720
1/22/1992,,,21590
1/21/1992,,,20920
1/20/1992,,,21000
1/17/1992,,,21520
1/16/1992,,,21760
1/14/1992,,,22100
1/13/1992,,,21860
1/10/1992,,,22540
1/9/1992,,,23240
1/8/1992,,,22960
1/7/1992,,,23870
12/30/1991,,,23400
12/27/1991,,,22770
12/26/1991,,,22870
12/25/1991,,,22770
12/24/1991,,,22090
12/20/1991,,,22040
12/19/1991,,,22400
12/18/1991,,,22740
12/17/1991,,,23060
12/16/1991,,,23240
12/13/1991,,,23130
12/12/1991,,,21850
12/11/1991,,,21370
12/10/1991,,,21810
12/9/1991,,,22310
12/6/1991,,,22370
12/5/1991,,,22560
12/4/1991,,,22750
12/3/1991,,,22220
12/2/1991,,,22040
11/29/1991,,,22630
11/28/1991,,,22900
11/27/1991,,,23190
11/26/1991,,,23340
11/25/1991,,,23000
11/22/1991,,,23110
11/21/1991,,,23260
11/20/1991,,,23440
11/19/1991,,,23440
11/18/1991,,,23630
11/15/1991,,,24270
11/14/1991,,,24400
11/13/1991,,,24620
11/12/1991,,,24990
11/11/1991,,,24580
11/8/1991,,,24600
11/7/1991,,,24910
11/6/1991,,,25000
11/5/1991,,,25210
11/1/1991,,,25360
10/31/1991,,,25440
10/30/1991,,,25350
10/29/1991,,,25570
10/28/1991,,,25380
10/25/1991,,,25290
10/24/1991,,,25370
10/23/1991,,,25200
10/22/1991,,,25190
10/21/1991,,,25240
10/18/1991,,,25260
10/17/1991,,,24940
10/16/1991,,,24660
10/15/1991,,,24700
10/14/1991,,,24300
10/11/1991,,,24520
10/9/1991,,,24690
10/8/1991,,,24570
10/7/1991,,,24780
10/4/1991,,,24940
10/3/1991,,,25160
10/2/1991,,,24810
10/1/1991,,,24890
9/30/1991,,,24510
9/27/1991,,,24650
9/26/1991,,,24650
9/25/1991,,,24280
9/24/1991,,,24250
9/20/1991,,,23970
9/19/1991,,,24030
9/18/1991,,,24110
9/17/1991,,,24090
9/13/1991,,,23900
9/12/1991,,,22500
9/11/1991,,,22600
9/10/1991,,,22510
9/9/1991,,,22620
9/6/1991,,,22830
9/5/1991,,,22700
9/4/1991,,,22450
9/3/1991,,,22520
9/2/1991,,,22700
8/30/1991,,,22410
8/29/1991,,,22250
8/28/1991,,,21930
8/27/1991,,,21860
8/26/1991,,,21810
8/23/1991,,,22150
8/22/1991,,,22780
8/21/1991,,,22280
8/20/1991,,,22060
8/19/1991,,,22200
8/16/1991,,,23100
8/15/1991,,,23360
8/14/1991,,,23530
8/13/1991,,,23220
8/12/1991,,,23190
8/9/1991,,,23820
8/8/1991,,,23890
8/7/1991,,,24080
8/6/1991,,,23820
8/5/1991,,,24110
8/2/1991,,,24400
8/1/1991,,,24270
7/31/1991,,,24370
7/30/1991,,,24300
7/29/1991,,,23880
7/26/1991,,,23920
7/25/1991,,,23640
7/24/1991,,,23770
7/23/1991,,,23300
7/22/1991,,,23100
7/19/1991,,,23350
7/18/1991,,,23270
7/17/1991,,,23510
7/16/1991,,,23690
7/15/1991,,,24020
7/12/1991,,,23510
7/11/1991,,,23330
7/10/1991,,,23420
7/9/1991,,,22950
7/8/1991,,,22650
7/5/1991,,,23400
7/4/1991,,,23750
7/3/1991,,,23920
7/2/1991,,,24510
7/1/1991,,,24700
6/28/1991,,,23800
6/27/1991,,,24010
6/26/1991,,,24190
6/25/1991,,,24480
6/24/1991,,,24200
6/21/1991,,,24900
6/20/1991,,,24710
6/19/1991,,,24600
6/18/1991,,,25220
6/17/1991,,,25470
6/14/1991,,,25610
6/13/1991,,,24700
6/12/1991,,,24550
6/11/1991,,,24700
6/10/1991,,,24610
6/7/1991,,,25200
6/6/1991,,,25170
6/5/1991,,,25380
6/4/1991,,,25710
6/3/1991,,,25800
5/31/1991,,,26010
5/30/1991,,,25850
5/29/1991,,,25780
5/28/1991,,,25700
5/27/1991,,,25620
5/24/1991,,,25810
5/23/1991,,,25880
5/22/1991,,,25600
5/21/1991,,,25820
5/20/1991,,,25660
5/17/1991,,,26050
5/16/1991,,,25850
5/15/1991,,,26070
5/14/1991,,,26380
5/13/1991,,,26510
5/10/1991,,,26700
5/9/1991,,,26640
5/8/1991,,,26710
5/7/1991,,,26730
5/2/1991,,,26930
5/1/1991,,,26930
4/30/1991,,,26440
4/26/1991,,,26680
4/25/1991,,,26590
4/24/1991,,,26750
4/23/1991,,,27010
4/22/1991,,,26820
4/19/1991,,,27090
4/18/1991,,,27210
4/17/1991,,,27420
4/16/1991,,,27380
4/15/1991,,,27250
4/12/1991,,,27070
4/11/1991,,,26680
4/10/1991,,,26820
4/9/1991,,,26850
4/8/1991,,,27000
4/5/1991,,,27300
4/4/1991,,,27110
4/3/1991,,,27220
4/2/1991,,,26750
4/1/1991,,,26370
3/29/1991,,,26500
3/28/1991,,,26720
3/27/1991,,,26680
3/26/1991,,,27000
3/25/1991,,,27350
3/22/1991,,,27430
3/20/1991,,,27320
3/19/1991,,,27750
3/18/1991,,,27790
3/15/1991,,,27610
3/14/1991,,,27200
3/13/1991,,,27010
3/12/1991,,,27240
3/11/1991,,,27290
3/8/1991,,,27080
3/7/1991,,,26410
3/6/1991,,,26510
3/5/1991,,,26180
3/4/1991,,,26180
3/1/1991,,,25950
2/28/1991,,,26450
2/27/1991,,,26240
2/26/1991,,,26560
2/25/1991,,,26520
2/22/1991,,,26160
2/21/1991,,,26250
2/20/1991,,,26350
2/19/1991,,,26450
2/18/1991,,,26330
2/15/1991,,,25430
2/14/1991,,,25430
2/13/1991,,,25320
2/12/1991,,,25130
2/8/1991,,,24460
2/7/1991,,,24400
2/6/1991,,,24150
2/5/1991,,,24100
2/4/1991,,,23670
2/1/1991,,,23550
1/31/1991,,,23570
1/30/1991,,,23800
1/29/1991,,,23820
1/28/1991,,,23830
1/25/1991,,,23930
1/24/1991,,,23740
1/23/1991,,,23500
1/22/1991,,,23750
1/21/1991,,,23740
1/18/1991,,,24180
1/17/1991,,,23690
1/16/1991,,,22790
1/14/1991,,,23500
1/11/1991,,,23650
1/10/1991,,,23410
1/9/1991,,,23500
1/8/1991,,,23310
1/7/1991,,,24210
1/4/1991,,,24700
12/28/1990,,,24180
12/27/1990,,,24640
12/26/1990,,,24540
12/25/1990,,,24300
12/21/1990,,,24780
12/20/1990,,,25080
12/19/1990,,,25510
12/18/1990,,,25020
12/17/1990,,,24670
12/14/1990,,,24860
12/13/1990,,,24560
12/12/1990,,,24110
12/11/1990,,,24020
12/10/1990,,,23740
12/7/1990,,,23600
12/6/1990,,,22700
12/5/1990,,,22390
12/4/1990,,,22050
12/3/1990,,,22950
11/30/1990,,,22670
11/29/1990,,,22750
11/28/1990,,,23220
11/27/1990,,,23870
11/26/1990,,,24020
11/22/1990,,,23700
11/21/1990,,,23080
11/20/1990,,,23400
11/19/1990,,,23750
11/16/1990,,,23300
11/15/1990,,,23570
11/14/1990,,,24010
11/13/1990,,,23940
11/9/1990,,,23040
11/8/1990,,,23090
11/7/1990,,,23820
11/6/1990,,,24000
11/5/1990,,,24720
11/2/1990,,,24460
11/1/1990,,,24430
10/31/1990,,,25480
10/30/1990,,,25490
10/29/1990,,,25660
10/26/1990,,,25450
10/25/1990,,,25750
10/24/1990,,,25200
10/23/1990,,,25400
10/22/1990,,,25500
10/19/1990,,,24890
10/18/1990,,,24540
10/17/1990,,,24150
10/16/1990,,,24300
10/15/1990,,,23630
10/12/1990,,,22730
10/11/1990,,,22970
10/9/1990,,,23710
10/8/1990,,,24110
10/5/1990,,,23210
10/4/1990,,,22310
10/3/1990,,,22310
10/1/1990,,,20410
9/28/1990,,,21010
9/27/1990,,,21910
9/26/1990,,,22400
9/25/1990,,,23300
9/21/1990,,,23380
9/20/1990,,,23740
9/19/1990,,,23840
9/18/1990,,,23560
9/17/1990,,,24150
9/14/1990,,,24990
9/13/1990,,,25390
9/12/1990,,,25250
9/11/1990,,,24520
9/10/1990,,,24930
9/7/1990,,,23780
9/6/1990,,,23430
9/5/1990,,,23940
9/4/1990,,,24990
9/3/1990,,,25420
8/31/1990,,,25980
8/30/1990,,,25760
8/29/1990,,,24860
8/28/1990,,,25760
8/27/1990,,,25040
8/24/1990,,,23840
8/23/1990,,,24330
8/22/1990,,,25230
8/21/1990,,,26140
8/20/1990,,,26480
8/17/1990,,,26560
8/16/1990,,,27460
8/15/1990,,,28000
8/14/1990,,,27100
8/13/1990,,,26300
8/10/1990,,,27200
8/9/1990,,,28030
8/8/1990,,,28500
8/7/1990,,,27730
8/6/1990,,,28630
8/3/1990,,,29550
8/2/1990,,,30350
8/1/1990,,,30950
7/31/1990,,,31630
7/30/1990,,,30910
7/27/1990,,,31070
7/26/1990,,,31770
7/25/1990,,,32260
7/24/1990,,,32050
7/23/1990,,,32300
7/20/1990,,,32750
7/19/1990,,,33300
7/18/1990,,,33560
7/17/1990,,,33680
7/16/1990,,,33630
7/13/1990,,,33200
7/12/1990,,,33030
7/11/1990,,,33060
7/10/1990,,,32830
7/9/1990,,,33200
7/6/1990,,,33230
7/5/1990,,,33040
7/4/1990,,,33080
7/3/1990,,,32960
7/2/1990,,,32850
6/29/1990,,,32560
6/28/1990,,,32850
6/27/1990,,,32780
6/26/1990,,,32380
6/25/1990,,,31790
6/22/1990,,,32360
6/21/1990,,,32670
6/20/1990,,,32940
6/19/1990,,,32730
6/18/1990,,,33100
6/15/1990,,,33360
6/14/1990,,,33560
6/13/1990,,,33200
6/12/1990,,,33100
6/11/1990,,,33080
6/8/1990,,,33770
6/7/1990,,,33180
6/6/1990,,,33100
6/5/1990,,,33020
6/4/1990,,,33120
6/1/1990,,,32870
5/31/1990,,,33090
5/30/1990,,,33100
5/29/1990,,,32760
5/28/1990,,,33530
5/25/1990,,,33130
5/24/1990,,,32690
5/23/1990,,,32450
5/22/1990,,,32300
5/21/1990,,,31830
5/18/1990,,,32240
5/17/1990,,,32330
5/16/1990,,,32100
5/15/1990,,,32130
5/14/1990,,,32230
5/11/1990,,,32010
5/10/1990,,,31340
5/9/1990,,,31320
5/8/1990,,,31220
5/7/1990,,,31200
5/2/1990,,,30500
5/1/1990,,,30160
4/27/1990,,,29990
4/26/1990,,,30020
4/25/1990,,,30050
4/24/1990,,,30080
4/23/1990,,,29990
4/20/1990,,,30400
4/19/1990,,,30400
4/18/1990,,,29950
4/17/1990,,,29050
4/16/1990,,,28960
4/13/1990,,,29480
4/12/1990,,,29930
4/11/1990,,,30100
4/10/1990,,,30200
4/9/1990,,,30990
4/6/1990,,,30100
4/5/1990,,,29200
4/4/1990,,,29090
4/3/1990,,,29990
4/2/1990,,,29300
3/30/1990,,,30500
3/29/1990,,,31700
3/28/1990,,,31920
3/27/1990,,,32300
3/26/1990,,,32320
3/23/1990,,,31120
3/22/1990,,,30400
3/20/1990,,,31600
3/19/1990,,,32120
3/16/1990,,,33320
3/15/1990,,,33290
3/14/1990,,,32950
3/13/1990,,,32960
3/12/1990,,,33870
3/9/1990,,,34570
3/8/1990,,,33710
3/7/1990,,,33150
3/6/1990,,,33790
3/5/1990,,,33770
3/2/1990,,,34030
3/1/1990,,,34030
2/28/1990,,,34500
2/27/1990,,,34120
2/26/1990,,,33700
2/23/1990,,,34900
2/22/1990,,,36000
2/21/1990,,,36200
2/20/1990,,,37220
2/19/1990,,,37500
2/16/1990,,,37810
2/15/1990,,,37800
2/14/1990,,,37510
2/13/1990,,,37350
2/9/1990,,,37580
2/8/1990,,,37710
2/7/1990,,,37750
2/6/1990,,,37980
2/5/1990,,,37920
2/2/1990,,,37840
2/1/1990,,,37620
1/31/1990,,,37470
1/30/1990,,,37560
1/29/1990,,,37570
1/26/1990,,,37310
1/25/1990,,,37450
1/24/1990,,,37200
1/23/1990,,,37690
1/22/1990,,,37920
1/19/1990,,,37390
1/18/1990,,,37100
1/17/1990,,,37430
1/16/1990,,,37150
1/12/1990,,,38230
1/11/1990,,,38500
1/10/1990,,,38220
1/9/1990,,,38440
1/8/1990,,,38820
1/5/1990,,,38800
1/4/1990,,,39080
