Date,VIX Index  (R2),V2X Index  (L3),VIX Index  (L2),V2X Index  (R3),VIX Index  (R4),V2X Index  (L4),VIX Index  (R1),V2X Index  (L1)
10/17/2025,24.03,19.8818,28.41,20.9193,28.99,24.9306,23.14,19.58
10/16/2025,25.31,19.4014,20.49,19.6788,25.43,19.7833,19.85,18.5
10/15/2025,20.64,19.1624,20.02,19.1778,22.44,19.6371,19.11,18.66
10/14/2025,20.81,20.4203,21.46,21.1822,22.94,22.3496,19.18,20.31
10/13/2025,19.03,19.677,19.45,20.2261,20.77,20.2261,18.61,18.72
10/10/2025,21.66,19.5951,16.36,17.1269,22.44,19.6985,16.23,16.89
10/9/2025,16.43,17.2077,16.31,17.3019,17.27,17.337,16.26,16.76
10/8/2025,16.3,17.5164,17.17,18.2362,17.2,18.2362,16.23,17.45
10/7/2025,17.24,18.1863,16.58,17.8044,17.55,18.3994,16.19,17.74
10/6/2025,16.37,17.722,16.74,16.8293,17.09,18.4405,16.29,16.82
10/3/2025,16.65,16.0879,16.35,16.8286,17.06,16.8541,16.2,16.07
10/2/2025,16.63,16.8099,16.12,16.4172,16.92,17.0171,15.93,16.19
10/1/2025,16.29,16.4721,17.28,17.2828,17.28,17.2828,15.98,16.45
9/30/2025,16.28,16.6808,16.49,16.7979,16.7,16.8446,16.02,16.59
9/29/2025,16.12,16.4747,15.84,16.8826,16.29,17.026,15.74,16.35
9/26/2025,15.29,16.7089,16.89,16.9412,17.05,17.0725,15.29,16.66
9/25/2025,16.74,17.3201,16.55,17.2148,17.74,17.7386,16.32,16.81
9/24/2025,16.18,16.7904,16.57,16.9619,17.21,17.1965,16.18,16.67
9/23/2025,16.64,16.5774,16.1,16.8628,17.07,16.9133,15.95,16.41
9/22/2025,16.1,16.7855,16.14,16.5939,16.35,17.0991,15.78,16.59
9/19/2025,15.45,15.6575,15.76,15.4919,16.13,15.671,15.29,15.31
9/18/2025,15.7,15.4147,14.93,15.7497,15.8,15.7665,14.33,15.11
9/17/2025,15.72,16.8035,16.42,16.5822,16.75,17.0166,15.26,16.37
9/16/2025,16.36,16.7746,15.6,15.7474,16.38,16.8063,15.44,15.56
9/15/2025,15.69,15.4924,15.14,15.4883,15.84,15.7598,14.92,15.31
9/12/2025,14.76,15.3874,14.62,15.7067,14.97,16.1695,14.41,15.19
9/11/2025,14.71,15.8198,15.19,16.7119,15.24,16.7281,14.65,15.52
9/10/2025,15.35,16.8283,14.98,16.31,15.63,17.0657,14.63,16.27
9/9/2025,15.04,16.7284,15.02,16.6613,15.82,17.1993,14.97,16.46
9/8/2025,15.11,16.8772,15.58,17.5449,15.65,17.557,14.99,16.73
9/5/2025,15.18,17.6769,15.23,17.3567,16.92,18.2828,14.74,16.58
9/4/2025,15.3,17.4261,16.22,18.2886,16.35,18.3869,15.28,17.37
9/3/2025,16.35,18.4109,17.4,19.1209,17.57,19.2032,16.34,18.33
9/2/2025,17.17,19.7201,16.65,18.1991,19.38,20.0772,16.55,17.95
9/1/2025,16.12,17.6491,16.17,18.0281,16.79,18.0281,15.08,17.61
8/29/2025,15.36,17.5646,14.31,17.2075,15.97,17.8203,14.31,16.9
8/28/2025,14.43,17.1032,14.42,17.4645,14.69,17.9638,14.12,17
8/27/2025,14.85,17.8382,14.66,17.4966,15.23,18.4318,14.66,17.49
8/26/2025,14.62,18.0006,15.75,18.325,15.75,18.6367,14.62,17.41
8/25/2025,14.79,16.8794,15.05,15.7868,15.19,16.8794,14.24,15.24
8/22/2025,14.22,15.0619,16.81,16.9839,16.83,17.0121,14.21,15
8/21/2025,16.6,16.7329,15.72,16.3923,17.24,16.9102,15.65,16.27
8/20/2025,15.69,16.5922,15.95,16.2784,17.19,16.8303,15.57,16.01
8/19/2025,15.57,15.7601,15.23,16.2678,15.91,16.3261,14.76,15.65
8/18/2025,14.99,16.3955,15.73,16.3113,15.95,16.7096,14.95,16.31
8/15/2025,15.09,15.8372,14.43,15.7528,15.18,16.063,14.4,15.5
8/14/2025,14.83,15.9899,14.66,15.6667,15.39,16.2839,14.57,15.5
8/13/2025,14.49,16.1568,14.62,16.331,14.81,16.3904,14.3,16.12
8/12/2025,14.73,16.6707,16.09,17.7018,16.56,18.1098,14.66,16.61
8/11/2025,16.25,17.7594,15.81,17.5593,16.36,17.9191,15.52,17.47
8/8/2025,15.15,17.3952,16.48,17.8846,16.52,17.9521,15.15,17.07
8/7/2025,16.57,18.0797,16.41,17.9621,17.64,18.2687,15.98,17.64
8/6/2025,16.77,18.3912,17.22,18.2857,17.88,18.6254,16.56,18.08
8/5/2025,17.85,18.8283,17.21,18.7666,18.94,19.5439,17.11,18.16
8/4/2025,17.52,19.674,19.56,21.5466,19.58,21.5466,17.48,19.43
8/1/2025,20.38,21.7948,17.4,18.9349,21.9,22.8999,17.39,18.93
7/31/2025,16.72,17.5426,14.99,16.1057,17.17,17.6378,14.74,15.88
7/30/2025,15.48,16.4878,15.87,16.9942,17.27,17.0566,15.44,16.31
7/29/2025,15.98,16.6623,14.95,16.6542,16.12,16.6645,14.7,16.1
7/28/2025,15.03,17.2263,15.15,17.0261,15.54,17.5748,15,16.33
7/25/2025,14.93,17.7999,15.33,18.2987,15.39,18.5204,14.92,17.68
7/24/2025,15.39,17.7226,15.39,17.4441,15.54,18.4124,14.95,17.44
7/23/2025,15.37,18.4217,16.23,17.8385,16.32,18.6022,15.32,17.76
7/22/2025,16.5,18.8583,16.75,17.9272,17.48,19.2652,16.43,17.86
7/21/2025,16.65,17.6071,16.87,17.9471,16.99,18.5191,16.3,17.57
7/18/2025,16.41,17.6953,16.43,17.2485,16.81,17.6953,16.28,16.84
7/17/2025,16.52,17.4186,17.16,17.9195,17.37,18.0627,16.48,17.38
7/16/2025,17.16,19.0409,17.66,18.3021,19.48,19.1868,16.69,17.61
7/15/2025,17.38,17.745,16.89,17.3633,17.39,17.861,16.56,16.86
7/14/2025,17.2,17.7391,17.73,18.3989,17.85,18.5487,16.91,17.74
7/11/2025,16.4,17.112,16.41,16.6514,17.24,17.572,15.98,16.58
7/10/2025,15.78,15.9921,16.23,16.2977,16.24,16.3162,15.7,15.99
7/9/2025,15.94,16.6112,16.76,17.065,16.76,17.065,15.76,16.38
7/8/2025,16.81,17.4042,17.41,18.193,17.44,18.193,16.54,17.31
7/7/2025,17.79,18.4761,17.83,18.8493,18.5,18.9731,17.51,18.33
7/4/2025,17.48,19.0519,16.93,17.8481,17.67,19.449,16.92,17.81
7/3/2025,16.38,17.232,16.65,17.6874,16.83,18.045,16.14,17.23
7/2/2025,16.64,17.7453,16.75,17.5089,17.37,18.0687,16.54,17.4
7/1/2025,16.83,17.6662,16.98,17.6181,17.48,18.036,16.51,17.53
6/30/2025,16.73,17.6686,17.19,17.9801,17.43,18.1588,16.55,17.51
6/27/2025,16.32,17.4037,16.31,17.9005,17.29,17.9739,16.12,17.16
6/26/2025,16.59,18.4985,16.67,18.5294,16.78,19.0006,16.11,18.33
6/25/2025,16.76,18.9975,17.28,18.5278,17.51,19.065,16.68,18.31
6/24/2025,17.48,18.8458,18.19,19.3626,18.72,20.133,17.33,18.85
6/23/2025,19.83,22.4455,21.15,23.3702,22.51,23.74,19.82,22.08
6/20/2025,20.62,22.4761,20.74,23.6043,21.07,23.6043,19.11,21.12
6/19/2025,22.17,24.949,21.51,23.2964,22.75,25.0087,21.18,23.12
6/18/2025,20.14,22.3987,20.9,22.1608,21.58,23.4114,19.59,21.66
6/17/2025,21.6,22.0994,20.53,21.5745,21.79,22.3556,19.55,21.49
6/16/2025,19.11,19.9802,19.78,21.0877,20.22,21.3816,18.67,19.75
6/13/2025,20.82,21.7307,21.76,21.439,22,22.5779,18.88,21.34
6/12/2025,18.02,19.3663,17.87,18.5617,18.87,20.3262,17.43,18.35
6/11/2025,17.26,17.2454,17.04,17.7625,18.09,17.8362,16.23,17.11
6/10/2025,16.95,17.7408,17.5,17.7598,17.99,18.1425,16.68,17.59
6/9/2025,17.16,17.6324,17.69,18.0933,17.72,18.3179,16.82,17.61
6/6/2025,16.77,17.4197,18.16,18.1638,18.35,18.5419,16.65,17.17
6/5/2025,18.48,17.7476,17.68,18.4129,18.8,19.0239,17.08,17.75
6/4/2025,17.61,18.5133,17.68,18.2287,18.07,18.8146,17.41,17.79
6/3/2025,17.69,18.661,18.83,19.6709,19.21,20.524,17.64,18.62
6/2/2025,18.36,19.9809,19.81,20.2711,20.45,21.039,18.36,19.72
5/30/2025,18.57,19.1549,19.61,19.2756,20.55,19.4186,18.57,18.48
5/29/2025,19.18,19.0139,18.25,18.7704,20.2,19.5486,18.11,18.24
5/28/2025,19.31,19.3138,19.21,18.5449,19.43,19.3204,18.68,18.13
5/27/2025,18.96,18.5701,20.63,19.6447,21.01,19.6447,18.95,18.53
5/26/2025,20.57,19.6395,20.75,22.7689,20.83,22.8056,20.3,19.1
5/23/2025,22.29,22.482,20.14,18.2403,25.53,28.025,19.83,17.44
5/22/2025,20.28,18.3557,20.62,18.0218,22.07,19.2879,19.64,17.82
5/21/2025,20.87,16.6869,18.77,16.9052,21.05,17.6208,17.77,16.6
5/20/2025,18.09,16.5755,18.46,16.6097,18.68,16.8637,17.7,16.23
5/19/2025,18.14,16.8065,19.84,17.9541,19.92,18.2926,17.92,16.8
5/16/2025,17.24,16.36,17.96,16.4224,17.96,16.5666,17.15,15.97
5/15/2025,17.83,16.6144,19.19,17.1734,19.38,17.4022,17.77,16.6
5/14/2025,18.62,17.2092,18.1,16.5218,18.82,17.3156,18.06,16.5
5/13/2025,18.22,16.5618,18.69,17.8257,18.85,17.8595,17.65,16.51
5/12/2025,18.39,18.1951,19.84,19.4712,20.44,19.4785,18.14,18.2
5/9/2025,21.9,20.5188,22.4,20.1719,22.82,20.5251,21.83,19.94
5/8/2025,22.48,20.4215,22.84,20.7167,23.61,20.91,21.88,20.16
5/7/2025,23.55,21.6622,24.56,21.2333,25.62,21.8302,23.29,20.91
5/6/2025,24.76,20.7876,23.97,20.3367,25.11,21.8913,23.9,20.29
5/5/2025,23.64,20.2803,24.25,21.1933,24.63,21.2322,22.81,20.23
5/2/2025,22.68,20.5365,23.63,21.2799,24.32,21.3512,22.34,20.36
5/1/2025,24.6,,23.94,,25.18,,23.3,
4/30/2025,24.7,22.4714,24.35,21.1539,28.17,23.2539,24.23,21.04
4/29/2025,24.17,21.6048,24.76,22.0252,25.99,22.3007,23.76,21.56
4/28/2025,25.15,22.3621,25.75,22.192,26.93,22.376,24.7,21.46
4/25/2025,24.84,21.9681,26.22,22.7883,27.2,22.9399,24.84,21.91
4/24/2025,26.47,23.3776,28.69,24.4829,29.66,25.0632,26.36,23.32
4/23/2025,28.45,24.5368,28.75,23.6903,30.29,24.6315,27.11,23.16
4/22/2025,30.57,25.7383,32.61,28.1664,32.68,28.1871,30.08,25.7
4/21/2025,33.82,,32.75,,35.75,,31.79,
4/17/2025,29.65,26.1784,30.79,27.0535,32.55,27.4964,29.57,25.97
4/16/2025,32.64,26.2958,33.24,28.8017,34.96,29.4411,29.48,26.29
4/15/2025,30.12,25.9458,30.01,28.2261,31.45,28.2428,28.29,25.8
4/14/2025,30.89,29.0826,34.76,36.4128,35.17,36.4128,29.75,27.78
4/11/2025,37.56,39.5631,40.8,36.1852,46.12,40.1839,36.85,35.68
4/10/2025,40.72,37.0404,34.44,46.8428,54.87,47.1901,34.44,34.12
4/9/2025,33.62,45.8676,50.98,38.5091,57.96,49.0368,31.9,38.48
4/8/2025,52.33,36.3937,44.04,46.8266,57.52,46.8266,36.48,34.17
4/7/2025,46.98,46.7206,60.13,45.3149,60.13,53.5375,38.58,42.01
4/4/2025,45.31,34.2211,30.12,26.8798,45.61,38.9726,29.99,26.88
4/3/2025,30.02,25.5394,26.38,22.7174,30.02,25.8504,24.93,22.58
4/2/2025,21.51,21.3163,22.3,21.6496,23.66,22.5671,20.68,21.29
4/1/2025,21.77,21.0883,22.06,21.6156,23.52,22.1122,21.58,20.93
3/31/2025,22.28,22.1452,24.11,22.5989,24.8,23.7276,21.67,22.09
3/28/2025,21.65,20.5966,19.08,20.0478,22.18,20.8747,18.92,19.84
3/27/2025,18.69,19.6106,18.36,19.8228,19.28,20.0162,17.95,19.19
3/26/2025,18.33,19.02,17.23,17.735,19.07,19.0622,16.97,17.72
3/25/2025,17.15,17.5911,17.58,18.2126,17.77,18.268,17.02,17.58
3/24/2025,17.48,18.6099,19.13,20.0998,19.14,20.0998,17.46,18.54
3/21/2025,19.28,19.6916,20.02,19.1329,21.14,19.8546,19.15,19.1
3/20/2025,19.8,19.004,19.52,18.3031,21.17,19.5662,19.3,18.05
3/19/2025,19.9,18.606,21.84,19.2784,22.1,19.3157,19.42,18.59
3/18/2025,21.7,18.9707,20.83,18.7784,22.57,19.4058,20.41,18.57
3/17/2025,20.51,19.1141,22.89,20.6686,22.95,20.6686,20.32,19.04
3/14/2025,21.77,20.2145,24.35,21.835,24.36,21.835,21.48,20.12
3/13/2025,24.66,21.8301,24.92,21.94,26.13,22.1942,23.46,20.93
3/12/2025,24.23,21.8189,26.88,23.5451,26.91,23.5451,23.89,21.79
3/11/2025,26.92,24.3017,27.94,24.0542,29.57,25.0855,26.18,23.01
3/10/2025,27.86,23.9196,24.7,22.824,29.56,24.3546,24.68,22.71
3/7/2025,23.37,22.6623,24.85,22.4344,26.56,23.5145,23.09,21.68
3/6/2025,24.87,21.4432,22.6,20.8771,25.92,22.5615,22.39,20.78
3/5/2025,21.93,21.4916,23.03,20.457,24.84,21.5818,21.37,20.42
3/4/2025,23.51,22.6015,22.96,20.619,26.35,22.9004,21.71,20.04
3/3/2025,22.78,18.6125,19.83,18.801,24.31,19.5006,19.25,18.2
2/28/2025,19.63,18.6266,21.21,19.4654,22.4,19.703,19.05,18.38
2/27/2025,21.13,18.0257,18.25,17.7544,21.47,18.6208,17.67,16.97
2/26/2025,19.1,16.9863,18.96,17.0625,20.06,17.4546,17.83,16.83
2/25/2025,19.43,17.7794,19.09,17.177,21.48,17.9127,18.85,16.79
2/24/2025,18.98,16.949,18.08,17.2601,20.24,18.1183,17.31,16.32
2/21/2025,18.21,16.4749,15.63,17.2484,19.03,17.5096,15.28,16.36
2/20/2025,15.66,17.5164,15.61,16.9615,16.63,17.84,15.12,16.79
2/19/2025,15.27,17.4199,15.14,16.0909,15.96,17.9877,15.05,15.86
2/18/2025,15.35,16.1668,15.57,16.2064,16.03,16.5518,15.35,15.99
2/17/2025,15.37,16.2139,15.38,16.1011,15.57,16.4168,15.34,15.98
2/14/2025,14.77,15.8773,15.08,15.9255,15.42,16.3548,14.74,15.78
2/13/2025,15.1,16.5174,15.97,15.8999,16.33,17.1248,14.98,15.74
2/12/2025,15.89,16.1661,15.91,16.2017,17.18,16.7037,15.64,16.07
2/11/2025,16.02,16.2439,16.13,16.5017,16.42,16.733,15.75,16.22
2/10/2025,15.81,16.6204,16.58,16.7073,16.61,16.8531,15.7,16.5
2/7/2025,16.54,16.6533,15.38,15.8781,16.66,16.7838,14.79,15.48
2/6/2025,15.5,15.9968,15.88,16.0883,16.15,16.3182,14.99,15.9
2/5/2025,15.77,16.4786,17.54,17.0474,17.75,17.0742,15.77,16.48
2/4/2025,17.21,16.772,18.78,17.5561,19.11,17.9563,16.78,16.77
2/3/2025,18.62,17.5847,20.36,18.4898,20.42,19.0738,17.66,17.23
1/31/2025,16.43,15.3582,15.45,14.9418,17.09,15.4628,14.9,14.88
1/30/2025,15.84,14.9092,15.93,15.2028,16.42,15.2876,15.32,14.9
1/29/2025,16.56,15.7371,16.42,15.7977,18.08,15.8038,16.17,15.41
1/28/2025,16.41,16.1654,18.29,16.6837,18.39,16.7423,16.25,15.94
1/27/2025,17.9,16.7627,18.83,17.2881,22.51,18.359,17.57,16.51
1/24/2025,14.85,14.8591,15.02,14.9477,15.16,15.3037,14.58,14.83
1/23/2025,15.02,14.9751,15.28,15.2891,15.39,15.3732,14.59,14.93
1/22/2025,15.1,15.003,14.89,15.2256,15.29,15.3673,14.59,14.98
1/21/2025,15.06,15.452,16.29,16.7111,16.29,16.7111,14.93,15.43
1/20/2025,15.81,16.6291,16.46,16.6112,16.59,16.9382,15.8,16.57
1/17/2025,15.97,15.7161,16.19,15.692,16.23,16.0047,15.53,15.2
1/16/2025,16.6,15.5624,15.87,15.2992,16.6,15.9269,15.64,15.19
1/15/2025,16.12,16.1034,19.08,17.7268,19.14,17.8327,15.96,16.09
1/14/2025,18.71,17.7041,18.79,17.9432,19.66,17.9561,18.24,17.4
1/13/2025,19.19,18.8843,21.18,19.6126,22.04,20.0751,19.15,18.78
1/10/2025,19.54,18.2062,18.29,17.1638,20.31,18.4399,18.05,17.03
1/9/2025,18.07,16.9701,18.51,17.3947,18.52,17.4241,17.95,16.63
1/8/2025,17.7,17.1103,17.91,16.524,19.5,18.1192,17.37,16.12
1/7/2025,17.82,16.3092,16.48,16.6001,18.9,16.755,15.79,15.97
1/6/2025,16.04,16.4339,16.77,17.0178,16.87,17.3311,15.71,16.38
1/3/2025,16.13,16.9253,17.66,17.348,17.94,17.582,16.11,16.86
1/2/2025,17.93,17.1965,17.21,16.9367,19.5,17.567,16.96,16.91
12/31/2024,17.35,,17.39,,17.81,,16.68,
12/30/2024,17.4,17.003,17.21,17.0451,19.22,17.6611,16.44,16.61
12/27/2024,15.95,16.2708,15.38,17.3521,18.45,17.3521,15.29,16.27
12/26/2024,14.73,,14.99,,15.93,,14.55,
12/24/2024,14.27,,16.97,,17.04,,14.27,
12/23/2024,16.78,17.1927,18.09,17.8463,20.02,17.8989,16.74,16.67
12/20/2024,18.36,16.8404,24.14,19.0668,26.51,21.6294,17.82,16.83
12/19/2024,24.09,18.6281,21.61,16.8478,24.12,18.6471,20.16,16.27
12/18/2024,27.62,14.5245,15.57,14.56,28.32,14.6832,14.82,13.94
12/17/2024,15.87,14.574,14.98,14.7719,15.94,14.8546,14.78,14.15
12/16/2024,14.69,14.4233,14.37,14.3393,14.69,14.4948,13.99,14.21
12/13/2024,13.81,13.7514,13.57,13.7829,14.25,14.1298,13.24,13.44
12/12/2024,13.92,13.8367,13.73,13.9451,13.95,14.2194,13.39,13.79
12/11/2024,13.58,14.0708,14.42,15.3025,14.43,15.3663,13.52,14.05
12/10/2024,14.18,15.1765,14.3,14.9019,14.54,15.2319,13.86,14.86
12/9/2024,14.19,14.6755,13.36,14.8165,14.23,14.9237,13.35,14.61
12/6/2024,12.77,14.4806,13.62,15.1754,13.74,15.1933,12.7,14.43
12/5/2024,13.54,15.0065,13.46,15.6817,13.7,15.705,13.26,15
12/4/2024,13.45,15.8362,13.16,16.379,13.61,16.3998,12.89,15.54
12/3/2024,13.3,16.4657,13.38,16.6247,13.77,17.1523,13.19,16.46
12/2/2024,13.34,17.1832,14.08,18.0683,14.1,18.1663,13.3,16.9
11/29/2024,13.51,16.9607,14,17.724,14.15,17.8452,13.49,16.89
11/28/2024,13.9,17.5996,14.07,17.7323,14.07,17.7586,13.87,17.2
11/27/2024,14.1,18.298,14.28,18.131,15.13,19.1042,13.96,18.1
11/26/2024,14.1,17.7285,14.95,17.9485,15.03,18.0853,13.88,17.41
11/25/2024,14.6,17.2061,15.23,17.6004,15.72,17.8456,14.54,17.11
11/22/2024,15.24,17.9689,16.67,18.2904,17.56,19.791,15.24,17.97
11/21/2024,16.87,18.952,17.1,19.9818,17.99,21.0219,15.73,18.94
11/20/2024,17.16,20.0581,16.19,18.6398,18.79,20.4062,16.04,18.36
11/19/2024,16.35,19.2251,15.44,17.6746,17.93,21.4024,15.37,17.58
11/18/2024,15.58,17.7888,16.6,17.8437,17,18.6169,15.35,17.62
11/15/2024,16.14,17.2116,15.02,17.8596,17.55,17.8782,14.56,16.87
11/14/2024,14.31,17.1048,14.17,17.117,14.32,17.6739,13.59,16.95
11/13/2024,14.02,17.6841,15.09,17.8348,15.26,18.5502,13.77,17.56
11/12/2024,14.71,17.9442,15.09,17.4442,15.37,18.0414,14.69,16.9
11/11/2024,14.97,16.7866,15.33,16.6719,15.56,16.8878,14.89,16.39
11/8/2024,14.94,16.7768,15.13,16.5568,15.33,17.1058,14.66,16.11
11/7/2024,15.2,16.7385,15.86,17.7593,15.86,17.7593,15.13,16.52
11/6/2024,16.27,18.4866,16.06,18.7817,16.82,19.1121,15.44,16.25
11/5/2024,20.49,19.8482,21.98,21.057,22.06,21.057,20.2,19.69
11/4/2024,21.98,20.9586,22.5,21.9803,23.07,22.0559,21.73,20.82
11/1/2024,21.88,21.094,22.96,21.3573,23.09,21.6222,21.16,20.69
10/31/2024,23.16,21.7302,21.44,20.9456,23.42,22.175,21.12,20.7
10/30/2024,20.35,19.9312,19.33,19.2848,20.44,20.3871,19.3,19.14
10/29/2024,19.34,18.9946,19.75,18.6564,20.53,19.1255,19.06,18.5
10/28/2024,19.8,18.6585,19.11,19.2243,19.88,19.4269,18.91,18.54
10/25/2024,20.33,18.9165,19.22,19.1397,20.51,19.322,18.23,18.62
10/24/2024,19.08,19.1718,18.87,18.6237,20.24,19.2092,18.63,18.34
10/23/2024,19.24,18.9938,18.21,18.5237,20.47,19.0239,18.18,18.45
10/22/2024,18.2,18.6169,18.79,18.4148,19.44,19.4856,18.05,18.18
10/21/2024,18.37,18.8489,18.78,17.9031,19.34,18.8718,18.36,17.65
10/18/2024,18.03,17.2509,19.3,17.9868,19.32,18.0708,17.99,17.08
10/17/2024,19.11,18.2664,19.55,18.8826,19.65,18.8886,18.88,17.69
10/16/2024,19.58,19.2128,20.77,19.1421,21.01,19.5695,19.45,18.83
10/15/2024,20.64,18.5964,19.61,17.5384,20.89,18.9779,19.44,17.51
10/14/2024,19.7,17.6747,20.86,18.8091,20.86,18.8922,19.69,17.66
10/11/2024,20.46,18.4665,20.87,19.4187,21.16,19.6763,20.14,18.32
10/10/2024,20.93,19.1897,20.91,19.6059,21.39,19.8484,20.64,19.14
10/9/2024,20.86,19.3657,21.98,20.6837,22.01,20.7976,20.71,19.28
10/8/2024,21.42,20.2825,22.92,21.8333,23.14,22.1562,21.14,20.28
10/7/2024,22.64,20.2202,20.76,20.8372,23.03,21.1638,20.65,20.09
10/4/2024,19.21,20.2537,20.48,21.4697,20.48,21.5042,18.48,19.66
10/3/2024,20.49,21.2197,19.63,20.5402,20.75,21.5757,19.16,20.3
10/2/2024,18.9,19.8893,19.65,20.7407,20.36,21.4498,18.58,19.76
10/1/2024,19.26,21.1034,16.96,18.1534,20.73,21.5354,16.61,17.68
9/30/2024,16.73,18.0647,17.01,17.2183,17.79,18.162,16.47,17.2
9/27/2024,16.96,15.9531,15.64,16.1961,16.97,16.316,15.2,15.95
9/26/2024,15.37,16.3795,15.06,15.7676,15.83,16.5898,14.9,15.67
9/25/2024,15.41,16.2155,15.82,16.5009,15.82,16.5235,15.17,16.1
9/24/2024,15.39,16.02,15.87,16.0065,16.67,16.6625,15.27,15.71
9/23/2024,15.89,16.3693,16.71,17.1623,16.95,17.2146,15.75,16.18
9/20/2024,16.15,16.1859,16.35,15.5361,16.68,16.969,15.81,15.48
9/19/2024,16.33,15.4193,17.21,16.2193,17.27,16.2193,16.21,15.38
9/18/2024,18.23,17.0602,17.58,16.7537,19.39,17.4744,17.11,16.61
9/17/2024,17.61,16.5794,17.16,16.8227,18.08,16.8926,16.67,16.34
9/16/2024,17.14,17.1151,17.16,16.915,17.69,17.2672,16.91,16.34
9/13/2024,16.56,16.0523,17.03,16.9191,17.18,17.0619,16.23,15.99
9/12/2024,17.07,17.533,17.62,17.8953,18.59,18.594,16.89,17.36
9/11/2024,17.69,19.5984,19.41,19.0783,21.41,20.383,17.55,18.25
9/10/2024,19.08,19.5428,19.86,19.705,20.74,20.1073,18.9,18.91
9/9/2024,19.45,20.2294,21.32,22.3711,21.41,22.3711,19.29,19.72
9/6/2024,22.38,22.5849,21.98,21.068,23.76,22.5954,18.83,17.95
9/5/2024,19.9,20.0497,20.75,20.2387,21.53,20.8145,19.21,19.21
9/4/2024,21.32,19.8665,23.2,19.4796,23.31,21.1072,19.34,19.09
9/3/2024,20.72,17.3374,15.76,15.4947,21.99,17.6323,15.71,15.19
9/2/2024,15.55,15.4132,15.87,15.8991,15.99,16.4919,15.48,15.41
8/30/2024,15,15.2695,15.67,15.3635,16.04,15.3635,14.78,14.99
8/29/2024,15.65,15.2338,16.54,15.3037,16.57,15.3246,15.19,14.89
8/28/2024,17.11,15.5896,15.51,15.2877,17.89,15.6303,15.46,14.91
8/27/2024,15.43,15.4568,16.21,15.546,16.81,15.6436,15.37,15.38
8/26/2024,16.15,15.6627,16.27,15.762,16.67,15.7681,15.81,15.19
8/23/2024,15.86,15.307,17.12,15.8856,17.21,15.953,15.61,15.3
8/22/2024,17.55,16.0105,16.27,15.3926,18.06,16.0715,15.76,15.26
8/21/2024,16.27,15.4752,16.25,15.6241,17.17,15.78,15.92,15.02
8/20/2024,15.88,15.46,14.89,14.8328,15.93,15.4662,14.78,14.59
8/19/2024,14.65,14.9168,15.94,15.3911,16.07,15.6071,14.46,14.77
8/16/2024,14.8,14.5006,15.29,15.7815,15.76,15.8562,14.65,14.5
8/15/2024,15.23,15.3092,16.27,16.0583,16.68,16.7764,14.77,15.05
8/14/2024,16.19,16.7631,18.41,17.8036,18.49,17.9216,16.12,16.75
8/13/2024,18.12,18.3433,20.06,19.0832,20.79,19.876,17.95,18.3
8/12/2024,20.71,19.2927,20.79,19.1275,21.19,19.559,18.89,18.53
8/9/2024,20.37,20.4295,23.78,21.2326,24.52,22.1076,20.26,19.96
8/8/2024,23.79,21.6299,28.34,21.2719,29.47,24.0572,23.36,21.23
8/7/2024,27.85,20.7485,24.77,25.2427,29.76,25.2467,21.97,20.49
8/6/2024,27.71,25.0676,33.71,30.4877,34.77,30.4878,24.02,24.43
8/5/2024,38.57,31.1676,23.39,29.5077,65.73,40.869,23.39,29.51
8/2/2024,23.39,24.519,20.52,20.3839,29.66,24.8217,20.01,19.86
8/1/2024,18.59,18.1194,16.2,16.0229,19.48,18.4641,15.95,16.01
7/31/2024,16.36,15.7434,16.66,16.6648,16.77,16.6648,15.71,15.74
7/30/2024,17.69,16.5329,16.64,16.539,18.32,16.7536,16.26,16.12
7/29/2024,16.6,16.8293,16.59,16.2092,17.21,17.0827,16.23,16.21
7/26/2024,16.39,16.1458,17.97,16.7437,18.05,16.8197,16.37,16.02
7/25/2024,18.46,16.93,18.41,17.3872,19.36,18.3646,16.42,16.9
7/24/2024,18.04,16.0622,15.35,15.3478,18.46,16.1558,15.18,15.35
7/23/2024,14.72,14.8035,15.21,15.2979,15.35,15.4662,13.9,14.8
7/22/2024,14.91,15.6897,16.79,16.3294,16.89,16.3695,14.75,15.55
7/19/2024,16.52,16.5217,16.44,16.3216,17.19,16.8796,10.62,15.88
7/18/2024,15.93,15.7337,14.27,14.6637,16.43,15.8398,14.08,14.26
7/17/2024,14.48,14.5472,13.6,14.0287,14.88,15.1832,13.54,13.72
7/16/2024,13.19,13.865,13.38,14.2981,13.47,14.4305,12.95,13.78
7/15/2024,13.12,13.5933,12.78,13.6966,13.26,13.8161,12.75,13.08
7/12/2024,12.46,13.0602,12.87,13.3751,12.89,13.4266,12.11,12.83
7/11/2024,12.92,13.4169,12.88,13.9547,13.33,14.0602,12.23,13.35
7/10/2024,12.85,13.8688,12.51,14.3167,12.92,14.4128,12.39,13.83
7/9/2024,12.51,14.5967,12.48,13.6878,12.61,14.6923,12.35,13.23
7/8/2024,12.37,13.2924,12.91,14.1394,12.91,14.1394,12.31,13.12
7/5/2024,12.48,14.4265,12.37,14.3728,12.61,15.2126,11.84,14.12
7/4/2024,12.26,14.6177,12.1,14.6399,12.35,14.7432,12.09,14.44
7/3/2024,12.09,14.8321,12.13,15.5784,12.23,15.5784,11.95,14.68
7/2/2024,12.03,15.8831,12.67,16.5806,12.88,17.235,11.85,15.75
7/1/2024,12.22,15.8952,12.98,18.1226,13.26,18.1261,12.1,15.63
6/28/2024,12.44,18.2969,12.24,18.8321,12.76,18.9694,11.87,17.99
6/27/2024,12.24,19.0602,12.69,18.7377,12.77,19.5033,12.21,18.66
6/26/2024,12.55,18.98,12.81,17.5064,13.24,19.2825,12.37,17.45
6/25/2024,12.84,18.0399,13.48,17.7875,13.52,18.1026,12.84,17.66
6/24/2024,13.33,17.3846,13.85,17.6383,13.88,17.73,13.15,17.22
6/21/2024,13.2,17.6045,13.22,17.9691,13.78,19.0802,12.99,17.55
6/20/2024,13.28,17.7544,12.5,18.1919,13.55,18.1976,12.18,17.4
6/19/2024,12.48,18.5209,12.32,18.4091,12.55,18.7042,12.32,17.74
6/18/2024,12.3,18.604,12.7,19.2429,12.74,19.5588,12.24,18.26
6/17/2024,12.75,19.9107,13.07,19.4875,13.29,21.2504,12.5,18.97
6/14/2024,12.66,19.8691,12.22,17.3636,13.45,22.1769,12.12,17.36
6/13/2024,11.94,16.751,12.05,14.3802,12.68,17.0062,11.88,14.26
6/12/2024,12.04,14.7719,13.1,15.6117,13.15,15.8195,11.94,14.51
6/11/2024,12.85,15.7607,12.85,14.307,13.47,16.6517,12.78,14.17
6/10/2024,12.74,14.5074,13.09,14.8838,13.28,15.6082,12.62,14.48
6/7/2024,12.22,13.2861,12.69,13.2179,13.08,13.956,12.11,13.14
6/6/2024,12.58,13.3388,12.75,13.6197,12.98,13.7796,12.54,13.32
6/5/2024,12.63,13.9334,13.14,14.2529,13.25,14.348,12.6,13.9
6/4/2024,13.16,14.7419,13.51,14.4338,14.08,15.2862,13.11,14.34
6/3/2024,13.11,14.0593,13.08,13.6616,14.31,14.1389,13,13.4
5/31/2024,12.92,14.1384,14.5,14.1324,14.87,14.3105,12.84,13.64
5/30/2024,14.47,13.9805,14.82,14.6038,14.88,14.6481,13.67,13.87
5/29/2024,14.28,14.0762,13.75,13.7532,14.32,14.7071,13.69,13.71
5/28/2024,12.92,13.3141,12.51,12.8767,13.44,13.5583,12.36,12.75
5/27/2024,12.36,12.8844,12.41,12.965,12.49,12.9911,12.35,12.71
5/24/2024,11.93,12.6094,12.86,13.3285,12.89,13.527,11.89,12.54
5/23/2024,12.77,12.5152,11.53,12.5081,13.37,12.8515,11.52,12.12
5/22/2024,12.29,12.7432,12.05,12.6144,12.81,12.7459,11.78,12.35
5/21/2024,11.86,12.5421,12.3,12.5035,12.56,13.0778,11.84,12.48
5/20/2024,12.15,12.442,12.27,12.5873,12.59,12.5959,12.07,12.32
5/17/2024,11.99,12.1346,12.28,12.8175,12.48,12.9845,11.91,12.13
5/16/2024,12.42,12.7936,12.52,12.6162,12.67,12.8449,12.33,12.46
5/15/2024,12.45,13.0905,13.73,13.9011,13.94,14.0501,12.38,12.99
5/14/2024,13.42,13.9554,13.71,13.9389,14.03,14.1449,13.27,13.82
5/13/2024,13.6,13.924,13.26,13.8663,13.66,13.9824,13.25,13.85
5/10/2024,12.55,13.6018,12.77,13.3909,12.96,13.627,12.5,13.28
5/9/2024,12.69,13.4636,13.08,13.615,13.29,13.8464,12.68,13.46
5/8/2024,13,13.7213,13.24,13.9662,13.51,13.9662,12.94,13.7
5/7/2024,13.23,14.0852,13.52,14.1458,13.64,14.3356,13.16,14.03
5/6/2024,13.49,14.299,13.98,14.6578,14.02,14.7327,13.44,14.28
5/3/2024,13.49,14.4388,14.51,15.1645,14.58,15.2728,13.48,14.18
5/2/2024,14.68,15.4322,15.14,15.8138,16.09,15.8566,14.6,15.23
5/1/2024,15.39,,15.75,,16.22,,14.35,
4/30/2024,15.65,15.5652,14.82,15.1321,15.9,15.5652,14.67,14.94
4/29/2024,14.67,15.1077,15.37,15.4354,15.42,15.4682,14.63,15.08
4/26/2024,15.03,15.2644,15.49,15.5733,16.06,15.6929,14.92,15.19
4/25/2024,15.37,16.3578,16.25,15.7936,17.55,17.2191,15.27,15.6
4/24/2024,15.97,15.6176,15.76,15.4367,16.38,15.6931,15.58,15.18
4/23/2024,15.69,15.7948,16.72,16.4113,16.76,16.4444,15.69,15.7
4/22/2024,16.94,17.1142,18.59,17.7927,18.72,18.2003,16.69,16.9
4/19/2024,18.71,18.1885,21.33,18.6839,21.36,19.7915,18.17,18.14
4/18/2024,18,17.5161,17.91,18.0187,18.37,18.2871,17.21,17.45
4/17/2024,18.21,18.4714,18.24,19.1276,19.11,19.1276,17.54,17.42
4/16/2024,18.4,19.6253,19.49,20.1952,19.56,20.2108,17.64,19.03
4/15/2024,19.23,18.5184,16.94,17.7106,19.46,18.712,16.26,16.81
4/12/2024,17.31,18.7948,14.91,15.4914,19.2,20.2231,14.91,15.48
4/11/2024,14.91,16.7012,16.02,15.9735,17.61,17.3396,14.91,15.85
4/10/2024,15.8,15.9059,15.24,15.6432,16.62,16.6771,14.59,15.31
4/9/2024,14.98,16.3013,15.34,15.6379,16.63,16.6807,14.94,15.3
4/8/2024,15.19,15.5231,16.24,16.14,16.5,16.14,15.11,15.37
4/5/2024,16.03,16.1199,16.45,15.7884,16.75,16.3832,15.53,15.64
4/4/2024,16.35,13.6866,14.29,14.2304,16.92,14.2559,13.74,13.69
4/3/2024,14.33,14.2498,15,14.9542,15.18,15.0297,14.25,14.24
4/2/2024,14.61,15.1815,13.74,13.9688,15.43,15.5556,13.68,13.81
4/1/2024,13.65,,13.61,,14.15,,13.55,
3/28/2024,13.01,13.3781,12.93,12.7974,13.1,13.4074,12.84,12.67
3/27/2024,12.78,12.8635,13.13,12.5374,13.34,12.8702,12.66,12.36
3/26/2024,13.24,12.4541,13.12,12.5758,13.43,12.7216,12.84,12.4
3/25/2024,13.19,12.4948,13.67,12.9592,13.67,12.993,13.11,12.44
3/22/2024,13.06,12.4209,12.92,12.4266,13.15,13.0698,12.58,12.28
3/21/2024,12.92,12.1808,12.98,12.7641,13.08,12.7641,12.4,12.17
3/20/2024,13.04,12.9557,13.83,13.2973,14.17,13.3631,13.01,12.81
3/19/2024,13.82,13.1173,14.5,13.5539,14.86,13.5655,13.8,13.04
3/18/2024,14.33,13.4411,14.75,13.752,14.85,13.8331,14.26,13.41
3/15/2024,14.41,13.3135,14.33,13.3282,15.53,13.3965,14.14,12.82
3/14/2024,14.4,13.3153,13.62,12.2876,15.33,13.6629,13.42,12.22
3/13/2024,13.75,13.1363,13.89,13.581,14.04,13.5823,13.67,13.11
3/12/2024,13.84,13.6807,14.97,14.5198,15.2,14.5394,13.81,13.59
3/11/2024,15.22,14.7303,15.51,14.7654,16.04,15.08,15.13,14.64
3/8/2024,14.74,13.7211,14.22,13.8703,15.53,14.0897,13.97,13.49
3/7/2024,14.44,13.9026,14.98,14.6898,14.98,14.7438,14.25,13.7
3/6/2024,14.5,14.1614,14.27,14.5382,14.93,14.5815,13.89,14.06
3/5/2024,14.46,14.6918,13.75,14.0472,15.1,14.7341,13.75,13.89
3/4/2024,13.49,13.7474,13.49,14.095,13.58,14.1065,13.32,13.73
3/1/2024,13.11,13.7842,13.34,13.507,13.66,13.869,13.08,13.47
2/29/2024,13.4,13.7832,14.14,13.9746,14.15,14.2676,13.3,13.66
2/28/2024,13.84,13.8643,13.52,13.3951,13.9,13.8643,13.44,13.38
2/27/2024,13.43,13.3586,13.63,13.3452,13.75,13.4541,13.41,13.11
2/26/2024,13.74,13.4373,14.17,14.1001,14.2,14.1013,13.66,13.43
2/23/2024,13.75,13.6956,14.31,13.8515,14.31,13.8613,13.64,13.33
2/22/2024,14.54,13.8143,14.28,13.8641,14.64,14.1102,14.12,13.75
2/21/2024,15.34,14.5517,15.54,14.2137,16.12,14.7634,15.22,14.14
2/20/2024,15.42,14.2001,15.09,14.2203,15.91,14.4494,15.07,14
2/19/2024,14.71,14.0778,14.72,14.6511,14.78,14.6523,14.65,14.05
2/16/2024,14.24,13.7871,13.94,14.0825,14.71,14.6097,13.75,13.79
2/15/2024,14.01,14.3226,14.27,14.1014,14.64,14.4776,13.94,13.99
2/14/2024,14.38,14.4442,15.38,15.1206,15.47,15.1206,14.22,14.25
2/13/2024,15.85,15.0271,13.96,14.6243,17.94,15.5459,13.43,14.58
2/12/2024,13.93,14.3637,13.48,14.3413,13.94,14.3637,13.34,14.02
2/9/2024,12.93,13.9901,12.79,13.7518,13.01,14.0959,12.69,13.49
2/8/2024,12.79,13.7628,12.95,13.5824,13.17,13.8082,12.74,13.42
2/7/2024,12.83,13.6403,13.06,13.5336,13.13,13.7139,12.81,13.31
2/6/2024,13.06,13.6148,13.57,13.868,13.78,13.8991,12.98,13.56
2/5/2024,13.67,14.1586,14.37,14.6099,14.53,14.6801,13.58,13.93
2/2/2024,13.85,14.0448,13.95,14.2806,14.23,14.3021,13.39,13.91
2/1/2024,13.88,14.8059,14.21,15.0352,14.63,15.0556,13.87,14.12
1/31/2024,14.35,14.8188,13.42,14.1497,14.61,14.8429,13.18,13.93
1/30/2024,13.31,14.1062,13.69,14.0975,13.74,14.2941,13.23,13.9
1/29/2024,13.6,14.0569,13.98,14.1781,15.35,14.1894,13.59,13.8
1/26/2024,13.26,13.6074,13.73,13.6308,14.1,14.1686,13.2,13.54
1/25/2024,13.45,13.5755,13.18,13.6656,13.58,13.9372,13.06,13.45
1/24/2024,13.14,13.4592,12.66,13.548,13.18,13.548,12.41,13.01
1/23/2024,12.55,13.5791,13.2,13.7563,13.29,13.9948,12.53,13.49
1/22/2024,13.19,13.8453,13.77,14.123,13.84,14.6018,13.17,13.85
1/19/2024,13.3,14.172,13.8,14.1512,14.58,14.6713,13.28,14
1/18/2024,14.13,14.5083,14.85,14.9351,14.89,14.9854,13.89,14.48
1/17/2024,14.79,15.082,14.59,15.1042,15.4,15.9336,14.38,14.92
1/16/2024,13.84,14.1507,14.12,14.8264,14.35,14.9444,13.52,14.08
1/15/2024,13.25,14.1101,13.23,13.7894,13.34,14.2066,13.2,13.72
1/12/2024,12.7,13.4234,12.66,13.4822,13.08,13.807,12.47,13.29
1/11/2024,12.44,13.9196,12.64,13.358,13.31,13.9272,12.35,13.25
1/10/2024,12.69,13.392,12.86,13.5791,12.95,13.5894,12.67,13.31
1/9/2024,12.76,13.6966,13.2,13.9614,13.45,14.1834,12.74,13.57
1/8/2024,13.08,14.0017,14,14.5786,14.18,14.9698,13.02,13.89
1/5/2024,13.35,14.1189,14.24,14.8427,14.58,15.3812,13.29,13.94
1/4/2024,14.13,14.3099,13.93,15.2985,14.2,15.3362,13.64,14.26
1/3/2024,14.04,15.4904,13.35,14.3056,14.22,15.686,13.33,14.26
1/2/2024,13.2,14.4914,13.22,14.0056,14.23,14.8211,13.1,13.77
12/29/2023,12.45,13.5747,12.55,13.3697,13.19,13.6325,12.36,13.17
12/28/2023,12.47,13.5156,12.44,13.3139,12.65,13.758,12.38,13.27
12/27/2023,12.43,13.4324,13.02,14.1364,13.04,14.1414,12.37,13.39
12/26/2023,12.99,,13.77,,13.8,,12.96,
12/22/2023,13.03,13.5645,13.72,13.7235,13.96,13.7394,13,13.25
12/21/2023,13.65,13.5946,13.4,13.3015,14.49,13.6798,13.34,13.12
12/20/2023,13.67,12.7353,12.63,12.8563,13.93,13.0428,12.29,12.37
12/19/2023,12.53,12.8278,12.6,12.7459,12.6,12.8736,12.33,12.51
12/18/2023,12.56,12.9116,12.62,13.0009,12.64,13.1681,12.4,12.73
12/15/2023,12.28,12.1242,12.12,12.6985,12.54,12.6985,12.01,11.99
12/14/2023,12.48,12.4532,11.96,12.8403,12.74,12.8606,11.84,11.91
12/13/2023,12.19,13.4963,12.2,13.0641,12.46,13.5255,11.82,12.86
12/12/2023,12.07,13.205,12.69,13.6558,12.74,13.8876,11.81,13.2
12/11/2023,12.63,13.7103,13.05,13.9907,13.14,14.0302,12.61,13.71
12/8/2023,12.35,13.7018,13.14,14.0872,13.24,14.251,12.35,13.45
12/7/2023,13.06,14.2078,13.17,14.4673,13.28,14.7323,12.95,14.16
12/6/2023,12.97,14.0777,12.78,13.9277,13.03,14.1315,12.64,13.79
12/5/2023,12.85,13.9983,13.26,14.027,13.76,14.3063,12.81,13.98
12/4/2023,13.08,14.1209,13.28,14.145,13.7,14.302,12.98,13.9
12/1/2023,12.63,13.5043,12.94,13.4971,12.96,13.6931,12.48,13.32
11/30/2023,12.92,13.815,13.07,14.2442,13.39,14.4878,12.82,13.73
11/29/2023,12.98,14.1975,12.71,13.9157,13.1,14.1975,12.48,13.64
11/28/2023,12.69,14.1716,12.78,14.3389,14.3,14.5177,12.56,14.11
11/27/2023,12.69,14.0274,13.14,13.9931,13.28,14.1117,12.64,13.74
11/24/2023,12.46,13.3953,13.03,13.7634,13.17,13.8653,12.45,13.33
11/23/2023,12.8,13.6417,12.84,13.4929,12.87,13.6599,12.75,13.29
11/22/2023,12.85,13.4844,13.08,13.827,13.25,13.8624,12.82,13.48
11/21/2023,13.35,14.065,13.45,13.9873,14.31,14.181,13.13,13.73
11/20/2023,13.41,14.0106,14.26,14.3817,14.31,14.5301,13.39,13.81
11/17/2023,13.8,13.8479,14.18,14.4836,14.19,14.5663,13.67,13.84
11/16/2023,14.32,14.6829,14.12,14.5586,14.42,14.7118,13.68,14.43
11/15/2023,14.18,14.8085,14.21,14.8969,14.35,15.0012,13.97,14.57
11/14/2023,14.16,15.0266,14.83,15.9655,14.86,16.1041,13.91,14.99
11/13/2023,14.76,15.8653,15.16,16.3997,15.19,16.4507,14.58,15.87
11/10/2023,14.17,16.0383,15.09,16.2986,15.45,16.7525,14.16,16.04
11/9/2023,15.29,15.7657,14.61,15.9679,15.57,16.1405,14.13,15.71
11/8/2023,14.45,16.0477,14.91,16.8704,15.09,16.8934,14.3,15.99
11/7/2023,14.81,16.6816,15.1,16.8397,15.17,17.082,14.71,16.52
11/6/2023,14.89,16.8258,15.39,17.0641,15.58,17.2422,14.84,16.82
11/3/2023,14.91,16.8411,15.7,17.4995,15.83,17.9096,14.91,16.8
11/2/2023,15.66,17.7337,16.59,17.6668,16.62,17.9779,15.58,17.16
11/1/2023,16.87,18.6508,18.02,18.7902,18.42,19.3512,16.63,18.39
10/31/2023,18.14,19.7076,19.86,20.5561,19.86,20.5688,17.97,19.64
10/30/2023,19.75,20.949,21.13,21.4946,21.16,21.4946,19.55,20.67
10/27/2023,21.27,20.7887,20.39,21.548,22.07,21.5667,19.72,20.67
10/26/2023,20.68,21.5031,21.78,22.0158,21.96,22.4535,20.22,20.92
10/25/2023,20.19,20.5753,19.39,20.7211,21.24,21.1049,18.86,20.19
10/24/2023,18.97,20.988,20.03,21.8712,20.24,21.8712,18.65,20.55
10/23/2023,20.37,21.9351,21.83,23.5287,23.08,24.0075,19.48,21.91
10/20/2023,21.71,23.3334,21.59,23.9204,21.83,23.9361,20.42,22.53
10/19/2023,21.4,22.3032,19.73,22.0992,21.4,22.9268,18.55,21.61
10/18/2023,19.22,21.6373,18.36,20.5309,20.15,21.6965,17.88,19.76
10/17/2023,17.88,19.8746,17.41,19.5195,18.54,20.7341,16.97,19.21
10/16/2023,17.21,19.9156,19.1,20.331,19.57,21.3041,17.14,19.51
10/13/2023,19.32,20.1795,16.53,17.5524,20.78,20.2587,16.5,17.55
10/12/2023,16.69,17.1634,16.08,17.3179,18.08,17.3902,15.44,16.81
10/11/2023,16.09,17.7664,16.95,18.9306,17.78,18.9306,16.09,17.72
10/10/2023,17.03,18.6124,17.7,19.0619,17.86,19.0619,16.51,18.16
10/9/2023,17.7,20.2398,19.54,20.709,19.6,20.8096,17.56,19.61
10/6/2023,17.45,18.6464,18.73,19.0555,19.93,19.8567,17.19,18.58
10/5/2023,18.49,19.656,18.67,20.1044,19.58,20.1147,18.26,19.26
10/4/2023,18.58,20.2158,20.72,20.7671,20.88,21.2357,18.3,19.71
10/3/2023,19.78,20.1991,17.81,19.4148,20.48,20.3862,17.52,18.57
10/2/2023,17.61,18.9158,17.31,17.7578,18.55,19.4067,16.93,17.57
9/29/2023,17.52,17.4704,16.87,18.1476,17.74,18.1493,15.83,17.06
9/28/2023,17.34,18.8228,18.22,19.4392,18.77,19.7795,17.06,18.59
9/27/2023,18.22,19.5114,18.29,19.5768,19.71,19.6049,18.03,19.02
9/26/2023,18.94,19.7747,18.03,20.1942,19.5,20.4575,17.17,19.36
9/25/2023,16.9,19.0808,17.25,17.7228,18.41,19.5329,16.79,17.45
9/22/2023,17.2,16.9607,17.31,17.4607,17.41,17.9015,15.93,16.88
9/21/2023,17.54,17.1196,15.49,16.4537,17.54,17.2256,15.1,16.16
9/20/2023,15.14,15.4074,14.18,16.2465,15.15,16.2955,13.57,15.4
9/19/2023,14.11,16.3475,14.11,16.3076,14.88,16.4367,13.86,15.59
9/18/2023,14,16.1549,14.4,15.8889,14.75,16.535,13.86,15.63
9/15/2023,13.79,14.7262,12.7,14.6781,14.17,14.8622,12.68,13.96
9/14/2023,12.82,14.7497,13.39,16.2093,13.46,16.3925,12.79,14.66
9/13/2023,13.48,16.5042,14.42,16.843,14.68,17.2955,13.41,16.36
9/12/2023,14.23,16.5155,14.02,16.2747,14.42,16.7062,13.71,16.1
9/11/2023,13.8,16.2321,14.17,16.2836,14.33,16.4015,13.74,15.86
9/8/2023,13.84,16.1885,14.22,16.5008,14.87,17.4753,13.58,16.06
9/7/2023,14.4,16.9887,14.81,17.1922,15.69,17.3096,14.4,16.55
9/6/2023,14.45,16.8029,14.27,16.9201,15.3,17.2402,14.13,16.58
9/5/2023,14.01,16.3544,14.15,17.1358,14.47,17.239,13.7,16.23
9/4/2023,13.82,16.6633,13.62,15.971,13.82,16.8965,13.51,15.72
9/1/2023,13.09,15.9449,13.56,16.047,13.56,16.0724,13.02,15.27
8/31/2023,13.57,16.0638,13.98,16.6019,14,16.6041,13.44,15.68
8/30/2023,13.88,16.5618,14.53,16.7732,14.7,17.1735,13.83,16.45
8/29/2023,14.45,16.7835,15.08,17.6189,15.3,17.6618,14.34,16.69
8/28/2023,15.08,17.8175,16.24,18.403,16.28,18.4214,15,17.51
8/25/2023,15.68,18.4734,17.21,19.1552,17.36,19.2069,15.45,18.03
8/24/2023,17.2,18.9039,15.57,18.1217,17.32,18.9135,15.48,17.9
8/23/2023,15.98,18.4996,16.64,18.6341,17.1,19.1695,15.91,18.18
8/22/2023,16.97,19.1293,16.96,19.0953,17.58,19.2579,16.61,18.54
8/21/2023,17.13,19.8367,18.03,19.9884,18.11,20.1134,16.88,19.25
8/18/2023,17.3,20.2456,17.8,20.7724,18.88,21.6488,17.14,20.21
8/17/2023,17.89,20.3539,16.96,19.439,18.13,20.3878,16.4,18.67
8/16/2023,16.78,18.551,16.54,19.1864,16.93,19.2922,15.8,18.45
8/15/2023,16.46,18.8579,14.95,17.8946,16.57,19.3532,14.91,17.84
8/14/2023,14.82,18.0529,15.88,18.9213,16.06,18.9637,14.77,18
8/11/2023,14.84,18.3746,15.53,18.3761,16.51,19.3989,14.84,18.19
8/10/2023,15.85,18.0764,15.58,17.9985,16.86,18.5164,14.6,17.52
8/9/2023,15.96,18.9796,15.81,18.4201,16.87,18.9837,15.38,18
8/8/2023,15.99,19.5393,16.28,19.1149,18.14,20.2642,15.96,18.71
8/7/2023,15.77,18.6231,16.9,19.4318,17.36,19.6074,15.77,18.36
8/4/2023,17.1,18.3516,16.01,19.0924,17.39,19.3895,14.57,18.21
8/3/2023,15.92,19.6507,16.77,20.2334,17.42,21.3274,15.72,19.59
8/2/2023,16.09,19.7059,15.7,18.7488,16.48,19.7263,14.95,17.72
8/1/2023,13.93,17.1897,13.75,16.3464,14.3,17.2355,13.75,16.25
7/31/2023,13.63,16.2264,13.98,15.8652,14.09,16.2476,13.57,15.58
7/28/2023,13.33,15.2189,14.03,15.5434,14.18,15.7407,13.27,14.96
7/27/2023,14.41,14.9653,13.14,15.5657,15.02,15.611,12.74,14.71
7/26/2023,13.19,16.0997,13.86,15.8538,14.16,17.2399,13.15,15.82
7/25/2023,13.86,15.4793,14.02,15.6929,14.09,15.8731,13.82,15.39
7/24/2023,13.91,15.534,14.29,15.9487,14.3,16.0097,13.73,15.5
7/21/2023,13.6,14.9422,13.87,15.9204,13.89,15.974,13.37,14.92
7/20/2023,13.99,15.6917,13.96,16.5039,14.23,16.5342,13.58,15.63
7/19/2023,13.76,15.9653,13.32,15.0609,13.84,16.0068,13.12,15.03
7/18/2023,13.3,15.506,13.61,15.8671,13.67,15.886,13.29,15.3
7/17/2023,13.48,15.8316,13.78,15.6906,14,16.6843,13.43,15.47
7/14/2023,13.34,14.7973,13.72,15.1474,13.76,15.1876,13.22,14.75
7/13/2023,13.61,15.0485,13.44,15.0119,13.61,15.1302,13.12,14.67
7/12/2023,13.54,15.1849,14.82,16.4824,14.82,16.484,13.51,15.08
7/11/2023,14.84,16.5671,15.02,17.069,15.25,17.2482,14.63,16.25
7/10/2023,15.07,17.5041,16.08,18.541,16.21,18.6251,15.04,17.18
7/7/2023,14.83,17.5374,15.97,18.5382,16.06,18.9389,14.33,17.02
7/6/2023,15.44,19.2277,14.85,16.5931,17.08,19.4048,14.79,16.49
7/5/2023,14.18,15.2945,14.19,14.7723,14.74,15.6098,14.05,14.77
7/4/2023,13.7,14.1015,13.54,13.5351,13.71,14.1209,13.52,13.35
7/3/2023,13.57,13.6529,13.85,13.8676,13.85,13.8676,13.47,13.35
6/30/2023,13.59,13.6139,13.51,14.0854,13.59,14.135,12.96,13.37
6/29/2023,13.54,14.252,13.64,14.2083,13.85,14.3031,13.41,13.86
6/28/2023,13.43,14.213,13.9,14.9386,13.96,15.0426,13.36,14.19
6/27/2023,13.74,15.2039,14.11,15.4042,14.34,16.0397,13.59,15.13
6/26/2023,14.25,15.8789,14.43,16.2097,14.71,17.1816,13.78,15.68
6/23/2023,13.44,15.3519,13.24,15.0267,13.8,16.1813,12.88,14.84
6/22/2023,12.91,14.8578,13.88,15.632,13.98,16.046,12.73,14.85
6/21/2023,13.2,14.3982,13.88,14.4681,13.89,14.4793,13.1,12.89
6/20/2023,13.88,14.6542,14.36,14.4058,14.67,14.9071,13.86,14.2
6/19/2023,14.19,14.2158,14.09,13.9913,14.19,14.2366,14.01,13.56
6/16/2023,13.54,13.0737,14.49,13.8888,14.54,13.8888,13.48,13.06
6/15/2023,14.5,13.7205,14.09,13.2592,14.52,14.27,13.79,12.93
6/14/2023,13.88,14.2258,14.48,14.6534,14.73,14.7536,13.83,14.11
6/13/2023,14.61,14.7763,14.99,15.2048,15.06,15.4919,14.47,14.72
6/12/2023,15.01,15.1847,14.44,15.2196,15.02,15.7943,14.32,15.12
6/9/2023,13.83,14.9894,13.78,15.1227,14.14,15.6228,13.5,14.81
6/8/2023,13.65,15.0986,14.14,15.6137,14.21,15.8255,13.53,15.09
6/7/2023,13.94,15.3277,14.14,15.3092,14.29,15.7823,13.77,15.25
6/6/2023,13.96,15.3988,14.91,16.3662,14.97,16.4909,13.95,15.38
6/5/2023,14.73,16.1174,15.28,16.6512,15.29,16.8623,14.66,16.06
6/2/2023,14.6,16.0329,15.65,17.0089,15.65,17.0327,14.42,15.94
6/1/2023,15.65,17.5469,17.24,18.0519,17.59,19.0194,15.58,17.53
5/31/2023,17.94,19.9817,18.04,19.1363,18.4,20.2201,17.12,18.06
5/30/2023,17.46,17.9576,17.56,18.1433,18.34,18.1474,16.98,16.44
5/29/2023,17.46,17.868,17.53,17.6339,17.6,18.0319,17.34,17.27
5/26/2023,17.95,17.5971,19.07,19.19,19.56,20.3021,17.27,17.15
5/25/2023,19.14,19.8595,19.54,20.5617,19.95,21.0864,18.7,19.62
5/24/2023,20.03,20.93,18.8,20.0187,20.81,21.1605,18.8,19.59
5/23/2023,18.53,17.6691,17.35,16.659,19.31,17.7514,17.3,16.35
5/22/2023,17.21,16.3133,17.45,16.2504,18.13,17.0053,16.82,16.12
5/19/2023,16.81,15.715,16.13,15.2629,17.36,15.715,15.85,14.96
5/18/2023,16.05,15.6599,16.92,16.4364,17.15,16.6218,16.05,15.65
5/17/2023,16.87,16.9505,17.96,17.0768,18.26,17.4657,16.68,16.55
5/16/2023,17.99,16.8808,17.54,17.2349,18.3,17.3536,17.26,16.6
5/15/2023,17.12,17.1689,17.44,16.9852,18.16,17.8637,17.08,16.88
5/12/2023,17.03,17.0094,16.83,17.8564,17.92,17.908,16.38,16.95
5/11/2023,16.93,18.5578,16.8,18.1583,18.19,19.4984,16.63,17.73
5/10/2023,16.94,18.6652,17.58,18.703,18.31,19.5228,16.36,18.09
5/9/2023,17.71,18.9217,17.29,18.3183,17.86,19.3852,17.22,18.13
5/8/2023,16.98,18.0706,17.73,18.5322,17.88,18.5943,16.83,18.07
5/5/2023,17.19,18.2847,19.5,20.0617,19.63,20.5018,16.69,18.28
5/4/2023,20.09,20.8326,19.17,20.8526,21.33,21.416,18.67,19.86
5/3/2023,18.34,19.9433,17.82,19.5115,18.83,19.995,17.19,19.01
5/2/2023,17.78,20.5692,16.27,17.9782,19.81,20.6215,16.26,17.67
5/1/2023,16.08,,16.41,,16.62,,15.53,
4/28/2023,15.78,17.4304,17.21,18.1023,17.65,19.9613,15.72,17.42
4/27/2023,17.03,18.1786,18.43,19.0212,18.43,19.0497,16.72,18
4/26/2023,18.84,18.7788,18.66,19.0461,19.61,20.0513,17.87,18.71
4/25/2023,18.76,17.9256,17.62,18.1195,19.86,18.4552,17.33,17.55
4/24/2023,16.89,17.1568,18.22,18.1951,18.24,18.1992,16.74,16.52
4/21/2023,16.77,17.0847,17.51,17.9017,17.71,18.5859,16.58,17.07
4/20/2023,17.17,17.727,16.85,17.234,17.69,18.1904,16.33,17.23
4/19/2023,16.46,16.9332,17.3,17.4013,17.72,17.4335,16.17,16.7
4/18/2023,16.83,16.8952,16.94,16.8989,17.34,17.123,16.58,16.27
4/17/2023,16.95,17.4568,17.58,16.6059,17.79,17.5453,16.9,16.43
4/14/2023,17.07,16.4374,17.94,17.5289,18.12,17.5319,17.07,16.42
4/13/2023,17.8,17.6441,18.83,18.136,19.06,18.4011,17.77,17.45
4/12/2023,19.09,18.6254,19.38,19.1734,19.98,19.3651,18.25,18.21
4/11/2023,19.1,18.8152,19.08,19.4608,19.28,19.6027,18.56,18.77
4/10/2023,18.97,,19.39,,20.05,,18.93,
4/6/2023,18.4,19.123,19.3,19.4692,19.88,19.926,18.35,19.09
4/5/2023,19.08,19.935,19.42,18.8762,20.08,20.2668,19,18.75
4/4/2023,19,19.0203,18.79,18.485,20.03,19.181,18.58,18
4/3/2023,18.55,19.0905,19.79,20.1042,19.83,20.3009,18.54,18.74
3/31/2023,18.7,19.4246,19.21,19.5851,19.43,19.6892,18.52,18.84
3/30/2023,19.02,19.7826,19.12,20.0684,20.08,20.1202,18.85,19.34
3/29/2023,19.12,20.4,19.39,21.2166,19.45,21.2813,19.09,19.9
3/28/2023,19.97,22.0865,20.53,21.9712,21.4,23.321,19.91,21.89
3/27/2023,20.6,23.0631,22.05,23.181,22.93,25.5381,20.57,22.7
3/24/2023,21.74,24.8849,22.11,23.5095,25.21,27.9338,21.6,23.45
3/23/2023,22.61,21.5715,21.54,22.1299,24.91,23.3468,20.16,20.91
3/22/2023,22.26,22.246,21.8,23.7966,22.38,24.1381,19.94,21.57
3/21/2023,21.38,24.1126,24.16,26.3135,24.16,26.5006,21.29,24.08
3/20/2023,24.15,28.432,27.77,33.0909,28.91,33.5011,24,27.17
3/17/2023,25.51,30.0367,22.92,25.0904,26.14,31.2687,22.58,24.61
3/16/2023,22.99,26.6513,26.19,30.2263,27.49,32.5036,22.97,26.09
3/15/2023,26.14,32.0183,23.21,22.9527,29.91,32.1326,23.19,22.77
3/14/2023,23.73,22.7609,26.85,25.4391,27.24,26.0877,22.27,22.12
3/13/2023,26.52,25.8606,24.05,21.8766,30.81,30.1882,23.85,21.86
3/10/2023,24.8,21.1745,23.34,21.4557,28.97,22.1531,21.79,20.08
3/9/2023,22.61,18.0178,19.33,18.2331,23.14,18.7236,18.88,17.72
3/8/2023,19.11,18.0586,19.71,18.7723,20.01,18.9897,19,17.95
3/7/2023,19.59,18.4278,18.64,18.1061,19.74,18.7322,18.51,17.88
3/6/2023,18.61,17.8713,19.05,18.4445,19.19,18.6156,18.49,17.81
3/3/2023,18.49,18.1167,19.76,19.0686,19.76,19.0686,18.16,18.01
3/2/2023,19.59,19.6692,21.41,21.2623,21.42,21.2869,19.55,19.52
3/1/2023,20.58,20.108,20.39,19.0853,21.32,20.3726,20.22,18.55
2/28/2023,20.7,19.5007,21.3,20.3913,21.37,20.6664,20.1,19.14
2/27/2023,20.95,19.9638,21.99,21.3516,22.02,21.3978,20.68,19.7
2/24/2023,21.67,21.6716,21.35,19.6487,22.9,22.16,21.32,19.65
2/23/2023,21.14,20.2369,21.96,20.2977,22.43,20.3525,20.89,19.57
2/22/2023,22.29,21.1761,23.03,21.1997,23.63,22.1209,22.02,20.93
2/21/2023,22.87,20.8943,21.8,19.9421,23.34,21.7628,21.8,19.94
2/20/2023,21.23,19.5282,21.06,19.434,21.28,19.7873,20.96,19.03
2/17/2023,20.02,19.2298,20.94,19.7805,21.3,20.4561,19.82,18.82
2/16/2023,20.17,18.0518,18.26,17.1755,20.27,18.8478,18.23,17.1
2/15/2023,18.23,17.6154,19.37,18.7712,19.41,18.7938,18.11,17.59
2/14/2023,18.91,18.8976,20.72,19.7554,20.75,19.7994,18.48,18.06
2/13/2023,20.34,19.7867,21.66,20.5959,21.69,20.6599,20.33,19.73
2/10/2023,20.53,20.4681,20.74,18.9221,21.94,21.3168,20.44,18.75
2/9/2023,20.71,18.1667,19.24,18.1544,21.08,18.2838,19.02,17.9
2/8/2023,19.63,18.7222,18.88,18.324,20.12,18.7579,18.55,17.68
2/7/2023,18.66,18.7636,19.54,18.9229,19.99,19.1836,18.43,18.37
2/6/2023,19.43,18.6439,19.23,17.6261,19.81,19.2817,19.21,17.63
2/3/2023,18.33,16.7598,18.57,17.7895,19.3,17.9091,17.93,16.72
2/2/2023,18.73,16.6712,17.74,17.255,19.25,17.5814,17.06,16.49
2/1/2023,17.87,18.6992,19.62,18.7094,20.04,19.0314,17.7,18.45
1/31/2023,19.4,18.5683,20.12,19.0342,20.7,19.8033,19.13,18.54
1/30/2023,19.94,18.7467,19.76,19.078,20.25,19.9041,19.54,18.69
1/27/2023,18.51,17.2871,18.9,18.0869,19,18.229,17.97,17.29
1/26/2023,18.73,18.1732,19.05,17.8422,19.48,18.4026,18.67,17.7
1/25/2023,19.08,18.4243,19.56,18.0766,20.9,19.1949,18.99,17.98
1/24/2023,19.2,18.0648,19.89,18.2209,20.47,18.7659,18.91,18.06
1/23/2023,19.81,18.1635,20.21,18.9595,20.33,19.2833,19.55,18
1/20/2023,19.85,18.6836,20.28,19.5056,20.7,19.6763,19.41,18.66
1/19/2023,20.52,20.2982,20.43,18.8272,21.71,20.9447,20.17,18.8
1/18/2023,20.34,18.1208,19.28,18.0101,20.58,18.153,18.71,17.38
1/17/2023,19.36,18.6197,19.89,18.5257,20.22,18.7753,19.21,18.01
1/16/2023,19.49,18.3479,19.44,17.8869,19.63,18.3601,19.41,17.8
1/13/2023,18.35,17.3437,19,17.7477,19.41,17.8908,18.01,17.07
1/12/2023,18.83,17.9438,21.56,19.5036,21.8,19.7641,18.83,17.94
1/11/2023,21.09,19.34,20.8,19.0874,21.25,19.406,20.62,18.78
1/10/2023,20.58,19.2537,22.22,19.4935,22.46,19.7942,20.58,19.23
1/9/2023,21.97,18.9985,21.75,19.0595,21.98,19.0829,21.27,18.62
1/6/2023,21.13,18.4877,22.69,19.5336,22.9,19.694,21,18.32
1/5/2023,22.46,19.5317,22.2,19.5642,22.92,19.7402,21.97,19.18
1/4/2023,22.01,19.4454,22.93,19.8785,23.27,20.0538,21.94,19.4
1/3/2023,22.9,20.2765,23.09,20.9668,23.76,20.975,22.73,20.14
1/2/2023,,20.7701,,21.0551,,21.2592,,20.73
12/30/2022,21.67,20.8862,21.83,20.3685,22.4,20.8942,21.59,20.12
12/29/2022,21.44,19.9315,22.25,20.9112,22.31,20.9606,21.36,19.8
12/28/2022,22.14,20.5078,21.47,20.4907,22.26,20.7129,20.96,20.13
12/27/2022,21.65,20.6586,21.67,20.6952,22.8,20.9732,21.59,20.45
12/23/2022,20.87,20.0403,22.17,20.3223,22.64,20.5989,20.78,19.83
12/22/2022,21.97,19.962,20.08,18.8568,24.3,20.1103,20.01,18.7
12/21/2022,20.07,19.0621,21.25,20.2102,21.29,20.2102,19.94,18.99
12/20/2022,21.48,20.6949,23.17,21.707,23.39,22.073,21.35,20.35
12/19/2022,22.42,20.6049,22.63,21.1702,22.86,21.3918,21.61,20.53
12/16/2022,22.62,21.3153,23.26,21.0978,23.83,21.8455,22.09,20.95
12/15/2022,22.83,20.8424,21.52,19.5683,23.67,21.3107,21.25,19.13
12/14/2022,21.14,20.34,22.83,20.1649,23.47,20.6737,21.07,20.05
12/13/2022,22.55,20.3898,25.24,22.8263,25.84,23.0959,21.46,19.59
12/12/2022,25,22.538,24.4,22.7369,25.05,22.8509,24.18,22.15
12/9/2022,22.83,21.3964,22.55,21.7015,23.21,22.2265,22.18,21.22
12/8/2022,22.29,21.7925,22.81,22.0209,23.28,22.4346,22.06,21.58
12/7/2022,22.68,22.0266,22.32,21.0892,23.01,22.1271,22.18,20.95
12/6/2022,22.17,20.81,20.69,19.8663,22.6,21.016,20.38,19.82
12/5/2022,20.75,19.8221,20.3,20.138,21.29,20.169,19.78,19.43
12/2/2022,19.06,19.3283,20.42,20.2917,20.96,21.1286,18.95,19.32
12/1/2022,19.84,20.3191,20.83,20.3171,21.06,20.6041,19.8,19.93
11/30/2022,20.58,21.2104,21.7,21.1288,22.63,21.5544,20.31,21.07
11/29/2022,21.89,21.7003,22.09,21.5862,22.57,21.8572,21.83,21.31
11/28/2022,22.21,21.523,22.09,21.035,22.5,21.7292,21.65,20.99
11/25/2022,20.5,19.9294,20.61,19.818,21.11,20.228,20.46,19.62
11/24/2022,20.42,19.563,20.5,19.3836,20.54,19.7225,20.31,19.13
11/23/2022,20.35,19.5057,21.49,20.0828,21.78,20.2442,20.32,19.42
11/22/2022,21.29,20.2196,22.59,20.8952,22.71,21.2133,21.28,20.18
11/21/2022,22.36,21.1749,24.05,21.6051,24.12,21.7009,22.3,21.11
11/18/2022,23.12,20.8843,24.03,21.5523,24.12,21.5727,22.98,20.78
11/17/2022,23.93,21.8159,24.05,20.9327,25.18,22.3529,23.81,20.68
11/16/2022,24.11,21.1699,24.29,21.1449,24.72,21.8833,23.99,20.61
11/15/2022,24.54,20.8552,23.77,20.9027,26.22,21.1789,23.18,20.41
11/14/2022,23.73,20.9416,23.99,21.352,24.33,21.5351,22.86,20.54
11/11/2022,22.52,20.7775,23.89,21.5876,23.91,21.8531,22.37,20.77
11/10/2022,23.53,21.3193,26.51,23.7285,26.59,23.7944,22.84,21.17
11/9/2022,26.09,23.2437,25.34,23.1857,26.35,23.786,25.02,23.1
11/8/2022,25.54,22.6103,24.71,22.8861,26.16,22.9451,24.24,22.39
11/7/2022,24.35,22.6633,25.67,23.7385,25.67,23.7385,24.34,22.57
11/4/2022,24.55,22.9051,25.63,23.5722,25.71,23.6913,24,22.34
11/3/2022,25.3,23.7706,25.98,24.2069,26.87,24.9687,25.1,23.71
11/2/2022,25.86,24.7005,26.04,24.5399,26.62,25.0281,25.39,24.38
11/1/2022,25.81,24.4661,25.96,24.4749,26.35,24.7729,25.66,24.28
10/31/2022,25.88,24.8305,26.91,25.7415,27.07,25.8538,25.84,24.67
10/28/2022,25.75,24.8904,27.43,26.3328,27.59,26.607,25.75,24.69
10/27/2022,27.39,25.8725,27.51,27.0265,27.67,27.0431,26.94,25.82
10/26/2022,27.28,26.9479,28.44,27.277,28.52,27.7887,27.27,26.85
10/25/2022,28.46,27.6175,29.8,28.3294,30,28.5218,28.22,27.44
10/24/2022,29.85,28.6794,30.65,28.7942,30.95,29.3285,29.78,28.2
10/21/2022,29.69,27.8325,30.21,28.2426,30.44,28.7166,29.24,27.37
10/20/2022,29.98,27.7451,31.3,28.6743,31.32,28.7496,29.76,27.55
10/19/2022,30.76,28.302,30.94,28.5478,31.9,29.0746,30.76,28.04
10/18/2022,30.5,28.9165,31.1,29.2953,31.93,29.3763,30.42,28.57
10/17/2022,31.37,29.2711,32.27,30.3574,32.59,30.6351,30.7,29.26
10/14/2022,32.02,29.766,31.89,30.0007,32.98,30.5175,31.14,28.53
10/13/2022,31.94,30.2048,33.6,32.1581,33.87,32.4236,31.63,30.01
10/12/2022,33.57,31.8224,33.54,32.3542,34.53,32.5407,33.11,31.38
10/11/2022,33.63,32.0131,33.56,32.4588,34.43,32.9081,32.45,31.82
10/10/2022,32.45,31.8717,32.93,31.5131,33.99,32.1452,32.05,30.96
10/7/2022,31.36,29.9234,30.37,29.6988,32.02,30.6201,29.88,29.14
10/6/2022,30.52,29.1714,28.6,29.0527,30.74,29.7315,28.56,28.91
10/5/2022,28.55,29.8599,29.36,29.4674,30.11,30.1145,28.5,29.09
10/4/2022,29.07,29.2679,29.52,29.8928,29.62,29.9591,28.56,28.83
10/3/2022,30.1,30.7147,33,33.1377,33.06,33.206,29.63,30.57
9/30/2022,31.62,30.7092,31.61,31.8807,33.25,32.5394,29.39,30.47
9/29/2022,31.84,33.0733,31.67,32.1183,33.46,33.7791,31.16,31.78
9/28/2022,30.18,31.3435,34.5,33.4356,34.88,33.6736,30.03,31.29
9/27/2022,32.6,31.3224,31.2,30.6517,34.14,31.3505,30.3,29.66
9/26/2022,32.26,30.7535,31.74,31.4582,32.88,32.1679,29.83,30.25
9/23/2022,29.92,29.9959,27.68,28.0711,32.31,30.8053,27.58,27.92
9/22/2022,27.35,27.9968,28.16,28.0965,28.38,28.1115,26.71,26.72
9/21/2022,27.99,27.2697,28.03,28.5869,30.18,28.649,25.55,27
9/20/2022,27.16,27.1557,25.65,25.5737,27.81,27.1947,25.61,25.41
9/19/2022,25.76,26.1867,27.69,27.5643,27.95,27.7462,25.56,25.93
9/16/2022,26.3,26.4308,27.47,26.4371,28.45,27.0455,26.14,25.84
9/15/2022,26.27,25.3479,26.1,25.2595,26.93,26.0702,25.42,24.83
9/14/2022,26.16,26.2438,26.73,26.1274,27.56,27.2002,26.16,25.89
9/13/2022,27.27,26.041,23.67,24.7118,28.15,26.0947,23.53,24.05
9/12/2022,23.87,24.6249,23.58,25.3314,24.23,25.3516,23.16,24.33
9/9/2022,22.79,24.8838,23.49,25.1792,23.57,25.3587,22.64,24.33
9/8/2022,23.61,25.9173,24.7,26.5268,25.9,27.2968,23.56,25.75
9/7/2022,24.64,27.1301,26.93,28.1362,27.15,28.2159,24.54,27.06
9/6/2022,26.91,27.3521,25.46,27.268,27.8,28.0035,25.33,26.84
9/5/2022,25.99,27.7853,26.51,28.6735,26.85,29.0144,25.84,27.47
9/2/2022,25.47,25.5031,25.51,27.8591,26.28,27.9808,23.19,25.39
9/1/2022,25.56,29.1451,26.88,28.7961,27.45,29.4462,25.25,27.9
8/31/2022,25.87,27.9451,25.86,27.6532,26.62,29.0154,25.31,27.37
8/30/2022,26.21,28.3703,25.75,27.6736,27.69,28.9023,25.13,26.62
8/29/2022,26.21,28.4642,26.86,29.1725,27.67,29.7237,25.47,28.06
8/26/2022,25.56,26.6601,22.07,24.1648,25.9,26.8217,21.67,23.98
8/25/2022,21.78,24.719,22.41,24.6585,23.13,25.2325,21.77,24.33
8/24/2022,22.82,25.4513,24.37,26.6222,24.86,27.3804,22.73,25.31
8/23/2022,24.11,26.9246,24.13,27.624,24.21,27.7182,23.07,26.34
8/22/2022,23.8,27.3682,22.41,25.9708,24.62,27.6268,22.39,25.87
8/19/2022,20.6,24.5809,20.16,23.0623,21.27,24.5809,20.08,22.9
8/18/2022,19.56,22.667,20.51,22.8645,20.61,23.197,19.43,22.4
8/17/2022,19.9,22.7453,19.74,21.3989,20.63,22.8516,19.41,20.97
8/16/2022,19.69,21.3365,20.23,21.5428,20.39,21.7208,19.5,21.02
8/15/2022,19.95,21.5858,20.74,22.2971,21.16,22.441,19.81,21.58
8/12/2022,19.53,21.2132,20.34,21.4414,20.35,21.5013,19.12,20.85
8/11/2022,20.2,21.6517,19.84,21.6773,20.85,22.1371,19.71,21.32
8/10/2022,19.74,21.7894,22.28,23.6412,22.34,23.6412,19.54,21.66
8/9/2022,21.77,23.284,21.41,22.3613,22.23,23.6735,21.41,22.36
8/8/2022,21.29,22.0847,21.74,22.7512,22.01,22.954,20.83,22.08
8/5/2022,21.15,22.8536,21.5,21.9478,22.58,23.4925,20.76,21.94
8/4/2022,21.44,22.4519,22.06,22.3311,22.66,22.9819,21.44,21.59
8/3/2022,21.95,22.3417,23.86,24.1455,23.92,24.2027,21.68,22.24
8/2/2022,23.93,23.7725,24.08,24.6999,24.68,24.9496,22.67,23.58
8/1/2022,22.84,22.9625,22.41,23.1614,23.27,23.5965,22.26,22.41
7/29/2022,21.33,22.3049,22.13,21.9366,22.16,22.3213,21.21,21.59
7/28/2022,22.33,22.5542,23.33,23.7656,23.54,24.1022,22.22,22.53
7/27/2022,23.24,24.0433,24.27,25.0314,24.41,25.0579,23.02,24
7/26/2022,24.69,25.5671,23.95,24.8155,25.31,25.7365,23.82,24.47
7/25/2022,23.36,24.5311,24.33,25.2609,24.57,25.6191,23.19,23.91
7/22/2022,23.03,24.0588,23.3,25.6142,23.81,25.7,22.41,23.57
7/21/2022,23.11,25.5535,24.07,27.3146,24.67,27.5102,22.92,25.17
7/20/2022,23.88,27.4017,24.23,26.6731,24.73,28.3497,23.4,26.54
7/19/2022,24.5,26.7194,25.12,29.4386,25.41,30.1988,24.23,26.41
7/18/2022,25.3,29.0637,24.83,29.3259,25.91,29.4321,24.38,28.73
7/15/2022,24.23,28.8183,26.72,31.7305,26.72,31.7559,24.13,28.66
7/14/2022,26.4,31.8165,27.47,29.9311,28.45,32.6701,26.2,29.41
7/13/2022,26.82,29.8522,27.35,30.0716,29.06,31.9112,26.23,29.38
7/12/2022,27.29,29.2615,27.14,29.7966,27.75,30.4501,25.82,28.91
7/11/2022,26.17,28.8668,26.42,29.5965,26.74,29.5997,25.79,28.38
7/8/2022,24.64,27.5514,26.41,28.8204,26.61,29.1582,24.43,27.24
7/7/2022,26.08,28.317,26.73,29.0774,26.79,29.2242,25.66,28.29
7/6/2022,26.73,30.108,27.84,30.1935,28.07,30.7935,26.43,29.32
7/5/2022,27.54,31.604,27.37,28.2788,29.82,31.6365,27.3,28.09
7/4/2022,27.53,28.3185,27.96,28.9061,28.1,29.1127,27.46,28.12
7/1/2022,26.7,28.7616,29.53,30.4356,29.59,30.5195,26.69,28.5
6/30/2022,28.71,29.7804,29.42,29.9444,30.22,30.9206,28.28,29.38
6/29/2022,28.16,28.1127,28.8,27.6497,29.36,28.6128,27.85,27.32
6/28/2022,28.36,26.6834,26.9,26.5221,28.68,27.1775,26.47,26.22
6/27/2022,26.95,27.0179,28.3,28.3329,28.66,28.3913,26.93,26.89
6/24/2022,27.23,27.7689,29.07,28.9897,29.72,29.188,26.83,27.44
6/23/2022,29.05,29.209,29.29,28.2944,29.77,29.7019,28.74,27.97
6/22/2022,28.95,28.6815,31.45,30.2098,31.57,30.2574,28.78,28.47
6/21/2022,30.19,28.1129,30.63,27.6803,30.65,28.5205,29.33,27.42
6/20/2022,31.03,28.5896,32.06,31.1363,32.16,31.1609,30.98,28.57
6/17/2022,31.13,30.893,32.84,32.407,33.31,32.5226,30.47,30.21
6/16/2022,32.95,32.5946,30.35,29.8227,34.82,32.7927,30.35,29.82
6/15/2022,29.62,30.0721,32.39,30.6222,32.77,31.3315,27.76,29.29
6/14/2022,32.69,31.5667,33.01,31.2342,34,33.1523,32.06,30.56
6/13/2022,34.02,31.8085,31.37,30.3668,35.05,32.2379,31.29,30.3
6/10/2022,27.75,27.6629,26.26,25.2728,29.63,27.6629,26.05,25.27
6/9/2022,26.09,23.9731,24.29,23.5525,26.24,24.4486,23.82,22.74
6/8/2022,23.96,23.1306,24.37,23.2279,24.78,23.9475,23.74,22.83
6/7/2022,24.02,23.5931,25.54,23.6544,26.24,24.7018,23.88,23.38
6/6/2022,25.07,22.97,25.37,23.0939,25.81,23.3089,24.82,22.45
6/3/2022,24.79,23.3949,24.91,23.349,25.96,23.6356,24.76,22.76
6/2/2022,24.72,23.3885,25.73,24.2611,26.5,24.479,24.33,23.16
6/1/2022,25.69,25.4388,26.05,24.5042,27.73,25.5156,25.38,23.83
5/31/2022,26.19,25.249,27.47,24.6067,28.35,25.8292,25.94,24.27
5/30/2022,26.54,23.726,26.16,24.1744,26.81,24.2697,26.08,23.63
5/27/2022,25.72,23.8505,27.5,25.3829,27.54,25.4488,25.57,23.84
5/26/2022,27.5,25.6642,28.42,26.5473,28.46,26.7683,27.11,25.55
5/25/2022,28.37,27.4222,29.33,27.698,30.23,28.5007,28.16,26.92
5/24/2022,29.45,28.6123,29.43,28.348,31.07,28.919,29.04,27.54
5/23/2022,28.48,27.5784,28.98,28.4091,30.39,29.1205,28.29,27.57
5/20/2022,29.43,28.6575,28.78,27.8953,32.91,29.0232,28.06,26.8
5/19/2022,29.35,29.4669,31.24,29.5832,33.11,31.3731,29.06,29.08
5/18/2022,30.96,27.6329,26.74,26.3616,31.49,27.6978,26.21,25.95
5/17/2022,26.1,26.2385,27.07,27.0949,27.17,27.1244,25.51,26.19
5/16/2022,27.47,28.2178,30.01,30.4465,30.23,30.5516,27.36,28.2
5/13/2022,28.87,29.1149,31.09,31.6287,31.2,31.977,28.78,29
5/12/2022,31.77,32.3963,33.74,33.4473,34.76,34.2589,31.7,31.86
5/11/2022,32.56,31.1216,32.87,33.6692,34.39,34.9237,30.69,31.12
5/10/2022,32.99,35.0146,33.66,34.441,34.84,35.1248,32.24,33.14
5/9/2022,34.75,35.9089,31.9,33.6069,35.48,36.0649,31.9,33.57
5/6/2022,30.19,32.8002,32.23,33.565,35.34,35.3395,29.83,32.11
5/5/2022,31.2,32.7671,25.97,30.0134,33.2,32.9009,25.78,28.17
5/4/2022,25.42,31.2319,29.12,30.9618,29.42,31.2352,24.94,30.11
5/3/2022,29.25,31.3834,31.76,31.9959,32.82,32.9459,29.06,31.29
5/2/2022,32.34,34.0677,33.35,33.4409,36.64,35.9988,31.74,33.17
4/29/2022,33.4,30.7732,28.97,29.8984,34.34,31.0897,28.54,29.22
4/28/2022,29.99,31.2799,29.91,31.0213,32,32.8031,28,30.12
4/27/2022,31.6,32.7446,31.11,32.8482,32.77,34.1893,29.82,31.35
4/26/2022,33.52,32.7093,27.38,29.6099,33.81,33.8355,27.06,28.79
4/25/2022,27.02,31.4602,30.04,31.3434,31.6,32.5243,26.8,30.29
4/22/2022,28.21,28.345,22.71,25.9679,28.27,28.7045,22.62,25.94
4/21/2022,22.68,24.5398,20.24,24.4356,23.28,24.8029,19.81,23.95
4/20/2022,20.32,24.9786,21.13,26.741,21.32,26.741,19.75,24.98
4/19/2022,21.37,27.4395,22.55,29.1863,22.92,29.5431,20.36,27.29
4/18/2022,22.17,,24.52,,24.6,,21.98,
4/14/2022,22.7,26.7531,21.72,27.9051,22.7,28.5938,20.85,26.6
4/13/2022,21.82,28.843,23.52,30.4859,24.45,30.6443,21.37,28.76
4/12/2022,24.26,30.0143,24.94,32.2569,25.38,32.5403,22.27,29.51
4/11/2022,24.37,30.2283,23.09,31.5669,24.42,31.6407,22.09,29.32
4/8/2022,21.16,30.7314,21.25,30.2962,22.34,32.0469,20.28,30.09
4/7/2022,21.55,32.5322,21.97,30.7533,23.82,32.5544,21.12,29.56
4/6/2022,22.1,32.238,21.27,29.3097,24.78,33.8031,21.24,29.27
4/5/2022,21.03,29.1551,18.79,26.88,21.57,29.4548,18.55,26.1
4/4/2022,18.57,26.725,20.75,29.5347,20.78,29.6226,18.45,26.61
4/1/2022,19.63,28.5011,20.62,29.1054,20.86,29.1054,19.41,27.9
3/31/2022,20.56,28.9898,19.68,27.0119,21.48,29.5142,19.54,26.93
3/30/2022,19.33,28.1001,19.38,27.2177,20.51,28.3462,18.72,27.22
3/29/2022,18.9,26.582,19.7,28.9056,19.73,28.9645,18.67,26.58
3/28/2022,19.63,30.5027,22.14,31.6525,23.33,31.755,19.54,29.43
3/25/2022,20.81,32.2262,21.87,31.8669,22.86,33.5415,20.8,30.78
3/24/2022,21.67,31.1577,23.61,30.1411,23.79,32.6804,21.49,29.34
3/23/2022,23.57,30.7746,23.04,27.3135,24.03,31.6319,22.64,26.96
3/22/2022,22.94,27.484,24.02,27.8591,24.02,27.8833,22.7,26.55
3/21/2022,23.53,28.3402,25.14,29.8147,25.36,30.2531,22.99,28.23
3/18/2022,23.87,29.9048,26.36,31.6002,26.82,33.9079,23.85,29.8
3/17/2022,25.67,32.017,26.51,34.5707,27.47,35.4908,25.25,31.97
3/16/2022,26.67,36.0127,29.02,38.6794,29.8,38.6794,26.29,35.46
3/15/2022,29.83,41.1972,33.13,43.3777,33.83,45.2645,29.57,40.52
3/14/2022,31.77,40.6415,31.03,41.1092,33.18,41.9764,30.06,39.43
3/11/2022,30.75,41.3743,30.43,42.1981,31.04,42.7982,28.84,37.76
3/10/2022,30.23,43.3509,33.03,42.803,34.03,45.4338,30.23,41.78
3/9/2022,32.45,41.497,33.74,42.3035,34.12,42.6887,31.39,40.34
3/8/2022,35.13,45.5607,36.19,47.2368,37.52,48.2336,32.78,43.71
3/7/2022,36.45,48.2373,35.88,56.6978,36.55,59.4888,32.59,47.08
3/4/2022,31.98,49.6395,31.9,41.391,34.65,49.6852,31.47,41.39
3/3/2022,30.48,40.4507,30.52,37.0972,32.01,41.7449,29.31,36.88
3/2/2022,30.74,38.7848,34.2,42.4571,34.41,42.9324,30.12,37.79
3/1/2022,33.32,41.5796,29.45,35.3548,35.19,41.6539,29.44,35.02
2/28/2022,30.15,35.293,32.44,37.5479,33.51,40.387,28.43,34.93
2/25/2022,27.59,32.1184,31.68,35.955,32,36.7286,26.93,31.46
2/24/2022,30.32,38.1264,37.5,38.7084,37.79,42.4566,29.45,37.39
2/23/2022,31.02,33.4572,28.04,30.3524,31.07,34.2396,27.2,29.02
2/22/2022,28.81,32.9766,31.8,37.4285,32.04,37.9198,28.4,31.46
2/21/2022,,36.2245,,31.7042,,39.0862,,30.08
2/18/2022,27.75,31.2669,26.66,28.5692,29.71,33.0013,26.38,27.95
2/17/2022,28.11,28.7931,24.83,26.125,28.37,30.3998,24.76,26.11
2/16/2022,24.29,26.6138,25.19,25.4003,27.09,27.8102,23.88,24.72
2/15/2022,25.7,27.055,28.09,28.5564,28.09,28.7216,25.33,26.6
2/14/2022,28.33,30.0547,29.17,31.9944,32.04,33.9541,28.33,29.05
2/11/2022,27.36,24.6637,24.39,24.0065,30.99,25.1835,23.33,23.62
2/10/2022,23.91,21.8414,20.37,20.9938,24.77,22.8983,20.18,20.99
2/9/2022,19.96,21.4117,21.27,21.8403,21.3,22.1921,19.93,21.17
2/8/2022,21.44,23.1564,23.09,23.7415,23.48,24.5869,21.32,22.9
2/7/2022,22.86,24.2433,24.09,25.5,24.82,26.8046,22.02,24.06
2/4/2022,23.22,26.3008,23.77,24.7447,26.26,27.6787,22.07,24.45
2/3/2022,24.35,24.3287,22.63,23.7558,25.81,25.4309,22.3,23.3
2/2/2022,22.09,22.6402,21.56,22.1046,22.73,22.9248,20.46,21.69
2/1/2022,21.96,24.0892,24.57,24.5513,25.33,25.2184,21.96,23.66
1/31/2022,24.83,27.0084,28.36,28.5184,29.41,29.0071,24.71,26.52
1/28/2022,27.66,29.4111,30.27,28.3845,32.82,32.3,27.28,28.37
1/27/2022,30.49,28.028,32.19,29.9078,33,30.7904,28.42,26.95
1/26/2022,31.96,28.3362,29.35,28.2704,33.04,29.0315,26.9,27.21
1/25/2022,31.16,31.453,32.29,31.2776,35.85,33.5512,29.13,29.95
1/24/2022,29.9,32.6811,28.2,25.7385,38.94,34.7645,28.02,25.43
1/21/2022,28.85,24.2217,25.38,24.1989,29.79,26.4512,25.31,23.18
1/20/2022,25.59,20.4033,23.46,21.7968,25.89,22.7475,21.68,20.35
1/19/2022,23.85,22.3578,23.12,22.6759,23.99,22.8817,21.85,20.59
1/18/2022,22.79,21.9614,21.18,22.1304,23.2,23.077,21.18,21.41
1/17/2022,,20.0374,,21.0791,,21.1291,,19.82
1/14/2022,19.19,21.3963,20.11,20.2026,22.07,21.9854,19.05,19.98
1/13/2022,20.31,18.4609,18.06,18.2105,20.61,19.1582,17.45,17.78
1/12/2022,17.62,18.3029,18.17,18.8615,18.69,19.4223,17.36,17.68
1/11/2022,18.41,19.7861,19.62,20.5405,21,21.4084,18.2,19.72
1/10/2022,19.4,22.543,19.58,20.8458,23.33,23.7149,19.29,20.46
1/7/2022,18.76,20.6232,19.85,20.1704,20.8,21.8732,18.57,19.76
1/6/2022,19.61,20.0961,20.29,21.1679,21.06,22.4112,19.08,19.84
1/5/2022,19.73,17.7553,17.07,18.0729,20.17,18.4948,16.58,17.62
1/4/2022,16.91,18.6397,16.57,18.9539,17.81,18.9539,16.34,17.81
1/3/2022,16.6,19.1696,17.6,19.0926,18.54,19.9199,16.56,18.75
12/31/2021,17.22,,17.63,,18.27,,16.99,
12/30/2021,17.33,19.2677,17.3,19.5634,17.79,19.6071,16.62,18.66
12/29/2021,16.95,20.1834,17.63,19.1463,18,20.5668,16.71,18.77
12/28/2021,17.54,19.0728,17.78,19.7959,18.47,19.8132,17.51,18.85
12/27/2021,17.68,19.6616,19.37,20.5511,19.41,20.9976,17.55,19.66
12/23/2021,17.96,19.0369,18.81,20.183,18.93,20.6628,17.62,18.84
12/22/2021,18.63,21.0421,21.04,22.3336,21.36,22.8075,18.59,21.02
12/21/2021,21.01,22.8332,22.28,24.2178,22.68,24.8406,20.9,22.76
12/20/2021,22.87,26.835,25.89,28.3672,27.39,29.5725,22.85,25.52
12/17/2021,21.57,21.9842,20.7,21.685,23.26,23.3447,20.49,21.26
12/16/2021,20.57,20.6116,18.56,19.9433,22.13,21.2237,18.19,19.49
12/15/2021,19.29,24.7416,21.6,23.5439,23.47,24.899,19.02,23.37
12/14/2021,21.89,24.418,19.67,21.5759,23,24.9131,19.67,21.58
12/13/2021,20.31,23.0184,19.29,22.1996,21.18,23.5911,18.96,21.06
12/10/2021,18.69,22.4272,21.27,24.3969,21.3,24.5093,18.69,21.57
12/9/2021,21.58,23.516,20.31,23.8984,22.12,24.121,19.94,22.84
12/8/2021,19.9,24.708,21.74,23.8735,23.11,25.7087,19.85,23.44
12/7/2021,21.89,24.873,24.58,28.7726,24.69,28.7726,21.58,24.75
12/6/2021,27.18,30.041,28.99,31.8718,30.82,31.9,26.75,29.45
12/3/2021,30.67,31.4794,26.95,28.9857,35.32,32.5194,25.89,27.97
12/2/2021,27.95,30.469,29.44,28.7963,30.68,31.5833,27.15,27.57
12/1/2021,31.12,26.0164,24.92,28.5881,32.61,28.5895,22.38,25.76
11/30/2021,27.19,30.0679,26.23,30.182,28.56,33.0753,23.71,27.75
11/29/2021,22.96,28.8033,25.31,31.292,25.69,31.292,21.71,27.61
11/26/2021,28.62,32.3129,26.62,29.0892,28.99,32.4974,23.88,26.66
11/25/2021,,19.8777,,19.8912,,20.2978,,19.71
11/24/2021,18.58,20.666,19.17,20.3921,20.96,22.5458,18.52,19.76
11/23/2021,19.38,20.6416,20.24,21.2833,20.91,22.2748,19.03,19.57
11/22/2021,19.17,18.8846,18.2,19.0459,19.59,19.8823,17.35,18.63
11/19/2021,17.91,19.1166,17.36,17.6456,19.01,20.6592,17.23,17.43
11/18/2021,17.59,17.7692,16.81,16.7664,18.15,18.3492,16.38,16.55
11/17/2021,17.11,16.6822,16.36,16.6952,17.19,16.7917,16.28,15.98
11/16/2021,16.37,16.7973,16.86,16.6182,17.08,17.0346,16.03,16.59
11/15/2021,16.49,16.6495,17.03,16.6462,17.46,16.9501,16.49,16.38
11/12/2021,16.29,16.1449,17.49,16.9337,17.69,17.2552,16.15,16.13
11/11/2021,17.66,17.0902,18.34,17.4972,18.39,17.6468,17.27,17.03
11/10/2021,18.73,17.1761,17.74,17.6649,19.9,18.4171,17.22,17.18
11/9/2021,17.78,18.062,17.43,17.412,18.57,18.1687,17.21,16.92
11/8/2021,17.22,17.1981,17.23,17.432,17.69,17.4498,16.44,16.72
11/5/2021,16.48,16.4029,15.59,15.9144,17.02,16.4233,14.95,15.71
11/4/2021,15.44,15.9723,15.06,15.586,16.14,16.0813,14.73,15.47
11/3/2021,15.1,16.4717,16.11,16.9809,16.39,17.0106,14.9,16.45
11/2/2021,16.03,16.8576,16.54,17.6919,16.65,17.9094,15.89,16.85
11/1/2021,16.41,17.4961,16.85,17.7121,17.7,18.3182,16.32,17.48
10/29/2021,16.26,17.6164,17.4,18.5335,18.06,19.9898,16.13,17.54
10/28/2021,16.53,17.6094,17.06,17.3896,17.16,17.7899,16.23,16.94
10/27/2021,16.98,16.9191,15.79,16.6247,17.29,17.5952,15.54,16.52
10/26/2021,15.98,16.1505,15.02,16.0985,16.71,16.2456,14.9,15.66
10/25/2021,15.24,16.2815,16.14,17.3126,16.33,17.3783,15.1,16.24
10/22/2021,15.43,16.4007,15.35,16.6765,16.39,16.724,14.84,15.77
10/21/2021,15.01,16.7516,16.06,16.8287,16.11,16.9153,14.92,16.39
10/20/2021,15.49,15.9796,15.82,16.5996,15.89,16.6332,15.29,15.68
10/19/2021,15.7,16.2901,16.09,17.3426,16.31,17.3977,15.57,16.23
10/18/2021,16.31,17.1324,17.29,18.2796,17.93,18.8357,16.27,17.01
10/15/2021,16.3,16.3486,16.64,16.3094,16.85,17.1491,15.72,16.1
10/14/2021,16.86,16.9918,18.01,18.3015,18.08,18.5971,16.8,16.94
10/13/2021,18.64,19.8415,20.14,21.1461,20.23,21.216,18.44,19.35
10/12/2021,19.85,20.7442,20.62,21.3199,20.81,21.8843,18.97,20.42
10/11/2021,20,20.1795,19.93,21.3937,20.45,22.2312,18.11,20.13
10/8/2021,18.77,20.2799,19.46,20.9536,19.94,21.414,18.2,19.86
10/7/2021,19.54,21.0201,20.54,22.2277,20.76,22.4718,19.07,20.68
10/6/2021,21,24.3318,22.95,24.7083,24.4,26.0712,20.99,23.7
10/5/2021,21.3,22.2252,22.92,24.1199,23.17,24.5459,20.62,22.04
10/4/2021,22.96,25.1857,22.9,24.5902,24.58,25.8001,21.88,23.36
10/1/2021,21.15,24.0389,24.78,25.6854,24.89,26.3851,20.64,23.53
9/30/2021,23.14,23.2428,21.48,23.51,24.71,24.6563,20.6,22.42
9/29/2021,22.56,23.9588,22.07,23.4669,23.79,25.16,21.45,22.7
9/28/2021,23.25,24.8941,19.74,22.0464,24.82,25.6103,19.71,21.99
9/27/2021,18.76,20.8349,17.78,21.0248,19.32,21.7996,17.74,20.27
9/24/2021,17.75,21.8467,19.33,21.6802,20.41,22.5496,17.63,21.24
9/23/2021,18.63,20.6244,19.91,21.237,20.21,21.8986,18.42,20.04
9/22/2021,20.87,22.8073,22.72,23.4697,23.4,24.4414,20.75,22.58
9/21/2021,24.36,25.5096,23.41,25.1097,25.6,26.1607,21.71,23.88
9/20/2021,25.71,26.4695,24.25,27.4092,28.79,28.6329,23.9,26.19
9/17/2021,20.81,23.1662,18.37,20.1024,21.51,23.2434,18.35,19.53
9/16/2021,18.69,21.6515,18.41,20.5328,19.76,21.7814,17.65,20.09
9/15/2021,18.18,21.6946,19.3,20.3205,20.27,21.8659,18.01,19.89
9/14/2021,19.46,20.4635,19.58,20.8823,20.47,21.3976,18.39,19.64
9/13/2021,19.37,20.7429,19.64,20.2818,21.18,21.0682,18.76,19.74
9/10/2021,20.95,20.357,17.94,19.1965,21.13,20.8565,16.99,18.64
9/9/2021,18.8,19.6412,19.44,21.6366,19.54,21.9297,17.17,18.92
9/8/2021,17.96,20.4927,18.97,20.5772,19.64,21.3389,17.78,19.31
9/7/2021,18.14,18.6,16.94,17.6796,18.39,18.8539,16.89,17.6
9/6/2021,,17.5551,,17.78,,17.78,,17.15
9/3/2021,16.41,18.1919,16.27,17.4207,17.06,19.1052,16.08,16.94
9/2/2021,16.41,16.9721,16.27,17.3684,16.98,17.5538,15.73,16.85
9/1/2021,16.11,17.4679,16.06,17.4021,16.71,18.1672,15.68,16.93
8/31/2021,16.48,18.7654,15.98,17.3507,17.07,19.1828,15.91,17.33
8/30/2021,16.19,17.498,16.77,18.0115,16.8,18.086,15.98,17.4
8/27/2021,16.39,17.6003,17.95,19.2367,18.22,19.4286,16.11,17.41
8/26/2021,18.84,19.0944,17.46,19.5301,19.27,20.0081,17.16,18.54
8/25/2021,16.79,17.8302,17.42,17.9526,17.5,18.0805,16.46,17.66
8/24/2021,17.22,18.0943,16.96,17.4924,17.51,18.6305,16.94,17.4
8/23/2021,17.15,17.8943,18.83,18.9197,18.95,19.5213,16.95,17.8
8/20/2021,18.56,20.1509,22.74,22.2532,23.9,23.6591,18.18,20.01
8/19/2021,21.67,22.1296,23.12,21.0836,24.74,25.1569,20.37,21.07
8/18/2021,21.57,18.4705,17.56,18.581,21.64,19.2508,17.31,18.29
8/17/2021,17.91,18.3901,17.31,19.1998,19.56,19.1998,16.71,18.12
8/16/2021,16.12,18.0025,17.05,17.1664,17.71,18.8355,16.02,17.11
8/13/2021,15.45,15.8002,15.68,16.072,15.72,16.1969,15.19,15.63
8/12/2021,15.59,16.1073,16.33,16.9303,16.42,16.9847,15.49,15.94
8/11/2021,16.06,17.038,16.81,17.1199,17.09,17.6041,15.87,16.71
8/10/2021,16.79,17.2752,16.82,17.2075,17.05,17.3533,16.34,16.94
8/9/2021,16.72,17.5508,17.12,18.3527,17.39,18.6318,16.59,17.52
8/6/2021,16.15,17.8883,17.46,18.5059,17.5,18.5461,16.14,17.41
8/5/2021,17.28,18.2492,17.73,18.7906,17.84,18.9006,17.23,18.21
8/4/2021,17.97,19.2129,18.23,19.3601,18.9,19.9981,17.67,18.91
8/3/2021,18.04,20.2233,19.17,20.4147,20.44,21.0515,17.7,19.33
8/2/2021,19.46,19.8395,18.16,19.7487,19.87,21.3989,17.99,19.68
7/30/2021,18.24,20.9392,19.69,21.4697,19.72,21.4697,17.53,19.64
7/29/2021,17.7,19.2556,17.91,18.7255,18.01,19.3262,17.19,18.43
7/28/2021,18.31,19.4809,19.41,21.1484,19.62,21.255,17.52,19.46
7/27/2021,19.36,21.3563,18.62,19.8149,20.44,21.4211,18.25,19.25
7/26/2021,17.58,18.5323,18.67,19.4305,19.39,20.3999,17.53,18.5
7/23/2021,17.2,17.5527,16.98,19.2636,17.48,19.3103,16.33,17.54
7/22/2021,17.69,19.9131,17.59,20.2736,18.45,20.4888,17.4,18.82
7/21/2021,17.91,21.5241,19.73,23.0525,19.82,23.5257,17.81,21.22
7/20/2021,19.73,24.4923,20.89,22.8486,22.97,26.3098,19.37,22.68
7/19/2021,22.5,25.4361,19.61,22.2357,25.09,26.6922,19.27,21.9
7/16/2021,18.45,19.4537,16.8,17.9148,18.7,19.7897,16.03,17.61
7/15/2021,17.01,18.642,16.7,17.2337,18.09,19.257,16.56,17
7/14/2021,16.33,17.6841,17.34,18.4654,17.51,18.8788,15.95,17.28
7/13/2021,17.12,17.9989,16.39,18.248,17.23,18.248,15.94,17.55
7/12/2021,16.17,17.9521,16.85,18.2121,17.52,19.4085,16.14,17.9
7/9/2021,16.18,17.9506,17.88,18.7092,18.13,19.0955,16.08,17.86
7/8/2021,19,19.9652,17.74,18.953,21.29,21.9665,17.74,18.95
7/7/2021,16.2,17.3168,16.43,17.1268,17.64,18.0174,16.08,16.85
7/6/2021,16.44,18.1255,15.77,17.1726,17.94,18.4351,15.73,16.48
7/5/2021,,16.7545,,17.728,,17.9719,,16.51
7/2/2021,15.07,16.5747,15.53,17.6051,15.54,17.7463,14.25,16.23
7/1/2021,15.48,17.7267,15.62,17.3882,16.01,18.9771,15.31,16.96
6/30/2021,15.83,18.1849,16.18,17.3357,17.31,19.5152,15.58,17.22
6/29/2021,16.02,16.9495,15.69,17.095,16.31,17.339,14.1,16.84
6/28/2021,15.76,17.6455,16.07,17.2077,16.46,17.9202,15.39,16.8
6/25/2021,15.62,16.6823,16.04,17.4931,16.17,17.7676,15.21,16.59
6/24/2021,15.97,17.3518,15.99,17.5978,16.05,18.0308,14.19,16.93
6/23/2021,16.32,18.549,16.25,17.347,16.84,18.8213,14.86,17.2
6/22/2021,16.66,17.5733,17.91,19.5906,18.32,19.7249,15.76,17.39
6/21/2021,17.89,19.4847,21.74,22.9893,21.82,22.9893,17.81,19.33
6/18/2021,20.7,20.7634,16.96,16.8416,21.04,20.7756,16.92,16.69
6/17/2021,17.75,17.0804,18.49,17.3497,19.22,17.8233,16.71,16.41
6/16/2021,18.15,16.1772,16.99,16.3591,19.11,16.9336,16.42,15.99
6/15/2021,17.02,16.4055,16.27,15.7521,17.35,16.5541,16.14,15.62
6/14/2021,16.39,16.0495,16.04,15.4779,17.04,16.0964,15.04,15.31
6/11/2021,15.65,15.1511,16.18,16.2529,16.2,16.2761,15.15,15.14
6/10/2021,16.1,16.6565,18.18,18.0201,18.29,18.5669,16.01,16.65
6/9/2021,17.89,17.2322,17.18,17.6722,17.96,18.1581,15.55,17.2
6/8/2021,17.07,17.7247,16.58,17.4308,17.75,18.076,15.15,17.04
6/7/2021,16.42,17.711,17.34,18.4201,17.35,18.4587,15.78,17.28
6/4/2021,16.42,17.376,18.09,18.6149,18.42,18.9022,16.18,17.26
6/3/2021,18.04,18.2446,17.73,18.2721,19.27,19.9392,17.45,18.09
6/2/2021,17.48,17.8481,17.86,18.5662,18.31,19.1991,16.74,17.83
6/1/2021,17.9,18.7726,17.24,18.1652,18.53,18.7979,15.68,17.62
5/31/2021,,19.0981,,17.7359,,19.1005,,17.67
5/28/2021,16.76,17.1662,16.8,17.3331,16.86,17.4275,15.9,16.69
5/27/2021,16.74,17.8227,18.03,18.4068,18.17,18.5015,16.52,17.17
5/26/2021,17.36,18.2823,18.37,18.6633,18.92,19.2574,17.35,18.27
5/25/2021,18.84,19.0816,18.35,19.1631,19.29,19.659,16.87,18.64
5/24/2021,18.4,19.2364,20.5,20.7534,20.51,20.7685,18.38,19.23
5/21/2021,20.15,20.3521,20.42,21.5133,20.89,23.1225,19.53,20.3
5/20/2021,20.67,22.1023,22.33,22.795,23.5,24.7877,20.19,22.05
5/19/2021,22.18,24.4802,22.46,23.7753,25.96,27.8705,21.88,23.09
5/18/2021,21.34,21.3082,18.89,20.2185,21.45,22.5984,18.81,19.81
5/17/2021,19.72,21.8052,19.89,19.6561,21.58,22.0327,19.67,19.66
5/14/2021,18.81,19.5457,21.77,21.4823,22.1,22.0285,18.66,19.5
5/13/2021,23.13,23.3498,26.03,26.0699,28.93,28.2705,22.23,22.27
5/12/2021,27.59,23.9387,22.42,23.0879,28.38,23.9614,21.66,21.95
5/11/2021,21.84,22.5573,21.17,21.7178,23.73,23.8866,20.71,21.15
5/10/2021,19.66,18.5019,17.34,18.6963,19.75,18.9968,17.07,18.29
5/7/2021,16.69,18.3838,18.45,19.7681,18.57,20.1055,16.68,18.37
5/6/2021,18.39,20.3775,18.41,19.1724,20.6,21.4911,18.21,19.14
5/5/2021,19.15,19.9042,18.84,20.598,19.58,20.731,17.89,19.82
5/4/2021,19.48,22.8185,18.16,19.0836,21.85,22.9834,18.11,18.85
5/3/2021,18.31,19.9314,18.65,20.4831,19.12,21.6605,17.8,19.55
4/30/2021,18.61,20.6309,17.67,18.4465,19.25,20.6488,17.64,18.34
4/29/2021,17.61,18.8768,16.88,17.9986,18.87,19.6656,16.77,17.4
4/28/2021,17.28,18.377,17.47,18.571,17.84,18.7779,16.67,17.92
4/27/2021,17.56,19.2123,17.62,18.4109,18.16,19.2176,16.97,17.9
4/26/2021,17.64,18.2841,17.94,18.6419,18.17,18.8444,16.87,18.11
4/23/2021,17.33,18.1883,18.56,18.6617,18.78,19.9729,16.8,18.05
4/22/2021,18.71,17.7562,17.28,18.485,19.9,18.5059,16.99,17.71
4/21/2021,17.5,19.2813,18.48,19.7209,19.29,21.0103,16.91,19.15
4/20/2021,18.68,21.0797,17.36,17.6927,19.7,21.3518,17.24,17.56
4/19/2021,17.29,17.2101,17.04,16.6425,18.61,17.4202,16.78,16.47
4/16/2021,16.25,16.1131,16.65,15.6515,16.88,16.1702,16.05,15.56
4/15/2021,16.57,15.7081,16.78,15.3699,16.92,15.8851,15.94,15.33
4/14/2021,16.99,16.1903,16.71,16.1705,17.69,16.2927,15.38,15.76
4/13/2021,16.65,16.3086,16.99,16.6684,17.86,17.2827,16.43,16.04
4/12/2021,16.91,17.0514,17.43,16.6098,17.91,17.3622,16.81,16.6
4/9/2021,16.69,16.1768,17.05,16.39,17.34,16.4431,16.2,15.95
4/8/2021,16.95,16.1602,16.92,16.2799,17.36,16.4893,16.55,16
4/7/2021,17.16,16.6645,17.99,16.9745,18.17,17.1561,16.87,16.59
4/6/2021,18.12,17.1057,18.07,17.8204,18.3,17.8204,17.37,16.76
4/5/2021,17.91,,18.16,,18.4,,17.35,
4/1/2021,17.33,16.8956,18.6,17.5466,18.64,17.6847,17.29,16.79
3/31/2021,19.4,17.9742,19.8,17.957,20.11,18.214,18.85,17.53
3/30/2021,19.61,18.4722,20.76,17.9054,21.75,18.5489,19.47,17.78
3/29/2021,20.74,18.348,20.4,17.9807,21.6,18.5865,19.42,17.64
3/26/2021,18.86,17.112,19.32,17.692,21.49,18.497,18.68,16.98
3/25/2021,19.81,18.8836,20.8,18.2574,23.55,20.1754,19.81,17.77
3/24/2021,21.2,17.7712,20.64,18.3828,21.49,18.5723,19.3,17.64
3/23/2021,20.3,17.5964,19.46,17.9162,21.58,17.9269,18.8,17.21
3/22/2021,18.88,17.6826,21.91,19.647,22.29,19.8027,18.87,17.68
3/19/2021,20.95,18.395,21.43,18.5496,23.17,21.1664,19.9,18.22
3/18/2021,21.58,17.4622,18.95,17.0017,22.6,17.7346,18.95,16.68
3/17/2021,19.23,17.5706,20.1,17.5925,20.95,17.9083,19.18,17.07
3/16/2021,19.79,17.5488,20.14,18.071,20.31,18.1975,19.33,17.29
3/15/2021,20.03,18.6234,21.84,18.4271,21.86,19.5217,19.87,18.25
3/12/2021,20.69,18.7087,22.57,19.6198,22.99,19.8885,20.63,18.68
3/11/2021,21.91,18.8846,22.5,19.4564,22.5,19.6419,21.45,18.86
3/10/2021,22.56,19.6671,23.76,20.3387,23.87,20.3569,22.38,19.37
3/9/2021,24.03,20.2608,25.11,21.1789,25.25,21.3902,22.9,20.18
3/8/2021,25.47,20.8952,27.61,24.0446,28.39,24.3414,24.07,20.84
3/5/2021,24.66,25.0782,29.48,23.8182,30.03,25.1539,24.33,21.79
3/4/2021,28.57,22.0916,26.52,22.9132,31.9,23.8401,24.93,21.84
3/3/2021,26.67,21.6956,22.8,20.6756,26.79,23.1198,22.45,20.44
3/2/2021,24.1,21.8134,23.58,21.973,24.6,22.5197,22.8,21.25
3/1/2021,23.35,22.1594,25.2,23.4343,25.39,23.8185,23.17,22
2/26/2021,27.95,26.8632,28.73,25.8805,30.82,28.2903,25.23,24.64
2/25/2021,28.89,22.0962,21.73,20.7521,31.16,22.5892,21.52,20.45
2/24/2021,21.34,21.4258,23.76,22.712,25.04,22.8855,21.31,21.25
2/23/2021,23.11,23.1325,22.82,21.4367,27.01,25.1356,22.5,21.43
2/22/2021,23.45,21.6934,24.46,23.4924,25.09,23.8952,21.96,21.58
2/19/2021,22.05,20.4844,23.1,22.4613,23.19,22.5135,20.84,20.48
2/18/2021,22.49,22.5234,21.98,20.81,24.23,23.4001,21.8,20.81
2/17/2021,21.5,21.829,22.02,21.478,23.44,22.0467,21.09,19.52
2/16/2021,21.46,20.9294,21.13,20.2403,22.46,20.9794,20.88,19.85
2/15/2021,,20.1531,,20.1394,,20.6786,,19.92
2/12/2021,19.97,20.0616,21.6,20.9752,22.45,22.1073,19.95,20.02
2/11/2021,21.25,21.2082,22.09,21.8833,23.25,21.9327,21.11,21.01
2/10/2021,21.99,22.4678,21.64,20.939,23.85,24.194,19.69,20.74
2/9/2021,21.63,21.1232,21.57,20.6255,22.26,21.2969,20.65,20.26
2/8/2021,21.24,20.4375,21.89,20.9699,22.07,21.2247,21.23,20.16
2/5/2021,20.87,20.6436,21.99,21.1481,22.16,21.4702,20.86,20.39
2/4/2021,21.77,21.3727,23.44,21.8767,23.44,22.1034,21.68,21
2/3/2021,22.91,22.7195,24.59,22.5787,25.43,23.1129,22.91,22.25
2/2/2021,25.56,24.0219,28.01,24.8691,28.08,25.2499,25.31,23.67
2/1/2021,30.24,27.3261,31.45,27.9659,33.96,28.5242,29.03,26.24
1/29/2021,33.09,29.0082,35.16,29.4566,37.51,31.0592,29.24,26.73
1/28/2021,30.21,25.9287,33.25,29.5597,36.29,33.0283,27.39,25.38
1/27/2021,37.21,26.7698,23.82,23.775,37.21,29.2401,23.71,23.54
1/26/2021,23.02,23.0994,23.91,25.2238,23.94,25.2238,22.55,22.5
1/25/2021,23.19,26.0059,22.31,21.4633,26.63,26.2846,22.2,21.15
1/22/2021,21.91,21.317,22.24,20.9952,23.73,23.6257,21.27,20.99
1/21/2021,21.32,19.9362,21.34,19.4133,22.22,20.6187,21.09,19.4
1/20/2021,21.58,20.2772,22.82,21.2022,22.86,21.2822,21.37,20.1
1/19/2021,23.24,21.749,23.03,21.4766,23.56,21.7943,22.53,20.86
1/18/2021,,21.9473,,23.1316,,23.1691,,21.89
1/15/2021,24.34,22.4344,23.52,20.5567,25.8,23.8887,23.08,20.46
1/14/2021,23.25,19.6932,22.22,19.8904,23.47,20.1957,21.66,19.42
1/13/2021,22.21,21.0937,23.07,21.3287,24.18,22.0358,21.92,20.93
1/12/2021,23.33,21.9516,23.49,21.6799,25.15,22.503,22.83,21.13
1/11/2021,24.08,21.9797,23.31,21.2826,24.81,22.8431,23.23,21.19
1/8/2021,21.56,20.5276,22.43,20.781,23.34,21.0475,21.42,19.93
1/7/2021,22.37,21.0154,23.67,21.8896,23.91,22.0687,22.25,20.78
1/6/2021,25.07,21.4423,25.48,23.9623,26.77,24.4356,22.14,21.42
1/5/2021,25.34,25.1986,26.94,24.9117,28.6,26.8415,24.8,24.73
1/4/2021,26.97,24.8416,23.04,22.9869,29.19,26.0644,22.56,22.37
12/31/2020,22.75,,22.99,,23.25,,21.24,
12/30/2020,22.77,23.369,22.58,22.5424,23.15,23.3976,22.41,22.32
12/29/2020,23.08,22.3828,21.61,21.5506,23.72,22.657,20.99,21.21
12/28/2020,21.7,21.7054,22.11,23.237,22.12,23.237,21.15,21.71
12/24/2020,21.53,,22.47,,22.83,,21.39,
12/23/2020,23.31,23.1531,23.49,24.0041,23.68,24.1663,22.13,23.11
12/22/2020,24.23,25.2067,25.24,25.6555,25.56,25.872,23.53,24.81
12/21/2020,25.16,27.2641,24.25,25.4902,31.46,30.336,24.23,25.03
12/18/2020,21.57,21.6252,22.15,20.7092,23.77,21.8878,21.57,19.95
12/17/2020,21.93,20.5099,21.98,20.2203,22.27,20.5791,21.52,19.85
12/16/2020,22.5,21.1372,22.51,21.2465,23.67,21.7418,22.29,20.28
12/15/2020,22.89,21.7301,24,22.8107,24.07,22.841,22.73,21.5
12/14/2020,24.72,22.521,22.67,22.3251,24.82,22.8176,21.95,21.73
12/11/2020,23.31,23.6144,22.49,21.1371,25.14,24.6242,22.48,21.14
12/10/2020,22.52,20.6617,22.12,20.4852,23.46,21.8873,21.53,20.06
12/9/2020,22.27,20.0186,20.66,20.2606,22.93,20.3512,20.1,19.47
12/8/2020,20.68,20.5353,21.65,21.2394,22.25,21.9729,20.52,20.47
12/7/2020,21.3,21.4355,22.04,21.9325,22.62,23.1244,21.17,21.41
12/4/2020,20.79,20.8186,21.05,21.0205,21.15,21.3743,19.97,20.64
12/3/2020,21.28,21.3172,21.24,21.6479,21.88,22.1529,20.72,20.96
12/2/2020,21.17,21.694,21,21.536,21.25,22.1368,20.04,21.17
12/1/2020,20.77,21.3014,20.21,21.7554,20.92,21.9807,20,20.99
11/30/2020,20.57,22.9149,22.64,22.1771,22.89,22.9149,20.48,21.32
11/27/2020,20.84,20.0788,21.52,20.1697,21.6,20.2718,19.51,19.61
11/26/2020,,20.2346,,20.6481,,20.7933,,20.15
11/25/2020,21.25,20.7778,21.65,21.2586,22.5,21.7118,21.13,20.76
11/24/2020,21.64,21.3674,22.04,21.6234,22.48,21.7653,20.8,21.09
11/23/2020,22.66,22.4894,23.66,21.9606,23.96,22.5783,22.45,21.41
11/20/2020,23.7,21.4393,23.43,21.6131,23.73,21.7157,22.13,20.78
11/19/2020,23.11,21.9714,23.62,21.6324,24.52,22.1121,22.56,21.12
11/18/2020,23.84,20.9029,22.86,22.4657,23.92,22.4657,21.66,20.83
11/17/2020,22.71,22.2529,22.84,22.2411,24.09,23.1638,22.34,22.09
11/16/2020,22.45,22.3849,23.66,23.345,24.08,24.036,22.43,22.38
11/13/2020,23.1,23.1431,24.94,23.9019,25.03,23.9544,22.74,22.46
11/12/2020,25.35,23.3023,24.39,23.9425,27.27,24.0694,23.53,23.13
11/11/2020,23.45,23.1256,25.01,24.7409,25.12,24.9718,22.57,23
11/10/2020,24.8,25.0803,25.36,24.5379,26.77,25.4931,24.35,23.73
11/9/2020,25.75,23.8631,24.8,24.9793,25.82,25.9605,22.41,23.48
11/6/2020,24.86,25.6153,27.87,26.3527,29.44,28.0971,24.56,25.3
11/5/2020,27.58,26.3725,27.56,26.8142,28.14,26.8142,26.04,25.68
11/4/2020,29.57,28.0023,36.79,33.8053,36.85,33.8053,28.03,27.35
11/3/2020,35.55,32.763,36.44,34.0707,36.44,34.0707,34.19,32.51
11/2/2020,37.13,35.233,38.57,36.221,38.78,36.3171,36.13,34.14
10/30/2020,38.02,35.3472,40.81,37.6105,41.09,38.0815,36.5,35.25
10/29/2020,37.59,37.5504,38.8,38.0027,41.16,39.8641,35.63,36.75
10/28/2020,40.28,38.2587,34.69,37.5918,40.77,39.9198,34.68,35.45
10/27/2020,33.35,32.7397,32.04,32.5426,33.77,33.432,31.85,31.64
10/26/2020,32.46,31.7557,29.38,30.9185,33.68,31.8159,29.22,29.86
10/23/2020,27.55,28.157,28.47,28.9127,28.67,28.9127,27.26,27.19
10/22/2020,28.11,28.9879,30.1,30.8842,30.12,30.8842,27.68,28.79
10/21/2020,28.65,29.4488,29.12,28.243,30.55,29.6814,28.37,27.96
10/20/2020,29.35,27.6293,28.81,27.2933,29.6,27.7701,28.29,26.47
10/19/2020,29.18,26.6186,27.36,25.5472,29.69,26.7532,27.04,25.3
10/16/2020,27.41,25.3165,27.16,25.4492,27.46,26.3611,26.19,24.53
10/15/2020,26.97,26.8422,27.1,25.0915,29.06,27.4538,26.82,25.09
10/14/2020,26.4,23.2425,25.72,23.033,27.23,23.4211,25.53,22.46
10/13/2020,26.07,22.9397,25.67,22.8288,26.93,23.2469,25.16,22.05
10/12/2020,25.07,22.2531,25.65,22.628,25.65,22.7168,24.14,21.89
10/9/2020,25,22.2369,26.2,23.1945,26.22,23.4688,24.03,22.15
10/8/2020,26.36,23.98,27.65,24.4013,27.99,24.6178,24.88,23.79
10/7/2020,28.06,24.9744,29.26,25.3132,29.76,25.5121,27.94,24.65
10/6/2020,29.48,25.2128,28.05,25.8074,30,26.214,26.01,24.88
10/5/2020,27.96,26.2763,29.52,27.3808,29.69,27.5592,27.27,26.21
10/2/2020,27.63,26.8168,28.87,27.9482,29.9,28.5496,26.93,26.73
10/1/2020,26.7,26.5374,25.78,26.0943,27.11,26.7373,25.33,25.66
9/30/2020,26.37,26.0598,26.69,27.1635,27.12,27.456,25.06,25.56
9/29/2020,26.27,26.9026,26.81,27.5514,27.43,27.8887,25.98,26.33
9/28/2020,26.19,26.8241,27.15,27.0351,27.19,27.2336,24.9,26.44
9/25/2020,26.38,27.8075,28.17,28.2207,30.43,29.8678,26.02,27.66
9/24/2020,28.51,28.3437,29.54,28.9496,30.49,29.2513,27.94,27.59
9/23/2020,28.58,27.1669,27.02,27.5127,29.73,27.6562,25.19,26.06
9/22/2020,26.86,28.1097,28.61,28.8879,28.78,29.0345,26.48,27.3
9/21/2020,27.78,29.8809,28.04,25.5293,31.18,30.1501,27.39,25.53
9/18/2020,25.83,22.6496,26.65,22.6709,28.1,23.3323,25.28,21.54
9/17/2020,26.46,22.5468,28.22,23.7429,28.92,23.8621,26.26,22.41
9/16/2020,26.04,21.9927,25.31,21.7811,26.59,22.7983,24.84,20.78
9/15/2020,25.59,22.1155,25.92,22.5054,26,22.6746,24.92,21.71
9/14/2020,25.85,22.5682,25.86,23.2413,26.79,23.9839,25.38,22.57
9/11/2020,26.87,23.7249,28.63,24.8728,29.73,25.2076,26.51,23.51
9/10/2020,29.71,25.0052,28.67,25.7791,30.56,26.4245,27.59,24.07
9/9/2020,28.81,25.8888,31.68,27.2497,31.78,27.5168,28.12,25.83
9/8/2020,31.46,28.4501,30.61,27.4955,35.93,31.3474,30.52,27.38
9/7/2020,,27.922,,29.2312,,29.3038,,27.57
9/4/2020,30.75,31.7117,34.62,30.2782,38.28,33.2041,29.5,27.86
9/3/2020,33.6,29.0121,26.28,25.8983,35.94,29.5561,25.66,24.85
9/2/2020,26.57,26.6145,26.01,26.4819,27.07,26.7156,25.53,25.05
9/1/2020,26.12,27.1192,25.86,26.1134,26.59,27.8951,25.02,25.23
8/31/2020,26.41,26.7213,23.91,24.1888,26.5,26.7906,21.77,24
8/28/2020,22.96,25.1579,24.59,24.2519,26.3,25.6103,22.64,23.55
8/27/2020,24.47,23.5584,23.42,23.4973,27.09,23.7529,21.44,22.17
8/26/2020,23.27,22.0013,22.14,22.9851,23.27,23.2472,20.92,21.95
8/25/2020,22.03,23.3594,22.16,22.547,23.43,23.4942,21.53,21.85
8/24/2020,22.37,23.1101,22.87,23.2534,23.18,23.6898,21.25,22.85
8/21/2020,22.54,24.3375,22.58,23.2762,24.47,26.1236,22.06,22.92
8/20/2020,22.72,24.0354,24.1,24.1088,24.6,25.1199,22.37,23.19
8/19/2020,22.54,21.9882,21.6,23.0325,22.98,23.4456,20.99,21.93
8/18/2020,21.51,23.269,21.69,22.9708,22.55,23.6628,21.18,21.91
8/17/2020,21.35,22.7835,22.52,24.7347,22.82,25.1434,21.34,22.75
8/14/2020,22.05,23.8671,22.27,23.6725,23.55,25.8604,21.79,23.53
8/13/2020,22.13,22.691,22.2,22.6442,22.92,23.2719,21.45,22.41
8/12/2020,22.28,22.4674,22.82,24.2825,22.88,24.2825,21.54,21.92
8/11/2020,24.03,23.3863,21.85,23.3316,24.93,23.8732,20.28,22.38
8/10/2020,22.13,24.1127,22.88,24.6636,23.52,25.2382,21.46,23.83
8/7/2020,22.21,24.1977,23.45,24.902,24.02,25.6626,22.02,23.74
8/6/2020,22.65,24.9371,23.03,23.4048,24.11,25.4871,20.97,22.89
8/5/2020,22.99,23.9421,23.44,24.0322,23.61,24.7622,22.86,23.7
8/4/2020,23.76,25.087,24.01,25.4057,24.76,26.4024,22.92,24.89
8/3/2020,24.28,25.7571,25.75,27.1416,26.01,27.4585,22.17,25.42
7/31/2020,24.46,26.6625,24.79,26.6956,26.41,27.7796,23.55,25.15
7/30/2020,24.76,28.024,25.04,25.1821,28.29,29.7139,24.64,25.18
7/29/2020,24.1,24.2316,25.16,24.7165,25.42,24.8626,23.73,24.11
7/28/2020,25.44,24.3987,24.86,24.3838,25.85,25.9406,24.05,24.3
7/27/2020,24.74,25.238,26.6,25.9687,26.94,26.4458,24.55,24.92
7/24/2020,25.84,25.5773,27.96,27.0626,28.58,27.1823,25.53,25.28
7/23/2020,26.08,23.3144,23.97,23.4372,26.95,23.8252,23.6,22.19
7/22/2020,24.32,24.2123,24.56,23.4971,26.26,25.1467,24.13,23.46
7/21/2020,24.84,23.4879,24.08,23.3969,25.65,23.586,23.61,21.84
7/20/2020,24.46,24.2112,26.94,26.0722,27.08,26.6674,24.35,24.14
7/17/2020,25.68,25.5762,27.15,26.1858,27.54,26.7768,25.41,25.58
7/16/2020,28,26.8067,28.41,27.0641,29.29,27.8853,26.98,26.53
7/15/2020,27.76,27.5724,29.15,27.481,30.09,27.9256,27.17,26.82
7/14/2020,29.52,28.9278,31.14,29.5475,33.67,30.622,29.21,28.76
7/13/2020,32.19,27.1352,27.85,28.1252,32.45,28.7218,26.87,27.07
7/10/2020,27.29,28.4276,30.86,31.25,30.91,31.25,27.13,28.37
7/9/2020,29.26,30.4505,28.18,28.7383,31.48,30.8529,26.11,27.67
7/8/2020,28.08,29.5725,28.95,28.9633,30.2,29.8311,27.24,28.11
7/7/2020,29.43,27.9345,28.77,29.0083,29.63,29.3373,27.25,27.92
7/6/2020,27.94,27.6015,27.76,27.7068,28.33,28.4593,24.92,27.52
7/3/2020,,28.2699,,27.4743,,28.8844,,27.11
7/2/2020,27.68,27.5942,28.33,28.8462,28.44,28.9679,25.9,27.25
7/1/2020,28.62,30.1305,30.96,31.9549,31.76,32.0821,28.2,29.77
6/30/2020,30.43,31.7179,32.54,34.0268,32.94,34.1086,29.56,31.55
6/29/2020,31.78,34.4922,35.05,35.5675,36.31,36.5761,31.78,33.96
6/26/2020,34.73,35.1735,33.01,33.6851,36.25,35.6758,31.04,32.13
6/25/2020,32.22,34.6839,36.59,39.146,36.93,39.6043,31.59,34.45
6/24/2020,33.84,36.8071,31.05,32.0728,37.12,36.8782,30.95,31.81
6/23/2020,31.37,31.3419,31.71,32.3307,31.71,32.3307,29.26,30.95
6/22/2020,31.77,33.781,35.22,35.3057,35.39,35.3522,31.64,33.05
6/19/2020,35.12,32.2142,32.07,33.8537,35.12,33.9444,30.4,31.35
6/18/2020,32.94,35.0461,33.83,34.7816,36.25,37.1736,32.24,33.95
6/17/2020,33.47,35.3603,33.28,35.0437,35.17,36.1918,32.25,33.77
6/16/2020,33.67,36.0977,34.28,35.4653,37.45,38.1523,31.73,32.9
6/15/2020,34.4,38.4135,44.09,44.1388,44.44,45.2167,34.28,38.2
6/12/2020,36.09,41.4116,37.68,38.244,44.16,42.2058,34.97,36.23
6/11/2020,40.79,36.0215,30.45,33.4228,42.58,36.1276,29.49,32.12
6/10/2020,27.57,30.0524,26.73,28.9245,29.01,31.309,26.06,28.89
6/9/2020,27.57,29.7453,25.93,28.4623,27.7,30.9261,25.71,28.44
6/8/2020,25.81,28.1197,25.56,28.6373,25.98,28.6786,24.65,27.5
6/5/2020,24.52,27.8909,24.79,26.9367,25.09,27.8909,23.54,26.71
6/4/2020,25.81,27.6617,26.23,29.4355,26.43,29.4355,24.38,26.78
6/3/2020,25.66,29.6082,26.75,29.9431,26.98,29.9532,25.04,28.99
6/2/2020,26.84,30.678,28.4,29.6835,28.52,30.678,26.66,28.92
6/1/2020,28.23,30.099,28.94,30.3693,30.6,32.1266,28.11,30.05
5/29/2020,27.51,31.1263,29.3,30.5848,30.16,31.436,27.29,29.68
5/28/2020,28.59,29.0063,27.82,28.8702,29.89,29.3899,27.43,28.28
5/27/2020,27.62,29.3988,27.62,27.9217,30.53,30.3511,25.92,27.05
5/26/2020,28.01,28.0385,27.72,28.4,28.58,29.5832,27.18,28.04
5/25/2020,,29.1565,,31.2484,,31.996,,29.08
5/22/2020,28.16,31.4161,31.36,34.1261,31.55,34.6404,28.03,31.27
5/21/2020,29.53,32.315,28.97,30.3483,30.2,32.4567,27.67,29.62
5/20/2020,27.99,29.1093,29.52,30.7995,29.83,31.4512,27.83,28.97
5/19/2020,30.53,30.1699,28.73,28.9127,30.74,31.1339,28.37,28.62
5/18/2020,29.3,29.0582,30.71,31.8053,31.08,31.9613,28.35,28.9
5/15/2020,31.89,34.4706,32.5,32.7598,35.13,35.561,31.04,32.19
5/14/2020,32.61,36.3219,35.16,35.1296,39.28,39.4211,32.33,34.33
5/13/2020,35.28,33.4196,32.74,31.1935,37.42,33.903,30.77,30
5/12/2020,33.04,27.6697,28.47,29.5146,33.04,29.5418,26,27.41
5/11/2020,27.57,29.9068,28.46,29.076,31.46,32.2132,26.97,28.74
5/8/2020,27.98,29.6643,30.14,31.3703,30.39,31.8752,27.89,29.64
5/7/2020,31.44,32.4312,32.12,33.7813,32.28,33.855,30.37,32.42
5/6/2020,34.12,34.8075,32.69,34.7917,35.69,35.0653,31.68,33.34
5/5/2020,33.61,34.5055,34.82,35.3632,36.22,37.6921,31.95,34.44
5/4/2020,35.97,38.322,39.13,39.6963,40.32,40.8433,35.53,38.03
5/1/2020,37.19,,38.17,,39.57,,36.59,
4/30/2020,34.15,33.9105,30.99,30.6468,35.94,34.5303,30.93,30.57
4/29/2020,31.23,30.7205,32.48,32.2541,33.19,32.9282,30.71,30.58
4/28/2020,33.57,33.012,33.21,34.3249,35.39,34.3649,30.54,31.78
4/27/2020,33.29,34.7193,36.29,37.931,36.44,38.1566,32.51,34.71
4/24/2020,35.93,40.1744,41.91,42.6609,42.08,42.8337,35.6,39.04
4/23/2020,41.38,40.3534,41.3,42.9129,42.47,44.2303,39.06,39.76
4/22/2020,41.98,43.9569,44.91,46.6375,45.07,46.7917,41.41,43.7
4/21/2020,45.41,48.2215,44.28,44.1744,47.77,48.3053,43.77,43.67
4/20/2020,43.83,41.2975,40.68,41.8008,43.83,44.2209,39.88,40.83
4/17/2020,38.15,41.201,39.5,41.0849,40.26,41.8835,37.63,39.82
4/16/2020,40.11,43.2623,41.92,43.2062,43.02,44.7207,39.87,41.66
4/15/2020,40.84,44.9575,39.4,40.7877,43.23,45.3407,39.34,40.79
4/14/2020,37.76,40.4768,40.24,42.6039,40.57,42.8864,37.31,39.53
4/13/2020,41.17,,44.6,,45.04,,41.17,
4/9/2020,41.67,44.7106,43,43.2866,45.73,46.4145,41.39,42.86
4/8/2020,43.35,45.2972,45.9,47.575,47.28,48.1056,42.53,45.17
4/7/2020,46.7,46.2871,44.83,41.2396,47.51,47.2674,43.51,40.33
4/6/2020,45.24,43.0301,44.17,43.6499,45.73,43.6499,43.45,41.39
4/3/2020,46.8,45.8806,51.11,48.1759,52.29,48.7753,46.74,45.61
4/2/2020,50.91,49.9156,54.46,49.2386,57.24,52.1012,50.45,47.72
4/1/2020,57.06,51.1408,57.38,53.8852,60.59,55.1683,52.76,49.48
3/31/2020,53.54,48.5926,56.69,52.1726,58.75,53.4455,50.88,47.94
3/30/2020,57.08,55.6324,66.3,62.1164,67.69,63.7031,56.6,55.52
3/27/2020,65.54,60.9948,64.95,56.1585,69.1,63.1314,61.8,56.07
3/26/2020,61,54.3148,65.67,60.2082,67.06,61.1485,57.66,52.85
3/25/2020,63.95,57.1305,61.44,51.566,68.86,60.3602,58.03,50.76
3/24/2020,61.67,52.5304,58.76,57.0356,61.88,57.644,36.24,49.65
3/23/2020,61.59,64.4283,74.08,75.9173,76.74,75.9413,60.46,60.13
3/20/2020,66.04,68.2146,67.86,65.2016,69.51,72.1252,57.42,62.86
3/19/2020,72,78.3461,80.62,84.6415,84.26,87.4815,68.57,78.35
3/18/2020,76.45,84.7969,69.37,84.976,85.47,90.2635,69.37,80.3
3/17/2020,75.91,77.2625,82.69,79.5723,84.83,92.4163,70.37,74.66
3/16/2020,82.69,85.6206,57.83,81.5014,83.56,95.0212,57.83,81.26
3/13/2020,57.83,74.3321,71.31,68.6496,77.57,77.7362,55.17,59.9
3/12/2020,75.47,71.5196,61.46,60.5726,76.83,74.0335,59.91,60.45
3/11/2020,53.9,53.7615,52.24,51.4488,55.82,55.6211,49.98,51.01
3/10/2020,47.3,53.8031,49.68,51.5615,55.66,55.8189,43.56,44.18
3/9/2020,54.46,54.0993,41.94,57.875,62.12,64.6301,41.94,52.76
3/6/2020,41.94,43.0212,41.46,37.8847,54.39,46.6079,40.84,37.88
3/5/2020,39.62,33.1404,33.61,29.8237,42.84,35.2373,33.54,29.7
3/4/2020,31.99,29.7565,34.44,32.6745,35.58,32.6745,30.3,28.84
3/3/2020,36.82,33.4532,33.64,32.0386,41.06,33.7363,24.93,29.31
3/2/2020,33.42,36.1186,34.86,34.6933,43.77,43.1272,31.5,33.29
2/28/2020,40.11,42.2369,42.02,43.7342,49.48,49.6898,39.37,40.37
2/27/2020,39.16,34.6989,28.95,27.6191,39.31,38.4871,27.79,26.72
2/26/2020,27.56,24.5403,26.63,27.5081,29.57,32.6425,24.76,24.47
2/25/2020,27.85,27.4449,22.19,21.3422,30.25,27.7305,22.19,21.34
2/24/2020,25.03,22.6584,22.25,21.7083,26.35,23.4462,22,21.11
2/21/2020,17.08,15.7536,17.33,15.4212,18.21,16.6193,16.19,14.55
2/20/2020,15.56,14.09,14.54,12.9173,17.21,14.09,14.49,12.88
2/19/2020,14.38,12.8829,14.66,13.2457,14.74,13.2522,14.21,12.52
2/18/2020,14.83,13.8431,14.98,13.5173,15.49,14.0484,14.53,13.33
2/17/2020,,12.9654,,13.2172,,13.2604,,12.96
2/14/2020,13.68,13.0625,14.12,13.1161,14.54,13.3323,13.38,12.75
2/13/2020,14.15,13.2476,14.43,13.0408,15.44,14.5798,14,12.83
2/12/2020,13.74,12.4526,14.86,12.882,14.88,12.9065,13.73,12.42
2/11/2020,15.18,12.9201,14.91,13.1733,15.27,13.5806,14.38,12.72
2/10/2020,15.04,13.7034,15.88,13.9652,16.43,14.2752,15.01,13.67
2/7/2020,15.47,13.3241,15.07,13.1288,16.16,14.1582,14.81,12.83
2/6/2020,14.96,12.9889,15.13,13.3122,15.66,13.4476,14.7,12.98
2/5/2020,15.15,13.6052,16.29,14.6403,16.32,14.7262,15.02,13.38
2/4/2020,16.05,14.4971,16.45,15.2703,16.46,15.3399,15.63,14.46
2/3/2020,17.97,16.2837,18.64,17.0562,18.88,17.3663,17.1,15.88
1/31/2020,18.84,17.1542,16.25,15.3144,19.99,17.5533,16.18,15.13
1/30/2020,15.49,16.4174,17.82,16.4522,18.39,16.9716,15.3,15.47
1/29/2020,16.39,14.4199,15.68,14.7954,16.65,15.1091,14.94,14.22
1/28/2020,16.28,15.1979,16.94,15.9282,18.03,16.9182,15.69,14.95
1/27/2020,18.23,17.1711,17.42,15.6837,19.02,17.4624,16.82,14.99
1/24/2020,14.56,12.6665,12.75,12.1173,15.98,12.7096,12.62,11.73
1/23/2020,12.98,13.164,13.26,12.6402,14.15,13.3162,12.94,12.17
1/22/2020,12.91,12.2389,12.45,11.6502,13.01,12.3306,12.31,11.41
1/21/2020,12.85,11.8141,13.23,12.6598,13.33,12.6598,12.32,11.79
1/20/2020,,11.2522,,11.2579,,11.5657,,11.19
1/17/2020,12.1,10.6899,12.21,10.8378,12.48,10.9745,11.75,10.5
1/16/2020,12.32,11.0223,12.2,11.3895,12.42,11.5898,11.78,11.02
1/15/2020,12.42,12.0408,12.79,12.7551,12.83,12.7651,11.95,12.01
1/14/2020,12.39,12.4099,12.72,13.0196,13.82,13.6649,12.05,12.37
1/13/2020,12.32,12.7138,12.84,12.7327,13.09,13.0003,12.32,12.4
1/10/2020,12.56,12.3886,12.42,12.7021,12.87,12.9014,12.09,12.3
1/9/2020,12.54,13.0363,12.95,12.995,13.24,13.2755,12.53,12.76
1/8/2020,13.45,14.0401,15.16,15.2754,15.24,15.5454,12.83,13.92
1/7/2020,13.79,14.2117,13.84,14.3023,14.46,15.1187,13.39,14.05
1/6/2020,13.85,15.1404,15.45,15.4524,16.39,16.8069,13.54,14.89
1/3/2020,14.02,13.9588,15.01,14.3646,16.2,15.0039,13.13,13.88
1/2/2020,12.47,12.6736,13.46,13.3693,13.72,13.4527,12.42,12.56
12/31/2019,13.78,,14.84,,15.39,,13.75,
12/30/2019,14.82,13.9548,13.74,12.916,15.14,14.131,13.44,12.83
12/27/2019,13.43,12.0913,12.61,11.9539,13.72,12.3139,11.89,11.63
12/26/2019,12.65,,12.74,,12.75,,11.72,
12/24/2019,12.67,,12.65,,12.84,,12.56,
12/23/2019,12.61,11.6482,12.81,11.7384,12.9,11.7531,12.41,11.22
12/20/2019,12.51,11.0774,12.55,12.0752,12.61,12.3672,12.04,11.08
12/19/2019,12.5,12.1761,12.55,11.8302,12.78,12.4877,12.43,11.78
12/18/2019,12.58,11.8244,12.24,12.0227,12.7,12.0742,11.93,11.39
12/17/2019,12.29,12.1489,12.23,11.9666,12.47,12.348,11.9,11.61
12/16/2019,12.14,11.644,12.47,12.1355,12.53,12.2758,11.71,11.58
12/13/2019,12.63,13.1174,13.18,12.3404,14.35,13.8963,12.54,12.04
12/12/2019,13.94,14.6631,14.94,14.944,15.55,15.5028,13.6,14
12/11/2019,14.99,15.2345,15.57,14.9428,15.97,15.5437,14.98,14.77
12/10/2019,15.68,15.022,15.8,15.6427,16.9,16.5499,14.93,14.87
12/9/2019,15.86,14.9246,14.25,14.5578,16.07,14.9855,12.25,14.3
12/6/2019,13.62,14.1327,14.37,14.9897,14.47,15.0548,13.19,14.02
12/5/2019,14.52,15.3707,14.46,14.8715,15.37,15.5527,14.17,14.5
12/4/2019,14.8,15.2237,16.38,16.5879,16.4,16.5917,14.12,15.09
12/3/2019,15.96,16.9096,14.68,15.2742,17.99,17.8881,14.61,15.26
12/2/2019,14.91,15.8889,12.69,13.3586,15.27,16.1274,12.55,12.98
11/29/2019,12.62,13.174,12.5,13.2917,12.83,13.3373,12.12,12.87
11/28/2019,,12.7959,,12.5773,,12.8575,,12.38
11/27/2019,11.75,12.2032,11.55,12.1618,11.79,12.2819,11.44,11.87
11/26/2019,11.54,12.0954,11.88,12.3833,12.04,12.5494,11.42,12.04
11/25/2019,11.87,12.3837,12.51,12.8304,12.59,13,11.73,12.38
11/22/2019,12.34,13.0888,12.82,12.7776,13.25,13.17,12.33,12.47
11/21/2019,13.13,13.1317,13.35,13.611,13.86,14.102,12.49,13.03
11/20/2019,12.78,12.7274,13.42,13.309,14.17,13.799,12.61,12.65
11/19/2019,12.86,12.3699,12.33,11.8047,13.01,12.7282,12.16,11.74
11/18/2019,12.46,12.0372,12.39,11.7496,13.1,12.6455,12.32,11.73
11/15/2019,12.05,11.537,12.95,12.2194,12.97,12.441,11.92,11.5
11/14/2019,13.05,12.4735,13.16,12.5732,13.81,12.6518,12.93,12.18
11/13/2019,13,12.7955,12.91,12.8098,13.9,13.8094,12.88,12.71
11/12/2019,12.68,12.6338,12.64,12.9049,13.1,12.9408,12.36,12.54
11/11/2019,12.69,13.0887,13.15,13.3039,13.49,13.7182,12.66,13.08
11/8/2019,12.07,12.8514,12.98,13.1022,13.05,13.3188,12,12.75
11/7/2019,12.73,12.7542,12.59,12.7558,12.89,12.8703,12.26,12.62
11/6/2019,12.62,12.9335,13.18,12.9462,13.39,13.483,12.6,12.79
11/5/2019,13.1,12.9226,12.85,12.8673,13.28,13.0903,12.25,12.8
11/4/2019,12.83,12.9047,12.68,12.8667,13.13,13.0229,12.44,12.67
11/1/2019,12.3,12.8444,12.99,13.521,13.12,13.6316,12.25,12.66
10/31/2019,13.22,13.7919,12.21,13.179,13.95,14.6211,12.19,13.02
10/30/2019,12.33,13.7963,13.23,13.8135,13.77,14.5735,12.27,13.66
10/29/2019,13.2,13.7262,13.16,13.5546,13.52,14.0033,13.07,13.52
10/28/2019,13.11,13.2006,13.01,13.1277,13.14,13.3746,12.66,13.05
10/25/2019,12.65,12.8208,13.53,13.1929,13.79,13.4109,12.62,12.77
10/24/2019,13.71,13.0918,13.98,13.3263,14.34,13.5649,13.4,13.08
10/23/2019,14.01,13.4557,14.83,14.5497,15.12,14.5576,14.01,13.44
10/22/2019,14.46,14.1743,13.99,14.489,14.61,14.9359,13.7,14.16
10/21/2019,14,14.7438,14.24,15.4816,14.63,15.4867,14,14.59
10/18/2019,14.25,15.3746,14.2,15.5016,15.16,15.6823,13.78,14.96
10/17/2019,13.79,14.9276,13.79,14.8599,14.18,15.1664,13.31,14.03
10/16/2019,13.68,14.76,13.94,14.6517,14.26,15.1326,13.6,14.41
10/15/2019,13.54,14.4716,13.94,15.1809,14.43,15.5761,13.39,14.21
10/14/2019,14.57,15.9171,15.66,16.0335,16.5,17.1773,14.51,15.79
10/11/2019,15.58,15.8911,17.35,16.9564,17.44,17.1447,15.11,15.82
10/10/2019,17.57,17.418,19.28,18.456,19.8,19.3067,17.56,17.26
10/9/2019,18.64,18.3918,19.94,19.6122,20,19.6851,17.77,18.09
10/8/2019,20.28,19.2294,17.61,17.8459,20.38,19.4613,17.42,17.75
10/7/2019,17.86,17.856,18.27,19.0557,18.52,19.0788,16.44,17.71
10/4/2019,17.04,18.5245,19.42,19.6801,19.97,20.6179,16.97,18.34
10/3/2019,19.12,20.5011,20.11,20.3732,21.44,21.8931,19.03,19.83
10/2/2019,20.56,21.0071,18.75,18.8395,21.46,21.4047,18.75,18.84
10/1/2019,18.56,17.26,16.02,15.4333,18.62,17.4621,15.79,15.2
9/30/2019,16.24,15.8282,17.23,16.7592,17.35,16.7592,16.2,15.83
9/27/2019,17.22,15.8826,15.77,15.8233,18.69,16.2937,15.15,15.48
9/26/2019,16.07,16.587,16.23,16.7884,17.09,16.7884,15.35,15.95
9/25/2019,15.96,17.2313,17.05,17.247,18.45,18.1651,15.69,17.04
9/24/2019,17.05,15.9723,14.77,15.3076,17.62,16.0342,14.33,14.83
9/23/2019,14.91,15.5783,15.35,15.0716,16,16.4105,14.71,15.05
9/20/2019,15.32,13.9744,13.94,14.4209,15.84,14.627,13.35,13.55
9/19/2019,14.05,14.501,14.66,14.7588,14.66,14.8288,13.31,14.38
9/18/2019,13.95,15.2097,14.61,15.4428,15.8,15.5596,13.8,14.88
9/17/2019,14.44,15.5502,14.92,15.5643,15.03,16.0862,14.4,15.13
9/16/2019,14.67,15.2467,14.89,14.8272,15.29,15.6015,14.5,14.75
9/13/2019,13.74,13.7364,14.16,14.2599,14.31,14.2599,13.51,13.67
9/12/2019,14.22,14.4138,14.69,15.2641,14.94,15.7618,13.85,14.07
9/11/2019,14.61,15.4354,15.33,15.057,15.52,15.831,14.55,15.02
9/10/2019,15.2,15.2574,15.53,15.1284,16.52,15.8688,15.11,15.13
9/9/2019,15.27,14.9418,15.26,14.6529,16.13,15.3365,14.95,14.65
9/6/2019,15,14.6313,15.92,15.1373,16.06,15.1807,14.91,14.63
9/5/2019,16.27,15.5052,16.92,15.9384,17.05,16.1191,15.45,15.35
9/4/2019,17.33,16.5794,18.23,17.0576,18.83,17.1653,17.26,16.42
9/3/2019,19.66,18.2403,20.96,19.2146,21.15,19.2279,19.41,17.8
9/2/2019,,17.5382,,17.7688,,17.8885,,17.09
8/30/2019,18.98,17.6681,17.94,17.4595,19.18,17.9231,17.09,16.32
8/29/2019,17.88,17.601,19.02,18.7723,19.2,18.9399,17.6,17.53
8/28/2019,19.35,19.3267,20.55,19.9389,21.64,20.842,19.1,19.28
8/27/2019,20.31,19.4399,20.18,20.5418,21.04,20.6345,18.49,18.8
8/26/2019,19.32,20.2502,20.34,21.2557,21.33,21.9047,19.06,19.82
8/23/2019,19.87,20.1473,16.15,17.4172,21.07,20.2602,16.04,17.31
8/22/2019,16.68,18.2332,16.12,17.1161,17.68,18.7454,15.63,16.48
8/21/2019,15.8,16.7721,17.01,17.6328,17.04,17.6758,15.51,16.71
8/20/2019,17.5,18.4289,16.78,17.668,17.7,18.7887,16.45,17.19
8/19/2019,16.88,18.2556,17.93,19.0636,18.22,19.3862,16.52,18.16
8/16/2019,18.47,20.3841,20.48,21.7756,20.5,21.7877,18.41,19.95
8/15/2019,21.18,22.5419,21.58,22.2807,24.1,25.6009,20.78,21.43
8/14/2019,22.1,22.0616,17.81,18.3225,22.71,22.5624,17.75,17.81
8/13/2019,17.52,18.6224,21.28,20.0676,21.64,20.9421,17.52,17.82
8/12/2019,21.09,19.2544,17.87,18.0538,21.26,19.7,17.77,17.8
8/9/2019,17.97,18.9533,18.14,17.9529,19.44,18.9959,17.31,17.68
8/8/2019,16.91,18.0037,19.36,19.2417,19.89,19.674,16.82,17.75
8/7/2019,19.49,21.039,20.7,20.0424,23.67,21.9752,18.94,18.94
8/6/2019,20.17,21.3783,22.29,20.8083,22.87,21.6428,19.77,19.79
8/5/2019,24.59,21.0618,19.96,19.4436,24.81,21.7127,19.91,19.18
8/2/2019,17.61,18.3481,17.69,16.316,20.11,19.1916,17.04,16.23
8/1/2019,17.87,13.7348,15.41,14.2725,19.46,14.3766,13.73,13.53
7/31/2019,16.12,14.3909,13.83,14.5575,16.55,14.6296,13.46,14.06
7/30/2019,13.94,14.4662,12.87,12.778,14.18,14.8456,12.87,12.77
7/29/2019,12.83,12.6386,12.15,13.1848,13.17,13.2285,12.15,12.6
7/26/2019,12.16,12.669,12.58,13.2091,12.72,13.2667,12.01,12.61
7/25/2019,12.74,13.2666,12.24,12.8623,13.54,14.0288,11.69,12.24
7/24/2019,12.07,13.1227,12.8,12.8268,13.1,13.2904,11.98,12.81
7/23/2019,12.61,12.7137,13.42,12.9651,13.52,13.2116,12.55,12.51
7/22/2019,13.53,13.5495,14.55,14.2196,14.7,14.2554,13.42,13.45
7/19/2019,14.45,13.6973,13.31,12.9836,14.45,14.446,13.09,12.66
7/18/2019,13.53,13.332,14.45,13.5911,14.5,13.8112,13.19,13
7/17/2019,13.97,12.6034,12.62,12.1526,13.97,12.8191,12.24,11.62
7/16/2019,12.86,12.1592,12.61,12.598,13.14,12.7199,12.28,11.97
7/15/2019,12.68,12.6064,12.58,12.3563,13.02,13.2497,12.49,12.33
7/12/2019,12.39,12.3888,12.76,12.524,12.82,12.7598,12.28,12.1
7/11/2019,12.93,12.4747,13.01,12.6004,13.33,12.7881,12.39,12.17
7/10/2019,13.03,12.8191,14.38,12.9602,14.69,13.2135,12.98,12.43
7/9/2019,14.09,12.7504,14.47,13.0444,14.71,13.6809,13.99,12.69
7/8/2019,13.96,12.616,13.73,12.8194,14.44,12.9415,13.64,12.59
7/5/2019,13.28,12.4185,13,11.8201,14.47,12.7593,12.04,11.8
7/4/2019,,11.7651,,11.5622,,11.9169,,11.56
7/3/2019,12.57,11.7045,13.18,11.7213,13.19,11.7633,12.56,11.43
7/2/2019,12.93,11.8371,14.16,12.302,14.3,12.3586,12.9,11.78
7/1/2019,14.06,12.383,13.85,12.922,14.64,12.922,13.8,12.26
6/28/2019,15.08,13.7342,15.7,13.953,16.13,14.2033,15.08,13.68
6/27/2019,15.82,14.1174,15.66,13.8375,16.4,14.6671,15.66,13.72
6/26/2019,16.21,14.0634,16.1,14.2624,16.6,14.3049,15.47,13.63
6/25/2019,16.28,13.9815,15.43,14.1793,16.68,14.23,15.1,13.75
6/24/2019,15.26,13.9669,15.46,13.6073,15.56,14.1746,15.23,13.58
6/21/2019,15.4,13.3894,14.74,13.4493,15.48,13.7291,14.42,13.1
6/20/2019,14.75,13.3474,14.04,12.8407,16.03,13.3849,13.19,12.48
6/19/2019,14.33,13.6604,15.05,13.3981,15.71,13.7636,14.15,13.28
6/18/2019,15.15,13.2695,14.89,14.5114,15.54,14.6243,14.62,13.05
6/17/2019,15.35,14.0293,15.61,14.6827,15.76,14.7112,15.24,14.02
6/14/2019,15.28,14.3629,16,14.7589,16.4,15.2243,15.21,14.26
6/13/2019,15.82,14.3656,16.16,15.0775,16.21,15.1873,15.61,14.29
6/12/2019,15.91,14.945,16.26,15.2504,16.43,15.4435,15.78,14.87
6/11/2019,15.99,14.796,15.84,14.666,16.7,14.8475,15.5,14.38
6/10/2019,15.94,14.8913,16.3,15.2208,16.47,15.2268,15.84,14.77
6/7/2019,16.3,14.9085,15.65,15.0222,16.44,15.285,15.33,14.6
6/6/2019,15.93,15.6299,16.25,15.863,16.54,16.1462,15.36,15.36
6/5/2019,16.09,16.1034,17.06,16.3031,17.49,16.5843,16.04,15.79
6/4/2019,16.97,16.42,18.74,17.5747,18.74,17.5754,16.97,16.39
6/3/2019,18.86,17.2417,19.41,18.6584,19.75,19.0292,18.16,17.19
5/31/2019,18.71,17.4218,19.05,18.3525,19.72,18.9485,18.01,17.36
5/30/2019,17.3,16.7607,17.47,17.0103,18.11,17.0991,16.72,16.4
5/29/2019,17.9,17.7806,18.55,17.8701,19.04,18.1573,17.62,17.27
5/28/2019,17.5,16.1658,16.55,16.3221,17.7,17.0583,15.9,15.87
5/27/2019,,16.2373,,16.3863,,16.8064,,16.08
5/24/2019,15.85,16.7146,16.34,16.9779,16.52,17.1081,15.52,16.18
5/23/2019,16.92,17.637,15.93,16.8188,18.05,17.9587,15.28,16.61
5/22/2019,14.75,15.4494,15.06,15.5908,15.44,16.9149,14.42,14.82
5/21/2019,14.95,15.8302,15.86,16.6039,16.22,16.9237,14.79,15.64
5/20/2019,16.31,17.3812,15.88,15.7409,17.63,17.6531,15.46,15.26
5/17/2019,15.96,14.9769,15.89,15.4104,16.81,16.27,14.86,14.88
5/16/2019,15.29,15.0605,16.69,16.4652,17.13,16.716,15.16,15.06
5/15/2019,16.44,16.7467,17.57,17.2191,19.15,18.2446,16.41,16.68
5/14/2019,18.06,17.5609,19.4,18.2824,19.65,18.5387,17.45,17.56
5/13/2019,20.55,19.4264,18.62,18.4727,21.32,19.9306,18.35,18.13
5/10/2019,16.04,18.5073,18.79,18.1003,20.19,19.6288,15.57,17.94
5/9/2019,19.1,20.0378,21.4,18.8607,23.38,20.6794,18.87,18.86
5/8/2019,19.4,17.6428,18.95,17.2614,21.74,18.9568,18.29,17.19
5/7/2019,19.32,18.0429,15.9,15.4907,21.84,18.3546,15.8,15.01
5/6/2019,15.44,15.7375,12.89,16.7479,18.8,17.4612,12.89,15.71
5/3/2019,12.87,13.3808,14.11,13.8337,14.15,13.8575,12.8,13.33
5/2/2019,14.42,14.3357,14.35,13.7729,15.92,14.3357,13.8,13.29
5/1/2019,14.8,,12.86,,14.83,,12.74,
4/30/2019,13.12,13.2624,13.11,13.152,14.05,13.515,12.88,13.01
4/29/2019,13.11,13.0278,13.04,13.0049,13.27,13.4476,12.65,12.75
4/26/2019,12.73,12.6034,13.44,12.9779,13.62,13.1618,12.49,12.46
4/25/2019,13.25,12.9572,13.29,12.9578,14.3,13.6917,12.81,12.6
4/24/2019,13.14,12.5447,12.53,12.4478,13.23,12.721,12.26,12.24
4/23/2019,12.28,12.204,12.66,11.9058,12.69,12.204,12.08,11.9
4/22/2019,12.42,,13.21,,13.36,,12.38,
4/18/2019,12.09,11.0066,12.8,11.3952,13.12,11.7281,12.02,10.88
4/17/2019,12.6,11.2672,12.12,11.3354,13.02,11.3391,11.03,10.47
4/16/2019,12.18,11.3012,12.26,11.3881,12.47,11.6007,11.85,11.16
4/15/2019,12.32,11.4864,12.46,12.0813,13.14,12.1174,12.24,11.49
4/12/2019,12.01,11.877,12.96,12.7291,12.96,12.7502,11.95,11.7
4/11/2019,13.02,12.595,13.37,13.7238,13.58,14.3272,12.91,12.53
4/10/2019,13.3,14.281,14.09,14.6092,14.29,14.6154,13.27,14.06
4/9/2019,14.28,14.5187,13.46,14.7177,14.39,15.0664,13.31,14
4/8/2019,13.18,14.603,13.55,14.4226,13.77,14.6726,13.1,14.07
4/5/2019,12.82,13.552,13.46,14.131,13.47,14.1348,12.17,13.49
4/4/2019,13.58,14.2468,13.84,14.478,14.03,14.5602,13.4,14.15
4/3/2019,13.74,14.1923,13.06,14.2666,14.27,14.2934,12.85,13.91
4/2/2019,13.36,14.7848,13.62,14.7987,13.68,15.0993,13.13,14.47
4/1/2019,13.4,14.7903,13.9,15.1333,14.01,15.3404,13.32,14.69
3/29/2019,13.71,15.2748,14.19,15.8571,14.43,16.091,13.64,15.19
3/28/2019,14.43,16.6715,15.38,16.2779,15.62,16.9845,14.41,15.87
3/27/2019,15.15,16.3337,14.52,15.6667,16.71,17.0215,14.51,15.63
3/26/2019,14.68,15.8457,16.22,17.2639,16.3,17.3349,14.67,15.79
3/25/2019,16.33,17.3356,17.76,18.3039,17.85,18.6343,16.26,17.18
3/22/2019,16.48,17.6785,13.77,15.2316,17.52,17.8007,13.62,15.03
3/21/2019,13.63,15.6876,14.11,15.0212,14.56,16.694,13.26,14.99
3/20/2019,13.91,14.4778,13.54,13.5396,14.3,14.4929,13.05,13.28
3/19/2019,13.56,13.0007,12.89,13.0465,13.77,13.0533,12.37,12.43
3/18/2019,13.1,13.2122,13.13,13.3852,13.8,13.4026,13,13.07
3/15/2019,12.88,12.9242,13.21,13.5652,13.28,13.7383,12.5,12.68
3/14/2019,13.5,13.6478,13.35,13.4155,13.84,13.8289,13.16,13.1
3/13/2019,13.41,13.9503,14,13.8548,14.05,14.0534,13.25,13.37
3/12/2019,13.77,13.8356,13.97,13.95,14.7,14.5582,13.61,13.78
3/11/2019,14.33,14.1546,16.28,14.5377,16.43,14.7728,14.33,14.05
3/8/2019,16.05,14.411,17.38,14.5162,18.33,14.9167,16.02,14.14
3/7/2019,16.59,13.8671,16.33,13.794,17.81,14.6702,15.54,13.54
3/6/2019,15.74,13.4409,14.91,13.4493,16.11,13.883,14.74,13.18
3/5/2019,14.74,13.5075,14.52,13.6312,15.39,13.765,14.26,13.35
3/4/2019,14.63,13.6499,13.77,13.5735,16.98,13.663,13.38,13.04
3/1/2019,13.57,13.3709,14.57,13.5862,14.84,13.6104,13.41,13.07
2/28/2019,14.78,13.5876,15.17,14.5304,15.24,14.6319,14.39,13.54
2/27/2019,14.7,14.3497,15.53,14.4831,16.17,14.6971,14.7,14.18
2/26/2019,15.17,13.8942,15.16,14.4536,15.28,14.4837,14.52,13.81
2/25/2019,14.85,13.8464,13.91,14.2742,14.9,14.378,13.44,13.72
2/22/2019,13.51,13.9767,14.46,14.3575,14.47,14.3907,13.51,13.75
2/21/2019,14.46,14.3444,14,14.3092,15.17,14.608,13.85,14.11
2/20/2019,14.02,14.2742,14.92,14.4187,15.19,14.8893,13.99,14.1
2/19/2019,14.88,14.6143,15.65,14.6581,16.16,15.4877,14.64,14.3
2/18/2019,,14.5378,,14.8132,,15.0063,,14.43
2/15/2019,14.91,14.2944,16.82,16.1919,16.82,16.1919,14.79,14.16
2/14/2019,16.22,15.757,15.61,13.76,17.27,15.772,15.3,13.68
2/13/2019,15.65,13.9695,15.46,14.1659,15.91,14.2158,15,13.85
2/12/2019,15.43,14.2814,15.23,14.4374,15.65,14.4549,14.95,14.03
2/11/2019,15.97,15.2186,16.17,15.7652,16.5,15.902,15.34,15.12
2/8/2019,15.72,16.3132,16.81,16.0912,17.63,17.3858,15.62,15.76
2/7/2019,16.37,16.1706,15.66,13.8488,17.89,16.2267,15.51,13.75
2/6/2019,15.38,13.616,15.44,13.9305,15.87,14.024,15.09,13.42
2/5/2019,15.57,13.5808,15.79,14.0393,15.94,14.0693,15.04,13.48
2/4/2019,15.73,14.2075,16.72,14.5814,16.73,14.8327,15.6,14.19
2/1/2019,16.14,13.9879,16.63,14.9474,16.83,15.2309,16.08,13.94
1/31/2019,16.57,15.1126,17.39,15.324,17.72,16.1162,16.54,15.1
1/30/2019,17.66,16.0154,19.15,16.0228,19.31,16.3423,17.54,15.81
1/29/2019,19.13,16.0456,19.45,16.1817,19.93,16.2133,18.42,15.35
1/28/2019,18.87,16.1551,18.56,15.6544,20.42,16.2693,18.42,15.41
1/25/2019,17.42,14.7823,18.43,15.1564,18.46,15.1572,17.31,14.72
1/24/2019,18.89,15.5603,19.69,16.351,20.25,16.3755,18.63,15.55
1/23/2019,19.52,16.4792,20.85,16.7699,22.02,16.8011,19.47,15.73
1/22/2019,20.8,15.9971,18.53,15.7286,21.15,16.185,18.2,15.36
1/21/2019,,15.385,,15.0957,,15.385,,15
1/18/2019,17.8,14.28,17.8,15.1097,18.18,15.2574,17.17,14.28
1/17/2019,18.06,15.4064,19.51,16.1842,19.72,16.5054,17.85,15.24
1/16/2019,19.04,15.7177,18.08,16.3711,19.04,16.4941,17.76,15.49
1/15/2019,18.6,16.9334,18.53,17.2396,19.2,18.1388,17.98,16.89
1/14/2019,19.07,17.8987,19.84,18.3404,20.27,18.9561,18.7,17.62
1/11/2019,18.19,17.4182,19.68,18.3445,20.16,18.6416,18.12,17.42
1/10/2019,19.5,18.6879,20.98,19.8142,21.32,20.075,19.29,18.65
1/9/2019,19.98,18.997,20.44,18.9994,22.8,19.4843,19.48,18.64
1/8/2019,20.47,19.4803,20.96,19.6151,22.03,19.6273,20.09,18.99
1/7/2019,21.4,20.151,22.06,20.9242,22.71,21.3996,20.91,20.14
1/4/2019,21.38,20.4827,24.36,22.3332,24.48,22.3473,21.19,20.36
1/3/2019,25.45,22.9978,25.68,23.6004,26.6,24.31,24.05,22.77
1/2/2019,23.22,23.3924,27.54,25.1724,28.53,25.3914,23.05,23.31
12/31/2018,25.42,,27.59,,27.64,,25.33,
12/28/2018,28.34,23.8643,29.97,24.7,31.05,24.7518,27.43,23.36
12/27/2018,29.96,25.6882,31.2,22.6373,33.8,26.8813,29.66,22.61
12/26/2018,30.41,,35.5,,36.2,,29.59,
12/24/2018,36.07,,29.29,,36.1,,29.16,
12/21/2018,30.11,20.3984,28.24,21.4524,31.35,22.3745,25.71,20.36
12/20/2018,28.38,20.733,26.09,20.0887,30.3,20.8141,24.68,19.48
12/19/2018,25.58,19.6024,25.15,19.8516,26.64,19.8878,22.5,19.09
12/18/2018,25.58,20.0366,24.68,20.492,26.14,20.7708,23.64,19.52
12/17/2018,24.52,19.8187,22.36,19.8628,25.88,20.5382,21.97,18.83
12/14/2018,21.63,19.1643,21.57,19.7982,22.47,20.7197,20.95,18.97
12/13/2018,20.65,19.1773,21,19.1466,21.57,19.428,20.34,18.78
12/12/2018,21.46,19.7254,21.91,20.7653,21.91,20.7653,20.5,19.55
12/11/2018,21.76,21.0925,22.96,21.4978,23.6,21.7724,21.39,20.44
12/10/2018,22.64,23.6592,23.95,22.8178,25.94,23.8648,22.5,21.95
12/7/2018,23.23,21.6688,22.42,21.878,24.71,21.926,19.9,20.1
12/6/2018,21.19,24.6155,23.53,20.8291,25.94,24.6383,20.94,20.79
12/5/2018,,19.0904,,18.9511,,19.1174,,17.91
12/4/2018,20.74,17.2085,16.84,17.103,21.94,17.4265,16.26,16.7
12/3/2018,16.44,16.9152,16.04,18.3895,17.28,18.397,15.94,16
11/30/2018,18.07,18.4935,19.18,18.7563,19.91,19.0974,18.03,18.04
11/29/2018,18.79,18.61,18.65,18.1301,20.48,19.2214,18.59,18.07
11/28/2018,18.49,18.5952,18.87,18.236,19.38,18.9486,18.18,18.14
11/27/2018,19.02,18.479,19.41,18.0735,19.93,19.3839,18.7,18.07
11/26/2018,18.9,18.4228,20.78,18.6857,20.8,18.8425,18.67,18.23
11/23/2018,21.52,18.9738,21.23,19.2917,22.65,20.1095,20.65,18.68
11/22/2018,,19.2881,,18.6379,,19.4291,,18.36
11/21/2018,20.8,18.2397,21.66,18.7594,22.31,19.1404,20.11,18.22
11/20/2018,22.48,19.9622,20.76,19.0917,23.81,20.7483,20.37,18.33
11/19/2018,20.1,18.032,18.78,17.6904,20.99,18.182,18.52,17.2
11/16/2018,18.14,18.0762,20.04,19.0781,21.36,20.4797,18.1,17.71
11/15/2018,19.98,20.1522,20.41,17.7553,22.97,21.4291,19.94,17.76
11/14/2018,21.25,18.4549,20.52,17.8604,22.36,18.593,19.3,17.17
11/13/2018,20.02,17.029,19.45,17.2952,21.25,18.0307,19.11,16.9
11/12/2018,20.45,17.8587,17.26,16.3577,20.71,17.8953,17.25,16.33
11/9/2018,17.36,16.3773,16.87,16.3266,18.41,16.9173,16.84,16.02
11/8/2018,16.72,15.881,16.18,15.832,17.2,16.2783,16.09,15.57
11/7/2018,16.36,16.4264,18.03,16.705,18.05,16.7713,16.33,16.28
11/6/2018,19.91,18.1091,19.84,18.2713,20.6,18.8236,19.69,17.88
11/5/2018,19.96,18.3296,20.58,19.2083,20.87,19.3686,19.64,18.05
11/2/2018,19.51,18.848,18.52,17.9537,21.61,19.0511,18.05,17.71
11/1/2018,19.34,18.995,20.96,20.0581,21.21,20.0857,19.03,18.71
10/31/2018,21.23,20.3038,22.72,20.7473,22.8,20.7732,20.39,19.87
10/30/2018,23.35,22.2249,23.94,22.375,25.55,24.0062,23.11,21.72
10/29/2018,24.7,22.2872,24.48,22.5633,27.86,22.9969,22.01,21.15
10/26/2018,24.16,23.7391,24.51,21.9286,27.52,25.2196,23.33,21.93
10/25/2018,24.22,20.7552,24.78,22.8978,24.78,22.8978,22.06,20.73
10/24/2018,25.23,21.9772,21.6,20.611,26.38,22.2466,20.4,19.68
10/23/2018,20.71,21.3624,22.18,20.7558,24.66,22.4276,20.18,20.42
10/22/2018,19.64,19.3581,19.38,18.3274,20.89,19.9562,18.82,18.25
10/19/2018,19.89,18.7838,19.24,17.9177,21.08,20.3127,18.39,17.84
10/18/2018,20.06,18.1712,18.02,17.076,21.57,18.2658,17.51,16.54
10/17/2018,17.4,17.0163,17.06,16.0044,19.55,17.8076,17.06,15.91
10/16/2018,17.62,16.8341,20.28,18.5914,20.56,18.6052,17.55,16.79
10/15/2018,21.3,19.0703,21.97,20.343,22.89,20.5934,19.47,19.06
10/12/2018,21.31,20.2103,21.63,19.3575,26.8,20.612,20.88,19.32
10/11/2018,24.98,21.2373,23.07,20.5628,28.84,21.9784,20.65,19.71
10/10/2018,22.96,18.4029,16.03,17.0427,22.96,18.66,15.83,16.9
10/9/2018,15.95,16.9002,16.12,17.0659,17.49,18.3332,15.27,16.74
10/8/2018,15.69,17.6264,16.05,17.163,18.38,17.7951,15.69,16.97
10/5/2018,14.82,16.6807,14.29,15.9767,17.36,16.7771,11.72,15.97
10/4/2018,14.22,16.0249,12.84,15.22,15.84,16.4829,12.42,15.21
10/3/2018,11.61,14.6064,11.66,14.7683,12.14,15.3358,11.34,14.34
10/2/2018,12.05,15.4784,12.47,15.5781,12.69,16.0432,11.61,15.11
10/1/2018,12,14.2333,11.99,14.8637,12.4,14.8967,11.57,13.79
9/28/2018,12.12,14.7637,12.59,13.7686,13.22,16.258,12.09,13.51
9/27/2018,12.41,13.171,12.77,13.233,13,14.098,11.94,13.1
9/26/2018,12.89,12.8518,12.21,13.1367,13.13,13.2165,11.55,12.83
9/25/2018,12.42,13.1636,12.28,13.4217,12.6,13.5694,11.8,13.09
9/24/2018,12.2,13.7328,12.46,13.6875,12.92,13.8975,12.18,13.37
9/21/2018,11.68,12.8151,11.76,12.9338,12.03,13.127,11.1,12.52
9/20/2018,11.8,13.1843,11.82,13.4252,11.96,13.4806,11.31,12.94
9/19/2018,11.75,13.5296,12.61,14.0967,12.77,14.157,11.66,13.52
9/18/2018,12.79,14.356,13.48,14.6858,13.48,15.0289,12.56,14.24
9/17/2018,13.68,14.5708,12.72,14.6352,13.75,14.7826,12.32,14.35
9/14/2018,12.07,13.8963,12.13,14.2829,13.15,14.3269,11.93,13.89
9/13/2018,12.37,14.5934,12.91,15.2639,12.91,15.3381,12.3,14.49
9/12/2018,13.14,15.3235,13.07,15.509,13.86,15.8642,12.91,15.24
9/11/2018,13.22,15.7862,13.96,15.5657,14.92,16.2967,13.21,15.56
9/10/2018,14.16,15.8948,15.09,16.6992,15.2,16.7468,13.93,15.68
9/7/2018,14.88,16.4546,14.72,16.755,15.63,17.411,14.31,16.43
9/6/2018,14.65,17.1012,14.21,17.3942,15.41,17.4437,13.72,16.23
9/5/2018,13.91,17.2886,13.69,16.873,14.3,17.7387,13.23,16.44
9/4/2018,13.16,16.3854,13.13,15.0812,14.35,17.1924,13.12,15.08
9/3/2018,,15.4945,,15.968,,16.1143,,15.38
8/31/2018,12.86,15.6343,13.54,14.8665,14.03,15.8116,12.82,14.86
8/30/2018,13.53,14.1532,12.25,13.2729,13.95,14.4609,12.24,13.19
8/29/2018,12.25,12.9914,12.34,13.4378,12.55,13.6967,12.09,12.98
8/28/2018,12.5,13.1602,12.01,13.1753,12.5,13.5136,11.87,13.02
8/27/2018,12.16,13.1149,12.37,13.2427,12.48,13.5016,12.02,13.08
8/24/2018,11.99,13.1882,12.13,13.3801,12.17,13.5665,11.83,13.07
8/23/2018,12.41,13.6438,12.03,13.5342,12.68,13.7841,11.65,13.21
8/22/2018,12.25,13.8512,13.09,13.9554,13.29,14.0428,11.97,13.55
8/21/2018,12.86,13.8748,12.47,14.1707,12.89,14.2481,12.09,13.38
8/20/2018,12.49,14.5019,12.57,15.4633,12.79,15.483,12.26,14.24
8/17/2018,12.64,16.0982,13.18,16.0994,13.96,16.6495,12.4,15.53
8/16/2018,13.45,16.2633,14.18,17.2729,14.36,17.2949,12.82,16.17
8/15/2018,14.64,18.4755,13.52,15.7547,16.86,18.6752,13.44,15.45
8/14/2018,13.31,15.861,13.93,15.0215,14.22,16.4739,13.11,14.97
8/13/2018,14.78,15.9406,14.5,16.2053,15.02,16.7356,12.95,15.42
8/10/2018,13.16,15.1113,11.82,13.6074,13.82,15.7508,11.59,13.46
8/9/2018,11.27,12.4882,10.94,13.1357,11.31,13.1887,10.17,12.4
8/8/2018,10.85,12.8654,10.93,12.772,11.18,13.0828,10.52,12.31
8/7/2018,10.93,12.6265,11.12,13.0078,11.24,13.0175,10.52,12.43
8/6/2018,11.27,13.47,11.91,13.5599,12.15,13.9492,11.17,13.2
8/3/2018,11.64,13.3973,12.43,14.2076,12.46,14.2867,11.07,13.28
8/2/2018,12.19,14.5051,13.57,13.5752,14.53,15.2111,12.17,13.58
8/1/2018,13.15,13.028,13.09,12.5495,13.63,13.115,12.45,12.48
7/31/2018,12.83,12.5596,13.98,12.7056,14.12,12.8749,12.81,12.42
7/30/2018,14.26,12.7107,13.63,12.588,14.46,12.7717,12.98,12.15
7/27/2018,13.03,11.6594,12.17,11.9644,14.26,11.9644,11.6,11.46
7/26/2018,12.14,12.1361,12.45,12.9005,12.53,13.0121,11.78,12.11
7/25/2018,12.29,13.5029,12.37,12.8076,12.82,13.7671,11.8,12.8
7/24/2018,12.41,12.7259,12.61,13.727,13.21,13.7673,11.66,12.61
7/23/2018,12.62,14.1892,13.47,15.0697,13.55,15.175,12.58,14.12
7/20/2018,12.86,13.7747,13,13.0063,13.58,15.0548,12.49,12.63
7/19/2018,12.87,12.8476,12.2,12.0288,13.09,13.3332,11.79,11.94
7/18/2018,12.1,11.9617,11.87,12.1717,12.47,12.3072,11.44,11.64
7/17/2018,12.06,12.556,12.91,13.4118,13.18,13.6941,11.85,12.56
7/16/2018,12.83,13.0323,12.46,13.0762,12.97,13.505,12.13,12.8
7/13/2018,12.18,12.8035,12.39,13.1128,12.97,13.4387,11.62,12.7
7/12/2018,12.58,13.4596,13.07,14.3102,13.33,14.6098,12.42,13.38
7/11/2018,13.63,14.5961,14.05,14.555,14.15,14.7013,13.09,13.93
7/10/2018,12.64,12.9935,12.52,14.0284,13.21,14.0437,11.93,12.97
7/9/2018,12.69,14.0711,13.42,14.6641,13.45,14.9105,12.6,13.99
7/6/2018,13.37,14.7428,14.99,15.6202,15.45,15.8466,13.34,14.7
7/5/2018,14.97,15.731,15.62,15.9465,16.22,16.2762,14.47,15.36
7/4/2018,,16.2213,,16.4373,,16.5018,,15.86
7/3/2018,16.14,16.3909,15.37,17.0005,16.45,17.3804,14.68,15.98
7/2/2018,15.6,17.9959,17.7,19.2801,18.08,19.5604,15.54,17.68
6/29/2018,16.09,16.6333,15.73,16.7648,16.51,17.4585,14.66,16.22
6/28/2018,16.85,18.4191,17.54,17.6196,18.99,19.5059,16.4,17.2
6/27/2018,17.91,17.1802,16.52,17.3921,18.19,18.8619,14.76,15.87
6/26/2018,15.92,17.2411,16.71,16.8235,17.54,17.9847,15.1,16.69
6/25/2018,17.33,17.8727,15.07,15.8047,19.61,17.8849,14.56,15.47
6/22/2018,13.77,14.2065,14.6,15.3518,14.6,15.6698,13.11,14.14
6/21/2018,14.64,16.0901,12.54,14.1595,15.18,16.9146,12.18,13.92
6/20/2018,12.79,13.9834,12.9,13.8028,13.02,14.4059,12.25,13.05
6/19/2018,13.35,14.8685,14.61,16.0195,14.68,16.2275,13.21,14.68
6/18/2018,12.31,13.763,12.79,13.2624,13.74,14.7887,12.28,13.23
6/15/2018,11.98,12.1297,12.19,11.6186,13.16,12.637,11.93,11.56
6/14/2018,12.12,11.4418,12.98,13.3156,13.07,13.5338,11.88,11.33
6/13/2018,12.94,13.198,12.13,13.6068,12.95,13.7884,11.98,12.96
6/12/2018,12.34,13.6885,12.29,13.9057,12.6,14.1588,11.88,13.52
6/11/2018,12.35,13.9917,12.52,14.5699,12.69,14.7675,12.14,13.96
6/8/2018,12.18,14.9616,12.54,15.5561,13.31,16.1908,12.09,14.86
6/7/2018,12.13,14.4204,11.66,14.4217,13.28,15.1488,11.22,14.12
6/6/2018,11.64,14.7989,12.1,14.808,12.56,15.9896,11.62,14.7
6/5/2018,12.4,14.7988,12.91,14.3979,13.34,14.8224,12.3,13.47
6/4/2018,12.74,14.3641,13.91,14.9806,13.91,15.0992,12.69,14.36
6/1/2018,13.46,15.6231,14.92,16.2433,14.93,16.2433,13.37,15.31
5/31/2018,15.43,17.6547,14.93,17.4455,16.29,19.2958,14.2,16.69
5/30/2018,14.94,18.3411,16.6,19.8666,16.64,20.1127,14.65,18.06
5/29/2018,17.02,20.1545,14.39,18.8501,18.78,22.2804,14.39,18.79
5/28/2018,,17.7786,,15.4375,,18.5205,,15.35
5/25/2018,13.22,16.0228,12.44,15.091,13.52,17.8248,12.29,14.34
5/24/2018,12.53,15.6902,12.73,14.7157,14.24,16.833,12.53,13.94
5/23/2018,12.58,15.0616,13.5,14.4886,14.6,15.8825,12.49,14.37
5/22/2018,13.22,12.9845,13.03,13.6182,13.42,13.8334,12.77,12.83
5/21/2018,13.08,13.7761,13.44,13.9398,13.59,14.1544,12.78,13.05
5/18/2018,13.42,13.9673,13.18,13.1218,13.87,14.9869,13.06,13.12
5/17/2018,13.43,13.0848,13.54,13.3345,13.86,13.8448,12.65,12.99
5/16/2018,13.42,13.5725,14.38,12.5654,14.91,14.0688,13.21,12.49
5/15/2018,14.63,12.6765,13.13,12.776,15.01,13.524,12.5,12.44
5/14/2018,12.93,12.6448,12.95,12.6774,13.28,13.0527,12.81,12.54
5/11/2018,12.65,12.4351,13.22,12.6476,13.44,12.8965,12.65,12.35
5/10/2018,13.23,12.8229,13.36,13.3433,13.63,13.8057,12.92,12.76
5/9/2018,13.42,13.3529,14.54,13.4766,14.63,13.4966,13.38,13.09
5/8/2018,14.71,13.7161,14.53,13.4114,15.56,14.2841,14.52,13.37
5/7/2018,14.75,13.3159,15.32,13.8477,15.52,13.8477,14.51,13.31
5/4/2018,14.77,13.4198,15.94,13.8603,16.92,14.2346,10.91,13.42
5/3/2018,15.9,14.4576,15.78,13.743,18.66,14.8377,15.43,13.47
5/2/2018,15.97,13.5282,15.48,13.8955,15.97,13.8974,14.75,13.45
5/1/2018,15.49,,15.78,,16.82,,15.42,
4/30/2018,15.93,13.7154,15.39,13.5344,16.35,13.9655,15.13,13.45
4/27/2018,15.41,13.1315,16.22,13.3773,16.77,13.7911,15.25,13
4/26/2018,16.24,13.6785,18.07,14.5514,18.12,14.5765,16.24,13.52
4/25/2018,17.84,14.6576,18.14,14.2705,19.84,15.521,17.75,13.8
4/24/2018,18.02,13.4086,16.16,13.4346,19.66,14.1198,15.37,13.05
4/23/2018,16.34,13.328,17.29,14.2154,17.56,14.7417,15.79,13.33
4/20/2018,16.88,13.756,16.16,13.716,17.5,13.992,15.19,13.11
4/19/2018,15.96,13.7415,15.55,13.03,16.92,14.2582,15.16,12.85
4/18/2018,15.6,13.0383,15.3,12.9775,16.9,13.5175,14.95,12.68
4/17/2018,15.25,13.288,16.16,13.9653,16.27,13.9832,14.57,13.23
4/16/2018,16.56,14.5036,17.59,15.3759,17.66,15.3759,16.38,14.45
4/13/2018,17.41,15.2974,18.27,15.6654,18.45,15.6847,17.26,14.73
4/12/2018,18.49,15.8108,19.83,16.9289,19.92,16.9539,18.16,15.66
4/11/2018,20.24,16.9837,20.95,16.6898,21.66,17.6201,19.64,16.41
4/10/2018,20.47,16.3164,20.51,16.8571,21.68,17.2304,20.24,16.27
4/9/2018,21.77,17.353,21.27,17.432,22.02,17.9317,20.34,17.21
4/6/2018,21.49,17.4368,20.33,17.6425,23.12,18.0256,18.6,16.57
4/5/2018,18.94,16.9025,19.76,17.9375,20.21,18.0496,18.57,16.87
4/4/2018,20.06,19.5763,21.68,18.9427,24.51,21.0554,19.86,18.89
4/3/2018,21.1,18.8146,23.03,19.2751,23.38,20.1649,20.92,18.62
4/2/2018,23.62,,21.07,,25.72,,20.44,
3/29/2018,19.97,17.4364,22.87,18.8766,23.05,19.0816,19.6,17.12
3/28/2018,22.87,19.6857,22.52,19.9561,24.94,21.5309,21.71,19.3
3/27/2018,22.5,18.9761,20.33,19.1752,24.06,19.8944,19.84,18.5
3/26/2018,21.03,22.0543,23.41,20.2071,24.54,22.9692,20.71,19.79
3/23/2018,24.87,21.0758,24.02,19.5668,26.01,22.5976,21.63,19.52
3/22/2018,23.34,18.551,18.13,15.4269,23.81,19.8217,18.12,14.53
3/21/2018,17.86,14.8531,17.76,15.3788,18.37,15.6459,16.26,14.32
3/20/2018,18.2,15.3836,18.38,15.9773,19.31,16.7245,18.09,15.26
3/19/2018,19.02,16.4988,16.63,14.3037,21.87,16.7044,16.56,14.2
3/16/2018,15.8,13.389,16.6,15.3907,16.72,15.428,15.23,13.24
3/15/2018,16.59,15.2246,16.99,15.7511,17.41,16.6992,15.96,15.19
3/14/2018,17.23,16.9106,16.59,16.2159,17.59,16.973,14.94,15.46
3/13/2018,16.35,16.6195,15.7,15.2918,16.98,17.1099,15.03,14.88
3/12/2018,15.78,15.4002,15.28,15.3599,16.35,15.9499,15.18,15.22
3/9/2018,14.64,15.4054,16.41,16.4543,16.75,16.4988,13.31,15.38
3/8/2018,16.54,16.6065,17.56,17.662,17.68,17.9167,14.91,16.52
3/7/2018,17.76,18.1546,20.11,19.6286,20.49,19.6286,17.52,17.82
3/6/2018,18.36,18.6852,18.25,18.0729,19.64,18.7078,17.68,17.51
3/5/2018,18.73,18.8922,21.55,21.9401,21.57,22.087,17.94,18.86
3/2/2018,19.59,23.386,22.47,21.9291,26.22,24.4289,19.36,21.55
3/1/2018,22.47,20.5673,19.96,18.4,25.3,21.1152,19.57,18.09
2/28/2018,19.85,18.0002,18.08,17.8105,20.44,18.5254,15.65,17.27
2/27/2018,18.59,17.5944,15.83,16.9089,18.98,17.612,15.29,16.73
2/26/2018,15.8,16.7709,16.53,17.7023,16.94,17.7095,15.8,16.74
2/23/2018,16.49,18.1752,17.96,18.692,18.8,18.9391,16.47,18.02
2/22/2018,18.72,18.6903,20.57,19.8665,20.61,20.5305,18.07,18.64
2/21/2018,20.02,18.6489,20.76,19.1795,21.04,19.9804,16.97,18.62
2/20/2018,20.6,18.6401,20.53,18.7335,21.61,19.7643,19.75,18.51
2/19/2018,,19.1283,,18.1123,,19.3377,,17.9
2/16/2018,19.46,17.7606,18.74,19.6613,20.99,19.9433,17.44,17.58
2/15/2018,19.13,20.5158,18.39,19.5863,20.66,21.1071,17.6,18.54
2/14/2018,19.26,20.7053,23.48,23.0197,25.72,26.2232,18.99,20.61
2/13/2018,24.97,25.9501,26.94,27.8286,27.82,28.4321,24.47,25.63
2/12/2018,25.61,28.1626,27.25,28.7171,29.7,29.6502,24.42,26.37
2/9/2018,29.06,34.737,32.18,30.1945,41.06,36.5638,27.73,29.1
2/8/2018,33.46,32.0402,27.29,21.4929,36.17,32.1831,24.41,21.04
2/7/2018,27.73,21.3656,31.38,24.8412,31.64,25.9987,21.17,20.81
2/6/2018,29.98,30.1771,37.32,25.0471,50.3,32.1679,22.42,22.42
2/5/2018,37.32,18.855,18.44,19.909,38.8,20.0247,16.8,18.05
2/2/2018,17.31,17.5594,13.64,16.4819,17.86,17.6241,13.64,16.22
2/1/2018,13.47,16.1394,13.05,14.4141,14.3,16.7243,12.5,13.89
1/31/2018,13.54,15.1644,14.23,14.5205,14.44,15.303,13.41,14.17
1/30/2018,14.79,14.811,13.93,13.7822,15.42,15.7875,13.88,13.62
1/29/2018,13.84,13.2927,11.71,13.3127,13.84,13.4833,11.68,12.93
1/26/2018,11.08,12.4779,11.4,12.5495,11.6,12.5584,11.08,12.24
1/25/2018,11.58,12.691,11.27,12.7252,12.01,13.0651,11.2,12.12
1/24/2018,11.47,12.3924,11,12.0821,12.19,12.406,10.89,11.76
1/23/2018,11.1,11.9508,10.77,12.1164,11.57,12.2152,10.76,11.85
1/22/2018,11.03,11.9678,11.59,12.3936,11.62,12.3971,10.84,11.78
1/19/2018,11.27,11.8533,12.3,12.134,12.33,12.3393,11.18,11.75
1/18/2018,12.22,11.9883,12.01,12.0568,12.4,12.2038,11.62,11.81
1/17/2018,11.91,11.9473,11.35,11.2974,12.81,12.1349,11.18,11.12
1/16/2018,11.66,11.3466,10.42,11.0381,12.41,11.4461,10.4,10.96
1/15/2018,,11.0727,,11.2595,,11.2605,,10.76
1/12/2018,10.16,10.9024,9.74,11.3537,10.31,11.4223,9.54,10.81
1/11/2018,9.88,11.3595,9.69,11.6256,10.02,11.8109,9.62,11.28
1/10/2018,9.82,11.759,10.11,11.5181,10.85,12.018,9.82,11.29
1/9/2018,10.08,11.262,9.41,11.4961,10.09,11.5728,9.37,11.26
1/8/2018,9.52,11.4954,9.61,11.5503,9.89,11.7303,9.32,11.38
1/5/2018,9.22,11.1245,9.1,11.3184,9.54,11.4375,9,11.05
1/4/2018,9.22,11.4105,9.01,12.0212,9.31,12.1034,8.92,11.16
1/3/2018,9.15,12.1367,9.56,13.1041,9.65,13.1238,8.94,12.04
1/2/2018,9.77,13.3676,10.95,14.3211,11.07,14.3978,9.52,13.26
12/29/2017,11.04,13.5114,10.03,13.6369,11.06,13.813,9.95,13.46
12/28/2017,10.18,13.6229,10.29,12.915,10.44,13.6852,10.07,12.77
12/27/2017,10.47,12.7143,10.04,12.6658,10.79,13.0268,9.71,12.53
12/26/2017,10.25,,10.19,,10.46,,10.13,
12/22/2017,9.9,12.0057,9.37,11.5717,10.18,12.1074,9.35,11.38
12/21/2017,9.62,11.7371,9.59,12.9704,9.86,13.3395,9.2,11.69
12/20/2017,9.72,12.5108,9.69,11.0311,9.85,12.6787,8.9,10.98
12/19/2017,10.03,11.197,9.4,10.6146,10.15,11.3279,9.18,10.4
12/18/2017,9.53,10.6783,9.46,11.6008,9.89,11.6016,9.24,10.59
12/15/2017,9.42,11.792,10.12,12.7095,10.2,12.904,9.22,11.7
12/14/2017,10.49,12.2635,9.98,12.1983,10.54,12.323,9.78,11.72
12/13/2017,10.18,12.7344,9.78,12.6494,10.21,12.7812,9.65,12.45
12/12/2017,9.92,12.4734,9.36,12.7856,9.92,13.1253,9.21,12.43
12/11/2017,9.34,12.9236,9.74,13.0244,10.08,13.3805,9.28,12.89
12/8/2017,9.58,12.8484,10,13.1512,10.06,13.3533,9.43,12.79
12/7/2017,10.16,13.4513,10.9,13.6561,11.32,14.0565,10.12,13.4
12/6/2017,11.02,13.9107,11.63,14.2097,11.68,14.4075,10.86,13.72
12/5/2017,11.33,13.1587,11.38,13.5884,11.67,14.1403,10.65,13.12
12/4/2017,11.68,13.7242,11.05,14.3735,11.86,14.3822,10.26,13.59
12/1/2017,11.43,16.0124,11.19,13.5089,14.58,16.0501,10.54,13.49
11/30/2017,11.28,13.4708,10.49,13.0425,12.05,13.4906,10.25,12.62
11/29/2017,10.7,13.5436,9.91,12.8686,10.93,13.6834,9.81,12.49
11/28/2017,10.03,12.8773,9.72,13.2535,10.31,13.656,9.53,12.77
11/27/2017,9.87,13.5459,10.07,13.3657,10.26,13.7333,9.79,12.99
11/24/2017,9.67,12.8582,9.82,12.4576,9.96,12.8582,8.56,12.23
11/23/2017,,12.7296,,13.2597,,13.2597,,12.47
11/22/2017,9.88,12.8717,9.6,12.7319,9.88,12.9058,9.32,12.07
11/21/2017,9.73,12.9355,10.74,13.7961,10.78,13.8606,9.67,12.74
11/20/2017,10.65,13.7039,11.96,15.2121,12.08,15.2675,10.44,13.64
11/17/2017,11.43,14.7428,11.75,14.6099,12.01,15.0757,11.16,13.9
11/16/2017,11.76,15.0291,12.47,15.1153,12.52,15.3336,11.38,14.68
11/15/2017,13.13,15.5778,12.52,15.9258,14.51,16.2917,12.33,15.36
11/14/2017,11.59,15.2348,11.53,13.9089,12.61,15.4395,11.45,13.86
11/13/2017,11.5,14.3816,11.43,14.5101,12.18,15.6024,11,13.83
11/10/2017,11.29,14.453,10.78,13.6196,11.58,14.7235,10.5,13.55
11/9/2017,10.5,13.9158,9.94,12.4329,12.19,14.3947,9.79,12.3
11/8/2017,9.78,12.4069,9.79,12.0618,10.27,12.7829,9.5,11.87
11/7/2017,9.89,12.1337,9.31,11.6491,10.31,12.4836,9.29,11.54
11/6/2017,9.4,11.6934,9.63,12.1762,9.74,12.4121,9.38,11.69
11/3/2017,9.14,11.5635,9.83,12.0688,9.91,12.2081,8.99,11.56
11/2/2017,9.93,12.0219,10.44,12.0525,10.89,12.7556,9.67,11.85
11/1/2017,10.2,11.7924,9.79,12.0007,10.49,12.098,9.74,11.64
10/31/2017,10.18,11.9864,10.34,12.6938,10.37,12.7012,9.9,11.78
10/30/2017,10.5,12.8308,10.28,12.7293,10.89,12.9012,10.1,12.42
10/27/2017,9.8,12.4951,11.12,12.8071,11.12,13.0403,9.74,12.29
10/26/2017,11.3,12.9159,11.17,14.4051,11.81,14.7118,10.6,12.74
10/25/2017,11.23,14.5349,11.34,13.2058,13.2,14.7126,10.99,12.74
10/24/2017,11.16,12.9424,10.89,12.7741,11.16,13.1671,10.39,12.4
10/23/2017,11.07,12.5904,10.25,12.8089,11.08,13.0292,9.94,12.01
10/20/2017,9.97,12.2167,9.92,11.9314,10.04,12.7883,9.29,11.9
10/19/2017,10.05,12.4435,10.22,11.1984,11.77,13.1089,9.99,11.17
10/18/2017,10.07,11.0514,10.34,11.5698,10.41,11.5872,9.87,10.7
10/17/2017,10.31,11.6299,9.85,11.6737,10.46,11.9551,9.78,11.53
10/16/2017,9.91,11.9037,9.95,12.3157,10.02,12.4837,9.75,11.75
10/13/2017,9.61,11.8458,9.95,12.3573,9.98,12.3909,9.44,11.66
10/12/2017,9.91,12.3247,9.94,12.7141,10.33,12.7482,9.65,12.31
10/11/2017,9.85,12.6695,9.95,12.9288,10.38,13.3968,9.72,12.64
10/10/2017,10.08,13.3944,10.15,12.866,10.66,13.6261,9.94,12.7
10/9/2017,10.33,12.6102,9.92,12.6434,10.53,12.9647,9.88,12.48
10/6/2017,9.65,12.5055,9.23,12.2589,10.27,12.6731,9.11,12.13
10/5/2017,9.19,12.087,9.48,12.8844,9.62,12.8844,9.13,12.06
10/4/2017,9.63,12.7752,9.53,11.9426,9.88,13.0737,9.53,11.92
10/3/2017,9.51,11.8365,9.3,11.9821,9.75,12.2063,9.3,11.84
10/2/2017,9.45,12.1739,9.59,12.3398,10.04,12.5725,9.37,12.13
9/29/2017,9.51,12.1208,9.59,12.1435,9.83,12.5798,9.36,12.06
9/28/2017,9.55,12.1259,9.74,12.1563,10.13,12.4109,9.55,12.06
9/27/2017,9.87,12.1282,9.9,12.2345,10.42,12.4414,9.63,11.95
9/26/2017,10.17,12.5406,10.42,12.4869,10.68,12.5908,9.94,12
9/25/2017,10.21,12.3663,10.08,12.2542,11.21,12.5932,9.79,11.81
9/22/2017,9.59,11.708,9.9,11.4951,10.2,11.851,9.5,11.31
9/21/2017,9.67,11.1906,9.74,11.5803,10.21,11.8795,9.54,11
9/20/2017,9.78,11.7949,10.04,11.7471,10.67,12.05,9.67,11.18
9/19/2017,10.18,11.7216,10.16,12.2266,10.3,12.2462,9.85,11.69
9/18/2017,10.15,11.943,10.18,12.4211,10.42,12.4567,9.88,11.86
9/15/2017,10.17,12.1972,10.51,12.6015,10.74,12.7529,10,12.12
9/14/2017,10.44,12.2739,10.57,12.4134,11.04,13.0798,10.28,12.2
9/13/2017,10.5,13.0423,10.72,13.3655,10.86,13.5967,10.33,12.96
9/12/2017,10.58,13.4464,10.66,13.6932,10.95,13.718,10.29,13.23
9/11/2017,10.73,13.96,11.38,14.572,11.39,14.5907,10.51,13.82
9/8/2017,12.12,15.199,11.87,15.1564,12.6,15.7365,11.84,15.13
9/7/2017,11.55,15.1482,11.93,16.1714,12.07,16.1714,11.32,14.95
9/6/2017,11.63,16.3786,12.27,17.0624,12.59,17.1455,11.35,16.02
9/5/2017,12.23,16.4848,11.75,15.8916,14.06,16.9648,11.41,15.56
9/4/2017,,16.2117,,16.4125,,16.4376,,15.62
9/1/2017,10.13,14.7167,10.33,15.3549,10.46,15.3687,10.02,14.42
8/31/2017,10.59,15.6317,11.07,15.8968,11.22,16.1619,10.34,15.49
8/30/2017,11.22,16.468,11.4,16.6275,11.98,16.8067,10.96,15.92
8/29/2017,11.7,17.3169,13.33,18.2595,14.34,18.772,11.48,17.13
8/28/2017,11.32,15.8508,12.09,16.5179,12.11,16.6968,11.23,15.55
8/25/2017,11.28,15.3262,12.2,15.4239,12.45,15.8839,11.1,14.88
8/24/2017,12.23,15.6665,12.06,15.8235,12.83,15.8941,11.55,15.17
8/23/2017,12.25,16.2275,11.51,16.0154,12.59,17.1521,11.39,15.69
8/22/2017,11.35,16.412,12.6,16.9082,12.94,17.3662,11.35,16.37
8/21/2017,13.19,18.5553,14.59,18.0196,14.74,18.8581,13.07,16.99
8/18/2017,14.26,17.5746,15.38,18.1334,16.04,18.3882,13.32,16.82
8/17/2017,15.55,15.3859,11.81,14.6611,15.77,16.0905,11.54,14.33
8/16/2017,11.74,14.2468,11.59,14.4474,12.54,14.4549,11.25,13.76
8/15/2017,12.04,14.8801,11.78,14.9138,12.37,15.4403,11.45,14.69
8/14/2017,12.33,15.6664,14.05,17.1979,14.05,17.2208,12.06,15.6
8/11/2017,15.51,19.3101,16.17,20.2846,17.28,24.1504,14.5,19.16
8/10/2017,16.04,18.9131,11.57,14.9137,16.17,18.9941,11.56,14.82
8/9/2017,11.11,15.0152,11.49,13.8055,12.63,15.289,11.11,13.61
8/8/2017,10.96,12.7883,10.04,13.1916,11.52,13.3729,9.52,12.55
8/7/2017,9.93,13.1992,10.19,13.513,10.32,13.837,9.76,13.17
8/4/2017,10.03,13.0654,10.48,13.9923,10.5,14.0368,9.68,13.04
8/3/2017,10.44,13.7302,10.47,14.1056,10.6,14.4545,9.9,13.63
8/2/2017,10.28,13.7531,10.08,13.3935,10.81,14.1126,9.8,13.24
8/1/2017,10.09,13.4724,10.19,13.6331,10.56,13.9429,9.95,13.22
7/31/2017,10.26,13.9033,10.53,13.8206,10.84,14.3624,10.23,13.42
7/28/2017,10.29,13.7331,10.62,13.6649,11.3,14.6837,10.26,13.39
7/27/2017,10.11,12.7697,9.33,12.7838,11.5,13.1181,9.16,12.57
7/26/2017,9.6,12.9971,9.25,13.3778,9.66,13.5036,8.84,12.98
7/25/2017,9.43,13.6357,9.4,14.3169,9.52,14.4874,9.04,13.32
7/24/2017,9.43,15.0827,9.94,15.9003,9.97,15.9003,9.26,14.81
7/21/2017,9.36,15.3262,9.52,13.1511,9.98,15.8389,9.3,12.62
7/20/2017,9.58,13.0879,9.66,12.9228,10.28,13.752,9.5,12.48
7/19/2017,9.79,13.2685,9.69,13.4448,9.94,13.7631,9.58,12.89
7/18/2017,9.89,13.6841,9.86,13.1075,10.35,13.9414,9.66,12.6
7/17/2017,9.82,12.6334,9.77,12.9341,10.03,13.515,9.71,12.61
7/14/2017,9.51,12.6504,10.09,13.1308,10.14,13.2115,9.5,12.55
7/13/2017,9.9,13.1228,10.07,13.7045,10.4,13.7581,9.9,13.1
7/12/2017,10.3,13.7485,10.85,14.2773,10.85,14.3308,10.08,13.67
7/11/2017,10.89,14.7732,10.79,14.4374,12.14,14.9052,10.68,14.27
7/10/2017,11.11,14.783,11.26,15.1779,11.73,15.3085,10.61,14.62
7/7/2017,11.19,15.1824,12.48,15.6075,12.57,15.8303,10.98,15.1
7/6/2017,12.54,15.4722,11.2,14.8872,13.05,16.4657,11.18,14.61
7/5/2017,11.07,14.7011,11.2,14.8496,12.03,15.2647,10.79,14.39
7/4/2017,,14.3929,,14.6751,,14.8284,,14.25
7/3/2017,11.22,14.4888,11.07,16.5935,11.45,16.7463,10.28,14.45
6/30/2017,11.18,17.2533,11.74,17.1416,11.85,17.5313,10.4,16.13
6/29/2017,11.44,17.6032,9.79,14.4591,15.16,17.9568,9.73,14.31
6/28/2017,10.03,14.8525,11.17,15.626,11.49,16.1923,9.76,14.59
6/27/2017,11.06,14.7743,10.04,14.2389,11.31,14.8412,9.8,13.84
6/26/2017,9.9,13.6567,10.13,13.9398,10.44,13.9838,9.68,13.13
6/23/2017,10.02,14.2214,10.25,14.1532,10.69,14.7638,9.85,13.79
6/22/2017,10.48,14.0328,10.81,14.8024,11.01,15.0581,10.24,13.91
6/21/2017,10.75,14.1788,11.03,15.9017,11.4,15.9429,10.4,13.57
6/20/2017,10.86,14.0291,10.28,12.9046,11.15,14.1271,10.24,12.74
6/19/2017,10.37,13.0325,10.57,13.3171,10.6,13.5731,10.01,12.74
6/16/2017,10.38,13.7442,10.63,14.1468,11.35,14.5376,10.26,13.67
6/15/2017,10.9,14.9445,11.06,14.2114,12.01,15.9289,10.74,14.13
6/14/2017,10.64,13.9464,10.33,13.3007,11.26,14.1878,10.01,12.96
6/13/2017,10.42,13.5587,11.12,14.1191,11.14,14.1889,10.26,13.46
6/12/2017,11.46,14.5102,11.19,14.0171,12.37,14.8247,11.19,13.89
6/9/2017,10.7,13.3926,9.93,13.4275,12.11,13.9851,9.37,13.24
6/8/2017,10.16,14.0799,10.27,14.5147,10.53,14.6184,9.73,14.01
6/7/2017,10.39,14.6073,10.48,14.7337,10.93,14.7557,10.12,14.03
6/6/2017,10.45,14.3862,10.19,14.2695,10.77,14.6775,9.86,14.04
6/5/2017,10.07,13.9431,10.08,13.77,10.28,14.0866,9.6,13.74
6/2/2017,9.75,13.3345,10.08,13.3699,10.3,13.78,9.58,13.26
6/1/2017,9.89,13.6227,10.42,14.3409,10.54,14.401,9.69,13.56
5/31/2017,10.41,14.5538,10.1,14.3235,11.3,14.7411,9.93,13.85
5/30/2017,10.38,14.4715,10.61,14.9148,10.84,15.0148,10.14,14.25
5/29/2017,,14.1781,,14.4053,,14.5568,,14.18
5/26/2017,9.81,13.8547,9.93,13.9859,10.48,14.9126,9.65,13.76
5/25/2017,9.99,13.9599,9.82,13.7009,10.29,14.4706,9.72,13.66
5/24/2017,10.02,13.8757,10.61,14.0517,10.9,14.0535,9.88,13.45
5/23/2017,10.72,13.8428,11,14.5053,11,14.5053,10.56,13.81
5/22/2017,10.93,14.8259,12.29,15.8338,12.52,16.1699,10.89,14.74
5/19/2017,12.04,15.4679,14.23,16.676,14.23,16.6779,11.72,15.37
5/18/2017,14.66,17.0825,14.06,15.9849,16.3,19.5651,14.03,15.98
5/17/2017,15.59,16.1438,11.89,14.0954,15.59,16.7915,11.53,13.61
5/16/2017,10.65,13.5401,10.46,14.1015,10.67,14.1106,10.18,13.51
5/15/2017,10.42,14.2041,10.54,14.2274,10.88,14.7246,10.25,14.1
5/12/2017,10.4,13.8689,10.72,14.0491,10.87,14.263,10.28,13.74
5/11/2017,10.6,14.3491,10.34,14.1344,11.23,14.794,10.32,13.63
5/10/2017,10.21,14.0655,9.75,14.2112,10.24,14.3707,9.62,13.87
5/9/2017,9.96,14.0868,9.87,14.0206,10.14,14.1839,9.56,13.58
5/8/2017,9.77,14.393,10.53,14.1906,10.55,14.5116,9.67,13.84
5/5/2017,10.57,17.0143,10.51,16.6101,10.98,17.3067,9.99,16.52
5/4/2017,10.46,16.4843,10.71,16.8005,11.24,17.036,10.27,16.1
5/3/2017,10.68,17.3982,10.56,17.4452,11.15,17.5351,10.4,17.09
5/2/2017,10.59,17.2673,10.16,17.5218,10.59,17.6964,10.14,17.23
5/1/2017,10.11,,10.92,,11.04,,9.9,
4/28/2017,10.82,17.0495,10.39,16.0876,11.16,17.3705,10.29,16.08
4/27/2017,10.36,16.107,10.72,15.7485,11.08,16.3992,10.33,15.75
4/26/2017,10.85,15.584,10.61,15.2194,10.89,15.6281,10.39,14.91
4/25/2017,10.76,15.4196,10.81,15.8141,11.15,15.945,10.22,15.42
4/24/2017,10.84,16.2463,11.56,17.8657,12.01,18.0652,10.82,16.16
4/21/2017,14.63,25.0928,13.85,25.5774,15.33,25.9498,13.85,24.63
4/20/2017,14.15,24.8992,14.59,24.1962,14.81,24.9832,13.83,23.38
4/19/2017,14.93,24.2021,14,25.6465,15.15,25.6465,13.46,24.18
4/18/2017,14.42,25.5942,14.5,24.7191,15.5,26.3894,14.29,24.7
4/17/2017,14.66,,16.19,,16.28,,14.6,
4/13/2017,15.96,23.3883,15.89,23.4805,16.22,23.6084,14.97,22.65
4/12/2017,15.77,22.7155,15.16,22.9399,16.16,23.0981,14.84,22.41
4/11/2017,15.07,22.9518,14.32,22.8517,15.88,23.9309,14.17,22.64
4/10/2017,14.05,22.0934,13.24,20.7242,14.11,22.1036,12.94,20.65
4/7/2017,12.87,19.5373,13.17,19.4975,13.43,19.8573,12.23,19.38
4/6/2017,12.39,18.8703,13.11,19.4081,13.22,19.5118,11.7,18.48
4/5/2017,12.89,18.5205,11.89,18.0697,12.89,18.5205,10.9,17.85
4/4/2017,11.79,18.005,12.71,18.0902,13.07,18.3253,11.7,17.94
4/3/2017,12.38,17.9597,12.59,17.7036,13.59,18.0607,12.27,17.46
3/31/2017,12.37,16.5221,11.61,16.48,12.54,16.8679,11.5,16.32
3/30/2017,11.54,16.1041,11.37,16.1601,11.64,16.3847,11.12,16.07
3/29/2017,11.42,15.9304,11.54,15.95,11.7,16.2585,11.03,15.84
3/28/2017,11.53,15.8635,12.44,16.206,12.67,16.3358,11.34,15.74
3/27/2017,12.5,16.3493,14.78,17.002,15.11,17.2278,12.48,16.35
3/24/2017,12.96,15.1975,12.86,15.4387,14.16,15.5008,12.27,15.07
3/23/2017,13.12,15.0982,12.65,14.9115,13.17,15.131,12.18,14.68
3/22/2017,12.81,14.5148,12.95,15.1215,13.16,15.4846,11.99,14.15
3/21/2017,12.47,13.7745,11.15,13.0251,12.85,13.9832,10.92,12.59
3/20/2017,11.34,13.0797,11.71,12.8676,11.72,13.108,11.03,12.62
3/17/2017,11.28,11.1647,11.38,11.7252,11.38,11.7252,10.78,10.81
3/16/2017,11.21,11.5181,11.29,11.9884,11.55,12.2777,11.16,11.47
3/15/2017,11.63,15.5983,12.12,15.7636,12.25,15.8123,10.6,15.1
3/14/2017,12.3,15.9737,11.39,15.6201,12.54,16.2899,11.28,15.61
3/13/2017,11.35,15.5803,12.16,15.9915,12.23,16.0066,11.29,15.54
3/10/2017,11.66,15.3441,11.97,15.3291,12.09,15.4909,11.46,15.03
3/9/2017,12.3,15.2123,11.75,15.281,12.43,15.4349,11.62,15
3/8/2017,11.86,14.9751,11.49,15.2514,11.86,15.2995,11.09,14.71
3/7/2017,11.45,15.3718,11.27,15.7391,11.58,15.8023,11.04,15.2
3/6/2017,11.24,15.7683,11.59,15.9431,11.72,16.1416,11.06,15.64
3/3/2017,10.96,15.2708,11.96,15.4413,11.97,15.5476,10.94,14.94
3/2/2017,11.81,15.2754,12.43,15.6259,12.71,15.7069,11.32,15.19
3/1/2017,12.54,15.3905,12.31,15.7036,12.58,15.7147,11.78,15.06
2/28/2017,12.92,16.2849,12.19,16.2377,12.96,16.5506,12.13,16.13
2/27/2017,12.09,16.0402,11.78,16.1703,12.14,16.48,11.53,16.02
2/24/2017,11.47,15.8552,11.81,15.2933,12.59,17.2831,11.34,15.26
2/23/2017,11.71,15.4578,11.66,14.866,12.46,15.4624,11.54,14.46
2/22/2017,11.74,14.8577,11.48,14.4942,12.07,15.4902,11.44,14.33
2/21/2017,11.57,14.5706,12.05,15.109,12.09,15.3756,11.5,14.37
2/20/2017,,14.8906,,14.8589,,15.0004,,14.77
2/17/2017,11.49,14.8315,11.84,15.3555,12.26,16.0163,11.37,14.74
2/16/2017,11.76,15.3999,12.02,14.7185,12.86,15.4864,11.69,14.72
2/15/2017,11.97,14.6829,10.84,14.4863,12.01,14.9229,10.8,14.33
2/14/2017,10.74,14.6469,11.17,15.0432,11.34,15.117,10.73,14.61
2/13/2017,11.07,14.8043,11.36,15.3297,11.4,15.3685,11.07,14.69
2/10/2017,10.85,15.1125,10.85,15.0491,10.95,15.3031,10.55,14.78
2/9/2017,10.88,15.2973,11.44,16.5189,11.53,16.5535,10.74,15.23
2/8/2017,11.45,16.831,11.19,16.6089,11.82,17.8009,11.15,16.57
2/7/2017,11.29,16.9147,11.39,16.5303,11.67,16.9383,11.06,16.18
2/6/2017,11.37,16.4328,11.37,15.8575,11.84,16.6442,11.09,15.34
2/3/2017,10.97,15.1332,11.84,15.8096,11.84,15.8336,10.72,15.07
2/2/2017,11.93,16.1939,12.37,16.5589,12.47,16.6092,11.62,16.04
2/1/2017,11.81,16.6427,11.79,16.7586,12.05,16.9646,9.97,16.22
1/31/2017,11.99,17.3682,12.29,17.3379,12.99,17.4405,11.79,16.42
1/30/2017,11.88,17.4653,11.1,16.8413,12.9,17.7636,11.1,16.84
1/27/2017,10.58,15.847,10.57,15.7385,10.82,16.2741,10.3,15.52
1/26/2017,10.63,15.6052,10.61,15.5978,11.01,15.7203,10.6,15.25
1/25/2017,10.81,15.6958,10.79,16.0046,11.05,16.0046,10.51,15.52
1/24/2017,11.07,16.3083,11.82,16.9309,11.89,17.0785,11.04,16.28
1/23/2017,11.77,17.1108,12.3,15.9207,12.62,17.3258,11.59,15.36
1/20/2017,11.54,14.5963,12.58,15.062,12.59,15.0782,11.53,14.48
1/19/2017,12.78,14.8475,12.58,14.9639,13.28,15.2761,12.17,14.57
1/18/2017,12.48,14.8506,11.79,15.6255,12.81,15.7901,11.69,14.85
1/17/2017,11.87,15.6671,12.2,15.9211,12.75,16.6214,11.79,15.65
1/16/2017,,15.4655,,15.7124,,15.9079,,15.39
1/13/2017,11.23,14.8618,11.45,15.9596,11.62,15.961,10.94,14.86
1/12/2017,11.54,16.2935,11.48,15.8362,12.6,16.5764,11.32,15.77
1/11/2017,11.26,15.7011,11.56,15.5335,12.23,16.162,11.21,15.31
1/10/2017,11.49,15.3547,11.59,15.5075,11.79,15.6184,11.31,14.99
1/9/2017,11.56,15.5143,11.71,16.0243,12.08,16.3162,11.46,15.47
1/6/2017,11.32,15.3421,11.7,16.2464,11.74,16.2692,10.98,15.3
1/5/2017,11.67,15.9801,11.96,16.6291,12.09,16.6291,11.4,15.95
1/4/2017,11.85,16.4641,12.78,17.3084,12.8,17.369,11.63,16.44
1/3/2017,12.85,17.3519,14.07,17.8221,14.07,17.9438,12.85,17.35
1/2/2017,,17.9578,,19.0274,,19.0274,,17.88
12/30/2016,14.04,18.123,13.2,18.0151,14.68,18.2057,13.05,17.74
12/29/2016,13.37,17.771,13.15,17.5307,13.71,17.8348,12.95,17.33
12/28/2016,12.95,17.0648,11.89,16.9436,13.04,17.3218,11.85,16.91
12/27/2016,11.99,16.718,12.26,16.4457,12.33,16.7983,11.84,16.42
12/23/2016,11.44,15.0936,11.38,14.8181,11.81,15.4369,11.35,14.75
12/22/2016,11.43,14.8767,11.32,14.8178,11.67,15.0367,11.14,14.63
12/21/2016,11.27,14.7373,11.44,15.1483,11.49,15.1649,10.93,14.39
12/20/2016,11.45,14.8754,11.65,15.0331,11.75,15.1889,11.38,14.71
12/19/2016,11.71,15.1177,12.5,15.9261,12.52,15.9386,11.67,15.09
12/16/2016,12.2,15.098,12.88,15.901,12.95,15.9943,12.15,14.95
12/15/2016,12.79,15.8633,13.07,15.6337,13.24,15.8795,12.46,15.33
12/14/2016,13.19,17.1147,12.88,17.2308,13.39,17.4239,12.48,17.1
12/13/2016,12.72,16.8704,12.46,16.8232,13.42,16.941,12.34,16.53
12/12/2016,12.64,16.9318,12.23,16.9761,12.78,17.0939,12.07,16.64
12/9/2016,11.75,16.6203,12.59,16.7094,12.72,16.9633,11.67,16.32
12/8/2016,12.64,16.1593,12.1,17.3269,13.4,17.7665,11.3,16.16
12/7/2016,12.22,17.1436,11.59,17.6056,12.24,17.6385,11.33,16.98
12/6/2016,11.79,17.6341,12.19,18.7677,12.3,18.7681,11.54,17.6
12/5/2016,12.14,18.9556,13.75,20.4269,13.77,20.4269,12.14,18.95
12/2/2016,14.12,22.6159,14.16,23.1729,14.48,23.924,12.39,22.37
12/1/2016,14.07,22.6014,13.4,21.925,14.72,22.7249,13.05,21.41
11/30/2016,13.33,21.4372,12.6,21.6607,13.42,21.8807,12.23,20.88
11/29/2016,12.9,21.7987,13.07,22.5935,13.55,22.6127,12.62,21.79
11/28/2016,13.15,22.533,13.4,21.7712,13.5,22.8286,12.74,21.6
11/25/2016,12.34,20.4086,12.52,20.035,12.74,20.8814,12.31,20
11/24/2016,,20.0292,,19.929,,20.4014,,19.76
11/23/2016,12.43,20.1928,12.34,20.3401,13.01,20.9001,12.19,19.92
11/22/2016,12.41,20.2468,12.26,20.2806,12.83,20.3076,12.2,19.94
11/21/2016,12.42,20.5539,13.27,20.9541,13.44,21.0126,12.16,20.04
11/18/2016,12.85,20.3697,13.56,19.9658,13.74,20.7562,12.85,19.68
11/17/2016,13.35,19.9481,13.37,21.2112,13.55,21.2945,12.97,19.94
11/16/2016,13.72,21.1147,13.51,20.3511,14.49,22.0373,13.51,20.02
11/15/2016,13.37,20.6381,14.16,21.7174,14.65,22.0379,13.3,20.62
11/14/2016,14.48,22.1941,14.69,21.3473,15.56,22.6126,14.39,21.05
11/11/2016,14.17,21.9585,14.83,20.8667,16,22.5678,14.15,20.77
11/10/2016,14.74,21.0959,14.01,19.8397,16.3,21.7162,13.26,19.41
11/9/2016,14.38,21.1011,20.7,22.6253,21.48,24.1278,14.33,21.04
11/8/2016,18.74,24.9341,18.92,24.0877,19.91,25.7582,17.7,23.78
11/7/2016,18.71,24.6196,19.78,24.173,19.86,24.9117,18.39,23.04
11/4/2016,22.51,25.2078,21.86,25.4608,23.01,26.029,19.2,25.15
11/3/2016,22.08,24.6804,19.85,23.4702,22.57,24.791,18.84,23.18
11/2/2016,19.32,23.6546,19.09,24.5365,19.82,24.6289,18.56,23.21
11/1/2016,18.56,23.4631,16.54,21.2496,20.43,23.4831,16.51,20.98
10/31/2016,17.06,21.4449,16.31,20.7167,17.63,21.7862,16.25,20.72
10/28/2016,16.19,19.2694,15.67,20.0483,17.35,20.1614,14.65,19.04
10/27/2016,15.36,18.7315,14.37,19.1025,15.43,19.3095,13.6,18.26
10/26/2016,14.24,18.674,13.66,18.247,14.8,19.2161,13.66,18.22
10/25/2016,13.46,18.2257,12.91,17.7506,13.86,18.3312,12.73,17.33
10/24/2016,13.02,17.7055,13.19,17.1297,13.26,17.7194,12.83,17.06
10/21/2016,13.34,16.599,14.04,17.0765,14.53,17.3847,13.27,16.58
10/20/2016,13.75,17.2172,14.43,18.1336,14.72,18.2277,13.74,17.13
10/19/2016,14.41,18.0718,15.45,19.1094,15.68,19.1669,13.87,17.76
10/18/2016,15.28,19.069,15.82,19.8457,15.85,19.8653,15.03,19.04
10/17/2016,16.21,20.6231,17.01,20.7282,17.11,20.9353,16.13,19.97
10/14/2016,16.12,19.4618,16.49,20.2728,16.5,20.2728,15.25,19.06
10/13/2016,16.69,20.9273,16.88,21.5376,17.95,21.7459,16.14,20.83
10/12/2016,15.91,20.1318,15.53,19.7651,16.34,20.3433,15.26,19.51
10/11/2016,15.36,19.8788,13.71,19.4564,16.47,19.8821,13.69,18.67
10/10/2016,13.38,19.2601,14.19,20.6896,14.36,20.9996,13.29,19.23
10/7/2016,13.48,20.0387,13.52,20.0489,14.15,20.5995,12.21,19.47
10/6/2016,12.84,19.1722,13.11,19.1921,13.84,19.928,12.8,19.06
10/5/2016,12.99,19.4441,13.56,20.2848,13.68,20.39,12.7,19.15
10/4/2016,13.63,19.2097,13.4,19.9105,14.57,19.9658,12.92,19.02
10/3/2016,13.57,20.3951,13.75,20.5765,14.42,20.9604,13.42,19.81
9/30/2016,13.29,19.7693,14.91,23.5832,15.2,23.6949,12.53,19.64
9/29/2016,14.02,19.9598,12.53,18.7191,15.69,20.1983,12.14,18.38
9/28/2016,12.39,19.6948,12.9,19.5036,13.57,20.0318,12.24,19.12
9/27/2016,13.1,20.6567,13.36,19.5396,14.76,21.6019,12.97,19.44
9/26/2016,14.5,20.2181,13.26,19.1445,14.63,20.314,13.26,19.14
9/23/2016,12.29,16.8292,12,17.2397,12.58,17.5161,11.93,16.81
9/22/2016,12.02,17.2703,13.39,18.2518,13.39,18.3465,11.76,17.05
9/21/2016,13.3,20.0923,15.07,19.5574,15.65,20.2016,12.98,18.92
9/20/2016,15.92,20.6992,14.98,20.3617,16.09,20.7387,14.69,19.89
9/19/2016,15.53,20.3183,15.14,20.9591,15.96,21.0769,14.6,20.22
9/16/2016,15.37,21.3052,16.41,20.7261,17.1,22.0034,15.28,20.46
9/15/2016,16.3,20.5507,17.97,21.666,18.07,22.0882,15.74,20.52
9/14/2016,18.14,22.2142,17.63,22.5799,18.14,23.1236,16.34,21.89
9/13/2016,17.85,22.7814,15.98,21.1142,18.97,22.8068,15.83,21.11
9/12/2016,15.16,21.8999,20.13,22.1066,20.51,23.3025,14.76,21.86
9/9/2016,17.5,19.2991,12.52,17.9597,17.54,19.4095,12.52,17.31
9/8/2016,12.51,17.8149,11.74,18.7018,12.6,18.968,11.65,17.73
9/7/2016,11.94,18.5743,11.89,19.0266,12.45,19.4408,11.77,18.51
9/6/2016,12.02,19.0847,12.42,18.3832,12.93,19.1219,11.85,18.01
9/5/2016,,18.411,,18.8305,,18.8797,,18.38
9/2/2016,11.98,18.2963,13.47,19.7086,13.9,20.1143,11.9,18.25
9/1/2016,13.48,20.0636,13.07,19.3296,14.61,20.4885,12.99,19.07
8/31/2016,13.42,19.4166,13.14,19.5856,14.34,19.8005,12.97,19.01
8/30/2016,13.12,19.3723,12.94,20.0198,13.6,20.049,12.7,19.32
8/29/2016,12.94,20.1851,14.09,20.2528,14.43,21.2584,12.9,20.14
8/26/2016,13.65,19.4893,13.54,20.5265,14.93,20.9699,12.13,19.36
8/25/2016,13.63,20.4096,13.62,20.6605,14.09,21.1855,13.29,20.23
8/24/2016,13.45,19.8311,12.7,20.8285,14.01,20.8492,12.3,19.71
8/23/2016,12.38,20.2231,12.15,20.9357,12.44,21.0818,11.72,19.9
8/22/2016,12.27,21.6649,12.53,21.9328,13.02,22.1841,11.94,20.8
8/19/2016,11.34,21.1313,11.67,20.7623,12.28,21.6094,11.33,20.55
8/18/2016,11.43,20.3198,12.2,20.781,12.53,20.9485,11.42,20.05
8/17/2016,12.19,21.1903,12.57,20.3922,13.71,21.6421,12.14,19.9
8/16/2016,12.64,20.0679,12.04,19.5992,12.78,20.3524,11.87,18.94
8/15/2016,11.81,18.8343,11.81,18.5748,12.17,19.1185,11.58,18.18
8/12/2016,11.55,17.8981,11.61,18.2936,12,18.6756,11.28,17.9
8/11/2016,11.68,18.3588,11.93,19.0478,12.11,19.4651,11.38,18.36
8/10/2016,12.05,19.1902,11.55,18.2977,12.5,19.3259,11.37,17.89
8/9/2016,11.66,18.2898,11.4,18.8475,11.92,18.9373,11.02,17.97
8/8/2016,11.5,18.9378,11.66,19.4753,11.78,19.4851,11.41,18.75
8/5/2016,11.39,19.3019,12.08,20.5562,12.26,20.7251,11.18,19.22
8/4/2016,12.42,21.4128,12.73,22.1655,12.98,22.3747,11.79,21.28
8/3/2016,12.86,22.9514,13.53,22.9374,13.91,24.1971,12.73,22.72
8/2/2016,13.37,23.1234,12.39,21.1023,14.24,23.4278,12.35,21.09
8/1/2016,12.44,20.3298,11.89,20.1823,12.98,21.1557,11.86,19.8
7/29/2016,11.87,20.2451,12.85,20.9581,12.9,21.0015,11.77,20.11
7/28/2016,12.72,20.9929,12.51,20.6586,13.52,21.1335,12.36,20.26
7/27/2016,12.83,20.5334,12.61,19.824,13.74,20.7724,12.5,19.34
7/26/2016,13.05,20.1355,12.88,20.0433,13.5,20.7856,12.8,19.91
7/25/2016,12.87,19.918,12.64,19.7884,13.72,20.1292,12.39,19.34
7/22/2016,12.02,19.1159,12.8,19.9066,12.88,20.0475,11.97,18.64
7/21/2016,12.74,19.4501,11.8,20.8092,13.06,21.2981,11.69,19.36
7/20/2016,11.77,20.345,11.94,20.965,11.97,20.9912,11.4,20.06
7/19/2016,11.97,21.0119,12.53,21.2763,12.83,22.315,11.94,20.95
7/18/2016,12.44,20.8355,12.75,21.1021,13.12,22.0001,12.33,20.69
7/15/2016,12.67,20.92,13.12,22.1908,13.22,22.3444,12.27,20.92
7/14/2016,12.82,21.8141,12.5,22.0725,13.37,22.6956,12.14,21.33
7/13/2016,13.04,23.0918,13.32,22.4553,13.79,23.1813,12.92,22.18
7/12/2016,13.55,22.3198,12.93,23.1993,13.93,23.2375,12.75,21.45
7/11/2016,13.54,23.5704,13.25,24.7847,13.67,24.9555,13,23.23
7/8/2016,13.2,24.6151,14.64,26.4151,14.75,26.4185,13.19,24.5
7/7/2016,14.76,26.545,14.8,26.7608,15.98,27.1989,14.33,26.05
7/6/2016,14.96,28.2579,15.87,26.9871,17.04,29.1885,14.96,26.52
7/5/2016,15.58,26.7055,16.05,26.1743,16.62,27.418,15.49,25.86
7/4/2016,,24.9798,,25.5625,,25.7753,,24.84
7/1/2016,14.77,25.0196,15.59,25.8616,15.86,26.9085,14.61,24.64
6/30/2016,15.63,26.0765,16.91,28.9529,16.99,29.1638,15.29,25.86
6/29/2016,16.64,28.553,18.12,28.9521,18.27,29.2355,16.48,27.44
6/28/2016,18.75,31.0147,21.76,32.098,22.07,32.1147,18.75,29.5
6/27/2016,23.85,34.9988,24.38,35.1193,26.72,36.0583,22.93,33.61
6/24/2016,25.76,35.4279,26.06,40.6054,26.24,42.2671,19.48,31.64
6/23/2016,17.25,32.0555,19.54,36.1939,19.79,36.8559,17.25,29.81
6/22/2016,21.17,36.0375,18.26,34.6118,21.22,37.1447,17.83,34.61
6/21/2016,18.48,34.4684,17.67,34.4122,18.96,34.8224,16.91,33.1
6/20/2016,18.37,34.2207,17.42,34.8312,18.55,35.39,16.59,33.18
6/17/2016,19.41,38.0273,19.42,37.6906,20.03,38.5095,18.71,36.63
6/16/2016,19.37,39.8975,20.8,38.6055,22.89,42.2566,19.24,38.25
6/15/2016,20.14,37.6871,20.25,36.7395,20.45,38.33,18.63,36.43
6/14/2016,20.5,38.3353,21.28,37.0815,22.16,38.3929,20.27,35.69
6/13/2016,20.97,34.3644,18.24,34.4714,21.01,34.9225,17.89,33.33
6/10/2016,17.03,30.2251,14.89,27.206,17.33,30.319,14.85,27.21
6/9/2016,14.64,25.8413,14.01,24.9156,14.85,26.0257,13.99,24.92
6/8/2016,14.08,24.3166,13.84,24.241,14.27,24.5385,13.7,23.51
6/7/2016,14.05,23.3496,12.77,23.4443,14.05,23.6564,12.72,23
6/6/2016,13.65,24.0527,13.84,24.5272,14.27,24.6893,13.42,23.92
6/3/2016,13.47,23.5541,13.78,22.9128,14.66,24.5112,12.9,22.21
6/2/2016,13.63,23.1068,14.42,23.7372,14.92,24.0356,13.62,23.03
6/1/2016,14.2,23.9317,14.45,22.72,15.25,24.1885,14.18,22.62
5/31/2016,14.19,22.1149,13.94,21.35,15,22.3964,13.45,21.2
5/30/2016,,20.9441,,21.4047,,21.4106,,20.94
5/27/2016,13.12,20.4629,13.49,20.9525,13.76,21.0567,13.04,20.17
5/26/2016,13.43,20.819,13.8,20.9947,14.11,21.1328,13.43,20.41
5/25/2016,13.9,21.0604,14.19,21.429,14.33,21.4655,13.64,20.94
5/24/2016,14.42,21.7857,16.03,23.9453,16.06,23.9913,14.36,21.69
5/23/2016,15.82,23.2929,16.33,24.3225,16.47,24.5365,15.4,23.03
5/20/2016,15.2,22.6043,16.13,23.5569,16.3,24.1004,15.11,22.53
5/19/2016,16.33,24.3817,16.37,23.9688,17.65,24.4915,16.28,23.33
5/18/2016,15.95,23.2967,15.72,25.1086,16.47,25.2186,14.86,23.24
5/17/2016,15.57,24.474,14.57,23.3249,16.12,24.7557,14.48,23.15
5/16/2016,14.68,24.2125,15.72,25.1644,15.98,25.222,14.28,23.95
5/13/2016,15.04,23.5957,15.15,25.0836,15.47,25.2893,13.97,23.42
5/12/2016,14.41,24.4471,14.55,24.4818,15.42,25.0387,13.95,23.22
5/11/2016,14.69,23.8595,13.92,23.8995,14.69,24.6143,13.29,23.75
5/10/2016,13.63,23.891,13.98,24.1386,14.35,24.8549,13.55,23.72
5/9/2016,14.57,24.956,15.2,25.6943,15.39,25.8956,14.17,24.26
5/6/2016,14.72,25.1235,16.2,26.1742,16.58,26.2086,14.71,24.54
5/5/2016,15.91,25.9343,15.54,26.0857,16.45,26.1651,15.22,25.26
5/4/2016,16.05,27.0373,15.47,26.3313,16.85,27.2419,15.39,25.99
5/3/2016,15.6,26.4095,14.92,25.6899,16.42,26.938,14.91,25.69
5/2/2016,14.68,25.1167,16.33,24.5894,16.5,25.2694,14.48,24.34
4/29/2016,15.7,24.033,15.21,21.7881,17.09,24.4453,14.91,21.79
4/28/2016,15.22,20.8538,14.53,21.5315,15.61,22.6048,13.3,20.75
4/27/2016,13.77,21.2843,14.15,21.255,14.95,21.7814,13.5,21
4/26/2016,13.96,21.2816,14.01,21.4545,14.43,21.7072,13.66,20.95
4/25/2016,14.08,21.8388,14.07,21.5908,14.76,22.5013,13.86,21.59
4/22/2016,13.22,20.6022,13.7,20.6874,14.19,21.2091,13.15,20.42
4/21/2016,13.95,20.3114,13.2,20.1673,14.14,21.4165,13.16,20.16
4/20/2016,13.28,19.8831,13.39,20.8225,13.5,20.9007,12.5,19.76
4/19/2016,13.24,20.3617,13.18,20.8393,13.88,20.9023,12.98,20.04
4/18/2016,13.35,21.2846,14.87,22.5453,14.94,22.8464,13.23,21.11
4/15/2016,13.62,20.5487,13.77,20.8322,14.19,21.1831,13.58,20.1
4/14/2016,13.72,20.6302,13.9,21.1408,14.12,21.6969,13.38,20.47
4/13/2016,13.84,22.3118,14.49,23.2508,14.53,23.2508,13.6,22.31
4/12/2016,14.85,24.0775,15.98,24.8126,16.57,25.7656,14.84,23.99
4/11/2016,16.26,24.8863,15.34,26.2273,16.26,26.2558,14.83,24.37
4/8/2016,15.36,24.8054,15.34,25.1402,15.93,25.3037,14.84,24.32
4/7/2016,16.16,26.1571,15.14,24.6177,16.77,26.3037,14.68,24.06
4/6/2016,14.09,25.1686,15.61,26.3449,15.98,26.476,14,25.1
4/5/2016,15.42,26.623,15.39,26.3185,15.72,26.9302,14.93,26.03
4/4/2016,14.12,24.509,13.88,26.1726,14.24,26.1911,13.66,24.45
4/1/2016,13.1,25.1088,15.23,25.2245,15.28,26.249,13,24.5
3/31/2016,13.95,23.4487,13.73,23.2121,14.28,23.8556,13.49,23.19
3/30/2016,13.56,22.6443,13.69,23.6066,13.89,23.6759,13.06,22.45
3/29/2016,13.82,24.9043,15.74,24.6467,15.89,25.944,13.79,24.33
3/28/2016,15.24,,15.65,,16.04,,14.89,
3/24/2016,14.74,24.6287,16.3,23.4245,16.44,24.9672,14.71,23.13
3/23/2016,14.94,22.0971,14.57,21.3528,15.03,22.7894,14.33,21.03
3/22/2016,14.17,22.0365,14.57,22.7478,14.76,24.2392,13.75,22.03
3/21/2016,13.79,21.8265,14.57,21.35,14.73,22.351,13.79,20.32
3/18/2016,14.02,20.6567,14.05,23.114,14.36,23.3158,13.75,20.38
3/17/2016,14.44,22.7536,15.34,21.8464,15.38,24.8676,13.82,21.53
3/16/2016,14.99,23.0994,15.96,22.7648,16.33,24.0142,14.89,22.5
3/15/2016,16.84,23.2425,17.6,23.5149,17.85,23.7799,16.84,22.78
3/14/2016,16.92,22.9607,17.01,23.6676,17.67,23.7792,16.69,22.85
3/11/2016,16.5,24.1107,17.09,25.7805,17.27,26.0744,16.28,23.99
3/10/2016,18.05,28.1781,18.17,28.4318,19.59,28.9158,17.06,24.05
3/9/2016,18.34,28.0607,18.56,27.4174,19.11,28.6489,18.31,27.12
3/8/2016,18.67,27.8475,18.38,27.5947,18.89,28.7213,17.82,26.95
3/7/2016,17.35,26.2052,17.98,25.4613,18.04,26.6923,16.87,25.19
3/4/2016,16.86,24.5116,16.48,26.1052,17.35,26.1478,16.05,24.21
3/3/2016,16.7,26.5186,17.25,26.7635,17.56,27.0988,16.32,26.06
3/2/2016,17.09,27.1243,17.98,27.8868,18.41,28.1404,16.78,27.12
3/1/2016,17.7,28.5424,19.84,29.4275,20.17,29.5174,17.66,28.5
2/29/2016,20.55,29.7298,20.49,30.9219,20.81,31.6756,18.38,29.44
2/26/2016,19.81,29.2756,18.89,29.6154,20.13,29.8042,18.46,28.66
2/25/2016,19.11,31.0305,20.54,32.0736,21.26,32.4779,19.1,30.8
2/24/2016,20.72,33.1178,22.28,31.0008,22.87,33.5481,20.26,30.79
2/23/2016,20.98,30.5366,19.75,30.6185,21.16,30.7991,19.54,29.73
2/22/2016,19.38,29.9498,20.14,30.2754,20.35,30.4406,19.02,29.84
2/19/2016,20.53,31.2656,22.39,30.5831,23.44,31.6682,20.52,29.92
2/18/2016,21.64,30.9172,22.16,30.0724,22.53,31.2337,21.29,29.57
2/17/2016,22.31,30.4983,23.4,32.9177,24.16,32.9177,21.83,30.41
2/16/2016,24.11,33.5213,24.96,33.6063,25.52,34.0711,23.32,32.72
2/15/2016,,33.9154,,34.9191,,34.9191,,33.21
2/12/2016,25.4,35.6846,27.16,37.0729,27.57,37.517,24.92,35.66
2/11/2016,28.14,38.3051,29.01,35.1793,30.9,40.4767,26.67,35.02
2/10/2016,26.29,33.4528,25.75,33.6071,26.6,33.9442,24.47,31.9
2/9/2016,26.54,33.9664,28.3,33.3767,28.31,36.4464,25.99,33.2
2/8/2016,26,33.3917,25.89,30.9067,27.72,33.9807,25.56,30.18
2/5/2016,23.38,30.0529,22.09,29.0949,24.11,30.354,21.91,28.63
2/4/2016,21.84,29.6423,22.29,30.0213,23.14,31.2675,21.24,28.87
2/3/2016,21.65,30.7369,21.49,29.6799,27.7,31.8673,21.42,29.22
2/2/2016,21.98,29.1542,21.34,27.6567,22.42,29.7913,21.06,27.4
2/1/2016,19.98,27.3303,21.32,28.1095,23.66,28.4293,19.61,27.18
1/29/2016,20.2,27.389,21.59,28.5616,21.74,28.9769,19.5,27.12
1/28/2016,22.42,29.8315,22.15,27.1847,23.81,30.5181,21.9,26.85
1/27/2016,23.11,27.7832,22.88,28.7485,27.22,29.2193,20.42,27.72
1/26/2016,22.5,28.1187,23.75,30.1372,24.02,30.7155,22.33,27.72
1/25/2016,24.15,28.4443,23.3,29.1275,24.31,29.6084,22.38,28.07
1/22/2016,22.34,28.3356,24.21,30.248,24.55,30.8916,22.22,27.79
1/21/2016,26.69,31.7894,27.79,33.8527,28.43,34.7448,25.01,31.4
1/20/2016,27.59,35.1133,27.78,34.3855,32.09,36.2683,26.59,33.52
1/19/2016,26.05,30.7571,25.4,31.6533,27.59,32.6611,25.21,30.49
1/18/2016,,34.325,,33.5756,,36.3683,,32.56
1/15/2016,27.02,34.5856,28.96,31.0487,30.95,35.3782,26.67,30.73
1/14/2016,23.95,29.939,24.75,29.943,26.28,32.6666,23.07,29.78
1/13/2016,25.22,28.1348,21.72,27.0736,26.11,28.7604,21.44,26.71
1/12/2016,22.47,28.5388,22.97,29.9542,23.93,30.0237,21.91,27.8
1/11/2016,24.3,30.2182,25.58,30.9698,27.39,31.3446,23.83,29.57
1/8/2016,27.01,30.4005,22.96,29.5689,27.08,30.4005,22.48,27.62
1/7/2016,24.99,29.7899,23.22,28.3012,25.86,30.9975,22.4,28.3
1/6/2016,20.59,26.309,21.67,26.2771,21.86,28.1628,19.8,26.22
1/5/2016,19.34,26.2087,20.75,26.0958,21.06,27.7713,19.25,25.83
1/4/2016,20.7,26.998,22.48,27.5073,23.36,27.7077,20.67,26.29
12/31/2015,18.21,,17.97,,20.39,,17.51,
12/30/2015,17.29,22.7102,16.5,21.7319,17.42,22.2076,16.5,21.52
12/29/2015,16.08,21.6067,15.91,21.8576,16.48,21.9223,15.63,21.32
12/28/2015,16.91,22.4544,17.65,21.7414,18.13,22.8706,16.88,21.74
12/24/2015,15.74,,15.44,,15.88,,14.45,
12/23/2015,15.57,20.2504,15.86,21.1206,16.25,21.1206,15.33,20.23
12/22/2015,16.6,22.5361,17.61,23.4821,18.22,24.6251,16.6,22.23
12/21/2015,18.7,23.8836,19.64,24.5244,20.21,24.5621,18.7,22.52
12/18/2015,20.7,23.8989,19.34,23.488,23.3,24.646,18.75,22.66
12/17/2015,18.94,22.5761,16.18,21.9994,19.05,22.8436,16.13,20.93
12/16/2015,17.86,25.4362,19.25,27.4882,20.24,27.6082,17.12,25.14
12/15/2015,20.95,27.4591,20.76,28.3917,21.62,28.4413,20.02,26.74
12/14/2015,22.73,30.411,24.7,26.9317,26.81,30.809,21.47,26.17
12/11/2015,24.39,26.5766,21.36,24.868,25.27,27.5965,20.88,24.48
12/10/2015,19.34,24.5343,19.25,24.9821,19.72,25.2787,18.13,24.25
12/9/2015,19.61,24.2947,18.05,23.3824,20.13,24.7638,15.72,23.07
12/8/2015,17.6,23.5733,17.69,22.1406,18.33,24.3346,16.52,21.81
12/7/2015,15.84,22.0447,15.65,22.5148,17.18,22.5414,15.58,21.08
12/4/2015,14.81,22.6816,17.43,22.556,17.65,24.2514,14.69,22.34
12/3/2015,18.11,22.6526,15.87,22.7667,19.35,24.2234,15.86,21.68
12/2/2015,15.91,22.8176,15.04,23.5155,16.49,23.6906,14.71,22.52
12/1/2015,14.67,23.6051,15.61,23.5164,16.34,24.3872,14.63,23.05
11/30/2015,16.13,23.6503,15.55,23.9133,16.57,24.2573,15.52,23.45
11/27/2015,15.12,23.0669,15.31,23.5035,16.09,23.5035,15.12,22.83
11/26/2015,,22.8903,,23.3257,,23.5164,,22.79
11/25/2015,15.19,23.9372,15.55,24.601,15.89,24.6234,15.05,23.36
11/24/2015,15.93,24.8133,16.53,23.8566,17.21,25.6054,15.48,23.69
11/23/2015,15.62,22.9841,16.15,23.2172,16.74,23.7839,15.38,22.83
11/20/2015,15.47,22.6528,16.13,23.5635,16.38,23.9089,15.47,22.31
11/19/2015,16.99,23.4423,16.25,23.6591,18.26,24.2687,16,23.44
11/18/2015,16.85,24.748,19.01,24.4502,19.45,25.7981,16.8,24.29
11/17/2015,18.84,23.6199,17.82,24.3945,19.59,24.5861,16.86,23.48
11/16/2015,18.16,25.8488,20.51,26.5031,20.55,26.6433,17.25,25.53
11/13/2015,20.08,24.9526,18.68,24.1609,20.67,26.0065,18.2,23.72
11/12/2015,18.37,23.4483,17.06,22.4409,18.5,23.9688,16.65,21.48
11/11/2015,16.06,21.839,15.07,21.7049,16.15,22.2727,15.02,21.13
11/10/2015,15.29,22.3923,16.69,21.8973,16.96,22.985,15.24,21.43
11/9/2015,16.52,21.984,15.34,21.1857,17.09,22.0118,15.14,20.48
11/6/2015,14.33,20.4363,14.91,21.3579,16,21.5954,14.32,20.4
11/5/2015,15.05,20.9361,15.39,20.9826,16.39,21.6096,15,20.56
11/4/2015,15.51,20.7464,14.04,20.2121,15.88,20.987,13.96,19.79
11/3/2015,14.54,20.0632,14.33,20.724,14.73,20.785,13.81,19.98
11/2/2015,14.15,20.7672,15.41,21.1924,15.51,21.2334,13.67,20.52
10/30/2015,15.07,20.3569,14.6,20.5084,15.39,21.0373,14,20.16
10/29/2015,14.61,21.0418,14.8,20.3531,15.46,21.6408,14.33,20.34
10/28/2015,14.33,20.7149,15.14,20.7834,15.73,20.9468,12.8,20.28
10/27/2015,15.43,20.6863,15.75,21.3427,15.99,21.3477,14.78,20.45
10/26/2015,15.29,20.6403,14.76,20.5488,15.43,21.1325,14.68,20.31
10/23/2015,14.46,19.8009,13.46,19.4239,15.12,20.3467,13.24,19.11
10/22/2015,14.45,19.9722,15.02,22.2044,15.92,22.2345,14.45,19.8
10/21/2015,16.7,21.8297,14.98,22.0829,16.7,22.577,14.41,20.94
10/20/2015,15.75,21.7156,15.17,22.2435,16.34,22.8354,14.72,21.46
10/19/2015,14.98,22.4522,15.68,22.6474,16.23,23.4279,14.82,22.16
10/16/2015,15.05,22.7408,15.64,23.3153,16.86,23.4459,15.05,22.47
10/15/2015,16.05,24.1188,17.62,24.3031,17.85,24.488,16.04,23.49
10/14/2015,18.03,25.158,17.67,25.18,18.78,25.3829,17.3,23.85
10/13/2015,17.67,24.0398,17.08,23.8152,17.7,25.0664,16.14,23.59
10/12/2015,16.17,23.1872,17.68,24.0754,17.81,24.1397,16.15,23.18
10/9/2015,17.08,23.4173,17.15,23.9552,18.2,24.2219,16.89,23.36
10/8/2015,17.42,24.5243,18.62,25.9755,19.02,26.9192,16.34,24.47
10/7/2015,18.4,26.3912,18.96,25.8191,19.73,26.5181,18.33,24.68
10/6/2015,19.4,26.257,19.54,28.4253,20.32,29.0612,18.82,26.06
10/5/2015,19.54,28.6187,20.31,30.13,20.42,30.316,19.14,28.24
10/2/2015,20.94,30.9395,23.99,30.45,24.47,32.497,20.35,29.36
10/1/2015,22.55,31.7174,23.14,30.5215,25.23,32.6288,22.55,29.88
9/30/2015,24.5,32.0459,24.64,31.8655,25.88,32.0798,23.25,30.65
9/29/2015,26.83,33.7366,26.57,34.8868,28.2,34.8868,25.76,32.81
9/28/2015,27.63,33.0825,25.02,31.822,28.33,34.0373,24.94,31.51
9/25/2015,23.62,30.5182,21.12,30.7937,24.29,31.4554,20.81,30.3
9/24/2015,23.47,33.4567,23.53,30.5434,25.3,34.4613,21.81,30.25
9/23/2015,22.13,31.0561,22.09,32.1843,23.2,32.4785,21.14,29.72
9/22/2015,22.44,32.1618,22.97,27.1609,26.29,32.1896,22.25,27.09
9/21/2015,20.14,27.0169,21.97,28.0198,22.48,28.7772,20.05,26.98
9/18/2015,22.28,28.4011,23.07,26.7459,23.99,30.335,20.98,26.25
9/17/2015,21.14,27.0649,21.54,27.9965,23.33,28.9089,17.87,27.03
9/16/2015,21.35,27.9163,22.57,28.5793,22.94,28.6938,21.09,27.42
9/15/2015,22.54,29.9496,23.28,31.1986,23.77,32.0859,22.13,29.6
9/14/2015,24.25,31.355,24.03,31.4826,25.32,32.215,23.64,30.46
9/11/2015,23.2,31.6478,25.38,31.5476,25.81,32.6238,23.15,31.17
9/10/2015,24.37,32.0034,26.87,32.0818,27.22,33.5494,23.53,30.47
9/9/2015,26.23,30.4496,22.39,29.8636,26.82,30.5967,21.51,28.24
9/8/2015,24.9,32.2298,25.05,33.3193,26.25,33.3631,24.13,31.21
9/7/2015,,35.1536,,33.5386,,35.6686,,33.21
9/4/2015,27.8,34.8152,27.43,31.435,29.47,35.9477,25.68,31.43
9/3/2015,25.61,29.8773,25.21,31.5667,26.31,31.7004,23.45,28.95
9/2/2015,26.09,33.7021,29.14,32.6761,30.45,34.814,24.77,32.11
9/1/2015,31.4,34.264,31.91,32.9163,33.82,35.6343,29.91,32.92
8/31/2015,28.43,31.0718,27.03,31.2873,29.37,32.8067,26.63,30.88
8/28/2015,26.05,31.0337,26.69,29.3727,29.2,31.6211,25.77,29.36
8/27/2015,26.1,30.5602,27.11,31.7536,29.9,31.8773,24.49,29.62
8/26/2015,30.32,35.2896,31.13,36.9643,35.62,37.1061,28.67,33.56
8/25/2015,36.02,33.6485,31.13,36.1943,38.06,36.2106,28.08,32.43
8/24/2015,40.74,40.803,28.03,34.5152,53.29,45.7044,28.03,33.92
8/21/2015,28.03,30.2101,22.55,26.9874,28.38,30.2518,20.8,25.95
8/20/2015,19.14,25.4949,16.55,24.2325,19.24,25.6062,16.13,23.61
8/19/2015,15.25,23.7117,14.84,23.134,15.96,23.7339,13.73,22.62
8/18/2015,13.79,22.5001,13.41,22.6666,13.94,22.9156,13.17,22.03
8/17/2015,13.02,22.3811,14.32,22.4583,14.52,24.4135,13.01,22.04
8/14/2015,12.83,22.8364,13.69,22.7976,13.87,23.4582,12.8,21.77
8/13/2015,13.49,23.2434,13.87,22.3779,14.33,23.7285,13.06,21.62
8/12/2015,13.61,24.4678,15.19,22.9985,16.28,25.395,13.45,22.34
8/11/2015,13.71,20.4012,13.24,18.6039,14.33,20.4022,13.02,18.55
8/10/2015,12.23,18.3067,12.73,18.8883,12.78,19.5318,12.18,18.24
8/7/2015,13.39,18.7066,13.57,18.5597,14.58,18.793,13.29,17.89
8/6/2015,13.77,18.2603,12.2,18.0089,14.25,18.2665,12.16,17.47
8/5/2015,12.51,17.5482,12.02,17.7342,12.72,17.7501,10.88,17.14
8/4/2015,13,18.2536,12.66,18.8808,13.22,19.141,12.29,18.22
8/3/2015,12.56,18.5935,12.85,19.8312,13.55,19.8967,12.32,18.45
7/31/2015,12.12,19.2878,12.03,19.8953,12.63,20.0645,11.82,19.26
7/30/2015,12.13,20.2348,12.72,19.5716,13.42,20.8022,12.09,19.08
7/29/2015,12.5,20.0336,13.57,20.1338,13.59,20.7968,11.85,19.77
7/28/2015,13.44,20.8092,14.87,21.2092,15.62,21.8506,13.32,20.25
7/27/2015,15.6,21.9151,15.6,20.4051,16.27,22.1703,15.03,20.18
7/24/2015,13.74,19.0408,12.87,17.5911,14.73,19.1244,12.86,16.97
7/23/2015,12.64,17.4317,12.06,17.8218,13.08,17.9809,11.73,17.22
7/22/2015,12.12,18.16,12.77,18.5139,12.83,18.525,12.05,17.52
7/21/2015,12.22,17.9144,12.42,17.9441,12.79,18.4843,12.21,17.03
7/20/2015,12.25,18.1165,12.25,19.9841,12.37,19.994,11.71,17.6
7/17/2015,11.95,18.9656,11.77,18.9569,12.22,19.4919,11.77,17.65
7/16/2015,12.11,19.018,12.59,19.6296,12.61,19.6296,11.87,18.28
7/15/2015,13.23,21.0969,13.35,21.8915,13.97,22.463,12.81,21.03
7/14/2015,13.37,21.5485,13.91,23.6228,13.95,23.6588,12.9,21.44
7/13/2015,13.9,23.2482,15.29,25.8319,15.36,25.8594,13.82,23.15
7/10/2015,16.83,27.8763,17.45,28.702,18.17,29.1409,16.6,27.28
7/9/2015,19.97,30.7656,17.46,31.4816,20.05,31.6041,17.2,30.21
7/8/2015,19.66,31.6348,17.38,30.8922,19.76,32.6017,16.94,30.7
7/7/2015,16.09,30.9878,17.22,29.4005,19.2,31.1246,15.93,29
7/6/2015,17.01,29.9819,18.65,30.936,18.95,31.0871,16.57,29.31
7/3/2015,,32.285,,32.1248,,33.8563,,31.99
7/2/2015,16.79,31.6721,15.43,30.1986,17.48,31.7476,15.39,29.65
7/1/2015,16.09,30.285,16.63,31.6757,17.26,31.6933,15.65,29.23
6/30/2015,18.23,32.3071,17.6,31.4011,19.8,32.5025,17.49,30.91
6/29/2015,18.85,30.6468,16.7,31.2531,19.5,31.3949,15.82,28.89
6/26/2015,14.02,26.7172,14.13,27.0223,14.91,27.4218,13.64,25.14
6/25/2015,14.01,25.6433,12.96,26.0484,14.16,26.4498,12.92,24.14
6/24/2015,13.26,24.9348,12.57,22.9851,13.33,26.1656,12.01,22.93
6/23/2015,12.11,23.5179,12.5,22.363,12.68,23.6416,11.93,21.76
6/22/2015,12.74,23.5436,13.42,26.9781,13.46,27.6611,12.43,23.5
6/19/2015,13.96,28.6184,13.35,28.2919,14,29.4325,12.96,28.11
6/18/2015,13.19,28.4283,14.03,28.1805,14.03,29.99,12.54,28.09
6/17/2015,14.5,28.2724,14.66,28.414,15.49,28.9561,14.07,27.45
6/16/2015,14.81,28.7447,15.62,28.7295,15.62,29.5678,14.81,28.38
6/15/2015,15.39,27.8467,15.48,26.9303,15.57,28.2121,14.91,26.42
6/12/2015,13.78,25.2594,13.31,23.7422,14.02,26.746,13.3,23.73
6/11/2015,12.85,23.6341,13.04,23.4224,13.22,24.0363,12.56,22.49
6/10/2015,13.22,23.8291,14.24,25.2009,14.37,25.2106,12.96,23.28
6/9/2015,14.47,24.9865,15.18,25.581,15.74,26.8529,14.47,24.74
6/8/2015,15.29,25.604,14.84,25.7946,15.5,26.4353,14.67,25.01
6/5/2015,14.21,25.2745,15.01,25.1884,15.65,25.6744,14.21,24.72
6/4/2015,14.71,24.4495,14.57,24.5251,15.49,25.667,13.99,23.6
6/3/2015,13.66,24.0513,13.73,24.4283,14.2,25.0007,13.4,23.55
6/2/2015,14.24,24.5107,14.72,24.3552,15.05,25.5187,13.59,24.2
6/1/2015,13.97,24.5648,13.92,23.7395,14.86,24.876,13.47,23.56
5/29/2015,13.84,23.5386,13.59,22.2881,14.43,23.7693,13.4,22.14
5/28/2015,13.31,22.0181,13.49,21.3561,13.99,22.5174,13.31,21.04
5/27/2015,13.27,20.8183,14.16,22.444,14.41,22.7238,13.05,20.76
5/26/2015,14.06,22.5012,13.45,20.9052,14.63,23.0118,13.34,20.9
5/22/2015,12.13,19.6309,12.37,19.3825,12.37,19.7255,11.82,19.05
5/21/2015,12.11,19.5296,13.03,19.6299,13.09,20.4689,12.09,19.47
5/20/2015,12.88,19.5695,12.9,20.1929,13.27,20.5618,12.62,19.42
5/19/2015,12.85,20.0541,12.95,19.753,13.13,20.6101,12.55,19.51
5/18/2015,12.73,21.0066,13.08,22.3324,13.22,22.7484,12.55,20.96
5/15/2015,12.38,21.5088,12.46,21.5766,13.09,22.244,12.35,20.55
5/14/2015,12.74,21.7425,13.14,23.594,13.29,23.6707,12.72,21.32
5/13/2015,13.76,23.0546,13.63,22.7469,14.04,23.08,13.06,21.86
5/12/2015,13.86,23.2326,14.73,22.9824,15.13,24.1379,13.73,22.85
5/11/2015,13.85,21.8358,13.35,21.9421,13.85,22.606,13,21.84
5/8/2015,12.86,21.1296,13.36,22.9646,13.42,23.3146,12.7,20.87
5/7/2015,15.13,23.7527,15.48,25.5821,15.97,25.9928,14.81,23.62
5/6/2015,15.15,24.7232,13.93,24.974,16.36,25.5625,13.89,24.06
5/5/2015,14.31,25.2236,13.21,23.82,14.41,25.3928,12.97,22.73
5/4/2015,12.85,23.4264,13.12,24.9184,13.18,25.3327,12.1,23.38
5/1/2015,12.7,,13.98,,13.98,,12.68,
4/30/2015,14.55,24.2128,13.89,24.5597,15.29,25.0057,12.49,23.27
4/29/2015,13.39,24.0466,13.44,21.8595,14.34,25.1439,12.61,21.69
4/28/2015,12.41,22.1195,13.26,21.3752,14.23,22.7595,12.41,21.02
4/27/2015,13.12,20.8863,12.34,22.6285,13.4,23.8886,12.33,20.75
4/24/2015,12.29,21.92,12.21,22.1941,13.02,23.1364,12.16,21.43
4/23/2015,12.48,22.5723,12.96,22.3299,12.96,23.8421,12.12,22.19
4/22/2015,12.71,22.3273,12.97,21.683,13.8,23.6521,12.57,21.5
4/21/2015,13.25,22.3991,12.75,21.2592,13.51,22.8807,12.66,21.17
4/20/2015,13.3,22.3,13.67,23.642,13.67,23.9074,12.83,22.01
4/17/2015,13.89,25.0553,13.97,20.349,15.02,25.0751,13.73,20.29
4/16/2015,12.6,20.1086,13.27,19.0319,13.35,20.3489,12.5,18.49
4/15/2015,12.84,18.2074,13.58,18.6596,13.58,18.6596,12.83,17.82
4/14/2015,13.67,18.8576,14.34,18.3759,14.74,19.4511,13.64,18.1
4/13/2015,13.94,17.8638,13.17,18.2008,14.31,18.4762,12.71,17.57
4/10/2015,12.58,17.5116,13.2,18.0594,13.26,18.4373,12.51,17.42
4/9/2015,13.09,18.3136,14.14,18.9676,14.59,18.9787,13.09,18.27
4/8/2015,13.98,19.4281,14.59,19.9917,14.77,20.1154,13.75,19.4
4/7/2015,14.78,20.0561,14.57,21.0643,14.81,21.0643,14.01,19.68
4/6/2015,14.74,,15.75,,15.76,,14.04,
4/2/2015,14.67,20.7203,15.3,21.1952,15.51,21.1952,14.27,20.46
4/1/2015,15.11,20.9691,15.32,21.6902,16.66,21.6902,15.08,20.21
3/31/2015,15.29,21.1004,14.97,19.6823,15.74,21.5272,14.33,19.52
3/30/2015,14.51,19.7608,14.76,19.9536,14.76,19.9555,14.08,19.32
3/27/2015,15.07,20.4715,15.73,19.1774,15.83,20.6018,14.19,18.92
3/26/2015,15.8,19.6535,16.64,20.8232,17.19,21.6637,15.23,19.61
3/25/2015,15.44,19.158,13.26,17.7509,15.55,19.5354,13.2,17.75
3/24/2015,13.62,17.6675,13.36,19.5532,13.68,19.5532,12.59,17.42
3/23/2015,13.41,19.8323,13.52,19.0672,13.53,20.2841,12.89,18.9
3/20/2015,13.02,17.4772,13.52,18.841,13.53,18.9203,12.54,17.39
3/19/2015,14.07,18.9138,14.68,18.5683,14.97,20.1279,13.84,18.35
3/18/2015,13.97,19.6938,14.6,20.5868,16.29,20.7098,13.38,19.39
3/17/2015,15.66,20.2476,16.31,19.4267,16.37,21.1132,15.66,19.25
3/16/2015,15.61,19.3889,15.78,18.9794,15.89,19.6696,15.36,18.65
3/13/2015,16,18.8262,15.47,18.7541,16.74,19.2452,15.32,18.61
3/12/2015,15.42,18.967,16.45,19.6527,16.45,19.9732,15.3,18.92
3/11/2015,16.87,19.4698,16.44,19.698,17.19,20.0778,16.29,19.04
3/10/2015,16.69,20.4652,16.47,18.9095,16.91,21.0526,16.03,18.89
3/9/2015,15.06,18.8112,15.72,19.9094,15.76,20.001,14.71,18.75
3/6/2015,15.2,18.4149,14.61,18.0296,15.83,18.6288,14.18,17.33
3/5/2015,14.04,18.1841,14.01,18.3636,14.58,18.9459,13.88,17.79
3/4/2015,14.23,18.9188,14.31,18.9715,15.33,20.7334,14.13,18.7
3/3/2015,13.86,19.5843,13.35,17.718,14.69,19.9822,13.25,17.29
3/2/2015,13.04,17.7992,13.9,17.5925,13.9,18.4352,12.87,17.21
2/27/2015,13.34,17.7528,14.07,17.2587,14.17,18.2623,13.29,17.22
2/26/2015,13.91,17.3519,13.55,17.8076,14.57,17.8263,13.55,17.2
2/25/2015,13.84,17.8235,13.64,18.4055,14.06,18.4055,12.86,17.77
2/24/2015,13.69,18.398,14.5,19.8193,14.63,20.2757,13.53,18.28
2/23/2015,14.56,20.625,15.05,21.8559,15.48,22.2494,14.49,20.29
2/20/2015,14.3,24.2039,15.73,23.6896,16.29,26.5008,14.27,23.38
2/19/2015,15.29,23.2086,16.11,23.3536,16.22,24.8875,15.1,22.89
2/18/2015,15.45,23.3392,16.74,23.7025,16.74,23.8569,15.44,22.91
2/17/2015,15.8,24.9047,15.86,25.4701,16.33,26.8967,15.53,24.38
2/16/2015,,25.2507,,25.2862,,25.816,,24.55
2/13/2015,14.69,24.1849,15.11,23.4446,15.64,24.412,14.69,22.24
2/12/2015,15.34,24.3635,16.39,25.2988,16.47,25.3558,15.28,22.85
2/11/2015,16.96,25.721,17.43,25.1463,17.81,26.5096,16.82,25.15
2/10/2015,17.23,25.1067,17.72,25.1619,18.36,25.8544,16.97,23.55
2/9/2015,18.55,25.3712,19.16,24.0839,19.28,26.321,18.21,24.08
2/6/2015,17.29,21.8332,16.29,22.5926,18.74,22.6057,16.06,20.89
2/5/2015,16.85,22.2611,17.29,23.434,17.43,23.6857,16.67,22.25
2/4/2015,18.33,22.2736,17.82,22.883,18.38,23.3525,16.82,22.21
2/3/2015,17.33,22.7637,18.41,23.4301,18.89,23.5262,17.2,22.59
2/2/2015,19.43,24.3214,20.89,25.1166,22.81,25.7915,19.35,24.31
1/30/2015,20.97,24.731,20.23,22.3371,22.18,24.918,19.24,22.26
1/29/2015,18.76,23.3237,20.46,22.4414,21.56,23.7712,18.66,21.99
1/28/2015,20.44,21.8259,16.97,22.2114,20.44,23.2293,16.92,21.42
1/27/2015,17.22,22.4298,17.6,21.6864,18.41,23.117,16.67,21.16
1/26/2015,15.52,21.3426,16.96,22.9667,17.43,23.2236,15.52,21.09
1/23/2015,16.66,23.1125,16.79,22.0636,17.09,24.1284,15.81,21.73
1/22/2015,16.4,22.9441,17.98,25.4699,19.23,26.4362,16.07,22.71
1/21/2015,18.85,26.0176,20.92,27.1286,21.28,28.21,18.64,25.9
1/20/2015,19.89,27.0724,20.07,27.5493,21.37,27.5965,19.58,25.82
1/19/2015,,28.32,,29.9697,,30.1417,,27.75
1/16/2015,20.95,29.3287,22.8,29.1131,23.43,31.2728,20.95,28.87
1/15/2015,22.39,29.026,21.23,29.1611,23.31,32.2348,20.86,28.8
1/14/2015,21.48,29.4845,22.87,29.7401,23.34,30.2241,21.32,28.41
1/13/2015,20.56,28.5404,18.21,29.598,21.58,30.0917,17.65,28.4
1/12/2015,19.6,29.7249,18.02,28.3614,20.44,31.9103,18.02,28.33
1/9/2015,17.55,28.7787,16.44,26.3633,18.42,29.1268,16.44,25.67
1/8/2015,17.01,25.9087,17.93,27.0214,18.09,27.1446,16.99,25.55
1/7/2015,19.31,28.1715,20.15,28.5218,20.72,28.9834,19.04,27.57
1/6/2015,21.12,28.8317,20.33,29.5736,22.9,30.2484,19.52,27.13
1/5/2015,19.92,29.6236,19.19,27.9673,21.29,29.6261,19.19,26.86
1/2/2015,17.79,26.2531,17.76,26.0032,20.14,27.1323,17.05,25.07
12/31/2014,19.2,,15.91,,19.91,,15.86,
12/30/2014,15.92,26.1876,15.9,25.9111,16.2,26.2518,15.48,25.07
12/29/2014,15.06,24.9354,16.04,24.5375,16.14,26.7238,15.06,24.53
12/26/2014,14.5,,14.6,,14.84,,14.13,
12/24/2014,14.37,,14.52,,14.54,,14.01,
12/23/2014,14.8,22.0804,14.47,22.593,15.21,22.724,14.32,21.85
12/22/2014,15.25,22.9656,16.32,23.2767,16.88,23.4695,15.03,22.21
12/19/2014,16.49,23.6176,16.57,21.5275,17.2,25.1535,16.11,20.84
12/18/2014,16.81,22.5806,17.14,23.6489,18.51,24.3987,16.07,22.17
12/17/2014,19.44,27.228,23.9,26.9956,24.61,29.7996,19.26,26.17
12/16/2014,23.57,25.6614,23.55,28.4419,25.2,32.4037,19.6,25.47
12/15/2014,20.42,29.5265,19.59,25.7318,24.83,29.5962,17.77,24.48
12/12/2014,21.08,26.4981,20.51,21.9846,23.06,26.5516,18.34,21.62
12/11/2014,20.08,20.8103,17.68,21.3345,20.13,23.3704,15.94,20.6
12/10/2014,18.53,21.7342,15.56,20.5442,18.92,22.4332,15.4,19.77
12/9/2014,14.89,21.4418,16.23,17.789,16.68,21.7118,14.84,17.76
12/8/2014,14.21,16.6347,13.05,16.8832,14.67,17.1443,12.55,16.55
12/5/2014,11.82,16.3307,12.08,17.2816,12.28,17.2853,11.53,15.98
12/4/2014,12.38,18.1098,12.7,18.7314,13.23,18.8121,12.09,17.21
12/3/2014,12.47,18.7911,12.75,18.8779,12.88,19.2004,12.21,18.62
12/2/2014,12.85,19.1189,14.1,18.8598,14.17,19.4673,12.85,18.72
12/1/2014,14.29,19.3406,14.16,19.0827,14.75,20.0157,13.94,19.04
11/28/2014,13.33,18.0253,12.64,18.4728,13.49,18.8949,12.36,17.94
11/27/2014,,18.156,,18.1252,,18.3825,,17.49
11/26/2014,12.07,18.2837,12.27,18.9093,12.4,19.1614,11.91,18.24
11/25/2014,12.25,19.1485,12.55,19.4869,13.02,19.4869,12.23,18.32
11/24/2014,12.62,19.3169,12.92,19.5517,13.02,19.9176,12.43,19.15
11/21/2014,12.9,18.9133,13.16,19.2899,13.8,19.3583,12.9,18.44
11/20/2014,13.58,19.9065,14.66,19.6868,15.74,21.1311,13.58,19.6
11/19/2014,13.96,19.5753,14.01,19.068,14.78,19.6896,13.83,18.59
11/18/2014,13.86,18.9696,13.86,19.2254,13.99,19.4858,13.13,18.72
11/17/2014,13.99,19.416,14.7,20.9457,14.73,21.5293,13.84,19.25
11/14/2014,13.31,19.5586,13.79,19.9987,14.15,21.1921,13.31,19.56
11/13/2014,13.79,20.0406,13.33,19.9341,14.31,21.6043,12.87,19.17
11/12/2014,13.02,20.6145,13.76,18.4635,13.76,20.6948,12.99,18.46
11/11/2014,12.92,18.2589,12.71,18.7196,13.18,18.908,12.6,18.16
11/10/2014,12.67,19.1799,13.16,21.0887,13.25,21.0887,12.38,19.18
11/7/2014,13.12,21.1162,13.71,20.6365,14.16,21.6194,13.01,19.9
11/6/2014,13.67,20.7181,14.46,22.1144,15.08,22.6515,13.67,20.21
11/5/2014,14.17,21.9455,14.15,21.9949,14.99,22.4863,14.15,21.52
11/4/2014,14.89,22.8946,15.05,21.3532,15.93,22.9518,14.83,20.64
11/3/2014,14.73,21.364,14.41,20.9487,14.99,21.4383,14.23,20.71
10/31/2014,14.03,20.3172,13.84,19.8181,14.83,20.7698,13.72,19.42
10/30/2014,14.52,20.8846,15.31,19.4631,15.75,23.1264,14.07,19.31
10/29/2014,15.15,20.7403,14.61,19.6904,16.28,20.981,14.19,19.56
10/28/2014,14.39,20.4123,15.69,21.9931,15.78,21.998,14.39,20.27
10/27/2014,16.04,23.0205,17.24,21.0282,17.87,24.3524,16,20.71
10/24/2014,16.11,21.3229,16.43,21.4864,18.06,22.211,16.09,20.97
10/23/2014,16.53,20.8792,16.07,22.9834,17.06,23.3693,15.68,20.37
10/22/2014,17.87,21.6951,16.06,21.928,18.43,22.8015,15.56,21.61
10/21/2014,16.08,22.2422,17.72,25.5171,17.75,25.5171,16.03,22.21
10/20/2014,18.57,25.1853,22.11,25.7633,22.16,26.7631,18.51,24.78
10/17/2014,21.99,25.3527,21.68,29.4309,23.08,29.7488,20.23,24.27
10/16/2014,25.2,31.5233,29.26,27.5928,29.41,36.0024,24.61,27.47
10/15/2014,26.25,28.7576,26.36,23.8367,31.06,28.908,24.64,23.21
10/14/2014,22.79,23.3811,23.77,23.8894,24.55,25.8461,21.48,23.38
10/13/2014,24.64,23.4966,21.16,24.5111,24.64,24.534,20.52,22.94
10/10/2014,21.24,23.1168,19.11,21.1026,22.06,23.1675,18.14,21.01
10/9/2014,18.76,20.5162,15.64,19.5681,19.38,20.9756,15.34,19.33
10/8/2014,15.11,20.9036,17.35,21.1572,18.03,21.3231,14.97,20.47
10/7/2014,17.2,21.0076,16.18,20.3527,17.46,21.0598,15.97,19.95
10/6/2014,15.46,19.7614,14.46,19.5637,15.77,19.8128,14.05,18.77
10/3/2014,14.55,19.695,15.16,19.5072,15.43,20.7228,14.44,19.42
10/2/2014,16.16,21.0788,16.7,19.4403,17.98,21.1626,15.9,18.74
10/1/2014,16.71,19.014,16.44,18.3097,17.56,19.446,16.08,17.72
9/30/2014,16.31,17.8514,15.49,18.5494,16.43,18.7552,15.18,17.61
9/29/2014,15.98,18.7975,16.96,18.3321,17.08,19.8778,15.45,18.03
9/26/2014,14.85,17.6012,15.77,17.8233,15.98,18.136,14.31,16.98
9/25/2014,15.64,17.5658,14.11,15.4793,16.69,18.0357,14.03,15.29
9/24/2014,13.27,15.9504,14.62,17.4119,14.93,17.8273,13.24,15.91
9/23/2014,14.93,17.7684,14.82,16.4208,14.94,17.8193,13.83,16.34
9/22/2014,13.69,15.8303,13.14,16.1172,13.98,16.1216,13.13,15.31
9/19/2014,12.11,15.0596,11.73,15.2756,12.61,15.2756,11.52,14.44
9/18/2014,12.03,16.6266,12.55,16.0203,12.58,16.7795,11.98,15.62
9/17/2014,12.65,16.432,13.06,16.4034,14.53,16.6808,11.73,15.93
9/16/2014,12.73,17.096,14.48,17.1415,14.53,17.8234,12.72,17.07
9/15/2014,14.12,16.7209,13.54,16.5858,14.19,16.9172,13.54,16.35
9/12/2014,13.31,15.9108,12.85,16.3938,14.27,16.4886,12.85,15.64
9/11/2014,12.8,16.6097,13.53,16.2448,13.67,17.2657,12.66,16.16
9/10/2014,12.88,16.4187,13.36,16.0034,14.06,16.6779,12.86,16
9/9/2014,13.5,15.878,12.7,15.9069,13.91,16.1259,12.7,15.54
9/8/2014,12.66,15.8479,12.64,16.1426,13.09,16.3869,12.4,15.66
9/5/2014,12.09,15.4702,12.37,16.2809,13.18,16.6598,11.96,15.38
9/4/2014,12.64,16.161,12.4,17.0763,12.99,17.3833,11.7,15.59
9/3/2014,12.36,16.8103,12.03,17.3939,12.55,17.3979,11.91,16.62
9/2/2014,12.25,17.835,12.32,17.341,13.41,17.9728,12.23,16.95
9/1/2014,,17.7323,,17.5908,,18.3919,,17.59
8/29/2014,11.98,17.1888,11.86,16.8677,12.44,18.4425,11.78,16.45
8/28/2014,12.05,17.2795,12.38,16.255,12.73,17.8694,12.05,16.25
8/27/2014,11.78,16.1061,11.69,15.9067,11.93,16.291,11.54,15.49
8/26/2014,11.63,15.8972,11.33,16.5242,11.93,16.8517,11.33,15.83
8/25/2014,11.7,16.4519,11.58,16.7725,11.77,17.0509,11.24,16.43
8/22/2014,11.47,17.2349,11.88,16.0634,12.48,17.8827,11.47,15.9
8/21/2014,11.76,16.0345,11.93,16.7588,13.51,16.8076,11.52,15.63
8/20/2014,11.78,16.7278,12.23,16.5831,12.24,17.7278,11.6,16.26
8/19/2014,12.21,16.3083,12.14,16.6887,12.46,16.8288,11.91,16.25
8/18/2014,12.32,17.0294,12.85,17.5062,12.85,18.256,12.26,16.99
8/15/2014,13.15,20.3569,11.91,17.1046,14.94,20.4217,11.89,16.01
8/14/2014,12.42,17.2978,13.05,18.8715,13.13,18.9658,12.42,17.14
8/13/2014,12.9,18.2314,13.57,18.8353,13.93,18.9519,12.84,18.22
8/12/2014,14.13,19.562,14.42,19.4436,14.74,19.9603,13.76,18.88
8/11/2014,14.23,19.4288,15.16,20.7313,15.16,20.8278,13.72,19.33
8/8/2014,15.77,21.2386,16.43,21.7114,17.09,22.1512,15.53,20.37
8/7/2014,16.66,20.7973,15.5,19.4571,17.25,20.8146,15.44,18.82
8/6/2014,16.37,19.1494,17.22,19.2768,17.3,20.306,15.7,18.66
8/5/2014,16.87,18.4436,15.54,18.447,17.14,19.0781,15.1,17.95
8/4/2014,15.12,19.094,16.64,19.7756,16.8,20.208,14.69,18.78
8/1/2014,17.03,19.8142,16.67,19.5352,17.57,20.6323,15.52,18.77
7/31/2014,16.95,19.1221,14.35,17.2049,17.11,19.6594,14.26,17.2
7/30/2014,13.33,17.4831,12.63,16.8172,14.07,18.0542,12.53,16.18
7/29/2014,13.28,16.7601,12.35,16.7342,13.35,17.3765,12.12,16.2
7/28/2014,12.56,17.0697,12.93,16.9421,13.64,18.0069,12.54,16.64
7/25/2014,12.69,16.7309,12.03,15.1621,12.75,16.8841,12.03,14.87
7/24/2014,11.84,14.8523,11.43,16.3378,12.06,16.4162,11.43,14.76
7/23/2014,11.52,15.5898,11.54,15.7735,12.16,15.8146,11.41,15
7/22/2014,12.24,15.6723,11.97,16.9231,12.24,17.0523,11.69,15.59
7/21/2014,12.81,17.7222,12.85,17.0283,13.62,18.0866,12.46,17.03
7/18/2014,12.06,16.5305,13.34,18.1928,13.55,18.6991,12.04,16.45
7/17/2014,14.54,17.6468,11.35,15.6738,15.38,17.6886,10.85,15.01
7/16/2014,11,14.8111,10.81,15.4192,11.45,15.4553,10.59,14.5
7/15/2014,11.96,15.8707,11.53,15.0677,12.47,16.2854,11.46,14.98
7/14/2014,11.82,14.9871,11.6,16.2139,11.83,16.2786,11.4,14.85
7/11/2014,12.08,16.3382,12.5,16.2539,12.68,16.8843,12.07,15.75
7/10/2014,12.59,16.6584,13.22,15.3123,13.23,17.9609,12.05,15.23
7/9/2014,11.65,15.092,11.74,15.4101,12.05,15.848,11.5,15.03
7/8/2014,11.98,15.8867,11.72,14.2384,12.51,15.8867,11.72,14.15
7/7/2014,11.33,14.3276,11.15,13.7661,11.54,14.4265,11.01,13.62
7/4/2014,,13.0962,,13.1117,,13.169,,12.76
7/3/2014,10.32,12.8852,10.47,14.0855,10.76,14.0855,10.28,12.78
7/2/2014,10.82,13.9595,11.18,14.28,11.18,14.5219,10.56,13.9
7/1/2014,11.15,14.3916,11.28,15.1867,11.42,15.198,10.92,14.31
6/30/2014,11.57,15.269,11.75,15.2953,11.81,15.9919,11.3,15.13
6/27/2014,11.26,15.2961,11.72,14.6542,12.04,15.4374,11.19,14.26
6/26/2014,11.63,14.7994,11.51,14.1348,12.51,15.6132,11.5,13.84
6/25/2014,11.59,14.3007,12.31,13.9395,12.33,14.9655,11.37,13.46
6/24/2014,12.13,13.1291,11.02,13.3086,12.27,13.861,10.87,13.13
6/23/2014,10.98,13.5834,11.26,13.5427,11.35,14.398,10.92,13.19
6/20/2014,10.85,12.7797,10.4,12.8558,11.02,12.9094,10.34,12.32
6/19/2014,10.62,12.713,10.53,12.8539,10.82,12.9877,10.42,12.3
6/18/2014,10.61,13.8823,11.8,14.0787,11.91,14.1629,10.57,13.09
6/17/2014,12.06,14.3399,12.81,14.9211,12.89,15.3333,12.06,14.25
6/16/2014,12.65,15.3716,12.65,14.9635,12.87,15.5153,12.28,14.87
6/13/2014,12.18,14.1513,12.45,14.2067,12.69,15.2231,11.89,13.83
6/12/2014,12.56,13.8464,11.81,13.6154,12.81,14.1216,11.71,13.08
6/11/2014,11.6,13.7325,11.42,13.0119,11.87,13.9083,11.19,12.98
6/10/2014,10.99,13.0399,11.3,13.3706,11.66,13.4528,10.93,13.01
6/9/2014,11.15,13.1403,11.23,13.6293,11.51,13.8391,10.99,13.14
6/6/2014,10.73,13.4607,11.32,14.5531,11.39,14.6084,10.73,13.35
6/5/2014,11.68,14.6235,12.09,16.6319,12.34,16.8484,11.44,14.51
6/4/2014,12.08,16.5083,12.15,16.7956,12.33,17.2265,11.91,16.48
6/3/2014,11.87,16.5208,12.03,16.3724,12.13,17.0411,11.72,16.29
6/2/2014,11.58,16.2586,11.69,16.3388,12.17,16.632,11.29,16.2
5/30/2014,11.4,15.7845,11.66,15.7691,11.7,15.9285,11.32,15.52
5/29/2014,11.57,15.5171,11.58,14.9586,11.82,15.5756,11.41,14.94
5/28/2014,11.68,15.0184,11.6,15.3124,11.86,15.4717,11.5,15.02
5/27/2014,11.51,15.1522,11.69,15.3276,11.84,15.4868,11.5,14.99
5/26/2014,,15.249,,15.6448,,15.6452,,15.21
5/23/2014,11.36,15.5997,11.96,15.3479,11.97,15.612,11.36,15.09
5/22/2014,12.03,15.2602,11.93,15.1099,12.09,15.6954,11.68,15.06
5/21/2014,11.91,15.2901,12.38,16.5977,12.46,16.6994,11.8,15.02
5/20/2014,12.96,15.7231,12.69,15.6623,13.3,16.2833,12.32,15.57
5/19/2014,12.42,15.9315,13.17,15.9745,13.21,17.5218,12.28,15.72
5/16/2014,12.44,15.7941,13.31,16.9056,13.66,17.2529,12.26,15.72
5/15/2014,13.17,17.4465,12.73,15.4612,13.77,17.5856,12.72,15.28
5/14/2014,12.17,15.8782,12.42,15.924,12.51,16.4776,12.03,15.86
5/13/2014,12.13,15.9994,12.36,16.1666,12.74,16.2986,12.05,15.84
5/12/2014,12.23,16.2491,12.46,16.9844,12.58,17.0653,11.88,16.15
5/9/2014,12.92,16.6668,13.55,16.9996,14.03,17.1218,12.87,16.55
5/8/2014,13.43,16.7342,13.69,17.3583,13.88,17.8038,12.92,16.49
5/7/2014,13.4,17.5579,13.64,19.0357,14.49,19.0914,13.39,17.5
5/6/2014,13.8,18.5097,13.65,17.743,13.9,19.0255,13.28,17.6
5/5/2014,13.29,18.0644,13.95,18.0629,14.2,19.5923,13.08,17.85
5/2/2014,12.91,17.9023,13.15,17.2084,13.5,17.9811,12.83,16.54
5/1/2014,13.25,,13.64,,13.75,,13.1,
4/30/2014,13.41,17.0713,14.05,17.4516,14.18,17.6391,13.34,16.99
4/29/2014,13.71,17.343,13.88,17.7658,14.24,18.1691,13.61,17.11
4/28/2014,13.97,18.4517,14.27,18.5733,15.28,19.128,13.82,18.16
4/25/2014,14.06,18.7678,13.93,17.3419,14.67,19.6975,13.91,17.34
4/24/2014,13.32,16.9981,13.36,16.668,14.08,18.3347,13.09,16.32
4/23/2014,13.27,17.1008,13.35,16.9164,13.75,17.1779,13.27,16.5
4/22/2014,13.19,16.8121,13.13,17.8614,13.26,17.867,12.9,16.5
4/21/2014,13.25,,14.1,,14.11,,13.17,
4/17/2014,13.36,16.9939,14.09,17.3311,14.17,17.7971,13.07,16.63
4/16/2014,14.18,17.3181,14.89,18.6473,15.27,18.886,14.05,17.32
4/15/2014,15.61,19.6432,16.14,18.3861,17.5,19.6997,15.47,17.96
4/14/2014,16.11,18.4986,16.14,19.2793,17.4,20.4252,16.1,18.39
4/11/2014,17.03,18.2955,16.66,18.0103,17.85,19.1094,15.89,17.65
4/10/2014,15.89,17.2542,13.98,16.6911,16.38,17.4438,13.81,16.21
4/9/2014,13.82,16.9287,14.58,17.4697,14.94,17.4697,13.7,16.8
4/8/2014,14.89,17.6031,15.59,17.1571,16.2,18.5068,14.81,17.13
4/7/2014,15.57,17.5437,14.96,17.1563,16.01,17.6409,14.57,16.81
4/4/2014,13.96,15.875,12.88,16.4367,14.55,16.4477,12.6,15.5
4/3/2014,13.37,16.3742,13.02,17.1281,13.7,17.2148,13.02,15.8
4/2/2014,13.09,17.1108,13.17,16.7697,13.35,17.2255,12.92,16.48
4/1/2014,13.1,16.9064,13.43,17.4954,13.56,17.5883,13.06,16.75
3/31/2014,13.88,17.6639,13.88,17.2665,14.16,17.8883,13.57,17.14
3/28/2014,14.41,17.0324,14.15,17.3717,14.86,17.3772,13.73,16.74
3/27/2014,14.62,17.6397,15,17.8252,15.63,18.1153,14.49,17.29
3/26/2014,14.93,17.5869,13.64,17.8844,15.28,17.9677,13.46,17.07
3/25/2014,14.02,18.2637,14.16,18.5223,15.05,18.7402,13.96,17.85
3/24/2014,15.09,19.4248,14.7,18.1612,16.07,19.6308,14.56,17.94
3/21/2014,15,17.1916,13.96,17.663,15.17,18.1835,13.77,17.06
3/20/2014,14.52,18.1292,15.58,19.3317,15.62,20.2933,14.5,18.13
3/19/2014,15.12,19.293,14.56,20.1832,15.95,20.2816,13.89,19.07
3/18/2014,14.52,20.1089,15.42,21.4743,15.47,24.3302,14.16,19.38
3/17/2014,15.64,21.4617,16.39,22.5711,16.4,22.5711,15.37,21.22
3/14/2014,17.82,23.2095,16.74,23.0218,18.22,24.3468,16.09,22.25
3/13/2014,16.22,22.0896,14.28,19.9632,16.66,22.2505,14.24,19.8
3/12/2014,14.47,20.212,15.37,20.3971,15.64,21.6784,14.43,19.83
3/11/2014,14.8,19.7688,14.22,19.4915,14.93,20.1096,13.84,18.91
3/10/2014,14.2,20.1237,14.76,20.6041,15.28,21.4958,14.2,19.36
3/7/2014,14.11,20.473,13.51,17.9126,14.43,20.7464,13.51,17.8
3/6/2014,14.21,17.8166,13.82,18.1699,14.42,18.4908,13.73,17.7
3/5/2014,13.89,18.7004,14.13,18.5792,14.32,18.8854,13.81,18
3/4/2014,14.1,18.6455,14.53,19.2585,14.54,19.7277,14,18.1
3/3/2014,16,21.8609,16.47,19.6285,16.78,21.9964,15.38,19.13
2/28/2014,14,16.7667,14.22,16.9162,14.79,18.7101,13.49,16.56
2/27/2014,14.04,17.1187,14.56,16.3266,14.69,18.1274,13.92,16.33
2/26/2014,14.35,16.1415,13.83,16.3585,14.54,16.916,13.73,15.99
2/25/2014,13.67,16.2399,14.17,16.7165,14.83,16.889,13.66,16.23
2/24/2014,14.23,16.7175,14.83,18.0256,14.83,18.1364,13.97,16.54
2/21/2014,14.68,17.3772,14.74,17.3936,14.79,17.9207,14.19,16.98
2/20/2014,14.79,17.7721,15.28,18.7982,15.8,18.8464,14.59,17.65
2/19/2014,15.5,17.448,14.85,17.1942,15.73,18.2903,14.12,16.88
2/18/2014,13.87,17.0973,13.95,17.4816,14.51,18.158,13.77,17.02
2/17/2014,,17.2038,,16.6785,,17.4495,,16.68
2/14/2014,13.57,16.3821,14.21,17.4223,14.22,17.4756,13.44,16.34
2/13/2014,14.14,17.4978,15.24,18.1943,15.24,18.7465,13.98,17.49
2/12/2014,14.3,17.9259,14.31,17.384,14.64,17.9512,14.02,17.01
2/11/2014,14.51,17.6719,15.29,18.6955,15.29,18.7875,14.08,17.67
2/10/2014,15.26,19.3075,15.63,19.4533,15.76,19.9732,15.1,19.08
2/7/2014,15.29,19.2347,16.15,20.6699,16.31,21.4015,15.09,19.22
2/6/2014,17.23,20.801,19.09,22.3683,19.09,22.435,17.09,20.46
2/5/2014,19.95,22.6486,19.59,23.3003,20.72,23.3003,19.13,21.99
2/4/2014,19.11,23.0114,19.99,24.0317,20.07,24.3634,18.44,22.4
2/3/2014,21.44,24.0207,18.57,22.5407,21.48,24.0843,18.34,22.33
1/31/2014,18.41,21.8188,18.71,21.1596,18.99,24.5973,17.27,21.12
1/30/2014,17.29,21.1181,16.37,21.3616,17.39,23.088,15.96,20.65
1/29/2014,17.35,21.8127,17.95,18.7423,18.04,23.9683,16.71,18.46
1/28/2014,15.8,19.9723,17.27,20.0881,17.28,20.9181,15.8,19.66
1/27/2014,17.42,20.6842,17.29,21.6032,18.99,21.887,16.85,20.22
1/24/2014,18.14,20.9333,14.95,17.4177,18.14,20.9865,14.92,17.28
1/23/2014,13.77,17.5122,13.67,16.4905,14.66,18.188,13.67,16.22
1/22/2014,12.84,16.4469,12.57,15.6397,13.12,17.1377,12.55,15.63
1/21/2014,12.87,16.1749,12.63,15.605,13.42,16.24,12.61,15.3
1/20/2014,,16.0913,,16.7202,,16.7205,,15.66
1/17/2014,12.44,15.7352,12.34,16.7212,12.93,16.7508,12.04,15.74
1/16/2014,12.53,17.0561,12.32,16.2555,12.66,17.1821,12.28,16.18
1/15/2014,12.28,16.5089,12.15,16.4615,12.4,16.7209,11.81,16.24
1/14/2014,12.28,16.8066,12.89,18.0243,12.9,18.0707,11.96,16.75
1/13/2014,13.28,17.0978,12.18,16.9252,13.65,17.346,11.82,16.59
1/10/2014,12.14,16.5627,12.6,16.8643,12.9,17.1244,12.14,16.42
1/9/2014,12.89,17.3584,12.83,17.3794,13.26,17.817,12.83,16.56
1/8/2014,12.87,17.3671,13.04,17.3259,13.24,17.76,12.86,17.16
1/7/2014,12.92,17.1932,12.38,18.1588,13.28,18.1879,12.16,16.93
1/6/2014,13.55,18.1672,13.41,18.1203,14,18.2885,13.22,17.9
1/3/2014,13.76,18.0018,14.06,18.6556,14.22,18.7622,13.57,17.71
1/2/2014,14.23,18.9286,14.32,17.8017,14.59,19.0745,14,17.69
12/31/2013,13.72,,13.43,,14.35,,13.38,
12/30/2013,13.56,17.2549,12.87,16.9927,13.58,17.6187,12.83,16.95
12/27/2013,12.46,16.4643,12.21,16.0367,12.59,16.6051,12.2,16.02
12/26/2013,12.33,,12.48,,12.5,,11.69,
12/24/2013,12.48,,12.85,,12.89,,12.48,
12/23/2013,13.04,15.8067,13.37,16.248,13.53,16.3438,13.02,15.59
12/20/2013,13.79,16.0088,13.61,15.2043,13.87,16.1541,13.12,14.74
12/19/2013,14.15,15.4029,13.59,15.3588,14.21,15.971,12.89,15.21
12/18/2013,13.8,17.2028,15.95,17.8061,16.75,17.888,13.74,16.71
12/17/2013,16.21,18.179,16.04,18.7689,16.67,19.0372,15.81,17.77
12/16/2013,16.03,18.4886,15.64,18.765,16.08,18.765,15.3,17.76
12/13/2013,15.76,18.2036,15.17,17.9517,15.8,18.6568,15.06,17.33
12/12/2013,15.54,18.0599,15.44,17.6421,16.09,18.4086,15.21,17.28
12/11/2013,15.42,17.3558,13.98,16.8012,15.43,17.3982,13.98,16.33
12/10/2013,13.91,16.7351,14.14,16.195,14.22,17.144,13.69,15.8
12/9/2013,13.49,16.2138,13.97,16.7698,14.07,16.9078,13.49,16.2
12/6/2013,13.79,16.4994,13.97,17.9676,14.09,18.2483,13.62,16.47
12/5/2013,15.08,18.378,14.82,18.2104,15.38,18.378,14.7,17.36
12/4/2013,14.7,17.8791,15.03,16.7849,15.71,18.5603,14.22,16.7
12/3/2013,14.55,17.098,14.74,15.6843,15.04,17.1349,14.43,15.5
12/2/2013,14.23,15.4364,13.91,15.2686,14.31,16.043,13.78,15.26
11/29/2013,13.7,14.6502,13.06,13.8726,13.78,14.6608,12.93,13.86
11/28/2013,,13.8195,,14.1733,,14.2133,,13.79
11/27/2013,12.98,14.117,12.81,14.3857,12.98,14.3889,12.44,14.02
11/26/2013,12.81,14.5147,12.84,14.3278,12.99,14.6116,12.49,14.17
11/25/2013,12.79,14.5254,12.55,14.5321,12.92,14.5557,12.49,14.21
11/22/2013,12.26,14.2629,12.69,14.7518,12.91,14.874,12.24,14.22
11/21/2013,12.66,15.082,13.09,16.119,13.09,16.1376,12.44,15.08
11/20/2013,13.4,15.5212,13.56,15.5579,13.94,15.6337,12.97,15.05
11/19/2013,13.39,15.6565,13.03,15.7925,13.68,16.0236,12.88,15.49
11/18/2013,13.1,15.3971,12.41,15.8645,13.22,15.897,12.41,14.95
11/15/2013,12.19,15.1624,12.12,15.7525,12.45,15.7528,11.99,15.02
11/14/2013,12.37,15.9077,12.8,16.2462,12.94,16.5478,12.28,15.83
11/13/2013,12.52,17.1273,13.35,17.22,13.35,18.0945,12.46,17.06
11/12/2013,12.82,17.2688,12.8,17.142,13.06,17.521,12.63,16.99
11/11/2013,12.53,17.2356,12.85,17.6987,12.93,17.8278,12.4,16.83
11/8/2013,12.9,17.2896,13.76,17.2316,13.8,18.1922,12.84,17.02
11/7/2013,13.91,16.69,12.99,16.8932,14.14,17.0436,12.93,15.54
11/6/2013,12.67,16.828,13.01,16.438,13.33,17.0252,12.67,16.17
11/5/2013,13.27,16.7541,13.22,16.1198,13.64,17.0812,12.86,16.07
11/4/2013,12.93,16.2488,13.35,16.5227,13.67,16.6961,12.91,16.06
11/1/2013,13.28,16.205,13.46,15.975,13.92,16.2815,13.22,15.49
10/31/2013,13.75,15.888,13.83,15.3833,14.02,15.9546,13.28,15.32
10/30/2013,13.65,16.1548,13.72,15.2999,14.36,16.4857,13.64,15.14
10/29/2013,13.41,15.1884,13.25,15.8513,13.63,15.8513,13.06,15.09
10/28/2013,13.31,15.8884,13.62,15.6498,13.72,16.4537,13.22,15.57
10/25/2013,13.09,15.0179,13.16,15.6461,13.44,15.858,13.08,15.01
10/24/2013,13.2,15.5581,13.5,15.8739,13.62,16.1688,13.15,15.53
10/23/2013,13.42,16.6163,13.71,16.245,14.21,16.953,13.42,16.16
10/22/2013,13.33,15.6057,12.99,16.1505,13.92,16.1908,12.93,15.14
10/21/2013,13.16,15.998,13.34,16.1811,13.63,16.5878,13.07,15.93
10/18/2013,13.04,15.4232,12.86,16.5419,13.53,16.5612,12.34,15.37
10/17/2013,13.48,16.8333,14.52,17.6226,14.59,18.0618,12.89,16.79
10/16/2013,14.71,18.5951,17.14,19.6479,17.15,19.9162,14.67,18.48
10/15/2013,18.66,18.6214,16.41,19.1246,18.67,19.141,16.16,18.19
10/14/2013,16.07,20.1581,17.08,19.6733,17.74,20.5369,15.8,19.39
10/11/2013,15.72,18.2601,16.31,19.3112,16.38,19.3884,15.46,18.26
10/10/2013,16.48,19.8426,17.66,20.5185,17.92,20.7628,16.29,19.59
10/9/2013,19.6,23.3614,20.19,21.6088,21.34,23.4948,19.04,20.68
10/8/2013,20.34,20.8905,19.01,20.2282,21.01,20.926,18.98,20
10/7/2013,19.41,20.1564,18.76,21.446,19.41,21.6443,18.08,19.84
10/4/2013,16.74,19.5446,17.72,19.9127,17.87,19.9801,16.66,19
10/3/2013,17.67,20.0589,16.63,19.2195,18.71,20.0589,16.63,18.98
10/2/2013,16.6,19.2611,16.4,18.7278,16.81,20.1876,16.13,18.54
10/1/2013,15.54,18.3242,16.31,18.909,16.46,19.0919,15.47,18.08
9/30/2013,16.6,19.4503,17.49,19.1089,17.49,19.5254,16.16,18.39
9/27/2013,15.46,16.9196,14.62,16.2801,15.79,17.0606,14.62,16.28
9/26/2013,14.06,16.4689,13.8,16.3122,14.4,16.9719,13.58,16.3
9/25/2013,14.01,16.4038,14.24,16.7711,14.62,17.0655,13.89,16.3
9/24/2013,14.08,16.6237,14.17,17.1012,14.37,17.4661,13.75,16.59
9/23/2013,14.31,17.4539,14.04,17.0299,14.71,17.685,14.02,16.44
9/20/2013,13.12,16.7626,13.3,16.9932,13.47,17.0482,12.52,16.04
9/19/2013,13.16,16.8696,13.02,17.3174,13.39,17.4363,13.02,16.85
9/18/2013,13.59,18.1656,14.68,19.11,14.68,19.4269,13.23,18.16
9/17/2013,14.53,18.987,14.44,19.0955,14.61,19.3674,14.28,18.69
9/16/2013,14.38,18.7198,14.1,18.7462,14.49,18.9028,13.87,18.31
9/13/2013,14.16,18.3842,14.27,18.6536,14.55,19.1426,14.11,18.27
9/12/2013,14.29,18.4084,13.93,18.2484,14.39,18.6482,13.73,18.01
9/11/2013,13.82,18.4298,14.74,19.2758,14.74,19.3535,13.82,18.43
9/10/2013,14.53,19.3143,14.89,19.578,15.09,19.6496,14.5,19.01
9/9/2013,15.63,20.4702,15.86,21.1156,16.02,21.285,15.22,20.45
9/6/2013,15.85,20.2292,15.35,21.165,16.81,21.6303,15.17,19.59
9/5/2013,15.77,21.5095,16.12,22.0486,16.12,22.8006,15.63,21.4
9/4/2013,15.88,22.0945,16.88,23.2297,17.01,24.0409,15.77,21.85
9/3/2013,16.61,23.0533,16.47,21.9386,17.37,23.2719,16.11,21.62
9/2/2013,,21.9028,,22.0742,,22.121,,21.28
8/30/2013,17.01,23.4785,16.75,21.5583,17.81,23.502,16.7,21.45
8/29/2013,16.81,21.1498,16.79,21.872,16.98,22.0768,15.99,20.72
8/28/2013,16.49,22.3124,16.96,22.6732,17.11,24.2688,16.1,21.5
8/27/2013,16.77,22.1683,16.56,18.3242,17.13,22.3884,15.82,18.27
8/26/2013,14.99,17.9047,14.37,18.8479,15.01,19.1727,13.9,17.85
8/23/2013,13.98,17.8238,14.29,18.8875,14.82,19.315,13.98,17.45
8/22/2013,14.76,18.7137,15.26,19.415,15.26,19.5415,14.66,18.17
8/21/2013,15.94,20.5374,16,18.8637,16.56,20.5585,14.67,18.82
8/20/2013,14.91,19.1958,15.22,19.157,15.25,20.1545,14.29,18.68
8/19/2013,15.1,17.4926,14.94,17.1732,15.2,17.9662,14.35,17.13
8/16/2013,14.37,16.4082,14.56,17.1614,14.88,17.8454,13.62,16.04
8/15/2013,14.73,17.2894,14.14,16.2025,14.85,18.4685,13.91,16.08
8/14/2013,13.04,16.6396,12.48,16.9422,13.09,16.9698,12.35,16.32
8/13/2013,12.31,17.0781,12.86,16.9729,13.37,17.5041,12.29,16.77
8/12/2013,12.81,17.3567,13.52,17.517,13.57,18.3891,12.8,17.15
8/9/2013,13.41,17.1706,12.88,17.1798,13.66,17.5844,12.71,16.87
8/8/2013,12.73,17.3468,12.5,17.7756,13.13,18.0442,12.37,16.97
8/7/2013,12.98,18.2711,13.17,18.1499,13.91,18.5146,12.96,17.53
8/6/2013,12.72,17.9242,12.19,17.1779,12.93,18.3118,12.06,16.69
8/5/2013,11.84,17.3314,12.29,17.3,12.42,17.6862,11.83,16.98
8/2/2013,11.98,16.8183,12.66,17.4276,12.74,17.4572,11.98,16.82
8/1/2013,12.94,17.4564,12.89,17.9798,13.25,18.1376,12.82,17.34
7/31/2013,13.45,19.0644,13.55,19.1507,13.83,19.4316,12.94,18.56
7/30/2013,13.39,18.8439,13.45,18.2026,14.14,18.8627,13.35,18.05
7/29/2013,13.39,18.7032,13.54,18.474,13.86,18.7706,13.38,18.21
7/26/2013,12.72,18.1141,13.41,17.0049,13.73,18.2932,12.71,16.93
7/25/2013,12.97,17.4835,13.47,17.1116,13.54,18.1816,12.91,17.11
7/24/2013,13.18,17.085,12.69,17.1687,13.49,17.6183,12.69,16.83
7/23/2013,12.66,17.3366,12.15,16.8572,13.06,17.3676,12.07,16.79
7/22/2013,12.29,17.4706,13.23,17.8709,13.37,17.8784,12.29,17.04
7/19/2013,12.54,17.2343,13.89,17.9251,13.97,17.9576,12.54,16.85
7/18/2013,13.77,17.6938,13.63,18.3212,13.8,18.4,13.2,17.64
7/17/2013,13.78,18.4869,14.2,19.1144,14.44,20.1575,13.76,18.46
7/16/2013,14.42,19.2437,13.78,18.8487,14.56,19.3885,13.78,18.85
7/15/2013,13.79,18.9011,13.98,19.1021,14.11,19.4316,13.5,18.89
7/12/2013,13.84,19.072,13.9,18.7481,14.04,19.319,13.74,18.43
7/11/2013,14.01,18.9757,13.57,19.5278,14.2,19.6203,13.57,18.98
7/10/2013,14.21,20.3708,14.46,20.6683,14.62,21.3622,14.06,20.36
7/9/2013,14.35,20.6393,14.33,21.0663,14.65,21.1676,14.26,20.59
7/8/2013,14.78,21.5829,14.66,22.446,15.27,22.446,14.66,21.23
7/5/2013,14.89,22.5944,15.59,21.3386,16.28,22.6761,14.89,20.96
7/4/2013,,21.3419,,22.0922,,22.1154,,20.75
7/3/2013,16.2,22.6511,17.22,23.0645,17.32,24.297,16.2,22.65
7/2/2013,16.44,21.5897,16.49,21.9682,16.93,22.2238,15.88,21.57
7/1/2013,16.37,21.8282,16.9,21.9713,16.9,22.8763,16,21.44
6/28/2013,16.86,21.8175,17.25,21.3856,17.69,22.5887,16.19,21.37
6/27/2013,16.86,21.6929,16.6,22.5182,16.97,22.6738,16.34,21.17
6/26/2013,17.21,22.5505,17.23,23.8415,18.06,23.8629,17.08,22.31
6/25/2013,18.47,24.1377,18.65,24.7295,19.22,24.7751,17.82,23.78
6/24/2013,20.11,25.3001,20.87,24.5742,21.91,26.8033,18.58,24.56
6/21/2013,18.9,24.0473,18.97,23.022,20.93,24.2578,18.25,22.32
6/20/2013,20.49,23.6094,18.4,21.2698,21.32,23.8849,18.01,20.75
6/19/2013,16.64,20.4065,16.89,21.1264,17.18,21.5701,15.36,20
6/18/2013,16.61,20.8403,16.81,21.6188,16.95,21.6791,16.46,20.76
6/17/2013,16.8,21.1025,16.53,21.3435,17.62,21.4833,16.33,20.4
6/14/2013,17.15,21.2645,16.63,21.8175,17.26,21.8836,16.03,20.63
6/13/2013,16.41,22.1068,18.38,23.6728,18.58,23.8243,16.37,21.84
6/12/2013,18.59,21.7413,16.51,21.1029,18.6,21.7766,16.43,20.5
6/11/2013,17.07,21.0051,16.91,20.2375,17.14,21.9253,16,20.16
6/10/2013,15.44,19.5903,15.16,20.4357,15.6,20.4357,15.1,19.19
6/7/2013,15.14,19.9529,15.9,22.3931,16.21,22.3931,14.96,19.8
6/6/2013,16.63,22.1956,17.7,21.8724,18.51,22.1956,16.6,20.89
6/5/2013,17.5,22.2683,16.86,21.332,17.84,22.2797,16.57,20.79
6/4/2013,16.27,21.0043,16.16,20.4981,17.25,21.3067,15.82,20.48
6/3/2013,16.28,21.3772,16.4,21.553,17.58,21.8012,16.15,19.95
5/31/2013,16.3,19.6048,15.02,18.7059,16.35,19.7673,14.36,18.71
5/30/2013,14.53,18.8641,14.9,19.7636,14.98,19.7667,14.27,18.57
5/29/2013,14.83,19.6808,15.3,18.5423,15.65,19.7584,14.59,18.47
5/28/2013,14.48,17.7473,13.67,17.5669,14.56,17.7694,13.56,17.21
5/27/2013,,18.152,,18.5049,,18.6761,,18.1
5/24/2013,13.99,18.4925,14.59,17.8898,14.79,19.2612,13.99,17.59
5/23/2013,14.07,18.3633,14.94,19.3854,15.11,19.7549,13.87,18.23
5/22/2013,13.82,16.2933,13.45,16.7849,14.45,16.9486,13.05,16.17
5/21/2013,13.37,16.9073,13.08,16.8465,13.44,17.3756,12.89,16.77
5/20/2013,13.02,16.672,13.28,16.8563,13.28,17.3768,12.84,16.56
5/17/2013,12.45,16.313,12.73,16.5886,12.94,16.8004,12.26,16.1
5/16/2013,13.07,16.2609,13.07,15.7595,13.46,16.6859,12.79,15.76
5/15/2013,12.81,16.639,12.98,17.2136,13.43,17.7061,12.78,16.62
5/14/2013,12.77,17.1365,12.61,17.6749,13.21,17.9481,12.54,16.92
5/13/2013,12.55,17.6724,12.57,17.8381,12.87,18.1073,12.49,17.66
5/10/2013,12.59,17.4277,13.08,17.1513,13.45,17.6963,12.54,17.06
5/9/2013,13.13,17.2186,12.91,17.4669,13.53,17.6096,12.78,17.03
5/8/2013,12.66,17.3575,12.87,17.4185,13.04,17.8239,12.62,17.07
5/7/2013,12.83,17.4472,12.63,17.8668,12.96,17.8674,12.49,17.16
5/6/2013,12.66,18.0551,13.06,18.2279,13.19,18.2406,12.66,17.91
5/3/2013,12.85,17.6329,12.92,18.6822,13.15,18.6991,12.77,17.41
5/2/2013,13.59,18.7486,14.48,20.3767,14.48,20.4102,13.58,18.66
5/1/2013,14.49,,13.88,,14.67,,13.87,
4/30/2013,13.52,20.261,13.71,19.8709,14.28,20.4706,13.51,19.84
4/29/2013,13.71,19.9773,13.72,19.6867,13.94,20.1173,13.36,19.57
4/26/2013,13.61,19.7111,13.94,19.6929,14.18,20.1859,13.49,19.4
4/25/2013,13.62,19.4097,13.61,19.0187,13.87,19.9346,13.13,19
4/24/2013,13.61,18.9814,13.57,18.9787,13.75,19.5634,13.36,18.86
4/23/2013,13.48,19.2103,13.81,20.1016,14.87,20.4997,13.46,19.17
4/22/2013,14.39,20.638,15.08,20.2044,16,21.1052,14.04,20.09
4/19/2013,14.97,20.4999,16.67,21.595,16.98,21.6992,14.87,20.42
4/18/2013,17.56,21.949,16.34,22.2964,18.2,23.0319,16.32,20.95
4/17/2013,16.51,22.7545,15.35,20.2715,17.9,23.4884,14.98,20.15
4/16/2013,13.96,20.5067,14.72,20.5673,14.87,21.8449,13.91,20.17
4/15/2013,17.27,20.1989,13.12,20.3082,17.27,21.4066,12.66,20.16
4/12/2013,12.06,20.2145,12.61,19.1069,13.12,20.453,11.99,19.09
4/11/2013,12.24,18.848,12.55,18.9371,12.62,19.4935,12.15,18.66
4/10/2013,12.36,19.1768,12.66,19.7578,12.88,19.7645,12.32,18.74
4/9/2013,12.84,20.4229,13.11,20.8175,13.68,20.9794,12.75,19.93
4/8/2013,13.19,21.4857,14.04,22.176,14.5,22.1882,13.19,21.3
4/5/2013,13.92,22.2855,15.64,20.9481,15.65,23.4237,13.86,20.53
4/4/2013,13.89,21.0977,14.1,20.5978,14.79,21.5114,13.89,20.19
4/3/2013,14.21,20.7645,12.65,19.7932,14.66,20.8978,12.62,19.2
4/2/2013,12.78,19.6165,13.11,21.4957,13.18,21.4957,12.76,19.52
4/1/2013,13.58,,13.46,,14.05,,13.26,
3/28/2013,12.7,20.8944,12.91,21.3877,13.07,22.131,12.54,20.15
3/27/2013,13.15,21.8599,13.72,20.6435,13.97,22.7172,12.97,20.29
3/26/2013,12.77,20.8755,12.95,21.4358,13.21,21.7534,12.69,20.1
3/25/2013,13.74,21.2387,12.85,18.418,14.61,22.5935,12.39,17.3
3/22/2013,13.57,21.2876,13.34,20.5751,13.85,21.6475,13.19,20.56
3/21/2013,13.99,19.7897,13.07,19.1368,14.21,20.2707,12.62,18.95
3/20/2013,12.67,18.8741,13.18,19.8655,13.18,20.6145,12.3,18.83
3/19/2013,14.39,21.5306,13.03,18.7175,15.4,22.0281,12.92,18.49
3/18/2013,13.36,18.0979,13.47,19.3203,13.64,20.9503,12.57,17.93
3/15/2013,11.3,15.7276,11.52,15.4384,11.99,16.3637,11.21,15.42
3/14/2013,11.3,15.0835,11.7,15.7048,11.75,15.7625,11.05,14.88
3/13/2013,11.83,16.9279,12.18,17.5798,12.55,18.2001,11.79,16.92
3/12/2013,12.27,17.3243,11.79,17.7844,12.93,17.7844,11.74,16.66
3/11/2013,11.56,17.6154,12.31,18.1307,12.34,18.5223,11.5,17.6
3/8/2013,12.59,17.3844,12.67,18.0006,13.3,18.0441,12.49,17.02
3/7/2013,13.06,18.7353,13.45,19.5828,13.56,19.7785,13.03,18.68
3/6/2013,13.53,20.1143,13.18,19.2939,13.77,20.122,13.17,18.97
3/5/2013,13.48,19.5539,13.44,20.4119,13.66,20.4645,13.24,19.47
3/4/2013,14.01,21.4361,16.16,23.2498,16.16,23.4139,14.01,21.34
3/1/2013,15.36,21.7728,16.1,21.1855,16.82,23.847,15.14,20.78
2/28/2013,15.51,21.0046,15,20.8792,15.6,22.1559,14.16,20.82
2/27/2013,14.73,22.0043,16.57,24.3289,16.6,24.5812,14.42,21.96
2/26/2013,16.87,25.8975,17.5,24.4683,18.23,25.8975,16.75,23.23
2/25/2013,18.99,21.3086,13.69,20.7618,19.28,21.7756,13.57,18.86
2/22/2013,14.17,20.8556,14.6,20.5438,15.02,21.3149,14.16,20.22
2/21/2013,15.22,21.5133,14.68,20.8017,16.21,22.1997,14.67,20.8
2/20/2013,14.68,19.6147,12.32,18.6782,14.68,19.7524,12.32,18.29
2/19/2013,12.31,18.4631,12.81,19.16,12.85,19.279,12.08,18.46
2/18/2013,,19.3248,,19.9688,,20.0477,,19.29
2/15/2013,12.46,18.8463,12.47,18.7749,12.89,19.0734,12.24,17.72
2/14/2013,12.66,18.6532,13.3,18.2346,13.32,19.4648,12.64,17.83
2/13/2013,12.98,18.2817,12.88,18.1427,13.19,19.3081,12.67,18.07
2/12/2013,12.64,18.3682,12.82,18.9793,13.13,19.1536,12.63,18.22
2/11/2013,12.94,18.9342,13.37,19.2312,13.42,19.3743,12.91,18.36
2/8/2013,13.02,18.5593,13.2,19.9014,13.2,20.1038,12.89,18.28
2/7/2013,13.5,20.7955,13.47,20.1741,14.41,20.8429,13.43,19.16
2/6/2013,13.41,20.2113,14.06,19.4222,14.08,21.6206,13.34,18.63
2/5/2013,13.72,19.2593,14.21,19.3554,14.21,19.7612,13.39,18.77
2/4/2013,14.67,20.1454,14,16.7762,14.75,20.3891,13.8,16.36
2/1/2013,12.9,15.9874,13.37,16.8266,13.38,16.9271,12.72,15.77
1/31/2013,14.28,16.6395,14.43,16.0506,14.43,16.9856,14.04,16.04
1/30/2013,14.32,15.9384,13.64,14.8482,14.33,16.1081,13.6,14.52
1/29/2013,13.31,14.8562,13.87,15.3183,13.88,15.7,13.04,14.79
1/28/2013,13.57,15.1979,13.29,15.3227,13.91,15.3431,13.29,15.02
1/25/2013,12.89,14.9093,12.63,15.3452,12.99,15.3969,12.5,14.61
1/24/2013,12.69,15.3145,12.73,16.6678,13.5,16.7743,12.4,15.31
1/23/2013,12.46,16.2203,12.67,16.0136,12.67,16.3948,12.3,15.98
1/22/2013,12.43,16.063,13.28,15.4032,13.32,16.8591,12.43,15.33
1/21/2013,,15.4605,,15.9254,,15.9254,,15.17
1/18/2013,12.46,15.8831,13.52,15.9285,13.53,16.2558,12.29,15.64
1/17/2013,13.57,15.9134,13.45,16.3673,13.7,16.3863,13.16,15.42
1/16/2013,13.42,16.146,13.7,15.9785,13.76,17.0078,13.2,15.83
1/15/2013,13.55,15.9725,13.97,16.2018,13.99,16.3311,13.33,15.34
1/14/2013,13.52,15.7019,13.66,15.975,13.85,16.2023,13.41,15
1/11/2013,13.36,15.5715,13.55,15.9794,13.79,16.1102,13.36,15.56
1/10/2013,13.49,16.1155,13.33,16.2191,13.88,16.5794,13.33,15.57
1/9/2013,13.81,16.1474,13.32,16.2527,13.93,16.561,13.22,15.84
1/8/2013,13.62,16.8999,13.88,16.8965,14.29,16.9746,13.62,16.33
1/7/2013,13.79,16.818,14.53,16.5248,14.53,17.0294,13.71,16.43
1/4/2013,13.83,16.0708,14.23,17.8202,14.31,17.8702,13.64,16.05
1/3/2013,14.56,17.54,14.77,18.0132,14.92,18.277,14.24,17.51
1/2/2013,14.68,18.3628,15.24,18.3695,15.93,19.0891,14.6,17.49
12/31/2012,18.02,,22.14,,22.19,,17.88,
12/28/2012,22.72,21.3534,20.32,17.8405,22.72,21.3534,19.94,17.79
12/27/2012,19.47,18.2289,19.39,18.4196,20.9,18.5441,19.11,17.69
12/26/2012,19.48,,18.71,,19.63,,18.61,
12/24/2012,17.84,,18.46,,18.66,,17.84,
12/21/2012,17.84,17.8926,19.85,16.5793,19.93,18.0917,17.76,16.18
12/20/2012,17.67,15.7568,17.26,15.9569,17.96,16.1018,17.11,15.57
12/19/2012,17.36,15.6463,16.05,15.7146,17.46,15.7769,16.04,14.93
12/18/2012,15.57,15.8638,16.39,15.89,16.43,16.152,15.46,15.64
12/17/2012,16.34,16.4617,17.2,16.8948,17.2,17.2369,16.21,16.26
12/14/2012,17,16.4818,16.68,16.8436,17.15,17.0473,16.61,16.37
12/13/2012,16.56,16.9542,15.87,16.7449,16.67,17.3434,15.71,16.73
12/12/2012,15.95,17.0471,15.6,16.8739,16.09,17.2489,15.41,16.75
12/11/2012,15.57,17.0262,15.94,17.3394,16.01,17.4124,15.42,16.71
12/10/2012,16.05,17.4025,16.47,18.4823,16.47,18.6655,15.96,17.4
12/7/2012,15.9,17.2026,16.12,16.8359,16.65,17.6239,15.73,16.82
12/6/2012,16.58,16.9937,16.59,17.2218,16.85,17.3358,16.31,16.58
12/5/2012,16.46,17.3906,16.95,16.9116,17.53,17.6642,16.27,16.79
12/4/2012,17.12,17.2837,16.66,17.375,17.37,17.4156,16.38,16.84
12/3/2012,16.64,17.3112,15.81,17.0884,16.69,17.3576,15.76,16.58
11/30/2012,15.87,16.5548,15.26,16.3963,16.17,16.7359,14.89,16.26
11/29/2012,15.06,16.4854,15.21,16.9459,15.51,17.2273,15.02,16.49
11/28/2012,15.51,17.2555,16.43,17.7143,16.98,18.2624,15.47,17.26
11/27/2012,15.92,17.699,15.3,17.9732,15.93,18.1627,15.01,17.46
11/26/2012,15.5,18.4984,15.63,18.2683,15.84,18.7783,15.47,18.17
11/23/2012,15.14,17.7473,15,17.4381,15.26,17.9797,15,17.43
11/22/2012,,17.4423,,17.7022,,18.0052,,17.42
11/21/2012,15.31,17.8461,14.96,19.0122,15.43,19.0933,14.77,17.8
11/20/2012,15.08,18.7696,15.11,19.6948,15.65,19.8851,15.06,18.74
11/19/2012,15.24,19.6356,15.88,21.5772,15.98,21.6552,15.1,19.58
11/16/2012,16.41,22.1719,17.65,21.5381,18.5,22.3999,16.41,21.09
11/15/2012,17.99,21.9773,17.74,22.104,18.64,22.2869,17.62,21.51
11/14/2012,17.92,21.5292,16.32,22.0338,18.05,22.125,15.93,21.17
11/13/2012,16.65,21.8471,17.36,23.2639,17.38,23.6885,16.12,21.82
11/12/2012,16.68,22.7101,18.15,23.3785,18.15,23.5296,16.45,22.56
11/9/2012,18.61,22.57,18.8,23.2333,18.81,24.7671,17.67,22.32
11/8/2012,18.49,23.0951,18.69,22.1865,18.69,23.5653,17.96,21.9
11/7/2012,19.08,23.2841,17.72,20.6925,19.4,23.2946,17.62,20.17
11/6/2012,17.58,21.7924,18.16,22.1891,18.17,22.3992,17.19,21.65
11/5/2012,18.42,22.216,18.33,21.7518,18.7,22.3762,18.13,21.6
11/2/2012,17.59,20.5608,16.06,20.971,17.6,21.2882,16.05,20.28
11/1/2012,16.69,21.2117,17.77,22.3124,17.79,22.6067,16.45,20.95
10/31/2012,18.6,22.2123,17.68,21.6185,18.84,22.2453,17.56,21.33
10/30/2012,,21.8978,,22.4218,,22.591,,21.79
10/29/2012,,23.2166,,23.14,,23.6829,,22.9
10/26/2012,17.81,22.137,18.03,22.786,18.64,23.33,17.52,21.99
10/25/2012,18.12,22.4852,17.56,22.5589,18.64,22.5589,17.3,22.02
10/24/2012,18.33,22.7611,18.22,22.86,18.67,24.165,17.93,22.76
10/23/2012,18.83,23.3924,18.23,21.1944,19.65,23.9952,18.17,21.19
10/22/2012,16.62,21.2613,17.44,21.1625,17.98,21.4459,16.62,20.58
10/19/2012,17.06,20.5996,14.91,19.7184,17.6,20.6017,14.9,19.63
10/18/2012,15.03,19.5805,15.25,19.7355,15.5,20.2894,14.68,19.56
10/17/2012,15.07,19.8775,15.43,20.3513,15.63,20.7104,14.9,19.83
10/16/2012,15.22,20.4001,14.84,20.934,15.23,21.3393,14.5,20.38
10/15/2012,15.27,21.4496,16.05,22.056,16.21,22.0733,15.23,21.31
10/12/2012,16.14,21.8817,15.41,21.555,16.18,21.8817,14.96,20.6
10/11/2012,15.59,21.5761,15.33,22.9317,15.8,22.9317,15.31,21.34
10/10/2012,16.29,22.67,16.52,23.1227,16.79,23.2946,16.13,22.53
10/9/2012,16.37,22.9493,15.28,21.5124,16.4,22.9584,15.18,21.36
10/8/2012,15.11,21.58,15.19,21.5828,15.46,22.0817,15.04,21.44
10/5/2012,14.33,20.3484,13.68,21.4559,14.78,21.5667,13.67,19.97
10/4/2012,14.55,21.9957,15.23,21.4745,15.33,22.3316,14.53,21.23
10/3/2012,15.43,22.1253,15.63,23.5473,16.02,23.5636,15.13,22.04
10/2/2012,15.71,23.1473,15.85,23.596,16.5,23.6507,15.7,22.34
10/1/2012,16.32,22.8698,16.03,23.4464,16.53,23.4464,15.13,22.46
9/28/2012,15.73,23.3836,15.23,21.2961,15.77,23.3836,14.95,20.95
9/27/2012,14.84,22.4909,16.38,22.1241,16.5,22.7478,14.83,21.92
9/26/2012,16.81,22.2323,15.83,21.0772,17.08,22.9278,15.83,20.99
9/25/2012,15.43,19.7747,14.19,19.8429,15.72,20.2626,14.03,19.5
9/24/2012,14.15,19.8013,15.06,20.2195,15.06,20.904,13.87,19.77
9/21/2012,13.98,19.2445,13.94,19.8623,14.18,20.0234,13.69,19.02
9/20/2012,14.07,20.1276,14.63,21.5644,14.67,21.5644,14.07,20.13
9/19/2012,13.88,20.2909,13.95,20.4756,14.08,21.2075,13.61,20.19
9/18/2012,14.18,21.0614,14.51,21.3286,14.88,22.1889,14.17,21.04
9/17/2012,14.59,20.9384,14.67,21.8549,14.92,21.8639,14.5,20.68
9/14/2012,14.51,21.1062,13.82,21.0435,14.71,21.4312,13.51,20.55
9/13/2012,14.05,23.5096,15.6,23.402,15.99,23.927,13.91,22.89
9/12/2012,15.8,23.6536,15.59,24.0259,16.31,24.2921,15.59,22.49
9/11/2012,16.41,23.9199,16.11,23.9434,16.41,25.43,15.78,23.69
9/10/2012,16.28,23.4869,14.27,22.7001,16.28,23.856,13.97,22.49
9/7/2012,14.38,21.8266,15.6,22.4198,15.6,23.2256,14.33,21.77
9/6/2012,15.6,23.1125,17.3,27.3691,17.3,27.4019,15.6,23.1
9/5/2012,17.74,27.6615,17.38,27.8308,17.84,28.6839,16.99,27.08
9/4/2012,17.98,27.755,18.65,26.7815,18.96,27.912,17.85,26.55
9/3/2012,,26.652,,26.536,,26.9248,,26.33
8/31/2012,17.47,25.7034,17.25,27.4799,18.04,27.4818,16.92,25.4
8/30/2012,17.83,27.1621,17.48,26.1906,18.05,28.148,17.44,25.83
8/29/2012,17.06,25.7209,16.61,24.8905,17.06,25.9487,16.5,24.8
8/28/2012,16.49,24.868,16.32,24.663,16.92,25.3583,16.01,24.57
8/27/2012,16.35,24.3156,16.15,25.4808,16.38,25.4808,15.75,24.12
8/24/2012,15.18,24.6392,15.99,24.0032,16,25.2213,15.18,23.62
8/23/2012,15.96,24.3861,15,24.1256,16.45,25.4922,15,23.6
8/22/2012,15.11,25.1159,15.32,23.7029,15.52,25.1168,14.75,23.13
8/21/2012,15.02,22.1925,14.1,21.5439,15.44,22.6503,14.04,21.33
8/20/2012,14.02,22.1476,14.11,21.6455,14.78,23.1475,13.99,21.54
8/17/2012,13.45,21.4456,14.23,22.9392,14.3,23.1048,13.32,21.43
8/16/2012,14.29,23.1306,14.88,23.1317,15.15,24.2483,14.28,23.05
8/15/2012,14.63,23.5481,14.82,23.3577,14.98,24.1999,14.36,23.25
8/14/2012,14.85,23.2459,13.91,22.7066,15.06,23.7297,13.91,22.6
8/13/2012,13.7,23.4531,14.09,23.2687,14.67,23.5557,13.67,22.76
8/10/2012,14.74,22.7486,15.34,23.4847,15.5,23.9091,14.73,22.61
8/9/2012,15.28,23.3366,15.39,23.3613,15.67,24.2786,15.28,23.28
8/8/2012,15.32,23.678,16.46,24.2199,16.47,24.8524,15.27,23.66
8/7/2012,15.99,23.869,15.55,24.0285,16.03,24.5262,15.48,23.59
8/6/2012,15.95,24.2352,15.85,24.0409,16.27,24.73,15.82,23.99
8/3/2012,15.64,23.803,16.05,25.7422,16.45,25.7422,15.64,23.52
8/2/2012,17.57,26.4001,19.05,28.119,19.25,28.2958,17.56,24.99
8/1/2012,18.96,28.1002,18.8,27.7054,19.18,28.3883,18.2,26.61
7/31/2012,18.93,28.0088,18.4,27.0349,18.94,28.1761,18.26,26.31
7/30/2012,18.03,26.4643,17.55,25.9079,18.08,26.4643,17.23,25.05
7/27/2012,16.7,25.3165,17.11,24.8788,17.3,26.0082,16.52,24.7
7/26/2012,17.53,25.635,17.68,27.0484,18.47,27.2024,17.07,25.17
7/25/2012,19.34,27.1793,19.79,28.6737,20.67,28.6776,18.99,26.7
7/24/2012,20.47,28.4455,18.38,28.2882,21,28.8293,18.37,27.65
7/23/2012,18.62,28.0807,20.41,27.9033,20.49,30.3247,18.34,27.86
7/20/2012,16.27,24.2212,16.65,20.6672,17.05,24.3044,15.97,20.19
7/19/2012,15.45,20.8276,16.06,19.9745,16.7,21.004,15.45,19.94
7/18/2012,16.16,20.3562,16.81,21.1319,16.81,21.3297,15.69,20.03
7/17/2012,16.48,21.7236,16.72,22.0025,17.46,22.2352,16.09,21.35
7/16/2012,17.11,22.1692,17.31,23.2815,17.32,23.359,16.46,22.13
7/13/2012,16.74,22.6093,17.78,23.8628,17.82,23.8886,16.36,22.37
7/12/2012,18.33,24.0824,18.82,24.576,19.51,25.165,17.75,24.07
7/11/2012,17.95,24.1292,17.98,25.0927,19.17,25.1086,17.84,23.99
7/10/2012,18.72,24.6397,17.51,25.537,19.19,25.765,17.29,24.25
7/9/2012,17.98,25.5973,18.17,25.7937,18.32,26.9772,17.73,25.57
7/6/2012,17.1,25.5759,18.2,24.9021,18.25,25.5759,16.95,24.22
7/5/2012,17.5,24.4531,17.61,24.6482,18.22,25.7727,17.18,24.19
7/4/2012,,24.4457,,23.6453,,24.8568,,23.52
7/3/2012,16.66,23.685,16.67,24.3208,16.92,24.7667,16.27,23.66
7/2/2012,16.8,24.992,17.62,25.1515,18.19,25.64,16.74,24.58
6/29/2012,17.08,24.9463,17.52,25.4106,18.31,26.7391,16.87,24.65
6/28/2012,19.71,28.0598,20.33,27.4139,21.19,29.0104,19.6,27.39
6/27/2012,19.45,27.5359,19.55,27.8832,20.12,28.3712,19.38,27.33
6/26/2012,19.72,28.0456,20.01,27.4615,20.57,28.4236,19.42,26.81
6/25/2012,20.38,27.6497,20.47,27.0979,21.36,28.2155,19.89,27
6/22/2012,18.11,25.1664,18.65,26.0732,19.37,26.0808,17.9,24.84
6/21/2012,20.08,25.4639,16.89,26.145,20.48,26.176,16.77,24.3
6/20/2012,17.24,26.9415,17.96,27.5643,20.05,28.0007,17.09,26.78
6/19/2012,18.38,27.6446,17.66,28.454,18.42,29.0741,17.44,27.09
6/18/2012,18.32,29.4574,21.76,31.0348,21.98,31.3285,18.24,29.09
6/15/2012,21.11,33.7295,22.47,32.2897,23.09,33.8199,20.71,31.22
6/14/2012,21.68,33.0104,24.19,33.9239,24.81,35.1065,21.55,32.98
6/13/2012,24.27,33.8572,22.93,32.1701,24.93,34.1672,22.66,31.99
6/12/2012,22.09,32.3906,23.15,31.7777,23.9,33.8523,22.09,31.68
6/11/2012,23.56,31.9884,19.87,29.3573,23.56,31.9987,19.87,29.34
6/8/2012,21.23,30.3723,22.54,31.6013,22.64,31.9838,21.23,30.08
6/7/2012,21.72,31.4338,21,30.8054,22.48,31.493,20.74,30.48
6/6/2012,22.16,31.5809,23.76,33.5592,23.89,33.9523,22.06,31.49
6/5/2012,24.68,34.5733,25.9,35.7722,25.9,36.7411,24.5,34.37
6/4/2012,26.12,36.4531,26.35,38.3073,27.73,38.3102,25.72,35.97
6/1/2012,26.66,36.3842,25.87,34.5934,26.71,37.44,24.94,34.02
5/31/2012,24.06,34.9478,23.83,33.7639,25.46,35.5951,22.78,33.48
5/30/2012,24.14,34.5137,22.68,32.5252,24.14,35.2587,22.66,31.86
5/29/2012,21.03,31.4097,21.7,31.1726,22.47,32.1577,20.99,30.86
5/28/2012,,31.7697,,30.4425,,31.9526,,30.32
5/25/2012,21.76,30.225,22.05,30.6505,22.29,31.0554,21.46,29.85
5/24/2012,21.54,31.4557,22,32.2741,23.22,33.403,21.48,31.2
5/23/2012,22.33,32.8618,23.32,31.2491,24.62,33.4409,21.99,30.82
5/22/2012,22.48,30.0057,21.76,29.9553,23.19,30.5175,20.25,29.13
5/21/2012,22.01,31.0253,24.88,33.968,24.88,33.968,22.01,31.03
5/18/2012,25.1,33.1087,23.27,36.2338,25.14,36.3245,23.07,32.32
5/17/2012,24.49,34.4776,21.99,33.1169,24.51,36.6044,21.87,32.83
5/16/2012,22.27,33.1165,21.54,35.0103,22.69,35.3471,20.83,32.27
5/15/2012,21.97,33.3144,21.43,31.0526,22.7,33.448,20.76,30.36
5/14/2012,21.87,31.6946,21.47,31.1503,21.87,32.8621,20.94,31.12
5/11/2012,19.89,28.3851,19.93,29.8065,19.94,29.9876,18.62,28.09
5/10/2012,18.83,29.1479,19.25,30.522,19.88,31.3382,18.77,29.11
5/9/2012,20.08,31.2083,20.65,30.8306,21.59,33.2801,19.38,30.63
5/8/2012,19.05,31.3226,19.44,29.026,20.91,31.4867,17.95,28.54
5/7/2012,18.94,28.9223,19.8,31.5301,19.87,31.5301,18.41,28.69
5/4/2012,19.16,29.3836,18.03,28.0069,19.28,29.5473,17.81,27.49
5/3/2012,17.56,27.6802,16.9,27.1697,17.92,28.2383,16.73,26.81
5/2/2012,16.88,28.0126,17.25,26.1415,17.63,28.8823,16.78,26.02
5/1/2012,16.6,,17.27,,17.49,,16.12,
4/30/2012,17.15,26.9511,17.04,26.008,17.41,26.9641,16.92,25.67
4/27/2012,16.32,25.4795,15.83,27.91,16.47,28.0903,15.83,25.46
4/26/2012,16.24,26.6216,16.97,27.2841,17.04,28.1943,15.75,26.3
4/25/2012,16.82,27.4003,17.05,27.8675,17.38,28.1978,16.82,27
4/24/2012,18.1,28.6556,19.22,29.0817,19.22,30.009,18.09,28.28
4/23/2012,18.97,29.9723,20.22,28.7483,20.27,30.518,18.95,28.65
4/20/2012,17.44,26.2312,17.92,28.2217,18.05,28.7771,16.97,25.92
4/19/2012,18.36,28.2848,18.51,26.9911,19.69,28.8211,17.69,26.06
4/18/2012,18.64,27.6847,19.02,26.5439,19.17,28.1832,18.19,26.3
4/17/2012,18.46,26.5949,18.66,28.5802,18.66,28.5919,17.58,26.52
4/16/2012,19.55,28.8612,18.87,30.1019,20.42,30.1313,18.6,27.79
4/13/2012,19.55,29.4063,17.95,27.6525,19.62,29.9262,17.85,27.4
4/12/2012,17.2,27.6118,19.63,28.5677,19.74,30.2899,17.2,27.42
4/11/2012,20.02,29.4908,19.22,29.9105,20.12,31.0168,18.73,28.51
4/10/2012,20.39,30.6779,19.1,28.4174,21.06,30.6779,18.62,27.57
4/9/2012,18.81,,18.94,,18.94,,17.93,
4/5/2012,16.7,25.5879,17.02,24.2834,17.13,27.5174,16.29,23.9
4/4/2012,16.44,25.8591,17.07,23.2377,17.74,26.3706,16.31,23.22
4/3/2012,15.66,22.2736,15.61,21.2379,16.65,22.2767,15.56,20.46
4/2/2012,15.64,21.2165,16.35,22.2374,16.58,23.1337,15.02,21.05
3/30/2012,15.5,22.5463,14.88,23.864,15.98,23.8887,14.67,22.42
3/29/2012,15.48,25.3609,16.84,23.347,17.2,25.9698,15.39,22.89
3/28/2012,15.47,23.0813,15.58,22.7721,17.27,23.0897,15.4,21.85
3/27/2012,15.59,22.3987,14.52,20.7851,15.59,22.4561,14.14,20.65
3/26/2012,14.26,21.3398,14.51,22.0926,15.03,23.0911,14.26,20.99
3/23/2012,14.82,21.6583,15.65,21.5612,16.39,23.2161,14.69,20.84
3/22/2012,15.57,21.9103,16.04,20.8187,16.58,23.0845,15.56,20.81
3/21/2012,15.13,20.0254,14.72,19.344,15.31,21.1691,14.19,19.27
3/20/2012,15.58,19.9117,15.82,19.0407,15.95,20.3345,15.11,19.02
3/19/2012,15.04,18.3551,15.42,19.8569,15.43,20.1202,14.56,18.36
3/16/2012,14.47,18.5202,14.43,19.2789,15.24,19.3156,13.66,17.26
3/15/2012,15.42,19.3479,15.32,20.4642,15.64,20.6943,14.94,19.14
3/14/2012,15.31,21.1237,14.42,20.902,16.19,21.3643,14.39,20.76
3/13/2012,14.8,20.9307,14,22.0039,16.08,22.2097,13.99,20.77
3/12/2012,15.64,23.0102,15.79,24.0394,16.67,24.3723,15.23,22.47
3/9/2012,17.11,22.895,17.16,24.7398,17.54,24.798,16.63,22.51
3/8/2012,17.95,25.0964,18.08,27.545,18.46,27.545,17.76,25.1
3/7/2012,19.07,28.2266,20.43,27.9409,20.44,29.0717,19.07,27.71
3/6/2012,20.87,28.5625,20.57,24.3497,21.24,29.0668,20.3,24.34
3/5/2012,18.05,23.7979,18.27,23.7284,18.9,24.7442,18.02,23.52
3/2/2012,17.29,22.5637,17.65,22.5875,17.65,22.8713,17.14,22.11
3/1/2012,17.26,22.8624,18.02,24.5032,18.03,24.5032,17.26,22.76
2/29/2012,18.43,23.9289,17.8,23.5324,18.75,23.9335,17.53,22.65
2/28/2012,17.96,23.7173,18.67,24.3186,18.67,24.9135,17.88,23.58
2/27/2012,18.19,24.2211,19.1,24.3137,19.25,25.5033,17.58,24.16
2/24/2012,17.31,22.5277,16.68,23.17,17.62,23.4092,16.42,22.52
2/23/2012,16.8,23.8446,18.73,23.7865,18.97,25.0083,16.64,23.13
2/22/2012,18.19,24.0059,18.85,24.0118,18.94,24.8437,17.92,23.82
2/21/2012,18.19,23.8977,18.41,24.7387,18.94,24.9757,17.65,23.87
2/20/2012,,24.5763,,25.1293,,25.2931,,24.57
2/17/2012,17.78,24.8255,18.73,25.1876,18.79,25.6336,17.78,24.33
2/16/2012,19.22,26.8397,21.59,28.1618,21.76,28.757,19.22,26.82
2/15/2012,21.14,26.5438,19.74,25.2937,21.77,26.8693,19.44,24.91
2/14/2012,19.54,26.0202,19.45,26.4962,20.76,26.7499,19.22,25.4
2/13/2012,19.04,26.6034,19.64,26.6355,19.68,27.1913,18.99,26.37
2/10/2012,20.79,27.3816,20.1,27.1216,21.98,28.1794,20.03,26.74
2/9/2012,18.63,25.9181,18.12,25.6307,18.72,26.2193,18.07,25.03
2/8/2012,18.16,25.7292,17.79,24.9566,18.46,25.8822,17.53,24.93
2/7/2012,17.65,25.325,17.93,24.6688,18.1,26.1982,17.5,24.65
2/6/2012,17.76,25.0326,17.98,24.6072,18.02,25.7813,17.75,24.59
2/3/2012,17.1,23.5349,16.84,24.7724,17.32,24.9971,16.81,23.46
2/2/2012,17.98,24.5624,18.38,24.4097,18.5,25.2554,17.98,24.41
2/1/2012,18.55,24.6111,18.68,25.9489,18.82,25.9489,18.09,24.53
1/31/2012,19.44,26.3081,19.07,26.0863,19.84,26.4316,18.99,25.47
1/30/2012,19.4,26.8831,20.33,26.277,20.33,27.345,19.38,26.07
1/27/2012,18.53,24.3981,19.16,24.53,19.16,24.8136,18.26,23.96
1/26/2012,18.57,24.2408,17.96,24.7518,19.17,25.0954,17.9,24.02
1/25/2012,18.31,25.2399,19.35,24.8663,19.55,26.4648,18.02,24.79
1/24/2012,18.91,25.295,19.76,26.0951,20,26.7108,18.91,25.26
1/23/2012,18.67,25.6521,19.22,25.8859,19.31,26.391,18.55,25.45
1/20/2012,18.28,25.0315,19.91,26.7412,19.94,27.0298,18.16,25
1/19/2012,19.87,26.5407,20.49,27.6608,20.87,27.9128,19.45,26.53
1/18/2012,20.89,27.76,23.2,28.2952,23.44,28.8492,20.78,26.68
1/17/2012,22.2,28.1469,20.9,27.8252,22.25,28.5977,20.69,27.31
1/16/2012,,27.998,,29.7856,,29.7856,,27.88
1/13/2012,20.91,28.916,21.41,27.3074,22.43,30.1925,20.91,27
1/12/2012,20.47,28.5518,21.01,28.5172,22.03,29.3007,20.46,28.11
1/11/2012,21.05,28.4621,21.18,28.546,21.22,29.0892,20.98,28.02
1/10/2012,20.69,28.3412,20.14,29.4254,20.69,29.4254,20.05,28.23
1/9/2012,21.07,30.1779,21.67,31.0986,21.78,31.166,21,30.03
1/6/2012,20.63,30.5586,21.24,30.276,21.72,30.8735,20.58,29.04
1/5/2012,21.48,31.0151,22.75,30.2412,23.09,32.0404,21.34,30.22
1/4/2012,22.22,30.4656,23.44,30.3945,23.73,31.2446,22.22,30.15
1/3/2012,22.97,30.017,22.95,30.9341,23.1,31.653,22.54,30
1/2/2012,,31.3029,,32.1549,,32.2426,,31.3
12/30/2011,23.4,32.1544,22.86,31.876,23.46,33.3693,22.79,31.83
12/29/2011,22.65,32.1867,23.52,31.7788,23.52,33.3558,22.65,31.63
12/28/2011,23.52,31.8173,22.12,30.2064,23.56,32.1937,22.11,29.67
12/27/2011,21.91,29.749,22.58,29.9274,22.66,30.0834,21.82,29.67
12/23/2011,20.73,28.5177,21.1,28.3992,21.21,28.8807,20.72,28.35
12/22/2011,21.16,28.8742,21.08,29.4365,21.33,29.4928,20.34,28.66
12/21/2011,21.43,30.2552,22.52,29.8221,22.88,30.3603,21.12,28.63
12/20/2011,23.22,30.3271,23.56,30.5782,23.58,30.7551,22.54,29.42
12/19/2011,24.92,30.9926,25.14,32.3923,25.38,32.4687,24.38,30.43
12/16/2011,24.29,31.1426,24.16,30.9885,25.02,31.3742,23.51,29.73
12/15/2011,25.11,31.424,24.38,31.9382,25.28,32.7231,24.14,31.14
12/14/2011,26.04,34.4891,26.16,33.3924,27.55,34.6899,25.76,32.25
12/13/2011,25.41,33.6736,24.72,34.8162,26.28,35.3631,23.27,33.67
12/12/2011,25.67,36.2503,26.78,35.3553,27.73,36.5203,25.64,34.97
12/9/2011,26.38,34.9028,29.61,38.4767,29.61,38.4932,26.29,34.9
12/8/2011,30.59,39.3825,29.63,37.0664,30.91,39.6298,29.47,36.79
12/7/2011,28.67,37.2166,28.61,36.0752,29.58,38.6788,28.44,35.95
12/6/2011,28.13,36.9213,27.91,37.0721,28.13,37.4998,27.41,36.46
12/5/2011,27.84,35.9744,26.74,36.1181,28.31,36.468,26.52,35.29
12/2/2011,27.52,35.6881,26.26,35.729,27.62,35.851,25.29,34.38
12/1/2011,27.41,36.5396,27.63,37.19,27.89,37.9141,26.64,35.93
11/30/2011,27.8,37.0829,27.72,38.7369,28.33,39.2962,27.51,35.77
11/29/2011,30.64,38.6637,31.76,38.8932,32.02,39.9688,30.56,37.78
11/28/2011,32.13,38.9704,31.93,40.1106,33.11,40.4026,31.57,38.97
11/25/2011,34.47,40.8202,34.61,39.9478,34.77,41.9636,33.12,39.92
11/24/2011,,40.3246,,39.57,,42.7362,,39.26
11/23/2011,33.98,40.9728,32.91,39.9072,34.57,41.015,32.68,38.5
11/22/2011,31.97,39.5623,33.12,39.1415,33.39,40.5442,31.28,38.36
11/21/2011,32.91,41.2081,34.59,40.1542,35.29,41.9907,32.53,40.15
11/18/2011,32,38.2997,33.16,39.6958,33.99,39.714,31.92,37.37
11/17/2011,34.51,39.0576,33.15,37.8865,36.46,40.5789,32.89,37.85
11/16/2011,33.51,38.0763,32.66,38.8668,33.51,40.3419,30.54,37.23
11/15/2011,31.22,39.6113,31.74,40.2434,32.55,42.9256,30.4,39.37
11/14/2011,31.13,40.1517,31.42,38.6542,32.85,41.2107,31.13,38.64
11/11/2011,30.04,39.5323,29.91,42.0763,30.42,42.0763,29.45,38.4
11/10/2011,32.81,43.7184,33.09,43.6205,35.5,44.338,32.12,40.64
11/9/2011,36.16,41.7228,31.32,38.3633,36.43,43.7764,30.98,37.93
11/8/2011,27.48,39.6689,29.34,40.624,30.49,40.7765,27.47,38.22
11/7/2011,29.85,42.2205,31.4,43.9635,32.15,44.6855,29.85,41.29
11/4/2011,30.16,41.4944,31.46,38.5074,32.56,42.2073,30.14,37.65
11/3/2011,30.5,40.054,31.38,44.5114,34.65,44.5114,30.21,39.73
11/2/2011,32.74,42.1425,33.53,39.6861,34.27,44.3222,32.55,39.64
11/1/2011,34.77,42.9562,36.03,42.2523,37.53,44.679,33.87,39.84
10/31/2011,29.96,35.1198,27.09,32.8799,29.97,35.1674,27.01,32.81
10/28/2011,24.53,31.2429,26.02,29.3704,26.02,31.4681,24.44,28.29
10/27/2011,25.46,30.3371,24.72,31.0282,26.46,31.9677,24.7,30.32
10/26/2011,29.86,37.7721,30.44,37.6672,33.3,38.9421,29.63,36.03
10/25/2011,32.22,37.8419,30.68,37.5333,32.46,39.0376,30.32,35.62
10/24/2011,29.26,37.3083,31.67,39.288,31.7,39.6786,28.84,37.08
10/21/2011,31.32,40.7402,32.76,43.2301,32.98,43.2358,31.32,39.1
10/20/2011,34.78,44.6144,34.44,41.8466,36.87,45.3271,34.16,40.54
10/19/2011,34.44,39.8925,32.92,38.3632,35.47,39.8925,31.91,36.6
10/18/2011,31.56,39.665,33.37,41.5311,34.71,42.4438,29.69,38.91
10/17/2011,33.39,38.8089,30.35,34.9372,33.39,39.6859,30.12,32.35
10/14/2011,28.24,34.9396,29.07,37.7857,29.96,38.2954,28.08,33.95
10/13/2011,30.7,38.7483,31.99,35.9402,32.76,39.1565,30.48,35.21
10/12/2011,31.26,35.7679,31.57,38.3476,31.93,38.6049,29.79,35.18
10/11/2011,32.86,38.1751,33.95,38.5134,34.24,39.6972,32.62,38.01
10/10/2011,33.02,37.9148,35.45,41.0083,35.45,41.3937,32.96,37.45
10/7/2011,36.2,40.5639,35.67,42.3241,37.82,42.4423,35.19,39.64
10/6/2011,36.27,42.6277,38.24,45.0548,38.74,45.6528,36.15,42.62
10/5/2011,37.81,45.597,40.73,48.3171,41.2,49.0231,37.51,45.56
10/4/2011,40.82,50.4407,46.18,50.0911,46.88,52.6209,40.02,49.93
10/3/2011,45.45,48.6534,44.25,50.3126,45.55,50.3126,41.51,48.19
9/30/2011,42.96,46.6796,40.93,44.9455,42.99,47.0468,39.88,44.33
9/29/2011,38.84,44.442,38.62,46.0191,42,46.7017,38.03,43.42
9/28/2011,41.08,46.3864,37.7,44.7474,41.24,46.788,36.65,44.08
9/27/2011,37.71,45.5196,36.59,46.7813,38.57,47.3021,35.32,45.03
9/26/2011,39.02,49.2866,40.99,50.4688,43.34,50.4762,39.02,47.9
9/23/2011,41.25,48.5408,42.17,46.6522,42.82,51.6603,40.42,46.5
9/22/2011,41.35,47.781,41,46.2801,43.87,48.8386,39.33,45.59
9/21/2011,37.32,44.1387,33,42.9573,37.32,44.1818,32.45,42.46
9/20/2011,32.86,42.7855,32.42,45.3149,33.14,45.4953,31.45,42.55
9/19/2011,32.73,45.6132,34.8,45.8163,35.33,47.4744,32.35,45.01
9/16/2011,30.98,42.963,31.81,41.8781,32.48,43.6327,30.43,40.69
9/15/2011,31.97,42.2886,33.43,44.509,33.98,44.6633,31.75,41.12
9/14/2011,34.6,46.7296,36.59,48.8595,37.76,49.6349,33.4,46.72
9/13/2011,36.91,49.1151,38.68,51.3636,39.43,55.5178,36.69,48.37
9/12/2011,38.59,53.5472,42.56,54.6401,43.18,56.3394,38.58,52.23
9/9/2011,38.52,49.7943,35.53,41.1444,40.74,49.8128,35.53,41.08
9/8/2011,34.32,41.6299,34.41,42.0225,34.71,43.6381,32.79,41.06
9/7/2011,33.38,43.4696,34.24,45.2486,34.7,45.4943,33.38,43.41
9/6/2011,37,47.8677,39.84,46.1818,39.86,49.8557,37,44.92
9/5/2011,,46.8414,,44.0896,,48.9737,,43.93
9/2/2011,33.92,40.0959,34.29,37.962,34.74,41.2193,32.7,37.93
9/1/2011,31.82,36.5683,31.91,35.7057,32.38,38.9228,30.76,35.06
8/31/2011,31.62,35.6495,31.2,37.7226,32.53,37.7487,30.16,34.17
8/30/2011,32.89,38.1572,32.97,37.3693,33.55,39.5726,31.55,37.36
8/29/2011,32.28,39.2544,33.81,41.6184,33.81,41.6184,32.21,38.6
8/26/2011,35.59,43.5524,41.18,45.4743,43.84,49.1102,34.33,43.19
8/25/2011,39.76,44.3803,34.43,40.951,40.14,45.342,34.05,40.26
8/24/2011,35.9,42.1282,37.12,44.0433,37.38,44.9189,34.55,41.31
8/23/2011,36.27,44.353,41.89,43.4121,42.54,46.6037,35.83,42.08
8/22/2011,42.44,46.5895,38.8,47.4432,43.58,47.4432,38.78,43.51
8/19/2011,43.05,47.306,45.34,50.9294,45.4,56.2827,39.99,44.31
8/18/2011,42.67,47.1694,36.77,36.3157,45.28,48.8628,36.69,35.95
8/17/2011,31.58,35.0436,32.09,38.4244,33.32,39.1424,30.81,34.53
8/16/2011,32.85,38.0487,33.36,40.9758,34.49,42.5076,31.68,37.97
8/15/2011,31.87,40.353,34.73,42.9773,34.83,43.4438,31.47,39.63
8/12/2011,36.36,44.8485,37.08,49.4584,37.85,50.3745,34.01,44.08
8/11/2011,39,48.7042,41.94,45.544,42.88,55.0625,37.5,43.8
8/10/2011,42.99,49.4966,39.33,42.8478,44.41,50.922,37.34,40.11
8/9/2011,35.06,46.3979,42.12,42.8031,47.56,59.8016,34.28,42.69
8/8/2011,48,45.3038,36.9,39.0083,48,46.1106,35.29,37.32
8/5/2011,32,39.2459,28.48,37.3991,39.25,40.0615,27.54,35.19
8/4/2011,31.66,34.629,24.57,27.8962,32.07,34.7421,24.31,27.82
8/3/2011,23.38,29.7215,23.58,31.0038,25.23,31.1567,22.76,28.26
8/2/2011,24.79,29.346,24.22,30.0482,24.79,30.5871,22.65,28.36
8/1/2011,23.66,29.0047,22.63,25.44,25.63,29.5822,22.46,25.41
7/29/2011,25.25,27.6238,25.28,28.1563,25.94,29.355,23.65,27.16
7/28/2011,23.74,26.5424,22.83,27.0171,23.99,28.2626,21.2,26.19
7/27/2011,22.98,26.0272,20.87,25.1593,23.2,26.9658,20.87,25
7/26/2011,20.23,24.0382,19.75,23.8479,20.5,25.0774,19.56,23.72
7/25/2011,19.35,24.5023,19.26,23.91,19.5,24.8761,18.73,23.58
7/22/2011,17.52,22.4011,17.22,21.9809,17.95,23.1845,17.14,21.42
7/21/2011,17.56,23.8296,18.61,27.0181,18.63,29.5427,17.15,23.42
7/20/2011,19.09,27.6533,18.81,27.7342,19.65,28.6235,18.61,26.88
7/19/2011,19.21,28.9959,20.14,30.0314,20.43,30.0314,19.12,27.84
7/18/2011,20.95,31.0008,21.25,30.0779,21.93,31.5691,20.9,30.04
7/15/2011,19.53,28.1168,20.25,28.7799,21.68,29.6554,19.52,27.36
7/14/2011,20.8,27.271,20.08,27.6023,21.58,28.816,19.35,26.7
7/13/2011,19.91,26.4656,19.08,27.8427,20.16,27.8779,18.09,26.16
7/12/2011,19.87,28.2541,19.55,31.2285,20.13,32.9494,18.25,28.13
7/11/2011,18.39,26.2613,17.44,24.0371,19.06,27.1647,17.16,23.96
7/8/2011,15.95,22.4146,17.14,20.2589,17.14,22.5647,15.95,20.25
7/7/2011,15.95,20.5946,15.3,20.6548,16.13,21.077,15.3,19.93
7/6/2011,16.34,20.9197,16.46,20.9292,17.08,21.9595,16.32,20.87
7/5/2011,16.06,20.2611,16.32,20.1251,16.5,20.5543,15.89,19.81
7/4/2011,,19.7265,,20.2859,,20.4329,,19.64
7/1/2011,15.87,19.7294,16.06,21.444,16.29,21.6597,15.12,19.28
6/30/2011,16.52,21.5622,16.67,23.2443,16.77,23.2443,15.88,21.51
6/29/2011,17.27,24.061,18.62,26.1733,18.83,26.5492,16.32,23.84
6/28/2011,19.17,27.6888,20.3,27.5329,20.45,28.8336,19.17,27.14
6/27/2011,20.56,28.2016,21.6,28.076,21.82,28.5298,20.27,27.44
6/24/2011,21.1,27.1728,19.2,25.1218,21.28,28.4645,19.1,24.73
6/23/2011,19.29,27.3023,20.23,24.4922,21.5,27.5229,19.22,24.49
6/22/2011,18.52,23.3426,18.86,24.1783,18.9,24.4951,17.72,23.29
6/21/2011,18.86,24.7477,19.46,24.4979,19.46,25.3344,17.72,23.94
6/20/2011,19.99,25.5434,22.99,26.9697,23.08,27.5501,19.99,25.47
6/17/2011,21.85,24.25,21.56,25.6717,22.39,26.8249,21.01,23.77
6/16/2011,22.73,24.4295,21.37,24.8583,24.65,25.9184,20.81,24.11
6/15/2011,21.32,23.0617,19.31,21.763,21.66,23.2784,19.03,21.62
6/14/2011,18.26,21.3224,18.56,21.8294,18.56,21.9097,17.8,21.12
6/13/2011,19.61,22.8375,19.1,23.2123,20.02,23.3574,18.41,22.55
6/10/2011,18.86,22.6181,17.93,21.009,19.16,23.0424,17.93,20.57
6/9/2011,17.77,20.9443,18.2,21.9348,18.31,22.702,17.26,20.91
6/8/2011,18.79,22.6861,18.15,22.5552,18.83,23.6449,17.72,22.35
6/7/2011,18.07,22.3739,18.13,22.8191,18.48,22.8191,17.39,22.04
6/6/2011,18.49,23.1505,18.42,23.1564,18.65,23.8146,17.65,22.94
6/3/2011,17.95,22.6548,18.23,22.7292,19.87,23.9634,17.12,22.2
6/2/2011,18.09,22.8441,17.92,22.071,18.72,22.8779,17.39,21.76
6/1/2011,18.3,20.9271,15.95,20.2115,18.48,21.4738,15.95,19.84
5/31/2011,15.45,20.353,15.85,20.5052,16.5,20.7003,15.15,19.99
5/30/2011,,21.7424,,21.6948,,21.9247,,21.38
5/27/2011,15.98,21.4688,16.11,21.512,16.27,22.6972,15.36,21.26
5/26/2011,16.09,22.7415,17.17,22.0739,17.46,23.4523,15.9,21.62
5/25/2011,17.07,22.6511,18.26,24.3895,18.26,24.4218,16.7,22.61
5/24/2011,17.82,23.767,18.07,23.8466,18.19,24.0687,17,23.27
5/23/2011,18.27,24.7811,20.03,24.8457,20.03,25.4102,17.47,24.57
5/20/2011,17.43,22.3836,15.88,20.3274,17.43,22.5342,15.7,19.55
5/19/2011,15.52,21.0276,15.9,21.6886,16.56,22.1302,15.5,20.38
5/18/2011,16.23,22.356,17.56,21.8235,17.68,23.7907,16.03,21.74
5/17/2011,17.55,23.103,18.54,22.691,19.09,23.3238,17.47,21.72
5/16/2011,18.24,22.3774,17.86,23.4118,18.25,23.9032,16.61,22.15
5/13/2011,17.07,22.0822,16.02,21.218,17.56,22.3085,15.98,20.61
5/12/2011,16.03,21.8671,17.27,22.0984,17.89,23.1921,16.03,21.87
5/11/2011,16.95,21.0675,16.27,21.0957,17.49,21.5662,16.23,20.49
5/10/2011,15.91,21.5022,16.84,21.9271,16.9,22.1443,15.79,20.99
5/9/2011,17.16,22.5141,18.59,21.5665,18.59,22.9534,17.04,20.83
5/6/2011,18.4,19.9772,17.17,22.3599,19.29,22.386,16.12,19.89
5/5/2011,18.2,22.5461,17.68,21.6684,19.11,23.5143,16.74,21.38
5/4/2011,17.08,21.8564,16.84,20.3269,17.72,22.048,16.83,19.86
5/3/2011,16.7,20.7988,16.35,19.6643,17.29,20.8254,16.13,19.63
5/2/2011,15.99,19.6212,15.07,18.8631,16.13,19.6261,15.07,18.61
4/29/2011,14.75,18.4785,14.56,18.8048,14.99,19.1461,14.49,18.28
4/28/2011,14.62,18.8269,15.54,18.9463,15.54,19.4745,14.27,18.68
4/27/2011,15.35,19.8336,15.37,19.1849,16.42,20.0605,15.13,18.64
4/26/2011,15.62,19.4866,15.36,20.4384,15.66,20.4703,15.07,19.43
4/25/2011,15.77,,15.64,,16.06,,15.5,
4/21/2011,14.69,18.9266,14.71,18.2952,15.23,19.0135,14.4,18.02
4/20/2011,15.07,19.0849,14.31,18.9948,15.39,19.2258,14.3,17.32
4/19/2011,15.83,20.8171,16.62,21.6882,16.72,21.8174,15.69,20.54
4/18/2011,16.96,22.7879,18.3,19.554,19.07,23.0966,16.81,19.46
4/15/2011,15.32,18.8037,15.97,20.6424,15.98,20.768,14.92,18.66
4/14/2011,16.27,20.7375,17.77,20.8148,18.08,21.8029,16.08,20.55
4/13/2011,16.92,21.1973,16.33,21.5383,17.38,21.8367,16.2,20.8
4/12/2011,17.09,22.4991,17.58,21.201,18.46,22.9433,16.88,20.86
4/11/2011,16.59,19.98,16.74,20.3972,17.05,20.8724,16.22,19.9
4/8/2011,17.87,19.9611,16.51,20.0884,18.33,20.2927,16.51,19.83
4/7/2011,17.11,21.0214,16.92,19.8484,17.77,21.2473,16.49,19.55
4/6/2011,16.9,20.155,16.75,20.4501,17.15,21.0371,16.5,19.81
4/5/2011,17.25,20.5154,17.87,20.8781,17.87,21.486,16.5,20.49
4/4/2011,17.5,20.6621,17.63,21.3446,17.85,21.3846,17.39,20.5
4/1/2011,17.4,20.4234,16.68,21.607,17.62,21.8914,16.44,20.17
3/31/2011,17.74,22.08,17.9,21.2535,17.95,22.532,17.41,21.05
3/30/2011,17.71,21.4727,17.82,21.5371,17.89,22.0968,17.37,21.31
3/29/2011,18.16,22.4978,19.17,22.3617,19.78,23.7223,18.15,22.28
3/28/2011,19.44,22.4799,18.31,23.2007,19.44,23.3967,17.96,22.39
3/25/2011,17.91,22.0837,17.87,21.9163,18.08,22.603,17.07,21.79
3/24/2011,18,22.1,18.45,23.9213,18.99,23.9926,17.87,21.98
3/23/2011,19.17,23.9226,20.59,24.4574,21.05,25.3635,18.19,23.87
3/22/2011,20.21,24.3914,20.53,23.9617,20.59,24.7543,19.97,23.26
3/21/2011,20.61,25.2355,22.1,27.3949,22.16,27.4015,20.48,25.24
3/18/2011,24.44,28.5337,23.9,28.6697,24.85,29.0614,23.09,27.04
3/17/2011,26.37,30.6133,26.94,33.6675,27.54,34.8462,25.44,30.16
3/16/2011,29.4,35.2293,24.65,29.6501,31.28,35.5367,24.04,28.97
3/15/2011,24.32,31.0104,25.66,29.363,25.72,39.3709,23.31,29.12
3/14/2011,21.13,26.7431,21.79,25.9119,22.74,27.1386,20.92,24.92
3/11/2011,20.08,24.7086,21.72,25.1069,21.75,25.3953,19.97,24.5
3/10/2011,21.88,24.1369,21.37,24.4582,22.25,25.1939,20.34,23.71
3/9/2011,20.22,23.4775,20.05,23.4347,20.96,23.924,19.41,22.62
3/8/2011,19.82,23.4535,20.58,23.7959,21.06,24.9796,19.15,23.38
3/7/2011,20.66,24.4135,19.37,24.7615,21.77,24.9556,18.95,22.98
3/4/2011,19.06,23.6358,18.56,23.3157,20.33,23.9906,18.31,22.44
3/3/2011,18.6,23.9314,19.27,24.0249,19.27,24.7478,18.25,22.95
3/2/2011,20.7,24.5965,20.73,24.8863,21.14,25.832,19.62,24.16
3/1/2011,21.01,23.82,17.63,21.8741,21.01,24.5611,17.63,21.45
2/28/2011,18.35,22.7141,19.12,23.8097,19.27,24.4204,18.14,22.02
2/25/2011,19.22,23.1032,20.41,24.1704,20.44,24.2727,18.88,22.73
2/24/2011,21.32,24.9885,22.28,26.2119,22.71,26.3133,20.81,24.91
2/23/2011,22.13,24.9891,20.84,24.122,23.22,25.2901,20.3,23.28
2/22/2011,20.8,23.9321,19.46,23.6803,21.45,24.5943,18.38,23.21
2/21/2011,,22.1446,,20.6192,,22.209,,20.01
2/18/2011,16.43,19.6952,16.59,19.8485,16.91,20.9026,16.05,19.56
2/17/2011,16.59,19.9957,17.01,19.1845,17.3,20.6643,15.88,19.18
2/16/2011,16.72,19.1885,16.31,20.1176,16.74,20.1281,15.84,18.94
2/15/2011,16.37,20.4386,16.3,20.8245,16.75,20.8245,16.27,20.02
2/14/2011,15.95,20.7408,16.07,19.8265,16.26,20.9616,15.22,19.82
2/11/2011,15.69,19.946,16.53,20.2905,16.53,20.8378,15.55,19.65
2/10/2011,16.09,19.7522,16.74,19.8638,17.07,21.0376,16,19.74
2/9/2011,15.87,19.7493,16.27,20.1086,16.52,20.1469,15.86,19.4
2/8/2011,15.81,20.206,16.29,20.3477,16.6,20.6394,15.81,20.05
2/7/2011,16.28,20.3702,16.14,21.1168,16.54,21.147,15.9,20.08
2/4/2011,15.93,20.8982,16.64,21.6555,16.74,21.7911,15.89,20.62
2/3/2011,16.69,22.0919,17.53,21.7509,17.8,22.3942,16.61,21.71
2/2/2011,17.3,21.6554,17.82,21.6389,17.84,22.1098,17.28,21.33
2/1/2011,17.63,22.1521,18.59,22.4832,18.63,22.9741,17.4,21.62
1/31/2011,19.53,22.7339,19.61,23.869,19.96,24.6639,18.93,22.34
1/28/2011,20.04,22.1322,15.94,21.4277,20.08,22.2276,15.92,20.77
1/27/2011,16.15,21.1087,16.84,21.7181,16.89,21.7508,16.13,20.43
1/26/2011,16.64,21.5269,17,21.0364,17.42,21.5619,16.59,20.6
1/25/2011,17.59,21.5594,18.22,20.2047,18.55,21.6363,17.59,20.2
1/24/2011,17.65,20.3845,18.78,20.3145,18.93,21.348,17.56,20.26
1/21/2011,18.47,19.8027,17.03,20.3455,18.61,20.6209,16.6,18.97
1/20/2011,17.99,21.1074,17.81,21.2405,18.85,21.7491,17.65,20.55
1/19/2011,17.31,21.2715,15.89,20.1938,17.67,21.3095,15.86,19.82
1/18/2011,15.87,20.1918,16.19,20.7335,16.2,20.7467,15.71,19.88
1/17/2011,,21.1731,,21.1701,,21.6381,,21.06
1/14/2011,15.46,20.4446,16.67,21.6294,16.71,21.8358,15.37,20.44
1/13/2011,16.39,21.4741,16.51,22.1739,16.78,22.3888,16.14,21.4
1/12/2011,16.24,22.2715,16.26,23.6295,16.5,23.6311,16.17,22.02
1/11/2011,16.89,23.8595,16.61,25.3863,17.35,25.5103,16.6,23.84
1/10/2011,17.54,25.7194,18.35,25.2709,18.63,26.1,17.54,25.12
1/7/2011,17.14,23.9501,17.31,23.3132,18.07,24.6843,16.57,23.08
1/6/2011,17.4,23.3018,16.8,22.8062,17.56,23.4248,16.79,22.07
1/5/2011,17.02,23.0796,17.81,23.4003,17.95,24.5726,16.86,23.03
1/4/2011,17.38,23.156,17.34,23.3677,18.24,23.8227,17.33,22.29
1/3/2011,17.61,23.6239,17.94,24.2291,17.95,24.2526,17.29,23.16
12/31/2010,17.75,,17.91,,18.13,,17.75,
12/30/2010,17.52,23.9165,17.65,22.0515,17.89,24.1887,17.46,22.05
12/29/2010,17.28,22.009,17.49,22.2507,17.49,22.2664,17.02,21.63
12/28/2010,17.52,22.5709,17.3,22.2195,17.99,22.683,17.3,22.03
12/27/2010,17.67,22.5773,18.26,22.721,18.32,22.9083,17.66,22.49
12/23/2010,16.47,19.5693,15.44,18.5765,16.86,19.6503,15.4,18.58
12/22/2010,15.45,18.5947,16.52,18.3669,16.56,18.994,15.45,17.89
12/21/2010,16.49,18.4719,16.2,18.339,16.62,18.5238,16.08,18.07
12/20/2010,16.41,18.68,16.22,20.1256,16.86,20.1281,15.78,18.45
12/17/2010,16.11,19.2522,17.62,18.4088,17.64,19.5061,15.54,18.14
12/16/2010,17.39,18.3588,18.03,18.6419,18.27,18.8482,17.22,17.89
12/15/2010,17.94,19.8565,17.99,20.3306,18.14,21.2223,17.37,19.66
12/14/2010,17.61,19.7225,17.6,20.2121,17.95,20.8266,17.22,19.7
12/13/2010,17.55,20.4241,16.82,21.2982,17.67,21.4747,16.68,20.25
12/10/2010,17.61,21.1483,17.06,21.3535,17.63,21.7333,17.06,21.1
12/9/2010,17.25,21.6528,17.32,21.6953,17.84,22.2385,17.24,21.34
12/8/2010,17.74,22.4882,17.97,23.5555,18.32,23.7445,17.69,22.09
12/7/2010,17.99,23.3351,17.13,24.1451,18.15,24.529,17.13,22.82
12/6/2010,18.02,24.7228,18.8,24.6361,18.85,25.5218,17.95,24.23
12/3/2010,18.01,23.8826,19.26,25.274,19.28,25.4018,17.71,23.7
12/2/2010,19.39,25.3572,21.13,27.7796,21.13,29.1283,19.1,25.34
12/1/2010,21.36,28.1338,21.19,29.6638,21.43,29.924,20.4,27.89
11/30/2010,23.54,31.0728,23.27,30.1477,23.79,32.3672,22.42,30.15
11/29/2010,21.53,30.6685,23.15,27.6985,23.84,31.1045,21.38,26.91
11/26/2010,22.22,28.4384,21.17,26.5803,22.22,29.126,20.28,26.08
11/25/2010,,25.4157,,26.0766,,26.8512,,25.26
11/24/2010,19.56,26.378,19.42,27.0954,19.61,28.4866,18.73,25.82
11/23/2010,20.63,27.629,20.25,24.6968,21.45,28.2873,20.24,24.58
11/22/2010,18.37,23.3719,19.45,21.4097,20.14,23.6121,18.35,21.34
11/19/2010,18.04,22.0588,19.15,22.4142,19.72,23.7762,17.76,22.02
11/18/2010,18.75,22.9185,20.31,23.9038,20.31,23.9126,18.75,22.65
11/17/2010,21.76,24.7764,22.19,26.1312,22.21,26.1476,21.22,24.76
11/16/2010,22.58,26.3614,21.26,24.5151,23.07,26.4204,20.95,24.12
11/15/2010,20.2,23.6229,20.33,25.7171,20.37,25.7673,19.14,23.35
11/12/2010,20.61,24.6155,19.59,25.5071,21.23,25.6961,19.29,23.68
11/11/2010,18.64,23.4862,19.44,22.483,19.75,24.3231,18.48,22.4
11/10/2010,18.47,22.6167,18.94,20.9943,19.96,23.6086,18.41,20.69
11/9/2010,19.08,20.6317,18.51,21.8393,19.39,21.918,17.83,20.34
11/8/2010,18.29,21.7672,19.33,22.4808,19.35,22.6865,18.21,21.69
11/5/2010,18.26,21.8485,18.07,21.2526,18.44,22.167,17.92,20.74
11/4/2010,18.52,21.5165,18.03,21.9415,18.8,22.1414,17.97,21.27
11/3/2010,19.56,25.4353,21.66,23.8172,22.02,25.4554,19.54,23.49
11/2/2010,21.57,23.8859,21.34,24.6871,21.82,24.6871,21.22,23.65
11/1/2010,21.83,24.6186,21.65,23.7387,22.54,25.1366,20.92,23.51
10/29/2010,21.2,23.3884,21.2,22.9721,21.4,23.8246,20.86,22.75
10/28/2010,20.88,22.81,20.28,23.1529,21.41,23.5496,20.18,22.6
10/27/2010,20.71,23.9142,21.11,22.9236,22.37,24.1894,20.69,22.21
10/26/2010,20.22,22.1475,20.52,22.2853,21.01,22.9773,20.22,22.12
10/25/2010,19.85,22.0429,19.22,22.1039,19.88,22.3715,18.86,21.86
10/22/2010,18.78,21.7654,19.36,21.7829,19.36,21.8556,18.76,21.13
10/21/2010,19.27,22.0435,19.7,21.6971,20.53,22.0997,18.93,21.13
10/20/2010,19.79,21.7151,21.2,22.2411,21.2,22.3329,19.67,21.22
10/19/2010,20.63,22.0645,20.7,21.7771,21.35,22.2419,19.33,20.8
10/18/2010,19.09,21.3909,20.43,22.6181,20.71,22.7325,18.88,21.17
10/15/2010,19.03,21.5816,20.2,21.3288,21.59,22.6466,19.02,21.18
10/14/2010,19.88,21.4778,19.59,20.4356,21.02,21.8102,19.4,19.88
10/13/2010,19.07,21.7702,17.92,22.2846,19.16,22.3326,17.9,21.41
10/12/2010,18.93,22.751,20,23.2959,20.1,23.953,18.55,22.66
10/11/2010,18.96,22.5377,19.33,23.4636,19.51,23.5004,18.8,22.43
10/8/2010,20.71,22.8174,21.58,24.2613,21.64,24.33,20.29,22.82
10/7/2010,21.56,23.9852,21.31,24.5843,22.16,25.2333,21.28,23.69
10/6/2010,21.49,24.6471,21.82,24.7434,22.13,24.8669,21.46,24.07
10/5/2010,21.76,25.113,22.52,27.1617,23.08,27.2569,21.71,24.91
10/4/2010,23.53,27.0484,23.63,27.1098,24.34,28.2456,23.3,26.67
10/1/2010,22.5,26.3651,22.9,25.2832,23.67,26.6225,22.46,25.07
9/30/2010,23.7,26.1124,22.85,25.8071,24.52,26.2891,22.39,24.46
9/29/2010,23.25,25.0618,23.14,24.1959,23.45,25.5963,22.72,24.17
9/28/2010,22.6,24.7616,22.92,25.4019,24.28,26.2368,22.4,24.42
9/27/2010,22.54,24.559,22.58,24.2885,22.75,24.7761,21.97,23.87
9/24/2010,21.71,23.6604,22.61,25.5721,22.61,25.9556,21.71,23.57
9/23/2010,23.87,25.563,23.91,24.8041,24.06,27.3148,22.56,24.78
9/22/2010,22.51,25.4218,22.56,24.7065,23.19,26.1847,21.91,24.68
9/21/2010,22.35,25.0769,21.54,24.434,22.59,25.0769,21.42,23.9
9/20/2010,21.5,24.1468,22.47,25.1882,22.58,25.2889,21.25,23.8
9/17/2010,22.01,24.5388,21.65,23.3865,22.56,25.9558,21.63,23.08
9/16/2010,21.72,24.0703,22.65,23.7025,22.83,24.4864,21.71,23.46
9/15/2010,22.1,23.5735,22.55,23.966,22.8,24.6279,22.1,23.48
9/14/2010,21.56,23.2662,21.69,23.6687,21.97,24.3001,20.85,23.18
9/13/2010,21.21,23.7725,21.06,24.6202,22.05,24.6659,20.93,23.51
9/10/2010,21.99,24.6199,22.64,24.0927,22.87,24.7857,21.76,23.95
9/9/2010,22.81,24.2136,22.22,25.2252,23.24,25.4426,22.14,23.92
9/8/2010,23.25,24.858,23.51,25.514,23.56,26.8942,22.92,24.83
9/7/2010,23.8,25.2572,22.77,24.8767,23.94,25.855,22.77,24.85
9/6/2010,,24.4704,,24.9198,,24.9477,,24.31
9/3/2010,21.31,24.5597,21.99,25.8018,22.78,25.8534,21.24,23.87
9/2/2010,23.19,25.9121,24.23,26.2298,24.31,26.7048,23.15,25.91
9/1/2010,23.89,26.2515,25.13,28.7165,25.13,29.152,23.86,25.82
8/31/2010,26.05,29.3735,27.58,30.4872,27.83,30.6913,25.93,29.19
8/30/2010,27.21,29.0896,25.88,28.6388,27.21,29.1823,25.41,28.31
8/27/2010,24.45,28.3184,26.5,30.075,28.11,30.6066,24.41,28.26
8/26/2010,27.37,29.9828,26.45,30.0504,27.55,30.6552,25.86,29.2
8/25/2010,26.7,30.8373,28.3,30.4698,28.92,32.2038,26.46,29.53
8/24/2010,27.46,30.0343,27.91,29.3264,28.77,31.2063,26.32,29.33
8/23/2010,25.66,28.2907,25.97,29.5833,25.97,29.7866,24.62,27.33
8/20/2010,25.49,29.0491,26.73,28.9503,27,30.468,25.49,28.95
8/19/2010,26.44,29.33,24.48,26.1601,26.78,29.4344,24.26,25.74
8/18/2010,24.59,26.7371,24.3,28.268,25.23,28.766,23.4,26.58
8/17/2010,24.33,27.7678,24.72,29.4114,24.89,29.4838,23.71,27.73
8/16/2010,26.1,29.9967,27.41,29.8268,28.1,31.2318,25.38,29.38
8/13/2010,26.24,29.1965,26.08,28.4146,26.26,30.9888,25.45,27.95
8/12/2010,25.73,29.3678,27.21,29.712,27.21,30.762,25.18,29.16
8/11/2010,25.39,30.0144,24.96,28.1317,26.1,30.2249,24.96,27.91
8/10/2010,22.37,27.0942,23.3,26.3873,24.11,27.981,22.17,26.38
8/9/2010,22.14,25.8315,21.85,26.8132,22.81,26.8132,21.85,25.71
8/6/2010,21.74,27.1054,23.34,24.8565,23.89,27.7239,21.72,24.57
8/5/2010,22.1,25.1036,23.04,25.6503,23.13,25.7983,22.07,24.14
8/4/2010,22.21,25.4719,22.69,26.3234,23.08,27.1039,22.16,25.32
8/3/2010,22.63,26.1666,22.44,26.3039,23.06,27.1497,21.98,26.1
8/2/2010,22.01,26.3127,23.07,27.7877,23.24,27.9138,21.74,26.25
7/30/2010,23.5,27.1611,25.47,26.804,26.34,28.8268,23.35,26.53
7/29/2010,24.13,27.1207,23.4,26.3842,25.54,27.1207,23.04,25.31
7/28/2010,24.25,26.6136,23.93,25.7657,24.54,26.8841,23.14,25.61
7/27/2010,23.19,26.4061,21.89,25.911,23.57,26.9181,21.86,25.74
7/26/2010,22.73,26.7958,24.37,28.3223,24.61,28.9475,22.7,26.71
7/23/2010,23.47,28.0725,24.79,27.7232,25.17,28.6858,23.32,27.04
7/22/2010,24.63,27.2761,24.37,28.6782,24.85,28.7587,23.72,27.06
7/21/2010,25.64,28.4295,23.61,27.1075,26.63,28.5993,23.59,26.86
7/20/2010,23.93,28.2169,27.35,28.1642,27.4,30.5939,23.79,28.04
7/19/2010,25.97,28.5292,27.02,29.4661,27.3,29.5887,25.12,27.45
7/16/2010,26.25,27.0579,25.77,27.0941,28.16,29.6186,25.71,26.48
7/15/2010,25.14,27.2994,25.08,26.9436,27.24,28.6246,24.74,26.2
7/14/2010,24.89,27.7218,24.61,26.7575,25.8,28.5927,24.18,26.49
7/13/2010,24.56,26.8765,23.29,27.4229,24.57,27.8743,23.12,26.55
7/12/2010,24.43,28.2624,24.66,28.5733,25.14,29.162,23.53,27.83
7/9/2010,24.98,27.9513,25.35,27.8859,25.67,28.436,24.77,27.39
7/8/2010,25.71,29.0105,26.5,29.3905,27.42,29.7345,25.71,28.58
7/7/2010,26.84,30.2616,29.56,31.2131,29.56,32.2065,26.84,29.9
7/6/2010,29.65,31.0215,28.82,31.8866,31.15,31.8963,27.96,29.82
7/5/2010,,32.5953,,33.4016,,33.845,,32.27
7/2/2010,30.12,33.5925,31.71,35.0193,31.88,35.6047,29.35,32.41
7/1/2010,32.86,36.2527,34.41,35.7036,37.58,37.118,32.72,34.4
6/30/2010,34.54,34.3161,33.95,35.0888,34.63,35.2822,31.74,33.58
6/29/2010,34.13,35.0433,31.22,32.0048,35.39,35.4223,31.22,31.65
6/28/2010,29,30.097,29.2,32.2823,29.9,33.0909,28.47,30.03
6/25/2010,28.53,32.1028,29.64,31.5886,30.41,32.5391,28.07,30.53
6/24/2010,29.74,31.3907,27.61,27.9134,30.27,32.1732,27.53,27.9
6/23/2010,26.91,28.6733,26.93,27.8797,28.55,29.5995,26.54,26.95
6/22/2010,27.05,26.419,25.14,27.1812,27.05,28.2645,24.41,26.39
6/21/2010,24.88,26.6207,22.9,26.4362,25.64,27.1607,22.87,26.14
6/18/2010,23.95,26.9603,24.87,28.088,24.88,28.5911,23.3,26.14
6/17/2010,25.05,29.1763,25.59,29.2124,26.64,29.5932,25.05,28.04
6/16/2010,25.92,28.9965,26.72,27.9496,26.72,30.3806,25.34,27.78
6/15/2010,25.87,28.2771,27.68,30.0449,27.84,30.546,25.68,28.1
6/14/2010,28.58,29.638,27.94,30.7119,28.72,30.9782,26.98,29.43
6/11/2010,28.79,31.3614,31.79,32.1073,31.79,33.0497,28.6,30.4
6/10/2010,30.57,33.0699,31,36.6671,31.77,37.165,29.69,32.79
6/9/2010,33.73,36.3198,32.33,39.2628,34.12,41.3634,30.23,36.21
6/8/2010,33.7,41.6163,36.53,40.208,37.38,43.136,33.36,39.73
6/7/2010,36.57,40.8221,35.66,40.8505,36.8,41.386,34.43,38.43
6/4/2010,35.48,37.6914,32.93,32.4238,36.12,38.5881,31.81,31.87
6/3/2010,29.46,33.3359,29.65,31.9567,31.2,33.3965,29.12,31.8
6/2/2010,30.17,35.4258,34.39,36.2024,34.57,37.7941,29.94,35.29
6/1/2010,35.54,35.27,34.87,35.6747,35.68,38.5086,31.82,34.85
5/31/2010,,34.3976,,33.9857,,34.47,,33.4
5/28/2010,32.07,33.8757,30.23,33.3519,33.3,34.0855,29.53,32.42
5/27/2010,29.68,34.9147,30.24,37.2605,31.03,37.983,29.54,34.5
5/26/2010,35.02,40.0068,32.54,41.581,35.02,41.7159,29.39,37.71
5/25/2010,34.61,45.1801,43.15,46.9484,43.74,48.1154,34.59,45.09
5/24/2010,38.32,42.6168,41.74,44.9389,41.74,46.9523,35.57,42.5
5/21/2010,40.1,46.1742,47.66,49.5072,48.2,54.5917,38.95,45.75
5/20/2010,45.79,49.8735,41.79,42.2648,46.37,53.093,40.3,41.65
5/19/2010,35.32,44.7352,34.65,40.1732,38.42,44.9342,33.07,38.91
5/18/2010,33.55,37.2068,28.67,38.8129,34.17,38.8384,28.09,36.19
5/17/2010,30.84,41.8704,31.33,42.6034,35.25,43.1568,30.76,39.47
5/14/2010,31.24,42.5944,28.4,32.8782,33.24,43.098,28.4,32.88
5/13/2010,26.68,31.6534,26.17,31.8437,26.85,33.3807,24.3,31.2
5/12/2010,25.52,34.2833,26.56,39.1749,26.67,39.2434,24.98,33.62
5/11/2010,28.32,39.153,31.04,39.8555,31.04,42.9956,25.86,38.7
5/10/2010,28.84,38.6586,28.65,43.1772,30.6,43.1772,25.68,37.19
5/7/2010,40.95,49.5956,32.76,41.9839,42.15,52.3337,31.71,40.69
5/6/2010,32.8,36.8128,25.88,34.339,40.71,38.0484,24.43,32.91
5/5/2010,24.91,33.2533,25.96,32.672,27.23,35.4914,23.75,32.67
5/4/2010,23.84,33.146,22.46,28.3611,25.7,33.3481,22.46,28.35
5/3/2010,20.19,28.7236,22.41,30.4064,22.41,30.8643,19.61,28.53
4/30/2010,22.05,28.89,18.75,28.9812,22.39,30.0702,18.41,28
4/29/2010,18.44,29.5246,20.37,30.8302,20.37,31.1904,18.44,29.22
4/28/2010,21.08,31.4532,22.08,29.843,23.03,34.1728,20.86,29.68
4/27/2010,22.81,28.556,18.13,24.6911,23.2,28.556,17.94,24.62
4/26/2010,17.47,24.3701,17.52,23.6105,17.53,24.4521,17.07,23.34
4/23/2010,16.62,24.004,16.62,25.4005,16.71,25.4512,16.12,23.63
4/22/2010,16.47,24.7953,17.48,22.4167,18.19,25.6272,16.2,21.68
4/21/2010,16.32,22.4995,15.94,21.0257,16.85,22.5195,15.5,20.97
4/20/2010,15.73,21.0511,16.84,22.247,16.89,22.5759,15.73,21.02
4/19/2010,17.34,23.2228,19.14,23.3459,19.55,24.0401,17.34,22.75
4/16/2010,18.36,22.4362,16.19,20.5881,19.7,22.971,16.11,19.42
4/15/2010,15.89,20.2712,15.87,20.2932,16.25,20.9321,15.68,19.88
4/14/2010,15.59,20.7926,15.8,20.7419,16.2,21.0298,15.55,20.49
4/13/2010,16.2,21.0781,15.98,20.6323,16.77,21.4108,15.81,20.51
4/12/2010,15.58,20.7268,15.67,20.7394,16,21.1973,15.23,20.59
4/9/2010,16.14,20.5366,16.32,21.3226,16.65,21.3556,16.06,20.5
4/8/2010,16.48,22.4955,17.21,21.563,17.8,23.0958,16.3,21.51
4/7/2010,16.62,21.151,16.72,20.3685,17.21,21.399,16.16,20.34
4/6/2010,16.23,20.6297,17.39,20.9108,17.54,21.283,16.08,20.41
4/5/2010,17.02,,17.96,,18.16,,17.02,
4/1/2010,17.47,19.9987,17.01,19.9745,18.09,20.1398,16.79,19.69
3/31/2010,17.59,20.5988,17.66,20.5398,17.92,21.1158,17.29,20.04
3/30/2010,17.13,20.4679,17.64,20.0386,18.08,20.6588,17.13,19.92
3/29/2010,17.59,20.3509,18.17,20.3023,18.28,21.0805,17.57,20.21
3/26/2010,17.77,19.7951,18.27,20.1598,18.69,20.2272,17.35,19.51
3/25/2010,18.4,19.8877,17.07,20.5093,18.54,20.5704,16.62,19.53
3/24/2010,17.55,20.6059,16.85,19.9911,17.92,21.5577,16.83,19.92
3/23/2010,16.35,19.935,16.84,20.9694,17.09,21.0096,16.21,19.93
3/22/2010,16.87,21.0976,18.3,21.7874,18.34,22.4858,16.77,21.07
3/19/2010,16.97,20.4963,16.17,20.5174,17.57,21.0763,16.17,19.59
3/18/2010,16.62,20.7944,16.96,20.9842,16.99,21.1333,16.31,20.58
3/17/2010,16.91,20.4596,16.97,21.1395,17.17,21.1416,16.52,20.34
3/16/2010,17.69,21.5082,17.78,21.9843,18.01,22.0046,17.42,21.4
3/15/2010,18,22.5512,18.28,22.4127,18.78,22.814,17.96,22.16
3/12/2010,17.58,21.9337,17.97,21.401,18.53,22.0446,17.58,21.15
3/11/2010,18.06,21.6064,18.9,21.8589,19.34,22.2211,18.06,21.57
3/10/2010,18.57,21.8234,18,21.8899,18.6,22.1464,17.43,21.56
3/9/2010,17.92,21.9089,18.18,21.6546,18.19,22.6922,17.51,21.64
3/8/2010,17.79,22.1037,17.95,21.439,17.96,22.1713,17.56,21.43
3/5/2010,17.42,20.8733,18.06,22.2355,18.15,22.422,17.23,20.7
3/4/2010,18.72,22.509,18.86,23.0009,19.27,23.1132,18.58,22.3
3/3/2010,18.83,22.5647,18.95,22.9282,19.3,23.4829,18.42,22.41
3/2/2010,19.06,23.0869,18.83,23.8478,19.36,24.1283,18.6,23.08
3/1/2010,19.26,24.2057,19.93,23.9863,19.94,25.2245,19.18,23.93
2/26/2010,19.5,24.3654,19.88,25.0345,20.53,25.3548,19.32,24.1
2/25/2010,20.1,25.7752,22.03,25.2409,22.68,26.7426,20.06,24.59
2/24/2010,20.27,25.0557,21.23,24.9674,21.58,26.2324,20.22,24.67
2/23/2010,21.37,25.2581,20.39,23.2263,21.94,25.5552,20.06,22.97
2/22/2010,19.94,23.8859,20.16,24.5393,21,24.6793,19.59,23.64
2/19/2010,20.02,23.8134,21.07,24.997,21.14,25.5162,19.71,23.76
2/18/2010,20.63,24.5976,21.72,25.3455,22.21,25.6747,20.6,24.56
2/17/2010,21.72,25.6233,22.25,26.0528,22.6,26.0561,21.7,25.26
2/16/2010,22.25,26.7825,23.51,27.4865,23.57,28.4819,22.13,26.76
2/15/2010,,28.3269,,28.4557,,28.6147,,27.95
2/12/2010,22.73,28.4507,23.96,27.667,25.54,29.0952,22.73,27.67
2/11/2010,23.96,29.1073,25.82,28.4282,26.11,30.5792,23.87,28.07
2/10/2010,25.4,29.2527,26.36,28.8864,26.77,29.6353,24.8,28.28
2/9/2010,26,29.5998,26.51,30.1187,26.56,30.3705,24.78,29.11
2/8/2010,26.51,29.9954,26.11,31.245,27.11,31.7404,25.48,29.88
2/5/2010,26.11,30.5511,25.69,30.3225,29.22,32.3786,25.37,29.69
2/4/2010,26.08,29.2653,22.63,25.3137,26.32,29.5287,22.63,25.15
2/3/2010,21.6,25.4074,22.11,24.6821,22.11,25.6058,21.33,24.25
2/2/2010,21.48,24.871,22.59,26.2691,22.99,26.5514,21.08,24.82
2/1/2010,22.59,26.3665,24.33,27.5555,24.33,27.5555,22.58,26.25
1/29/2010,24.62,26.7238,23.73,27.1251,25.03,27.7302,22.11,26.03
1/28/2010,23.73,28.1495,22.79,25.9896,25.3,28.2822,22.69,25.47
1/27/2010,23.14,27.4525,24.81,26.5948,25.69,27.6558,23.14,26.06
1/26/2010,24.55,25.68,26.03,27.4035,26.22,27.4173,22.77,25.54
1/25/2010,25.41,27.0738,27.32,27.4464,27.32,27.482,24.61,26.43
1/22/2010,27.31,27.0923,22.27,25.6687,28.01,28.311,22.27,24.89
1/21/2010,22.27,26.415,18.59,22.5919,22.3,26.415,18.27,22.4
1/20/2010,18.68,23.4058,18.51,20.9971,19.69,23.7706,18.44,20.59
1/19/2010,17.58,20.3124,18.63,21.6119,18.85,22.1418,17.33,19.98
1/18/2010,,20.9832,,22.3647,,22.3932,,20.95
1/15/2010,17.91,22.2754,17.63,20.6054,19.02,22.2754,17.63,20.23
1/14/2010,17.63,20.5491,18.16,21.3461,18.27,21.6943,17.38,20.53
1/13/2010,17.85,22.607,17.94,23.1566,18.72,23.1678,17.56,22.32
1/12/2010,18.25,22.9229,17.95,22.3332,19.46,23.5163,17.95,22.31
1/11/2010,17.55,22.7292,16.93,22.1264,17.74,22.7295,16.86,21.76
1/8/2010,18.13,21.9757,19.27,22.3741,19.27,23.0288,18.11,21.78
1/7/2010,19.06,22.6947,19.68,23.4899,19.71,23.6946,18.7,22.5
1/6/2010,19.16,22.9753,19.59,22.9413,19.68,23.4953,18.77,22.78
1/5/2010,19.35,23.1342,20.05,23.4137,20.13,23.5596,19.34,22.99
1/4/2010,20.04,23.5136,21.68,25.1478,21.68,25.1478,20.03,23.51
12/31/2009,21.68,,19.96,,21.83,,19.89,
12/30/2009,19.96,24.0577,20.36,23.1887,20.44,24.1509,19.93,22.85
12/29/2009,20.01,23.3564,19.87,23.4344,20.12,23.5169,19.62,22.96
12/28/2009,19.93,23.5164,20.29,23.8106,20.53,24.1205,19.9,23.29
12/24/2009,19.47,,19.67,,19.67,,19.25,
12/23/2009,19.71,22.8498,19.54,23.0513,19.97,23.3339,19.35,22.51
12/22/2009,19.54,23.2634,20.39,22.935,20.4,23.4086,19.54,22.72
12/21/2009,20.49,23.3807,21.46,25.3965,21.51,25.4065,20.28,23.35
12/18/2009,21.68,25.1044,21.84,24.0511,23.02,25.1524,21.68,23.2
12/17/2009,22.51,24.101,21.89,23.3854,22.86,24.2479,21.4,23.27
12/16/2009,20.54,23.2551,21.5,23.5861,21.5,23.6065,20.46,22.97
12/15/2009,21.49,23.9015,21.09,24.0887,21.87,25.1534,20.91,23.61
12/14/2009,21.15,24.4541,21.59,24.7835,21.59,25.0103,20.57,24.43
12/11/2009,21.59,25.2094,21.45,25.7499,22.31,25.9548,21.39,24.81
12/10/2009,22.32,26.963,22.66,28.1396,22.66,28.247,21.77,26.73
12/9/2009,22.66,28.3235,23.21,26.8548,24.2,29.3881,22.54,26.6
12/8/2009,23.69,26.6741,23.28,24.8489,23.97,27.3144,22.84,24.09
12/7/2009,22.1,24.8858,22.32,25.617,22.46,26.2608,21.6,24.77
12/4/2009,21.25,24.8832,21.18,26.577,22.76,26.7104,20.62,24.67
12/3/2009,22.46,26.1293,21.15,25.6857,22.5,26.5629,20.61,25.3
12/2/2009,21.12,26.3854,21.89,26.379,22.19,26.9747,21.01,26
12/1/2009,21.92,26.9483,24.51,28.875,24.51,28.875,21.88,26.83
11/30/2009,24.51,30.2813,24.95,28.6591,25.57,31.1486,24.19,28.66
11/27/2009,24.85,28.3598,25.75,32.5358,25.93,32.5358,23.12,27.65
11/26/2009,,30.3482,,24.9153,,31.311,,24.87
11/25/2009,20.48,23.6802,20.23,24.0038,20.57,24.5879,20.05,23.32
11/24/2009,20.47,24.9072,21.28,25.2603,21.87,25.3102,20.35,24.41
11/23/2009,21.16,24.971,21.98,26.2669,21.98,26.2752,20.9,24.49
11/20/2009,22.19,26.5338,23.45,25.7597,23.45,27.247,22.14,25.16
11/19/2009,22.63,26.5245,21.63,25.675,24.2,26.9789,21.63,25.55
11/18/2009,21.63,25.3958,22.35,25.7372,22.65,26.0355,21.63,25.15
11/17/2009,22.41,26.6583,22.81,26.4713,23.33,26.8279,22.27,26.32
11/16/2009,22.89,26.0885,23.36,26.2008,23.42,26.2011,22.76,25.75
11/13/2009,23.36,25.7949,24.25,26.3855,24.43,26.8696,23.22,25.77
11/12/2009,24.24,26.5419,23.04,26.3543,24.61,26.577,22.91,25.63
11/11/2009,23.04,26.5252,22.84,25.8393,23.68,26.5551,22.07,25.5
11/10/2009,22.84,26.3612,23.15,26.3082,23.53,26.5124,22.78,25.85
11/9/2009,23.15,26.3446,24.19,27.5226,24.24,27.5833,23.14,26.27
11/6/2009,24.19,27.4821,26.17,27.9625,26.17,28.981,24.06,27.17
11/5/2009,25.43,28.267,27.28,30.1937,27.39,30.4347,25.41,27.65
11/4/2009,27.72,29.5213,27.88,31.2013,28.19,31.2045,26.61,29.47
11/3/2009,28.81,31.7691,30.62,31.8334,30.8,33.3585,28.77,31.47
11/2/2009,29.78,30.9759,30.7,32.004,31.84,32.004,28.07,30.48
10/30/2009,30.69,31.3257,24.76,27.2853,31.59,31.3343,24.76,26.82
10/29/2009,24.76,27.4348,27.16,29.4223,27.19,29.5002,24.68,27.03
10/28/2009,27.91,28.8978,24.83,28.0071,27.94,29.0465,24.83,27.68
10/27/2009,24.83,27.4338,24.38,26.9824,25.22,27.8119,24.03,26.53
10/26/2009,24.31,27.2798,23.06,25.1633,24.86,27.4142,21.89,24.7
10/23/2009,22.27,24.4296,20.7,23.7383,22.59,24.4296,20.34,23.41
10/22/2009,20.69,24.3875,22.22,25.2475,22.77,25.4635,20.33,24.35
10/21/2009,22.22,23.842,20.9,24.3905,22.48,25.5549,20.1,23.84
10/20/2009,20.9,24.5576,21.55,25.2925,21.76,25.7856,20.9,24.56
10/19/2009,21.49,25.2672,21.41,25.5036,22.46,25.9683,20.91,25.08
10/16/2009,21.43,25.199,21.72,23.962,22.6,25.5709,20.98,23.37
10/15/2009,21.72,24.7769,23.51,24.148,23.53,25.3015,21.49,24.15
10/14/2009,22.86,25.38,22.08,25.7278,22.89,25.9793,22.08,25.28
10/13/2009,22.99,27.0429,23,25.783,24.07,27.0939,22.74,25.37
10/12/2009,23.01,25.8123,23.12,26.8326,23.53,26.8589,22.67,25.62
10/9/2009,23.12,26.2717,24.39,25.9411,24.54,26.7089,22.99,25.48
10/8/2009,24.18,26.0493,24.68,26.4862,24.69,27.1281,23.9,26.05
10/7/2009,24.68,27.2934,25.78,27.0498,25.82,27.554,24.57,26.78
10/6/2009,25.7,27.5164,26.39,28.9412,26.41,28.9412,25.19,27.5
10/5/2009,26.84,29.3201,29.34,31.521,29.34,31.521,26.57,29.19
10/2/2009,28.68,30.1776,29.34,29.8148,29.56,31.1324,27.98,29.81
10/1/2009,28.27,29.224,25.98,26.5307,28.42,29.2902,25.98,26.26
9/30/2009,25.61,26.8181,25.19,25.7706,26.45,27.4015,24.76,25.41
9/29/2009,25.19,26.2436,24.88,26.3515,25.28,26.9363,24.54,26.01
9/28/2009,24.88,26.4844,26.26,28.2968,26.4,29.1647,24.85,26.43
9/25/2009,25.61,27.1017,25.18,27.2682,26.34,27.501,24.81,26.79
9/24/2009,24.95,27.1057,23.67,26.4655,25.37,27.6538,23.44,25.51
9/23/2009,23.49,25.5973,22.9,25.4738,23.69,25.7603,22.19,25.06
9/22/2009,23.08,25.5304,23.81,25.4594,23.98,26.1199,23.06,25.11
9/21/2009,24.06,26.0353,25.34,26.7643,25.51,27.0225,23.71,26.01
9/18/2009,23.92,25.6896,23.65,26.1373,24.43,26.26,23.14,25.39
9/17/2009,23.65,25.9097,23.99,25.6145,24.07,26.4635,23.33,25.61
9/16/2009,23.69,25.9829,23.29,25.7694,23.92,26.486,22.78,25.61
9/15/2009,23.42,26.4976,23.9,26.6253,24.27,27.2478,23.07,26.27
9/14/2009,23.86,26.868,25.39,27.4613,25.39,28.0094,23.75,26.72
9/11/2009,24.15,25.7152,23.49,25.6944,24.33,26.1287,23.21,25.57
9/10/2009,23.55,25.934,24.4,26.0833,24.76,27.1514,22.86,25.81
9/9/2009,24.32,26.3146,25.66,27.5759,25.93,27.7953,24.23,26.29
9/8/2009,25.62,27.4227,25.26,27.6229,26.15,28.3116,25.26,27.17
9/7/2009,,27.843,,27.8343,,28.3561,,27.62
9/4/2009,25.26,28.1169,26.98,29.3691,26.98,29.3691,24.86,28
9/3/2009,27.1,30.3085,28.9,30.8772,28.9,31.0872,26.98,30.1
9/2/2009,28.9,31.124,29.14,32.1965,29.57,32.4468,28.41,31.12
9/1/2009,29.15,31.539,26.01,28.7254,29.23,31.539,26,28.57
8/31/2009,26.01,29.5215,24.76,29.24,27.01,29.5815,24.76,28.71
8/28/2009,24.76,27.5908,24.44,27.2137,25.5,27.7235,24.28,26.98
8/27/2009,24.68,28.0978,25.13,28.1872,25.89,28.7737,24.43,27.67
8/26/2009,24.95,28.367,24.91,28.0419,25.56,28.9189,24.69,27.82
8/25/2009,24.92,27.8497,25.13,28.6107,25.13,28.7091,23.68,27.69
8/24/2009,25.14,28.2983,25.01,27.5104,25.7,28.6501,25.01,27.34
8/21/2009,25.01,26.952,24.49,28.1599,25.06,28.1599,23.91,26.65
8/20/2009,25.09,28.472,26.45,29.2632,26.45,29.6988,24.75,28.41
8/19/2009,26.26,30.4972,28.08,30.8409,28.14,32.1728,26.14,30.38
8/18/2009,26.18,30.4847,27.89,31.2922,27.89,31.3214,26.08,30.23
8/17/2009,27.89,32.1671,24.27,29.4703,28.39,33.1144,24.27,29.09
8/14/2009,24.27,27.52,24.77,26.3518,25.94,27.7297,24.26,25.9
8/13/2009,24.71,26.3011,25.34,26.7086,26.15,27.0895,24.71,26.15
8/12/2009,25.45,27.0173,25.99,27.8826,26.5,28.2604,25.11,27.02
8/11/2009,25.99,27.852,24.98,26.6181,26.98,28.0258,24.98,26.34
8/10/2009,24.99,26.8358,24.76,27.2382,25.82,27.7706,24.76,26.84
8/7/2009,24.76,26.0442,24.71,27.2822,24.95,27.8123,23.98,25.86
8/6/2009,25.67,26.9297,24.9,26.7996,26.15,27.7518,24.47,26.75
8/5/2009,24.9,27.5867,24.91,28.0032,25.85,28.4249,24.86,27.21
8/4/2009,24.89,28.5486,25.55,29.3042,26.16,30.2234,24.89,28.52
8/3/2009,25.56,29.5341,25.92,29.129,26.49,29.5341,25.56,28.55
7/31/2009,25.92,28.1252,25.4,27.3497,26.22,28.1683,24.93,27.03
7/30/2009,25.4,27.0683,25.4,27.3152,25.76,27.8626,25.03,26.46
7/29/2009,25.61,27.7072,25.47,27.8658,26.18,27.8658,25.41,27.11
7/28/2009,25.01,28.1188,24.28,27.2536,25.61,28.361,24.28,27.02
7/27/2009,24.28,27.5235,24.06,27.1636,24.86,28.1306,24.02,27.09
7/24/2009,23.09,26.7054,23.87,27.0446,23.87,27.4129,23,26.36
7/23/2009,23.43,26.8172,23.71,27.3745,24.05,27.4382,23.21,26.35
7/22/2009,23.47,27.6468,24.05,27.5321,24.14,28.6154,23.24,27.42
7/21/2009,23.87,27.5213,24.28,27.0401,25.14,27.9906,23.81,26.61
7/20/2009,24.4,27.2222,25.06,26.8941,25.42,27.7565,24.26,26.26
7/17/2009,24.34,26.0077,25.42,26.6704,25.55,27.3185,23.88,25.92
7/16/2009,25.42,26.8815,25.96,27.0453,26.18,27.5486,24.51,26.43
7/15/2009,25.89,27.7768,25.05,28.8386,26.06,29.1084,23.83,27.63
7/14/2009,25.02,29.6485,26.31,30.5764,26.84,30.8331,24.99,29.62
7/13/2009,26.31,30.922,28.36,33.3323,29.24,33.3323,25.42,30.85
7/10/2009,29.02,32.3493,29.78,32.2625,30.34,32.6862,28.82,31.53
7/9/2009,29.78,32.573,30.23,34.0804,30.49,34.0804,29.28,32.19
7/8/2009,31.3,34.8517,30.85,34.0892,33.05,35.232,30.43,33.67
7/7/2009,30.85,34.3639,29,33.6934,30.94,34.3639,28.9,32.59
7/6/2009,29,33.5458,30.32,33.6633,30.6,34.4307,28.99,33.31
7/3/2009,,31.3897,,31.4718,,31.8869,,30.89
7/2/2009,27.95,31.7683,26.22,29.5932,28.62,31.7683,26.22,29.27
7/1/2009,26.22,28.844,25.73,29.5209,26.31,29.7688,24.8,28.53
6/30/2009,26.35,30.2413,25.36,28.6914,27.38,30.3782,25.02,28.29
6/29/2009,25.35,29.3802,25.93,31.7212,27.18,31.7212,25.29,29.13
6/26/2009,25.93,30.8491,27.09,29.7959,27.22,31.0375,25.76,29.67
6/25/2009,26.36,31.0569,29.45,31.1058,29.56,32.8723,26.3,30.45
6/24/2009,29.05,30.845,30.58,33.1708,30.58,33.3406,28.79,30.58
6/23/2009,30.58,33.5941,31.3,34.0938,31.54,34.2561,30.19,32.75
6/22/2009,31.17,36.0495,30.4,32.121,32.05,36.5174,30.3,32.12
6/19/2009,27.99,30.9232,29.16,31.8249,29.32,32.0398,27.56,30.08
6/18/2009,30.03,32.4386,31.54,34.1277,31.54,35.413,29.6,32.26
6/17/2009,31.54,34.6359,31.19,32.5867,32.77,36.0581,30.64,32.29
6/16/2009,32.68,31.8921,30.81,31.1934,32.75,32.5834,30.07,31.19
6/15/2009,30.81,31.9685,29.7,29.853,31.09,32.2736,29.64,29.73
6/12/2009,28.15,28.1235,28.08,28.0481,28.5,28.5534,27.73,26.93
6/11/2009,28.11,27.5128,27.36,29.154,28.11,29.4073,26.81,27.21
6/10/2009,28.46,29.2578,26.9,28.9262,29.74,29.6197,26.9,28.18
6/9/2009,28.27,30.3638,29.77,30.467,29.77,31.0367,27.79,29.88
6/8/2009,29.77,31.2235,30.84,31.9699,31.82,33.1942,29.33,31.13
6/5/2009,29.62,29.7774,29.39,30.5579,30.81,31.2823,29.1,29.5
6/4/2009,30.18,31.5158,31.02,31.9719,31.02,32.7007,29.92,31.39
6/3/2009,31.02,32.502,29.62,31.3419,31.79,33.2659,29.62,31.27
6/2/2009,29.63,31.413,30.04,32.1883,30.13,32.3253,28.3,31.19
6/1/2009,30.04,31.804,28.7,32.0797,30.05,32.7283,28.45,31.28
5/29/2009,28.92,33.0374,31.67,32.1034,31.67,33.1962,28.85,31.63
5/28/2009,31.67,33.8191,31.54,32.5966,33.32,34.2624,31.1,32.35
5/27/2009,32.36,32.0679,30.8,32.5767,32.53,33.1763,29.62,31.96
5/26/2009,30.62,32.6654,34.57,34.3576,34.57,35.8787,30.38,32.67
5/25/2009,,33.6486,,33.0068,,35.062,,33.01
5/22/2009,32.63,32.5318,31.36,34.0135,32.71,34.1536,30.57,31.12
5/21/2009,31.35,34.4813,29.03,32.278,32.77,34.9335,29.03,31.98
5/20/2009,29.03,31.3056,27.47,30.9339,29.16,31.9841,26.57,30.72
5/19/2009,28.8,31.9277,30.23,31.9077,30.32,33.2089,28.35,31.87
5/18/2009,30.24,32.3116,32.91,35.6704,32.91,35.6704,30,32.3
5/15/2009,33.12,33.1914,31.36,34.8027,33.61,35.4349,30.59,33.19
5/14/2009,31.37,36.111,33.65,36.4343,33.96,38.0254,31.32,36.08
5/13/2009,33.65,36.4547,32.97,34.3066,33.99,37.6743,32.56,33.78
5/12/2009,31.8,34.9507,32.68,37.0248,33.29,37.0248,31.57,34.7
5/11/2009,32.87,36.8538,32.05,37.2439,34.08,38.3812,32.05,36.85
5/8/2009,32.05,36.0588,32.36,36.6001,32.72,36.9781,31.19,35.58
5/7/2009,33.44,38.0156,32.1,35.6217,34.56,38.7497,31.91,34.82
5/6/2009,32.45,36.2625,33.36,37.2175,33.7,37.4053,32.43,35.98
5/5/2009,33.36,37.3667,34.54,37.0164,35.14,37.5537,33.36,36.36
5/4/2009,34.53,36.7636,35.3,37.4721,36.24,37.8367,34.31,36.61
5/1/2009,35.3,,36.5,,36.88,,34.88,
4/30/2009,36.5,36.8821,36.09,36.6932,36.71,37.628,34.5,36.49
4/29/2009,36.08,37.4512,37.95,39.1291,37.95,39.5636,35.37,37.45
4/28/2009,37.95,39.7768,39.43,39.7557,39.64,40.8262,37.42,39.51
4/27/2009,38.32,37.8879,39.46,40.3516,39.52,40.3861,37.97,37.87
4/24/2009,36.82,37.381,36.86,37.8678,37.53,38.3547,36.37,37.03
4/23/2009,37.15,39.1905,38.1,39.798,38.52,40.0755,37.01,38.16
4/22/2009,38.1,39.5964,37.14,40.8908,38.19,41.4129,36.01,39.6
4/21/2009,37.14,40.8736,40.27,40.9799,40.29,42.9913,36.95,40.21
4/20/2009,39.18,41.0013,33.94,37.8033,39.58,41.6223,33.94,37.71
4/17/2009,33.94,36.7027,35.36,37.0025,35.52,37.5322,33.68,35.2
4/16/2009,35.79,37.2958,36.04,39.0534,36.8,39.7901,34.88,37.3
4/15/2009,36.17,39.7173,37.85,40.6439,38.06,40.6439,36.1,39.43
4/14/2009,37.67,40.2195,37.95,39.5682,38.5,40.7292,36.88,38.83
4/13/2009,37.81,,38.32,,38.91,,37.51,
4/9/2009,36.53,37.6085,37.22,38.1728,37.74,39.2474,36.53,37.47
4/8/2009,38.85,38.9694,40.39,40.8476,40.86,40.8476,38.7,38.9
4/7/2009,40.39,40.1621,41.48,40.6264,42.5,41.9364,40.36,39.86
4/6/2009,40.93,41.0818,41.96,40.8472,43.02,41.7856,40.83,39.69
4/3/2009,39.7,40.5362,42.03,41.7427,42.03,41.8566,39.64,39.6
4/2/2009,42.04,42.0951,42.28,40.3263,42.68,42.6487,40.3,40.1
4/1/2009,42.28,41.734,45.42,42.9889,45.6,43.8528,42.26,41.12
3/31/2009,44.14,42.4096,45.54,43.6389,45.54,43.8618,42.27,42.39
3/30/2009,45.54,44.91,44.86,44.242,46.28,44.9147,44.86,42.67
3/27/2009,41.04,40.3235,40.36,38.7361,42.13,40.5009,40.36,38.06
3/26/2009,40.36,39.0276,42.25,39.7006,42.25,40.2613,40.17,39.03
3/25/2009,42.25,40.2273,42.35,40.6482,44.2,41.4551,40.81,39.42
3/24/2009,42.93,40.8814,43.24,41.9654,44,42.3373,41.63,40.59
3/23/2009,43.23,41.943,45.89,43.4645,45.89,43.6176,42.06,41.28
3/20/2009,45.89,43.4136,43.6,43.3008,47.63,44.4298,43.07,42.45
3/19/2009,43.68,42.6267,40.06,41.7714,44.17,43.3533,38.79,41.04
3/18/2009,40.06,42.9651,41.14,42.3242,42.39,44.5342,38.98,42.27
3/17/2009,40.8,43.4147,44.23,44.4792,44.59,44.8801,40.74,43.1
3/16/2009,43.74,43.5812,42.36,43.2561,44.23,44.8443,42.36,43.12
3/13/2009,42.36,43.8933,40.99,43.7265,43.52,44.2667,40.03,42.01
3/12/2009,41.18,45.351,43.53,45.3732,43.98,46.6732,40.75,45.26
3/11/2009,43.61,45.0484,43.35,44.5426,44.26,45.3001,42.36,43.28
3/10/2009,44.37,45.3903,49.68,46.379,49.68,46.379,43.88,44.61
3/9/2009,49.68,47.2138,49.35,50.9467,51.34,52.0441,48.4,47.19
3/6/2009,49.33,49.5518,50.17,46.7662,51.95,49.585,47.65,46.33
3/5/2009,50.17,47.161,47.56,44.8225,51.95,47.161,46.98,44.28
3/4/2009,47.56,44.6056,48.02,46.0423,48.83,47.328,45.02,44.34
3/3/2009,50.93,48.6386,52.65,47.8424,52.76,49.44,48.5,47.04
3/2/2009,52.65,49.5401,49.96,46.098,53.25,49.5401,48.35,46.1
2/27/2009,46.35,42.8901,44.66,43.4216,47.34,44.9155,44.46,41.72
2/26/2009,44.66,42.3922,43.75,45.4899,45.33,45.7887,41.91,41.5
2/25/2009,44.67,47.2166,45.73,47.266,47.23,49.459,42.84,46.54
2/24/2009,45.49,49.5507,52.5,51.1999,52.56,52.797,44.28,49.49
2/23/2009,52.62,50.2729,49.3,47.9665,53.16,51.2364,48.97,47.06
2/20/2009,49.3,48.5138,47.08,48.0805,52.04,49.161,47.08,47.22
2/19/2009,47.08,45.144,48.54,46.3385,48.54,46.6394,44.81,45.14
2/18/2009,48.46,47.9571,48.66,47.0492,50.29,50.3809,46,46.27
2/17/2009,48.66,48.4869,48.14,46.1469,51.18,48.9696,46.96,45.75
2/16/2009,,44.3442,,43.4701,,44.4733,,42.67
2/13/2009,42.93,41.8443,41.6,42.0944,43.02,42.7028,40.73,41.05
2/12/2009,41.25,44.3833,44.52,44.158,47.58,46.2234,41.21,43.89
2/11/2009,44.53,43.4229,46.67,45.2904,46.67,45.4932,44.5,43.37
2/10/2009,46.67,44.8143,45.14,42.9521,48.12,45.7796,44.18,42.86
2/9/2009,43.64,42.2965,45.4,43.1851,45.45,43.6456,43.04,42.16
2/6/2009,43.37,41.8338,43.71,41.7527,43.71,42.8509,41.2,40.34
2/5/2009,43.73,42.5783,43.83,43.4814,46.23,44.7947,42.32,42.22
2/4/2009,43.85,41.6801,43.06,44.3495,44.52,44.4293,41.39,41.44
2/3/2009,43.06,45.1034,45.52,46.5223,45.52,48.2812,42.43,44.57
2/2/2009,45.52,47.7669,49.42,47.6361,49.54,50.0398,45.26,47.4
1/30/2009,44.84,44.7879,42.63,43.9544,45.53,45.242,42.09,42.04
1/29/2009,42.63,44.0922,41.34,43.4257,43.03,45.1203,41.12,43.02
1/28/2009,39.66,42.9118,42.25,42.7662,42.25,43.246,39.46,41.95
1/27/2009,42.25,44.5956,45.11,46.4605,45.93,46.8603,42.2,44.6
1/26/2009,45.69,47.0806,47.89,51.1991,47.93,51.1991,44.29,46.07
1/23/2009,47.27,50.2258,50.39,50.4076,51.11,54.7263,46.43,49.94
1/22/2009,47.29,50.2596,50.65,49.1709,51.76,52.1844,46.53,47.35
1/21/2009,46.42,52.8565,51.52,54.3444,54.12,57.3137,46.15,51.67
1/20/2009,56.65,53.5249,50.12,50.0195,57.36,53.8346,49.27,48.47
1/19/2009,,50.4385,,49.5191,,52.9812,,46.83
1/16/2009,46.11,48.8924,51,53.0504,51,53.0504,45.96,47.22
1/15/2009,51,56.3255,49.14,52.0884,55.16,58.5065,49.14,52.09
1/14/2009,49.14,52.9712,46.24,45.1959,51.55,54.6809,46.14,45.04
1/13/2009,43.27,46.211,45.84,45.1315,47.08,47.8834,43.23,45.13
1/12/2009,45.84,44.3165,42.06,42.81,46.62,44.7946,41.94,42.63
1/9/2009,42.82,41.2944,41.18,41.689,43.13,42.8819,41.05,39.54
1/8/2009,42.56,41.7652,43.38,42.0764,44.6,43.8157,42.56,41.2
1/7/2009,43.39,40.8587,38.56,40.3293,43.82,42.0475,38.56,40
1/6/2009,38.56,40.2438,38.06,40.4757,39.33,40.87,37.34,38.89
1/5/2009,39.08,41.2661,39.24,41.9001,40.22,42.1387,38.3,40.95
1/2/2009,39.19,42.0759,39.58,43.0218,39.82,43.4348,36.88,42.06
12/31/2008,40,,41.63,,41.63,,38.71,
12/30/2008,41.63,43.867,43.99,41.7062,44.29,44.613,41.63,41.42
12/29/2008,43.9,43.1535,44.86,43.2802,46.24,43.554,43.87,41.67
12/26/2008,43.38,,44.27,,44.36,,42.92,
12/24/2008,44.21,,45.02,,45.02,,44.15,
12/23/2008,45.02,40.2933,43.19,39.3474,45.39,40.3257,41.68,38.65
12/22/2008,44.56,40.2847,44.93,42.455,46.69,42.455,42.75,39.66
12/19/2008,44.93,41.3543,46.01,45.8228,46.01,46.8308,41.29,39.97
12/18/2008,47.34,46.9906,49.84,48.2963,49.84,48.3928,44.5,46.13
12/17/2008,49.84,49.6669,52,49.1619,52.19,51.6087,49.36,49.13
12/16/2008,52.37,50.8983,56.76,52.1603,56.76,52.5385,50.91,50.9
12/15/2008,56.76,53.2142,55.68,52.72,58.49,53.6443,55.68,51.56
12/12/2008,54.28,52.8018,55.78,53.0067,58.84,56.2643,54.26,51.95
12/11/2008,55.78,48.9477,55.08,50.2236,56.44,50.8703,52.94,48.26
12/10/2008,55.73,50.4021,58.91,50.6576,58.91,51.7799,53.79,49.93
12/9/2008,58.91,52.6486,59.48,53.8806,59.57,54.3758,56.37,51.4
12/8/2008,58.49,54.4561,58.86,55.2323,59.87,56.7707,57.35,54.02
12/5/2008,59.93,58.7765,63.64,55.5606,66.54,59.8537,59.26,55.08
12/4/2008,63.64,54.5307,62.19,55.4321,65.08,56.6058,60.21,53.07
12/3/2008,60.72,54.1926,62.98,56.6852,65.37,57.8378,60.18,53.86
12/2/2008,62.98,55.725,66.68,59.2973,67.01,59.7145,62.31,55.4
12/1/2008,68.51,57.5519,60.47,52.9299,68.6,57.9409,60.36,52.93
11/28/2008,55.84,51.4443,56.02,51.0411,56.82,53.7014,50.5,50.68
11/27/2008,,51.4683,,53.7104,,53.9322,,51.47
11/26/2008,54.92,56.4852,60.9,61.0059,62.5,61.6133,54.62,56
11/25/2008,60.9,61.2037,64.76,64.2104,65.49,64.4524,60.25,57.86
11/24/2008,64.7,63.6637,71.19,72.6908,71.35,72.6908,61.81,63
11/21/2008,72.67,74.135,80.74,72.8998,80.74,76.2287,71.63,69.1
11/20/2008,80.86,72.8475,74.26,71.2003,81.48,75.793,72.76,70.49
11/19/2008,74.26,68.5178,68.46,63.6332,75,68.5178,67.34,63.05
11/18/2008,67.64,63.9043,70.09,65.7348,73.13,69.003,67.18,63.9
11/17/2008,69.15,66.8718,69.57,64.5628,69.59,67.3457,65.1,62.57
11/14/2008,66.31,62.4765,62.6,61.7505,66.31,62.7741,59.75,59.44
11/13/2008,59.83,64.4387,66.45,66.4198,69.99,69.2872,58.66,64.43
11/12/2008,66.46,66.423,61.52,60.3649,67.19,68.7129,61.52,59.88
11/11/2008,61.44,63.4876,59.98,56.9183,64.73,63.4876,58.58,56.84
11/10/2008,59.98,55.6689,56.09,53.2754,62.09,57.0792,54.63,52.13
11/7/2008,56.1,56.5929,63.68,59.5446,63.68,60.6689,56.03,55.13
11/6/2008,63.68,60.7084,56.71,53.4188,64.78,61.1832,55.6,52.84
11/5/2008,54.56,49.1021,47.73,47.9032,55.62,50.4213,46.87,47.75
11/4/2008,47.73,47.9394,53.68,51.0503,53.68,51.0503,44.25,47.45
11/3/2008,53.68,54.6093,60.17,60.3981,60.77,60.3981,53.63,54.55
10/31/2008,59.89,60.6773,62.93,65.8607,65.85,66.0552,56.73,60.26
10/30/2008,62.9,66.1426,69.83,66.7431,69.83,68.3314,62.67,64.26
10/29/2008,69.96,71.0051,66.96,70.7708,71.14,72.4912,62.72,68.05
10/28/2008,66.96,74.6871,73.3,70.9043,78.98,76.2703,65.66,70.52
10/27/2008,80.06,76.5431,79.13,85.4375,81.65,85.4375,71.29,74.48
10/24/2008,79.13,74.7359,67.8,72.1185,89.53,86.6101,67.8,70.88
10/23/2008,67.8,64.709,68.03,62.3422,79.43,69.3028,64.4,60.73
10/22/2008,69.65,61.8945,63.12,58.0241,72.56,63.5182,59.47,56.95
10/21/2008,53.11,56.1841,52.95,54.6138,56.37,58.5398,50.91,52.58
10/20/2008,52.97,63.2838,70.4,73.3378,70.4,73.3378,52.7,63.24
10/17/2008,70.33,77.1459,67.65,76.4936,74.48,82.8852,62.44,73.72
10/16/2008,67.61,87.5127,69.21,73.4726,81.17,87.8791,66.51,71.8
10/15/2008,69.25,65.453,55.69,59.7017,69.47,66.3887,55.69,58.82
10/14/2008,55.13,60.3095,55.1,59.9508,59.81,62.8979,50.67,57.03
10/13/2008,54.99,67.0469,69.95,72.8099,71.42,72.8099,54.69,67.05
10/10/2008,69.95,81.0342,65.85,74.1987,76.94,81.3821,64.53,68.2
10/9/2008,63.92,58.3927,57.57,56.9088,64.92,58.7649,52.54,53.83
10/8/2008,57.53,60.6701,53.68,54.0226,59.06,61.2034,51.9,51.67
10/7/2008,53.68,50.7059,52.05,49.2351,54.19,52.0357,47.03,48.07
10/6/2008,52.05,51.0569,45.12,45.9698,58.24,52.3611,45.12,45.82
10/3/2008,45.14,41.163,45.22,42.7524,45.52,43.6125,41.51,40.54
10/2/2008,45.26,42.9811,39.82,40.8438,46.48,43.3999,39.82,39.73
10/1/2008,39.81,41.9211,39.39,39.9525,42.38,42.7787,39.39,39.17
9/30/2008,39.39,40.3874,43.77,42.5362,43.8,42.8769,38.86,39.95
9/29/2008,46.72,39.4009,36.92,38.3119,48.4,40.2261,36.92,37.23
9/26/2008,34.74,38.3677,32.82,33.7733,36.4,39.22,32.82,33.74
9/25/2008,32.82,32.6568,35.19,32.381,35.19,32.8947,32.45,31.78
9/24/2008,35.19,32.62,35.7,31.5619,36.71,33.2533,34.61,31.48
9/23/2008,35.72,32.5721,33.85,32.6539,36.08,33.4678,32.63,31.93
9/22/2008,33.85,32.7151,32.4,35.2886,34.22,35.3338,30.81,29.62
9/19/2008,32.07,35.189,33.07,36.4941,33.08,36.5686,27.95,32.99
9/18/2008,33.1,37.5541,36.1,37.1953,42.16,38.0528,33.1,35.27
9/17/2008,36.22,37.5264,30.25,33.4818,36.4,37.5264,30.25,33.27
9/16/2008,30.3,36.1855,31.7,34.4464,33.7,37.7348,30.24,33.08
9/15/2008,31.7,32.5904,30.58,30.7421,31.87,35.7644,26.86,30.74
9/12/2008,25.66,27.0376,24.8,27.3769,26.67,27.9769,24.8,26.49
9/11/2008,24.39,28.0361,25.38,27.251,26.25,28.7814,24.39,27.05
9/10/2008,24.52,27.5169,25.47,27.4845,25.48,28.4321,23.8,26.62
9/9/2008,25.47,26.7135,22.69,25.6026,25.68,26.7997,22.58,24.67
9/8/2008,22.64,26.1796,22.22,25.1879,24.06,26.3923,22.12,24.11
9/5/2008,23.06,26.8459,24.54,25.8415,24.71,27.2171,22.97,25.57
9/4/2008,24.03,24.9709,22.02,22.0614,24.15,25.155,21.91,22.04
9/3/2008,21.43,22.176,21.99,21.8914,22.3,22.4188,21.39,21.63
9/2/2008,21.99,21.2336,20.65,22.0489,22.3,22.1238,20.47,20.89
9/1/2008,,21.6154,,22.2024,,22.578,,21.37
8/29/2008,20.65,21.0605,19.43,20.8875,20.71,21.179,19.43,20.57
8/28/2008,19.43,21.109,19.36,21.8602,19.66,22.2141,19.22,20.83
8/27/2008,19.76,21.892,20.48,22.4111,20.67,22.9591,19.53,21.58
8/26/2008,20.49,22.0995,20.98,23.1585,21.27,23.5438,20.48,22.06
8/25/2008,20.97,22.9001,18.78,22.6066,21.22,22.9564,18.78,22.26
8/22/2008,18.81,21.6044,19.83,23.0159,19.83,23.0159,18.64,21.21
8/21/2008,19.82,23.2701,20.43,23.1248,21.08,23.9361,19.25,22.82
8/20/2008,20.42,22.9651,21.3,23.5227,21.67,23.791,20.39,22.77
8/19/2008,21.28,24.0236,21.76,23.1228,22.14,24.0236,21.28,22.72
8/18/2008,20.98,21.8863,19.58,23.0352,21.44,23.5266,19.58,21.76
8/15/2008,19.58,22.1116,20.24,22.6723,20.65,23.1176,19.57,21.99
8/14/2008,20.34,23.177,22.3,23.8681,22.3,24.8765,20.07,23.01
8/13/2008,21.55,24.3456,21.57,23.1602,22.11,24.6089,20.8,22.89
8/12/2008,21.17,22.5546,20.64,22.5488,21.51,23.0911,20.38,22.23
8/11/2008,20.12,22.3518,20.66,22.5586,20.96,22.7669,19.66,22.07
8/8/2008,20.66,22.1286,21.15,22.6834,21.69,23.6594,20.11,21.86
8/7/2008,21.15,22.6124,20.23,22.47,21.46,22.9541,20.23,21.59
8/6/2008,20.23,22.184,21.66,22.587,21.66,23.0085,19.75,22.14
8/5/2008,21.14,23.1793,22.99,24.6473,22.99,24.6586,21.08,23.06
8/4/2008,23.49,25.0392,23.53,25.0793,23.86,25.0793,22.94,24.1
8/1/2008,22.57,24.1877,22.66,24.0495,23.37,24.4462,22.35,23.16
7/31/2008,22.94,23.3294,22.33,23.1574,22.96,24.3629,21.45,22.9
7/30/2008,21.21,23.2157,22.03,23.6557,22.31,23.8133,20.99,22.94
7/29/2008,22.03,24.533,24.2,25.6819,24.22,26.0593,21.96,24.1
7/28/2008,24.23,24.819,22.91,24.8895,24.46,25.4598,22.91,24.09
7/25/2008,22.91,23.8577,23.45,24.6298,23.45,25.046,22.31,23.56
7/24/2008,23.44,23.9227,21.31,23.3517,23.61,24.2649,21.31,23.3
7/23/2008,21.31,23.7313,21.23,23.4932,22.08,24.1561,20.73,23.27
7/22/2008,21.18,24.4802,24.02,25.5752,24.08,26.3047,21.05,24.48
7/21/2008,23.05,24.8824,24.05,25.9714,24.58,26.2299,23.04,24.42
7/18/2008,24.05,24.8921,25.01,27.1708,25.19,27.5823,24.03,24.81
7/17/2008,25.01,26.7422,24.58,26.9392,25.26,27.5272,23.99,26.27
7/16/2008,25.1,28.8021,28.19,29.6442,28.33,31.7416,24.87,28.67
7/15/2008,28.54,30.0551,28.47,30.1191,30.81,32.1591,27.01,29.54
7/14/2008,28.48,28.9311,27.49,29.4481,29.3,29.4691,26.9,28.15
7/11/2008,27.49,29.2661,25.56,26.9905,29.44,29.2661,25.56,26.92
7/10/2008,25.59,27.378,25.22,26.2831,26.62,27.8511,25.07,26.01
7/9/2008,25.23,25.4267,23.16,25.9234,25.39,26.0591,22.59,25.41
7/8/2008,23.15,26.8474,25.72,26.9594,26.05,28.0283,23.02,26.37
7/7/2008,25.78,25.8164,25.48,26.6946,26.91,27.1869,24.73,25.57
7/4/2008,,26.7919,,25.3518,,26.8891,,25.28
7/3/2008,24.78,25.7967,25.92,27.6709,26.08,28.0351,24.44,24.88
7/2/2008,25.92,26.3804,23.4,26.2907,25.96,26.5396,22.7,25.28
7/1/2008,23.65,26.2514,25.14,24.7881,25.57,26.8462,23.64,24.77
6/30/2008,23.95,24.6668,24.25,25.0255,24.26,26.5147,23.27,24.67
6/27/2008,23.44,24.9617,23.75,24.3522,24.56,26.7752,23.3,24.25
6/26/2008,23.93,24.5022,22.23,22.0663,23.99,24.5022,22.15,22.07
6/25/2008,21.14,21.9045,22.42,22.67,22.42,22.7216,20.34,21.63
6/24/2008,22.42,23.3701,22.69,22.4613,23.48,24.8699,21.68,22.26
6/23/2008,22.64,23.0103,22.89,24.4199,23.14,24.6165,22.52,22.44
6/20/2008,22.87,24.0341,21.58,22.4894,23.7,25.5275,21.58,22.23
6/19/2008,21.58,23.0545,22.24,23.7249,22.61,23.7355,21.07,22.33
6/18/2008,22.24,23.333,21.67,22.149,22.86,23.7645,21.26,22.09
6/17/2008,21.13,22.2066,20.96,22.234,21.42,22.4338,20.02,21.81
6/16/2008,20.95,22.9637,21.22,22.569,22.84,24.3205,20.73,22.17
6/13/2008,21.22,22.4832,23.02,23.3634,23.14,24.5829,21.04,22.48
6/12/2008,23.33,23.3041,23.61,24.473,23.98,24.7495,21.91,23.18
6/11/2008,24.12,25.0875,23.44,23.5088,24.3,25.7109,22.86,22.89
6/10/2008,23.18,24.4123,24.37,25.5312,24.42,26.3144,22.31,24.12
6/9/2008,23.12,24.8098,23.56,24.4842,24.47,25.2273,20.78,24.31
6/6/2008,23.56,23.4071,18.63,20.2929,23.79,23.6901,18.63,20.01
6/5/2008,18.63,21.3381,20.54,21.8759,20.59,22.0695,18.62,20.76
6/4/2008,20.8,21.7176,20.64,22.0584,21.31,23.3393,19.76,21.53
6/3/2008,20.24,21.3422,19.8,21.9309,21,21.936,18.89,21.23
6/2/2008,19.83,21.599,17.83,20.3993,20.45,21.8877,17.83,20.4
5/30/2008,17.83,19.6841,18.14,19.4909,18.21,19.6841,17.56,19.02
5/29/2008,18.14,19.9027,19.08,20.4057,19.17,21.229,17.54,19.88
5/28/2008,19.07,20.7966,19.64,21.2813,20.03,21.5497,19.01,19.99
5/27/2008,19.64,21.6836,20.78,21.361,20.95,22.3957,19.42,20.87
5/26/2008,,21.807,,22.0374,,22.1778,,21.59
5/23/2008,19.55,21.4552,18.58,19.8169,19.8,21.4603,18.38,19.45
5/22/2008,18.05,19.5563,18.92,20.936,19.11,20.936,17.82,19.25
5/21/2008,18.59,19.9703,17.64,19.6487,18.89,20.8515,17.01,18.89
5/20/2008,17.58,20.0612,17.02,18.8518,18.42,20.2694,17.02,18.85
5/19/2008,17.01,18.245,16.47,18.9469,17.89,19.242,15.82,18.1
5/16/2008,16.47,18.5667,16.3,18.2639,17.92,19.0007,16.3,17.61
5/15/2008,16.3,18.8714,17.65,19.8099,17.84,19.8385,16.25,18.83
5/14/2008,17.66,19.6439,17.98,20.2571,17.98,20.9095,16.19,19.52
5/13/2008,17.98,21.8017,17.79,20.5163,19.63,22.0828,17.76,20.52
5/12/2008,17.79,21.1972,19.17,20.7136,19.48,21.4151,16.92,20.17
5/9/2008,19.41,20.6725,19.98,20.4126,20.01,21.8607,19.3,20.41
5/8/2008,19.4,19.947,19.73,20.1636,19.92,20.484,18.62,19.82
5/7/2008,19.73,19.5765,18.48,19.6147,19.98,20.0018,18.42,19.32
5/6/2008,18.21,20.0878,18.9,19.7592,19.57,20.9713,18.11,19.58
5/5/2008,18.9,19.9163,19.16,20.3057,19.29,20.4834,18.68,19.9
5/2/2008,18.18,19.7693,18.87,20.292,19.11,20.3247,17.97,19.03
5/1/2008,18.88,,20.78,,20.83,,18.87,
4/30/2008,20.79,20.8781,20.24,21.4747,20.81,21.9229,19.69,20.62
4/29/2008,20.24,21.5211,19.86,21.4056,20.54,21.9015,19.63,21.29
4/28/2008,19.64,21.0962,20.14,21.4012,20.25,21.4012,19.37,20.73
4/25/2008,19.59,20.9661,19.6,20.6337,20.36,21.0766,19.28,20.21
4/24/2008,20.06,21.3973,20.26,22.2601,20.77,23.0608,19.21,21.4
4/23/2008,20.26,22.2164,20.63,22.3599,20.95,23.808,19.88,21.91
4/22/2008,20.87,22.9447,20.47,22.5903,21.6,23.4936,20.47,22.15
4/21/2008,20.5,22.3629,20.15,22.3823,21.12,22.9362,20.15,21.87
4/18/2008,20.13,21.6331,20.37,22.2718,20.37,22.4659,19.21,20.97
4/17/2008,20.37,23.3232,21.13,22.5649,21.54,23.9194,20.35,22.15
4/16/2008,20.53,22.9991,22.03,23.6868,22.09,24.62,20.5,22.93
4/15/2008,22.78,25.0443,23.84,25.084,23.99,25.9838,22.72,24.49
4/14/2008,23.82,25.933,23.46,25.906,24.35,26.5269,23.46,25.64
4/11/2008,23.46,24.7553,23.03,22.8159,23.59,25.4891,22.65,22.36
4/10/2008,21.98,23.7622,22.8,24.3561,23.22,25.8016,21.63,23.64
4/9/2008,22.81,24.136,22.36,24.4155,23.57,24.6581,22.36,23.7
4/8/2008,22.36,24.0381,22.42,23.8311,23.16,24.6807,22.36,23.7
4/7/2008,22.42,23.3615,22.45,23.9593,22.73,23.9595,21.21,22.87
4/4/2008,22.45,23.8251,23,24.7709,23.31,24.9874,21.75,23.83
4/3/2008,23.21,25.1853,23.84,24.5487,24.15,25.8322,23,24.4
4/2/2008,23.43,24.5911,22.64,24.2053,23.65,24.6505,22.39,23.72
4/1/2008,22.68,24.6244,25.61,26.8509,25.61,26.8509,22.52,24.62
3/31/2008,25.61,27.3083,25.71,27.7374,26.77,28.7682,25.35,27.05
3/28/2008,25.71,26.2793,25.81,26.6137,25.96,26.7423,25.04,25.85
3/27/2008,25.88,27.129,25.55,28.139,25.98,28.139,24.91,27.07
3/26/2008,26.08,28.655,25.75,28.6901,26.85,29.065,25.51,28.33
3/25/2008,25.72,28.7098,25.75,30.5361,26.42,30.541,25.17,28.71
3/24/2008,25.73,,26.64,,27.04,,24.75,
3/20/2008,26.62,30.3668,29.84,31.8399,29.84,31.8399,25.8,29.46
3/19/2008,29.84,31.3786,25.78,31.0807,29.95,33.1782,25.16,29.95
3/18/2008,25.79,33.1468,32.24,35.841,32.24,35.9374,25.58,32.76
3/17/2008,32.24,37.0497,35.14,35.1943,35.6,38.761,31.1,35.19
3/14/2008,31.16,31.5852,27.31,29.7452,32.89,31.6783,26.02,28.37
3/13/2008,27.29,29.6542,27.22,29.9506,29.62,31.6437,25.65,29.59
3/12/2008,27.22,28.7552,26.39,28.6754,27.25,29.0046,24.9,27.92
3/11/2008,26.36,29.7674,27.25,31.3876,28.64,31.3944,26.35,29.39
3/10/2008,29.38,32.0537,28.13,32.112,29.73,32.6523,27.92,31.23
3/7/2008,27.49,31.556,28.52,31.71,29.29,32.5541,22.29,31
3/6/2008,27.55,30.6213,25.45,29.9274,27.9,30.9284,25.04,29.52
3/5/2008,24.6,29.753,25.52,30.4658,25.77,30.5064,23.3,29.21
3/4/2008,25.52,31.4554,27.19,30.1068,27.42,31.7692,25.51,29.4
3/3/2008,26.28,30.8962,27.54,30.9793,28.13,31.1699,26.27,30.12
2/29/2008,26.54,28.6914,23.54,26.4368,26.91,28.6914,23.54,26.13
2/28/2008,23.53,26.0736,22.69,25.5472,23.79,26.3536,22.69,24.87
2/27/2008,22.69,25.249,21.9,25.5454,23.01,27.2354,21.83,25.13
2/26/2008,21.9,25.8832,23.44,27.074,23.45,27.1862,21.64,25.86
2/25/2008,23.03,27.8544,24.06,28.0132,25.07,28.7662,22.69,27.39
2/22/2008,24.06,28.7621,24.99,29.0449,25.93,29.0997,23.62,27.35
2/21/2008,25.12,28.3885,24.42,28.1041,25.45,28.5402,23.74,27.32
2/20/2008,24.4,29.0684,25.6,28.9352,26.95,29.9576,24.21,28.16
2/19/2008,25.59,27.8149,25.39,27.897,26.59,28.959,24.73,26.79
2/18/2008,,28.0062,,29.4656,,29.4656,,27.69
2/15/2008,25.02,29.3659,25.58,27.6496,25.67,30.4822,24.45,26.76
2/14/2008,25.54,28.0832,24.64,27.0179,25.64,28.2685,23.98,26.73
2/13/2008,24.88,27.9293,25.67,29.1491,26.06,29.6071,24.57,27.58
2/12/2008,26.33,28.6393,26.56,30.8602,27.17,32.1017,25.25,28.49
2/11/2008,27.6,31.9443,29.14,33.1813,29.57,33.2468,27.32,31.45
2/8/2008,28.01,31.692,27.98,30.2797,28.89,32.9277,27.22,30.07
2/7/2008,27.66,31.8031,29.51,30.7591,29.7,33.1649,26.78,30.43
2/6/2008,28.97,30.5677,27.75,32.2349,29.31,32.2349,27.04,30.49
2/5/2008,28.24,31.9584,27.2,27.59,28.49,32.0839,27.2,27.32
2/4/2008,25.99,27.218,25.09,26.9376,26.03,27.7122,24.85,26.68
2/1/2008,24.02,27.4687,25.66,28.6084,25.75,28.8109,24.02,26.96
1/31/2008,26.2,30.0471,28.78,30.6786,28.81,33.3713,25.45,30.05
1/30/2008,27.62,32.2981,27.53,32.5299,28.34,33.3117,24.74,31.43
1/29/2008,27.32,31.8875,26.61,31.9046,27.96,32.9962,26.55,30.66
1/28/2008,27.78,33.4194,29.67,36.1241,30.26,36.998,27.57,33.08
1/25/2008,29.08,33.6983,26.19,31.6896,29.76,33.8694,25.93,30.49
1/24/2008,27.78,34.8708,28.07,36.2053,28.48,38.3995,27.03,34.87
1/23/2008,29.02,40.2484,33.84,31.6953,34.42,40.2484,22.82,31.52
1/22/2008,31.01,33.7934,35.12,37.7262,37.57,40.7659,29.71,33.62
1/21/2008,,34.96,,29.4035,,38.4174,,28.55
1/18/2008,27.18,25.4405,27.55,24.2308,29.3,25.7815,26.27,22.82
1/17/2008,28.46,24.2938,24.11,23.676,28.51,24.4928,23.87,23.1
1/16/2008,24.38,24.3042,23.9,24.3062,24.38,24.9331,22.85,23.49
1/15/2008,23.34,23.6132,24.1,22.1219,24.59,23.7985,22.97,22.11
1/14/2008,22.9,21.8863,23.76,22.3042,23.93,22.3243,22.65,21.47
1/11/2008,23.68,21.6025,24.04,22.1152,24.41,22.5902,23.22,21.5
1/10/2008,23.45,22.1956,24.56,21.7822,24.61,22.6158,22.62,21.78
1/9/2008,24.12,22.2657,25.61,22.1191,25.95,22.7009,23.9,21.91
1/8/2008,25.43,21.3083,23.27,21.7758,25.6,21.7758,22.63,20.99
1/7/2008,23.79,22.3151,24.62,22.2828,24.88,22.7426,23.3,21.92
1/4/2008,23.94,21.8046,23.5,20.1613,24.3,22.3861,23.25,20
1/3/2008,22.49,20.4077,23.11,20.6078,23.27,21.5523,22.11,20.32
1/2/2008,23.17,20.7962,22.58,19.4941,24.05,20.9387,22.4,19.19
12/31/2007,22.5,,21.87,,22.75,,21.79,
12/28/2007,20.74,18.0605,19.59,18.4793,21.05,18.8018,19.44,17.92
12/27/2007,20.26,18.366,19.15,18.075,20.51,18.405,19.15,17.51
12/26/2007,18.66,,19.37,,19.47,,18.6,
12/24/2007,18.6,,19.08,,19.42,,18.48,
12/21/2007,18.47,17.2417,19.82,18.5071,19.82,18.5071,18.28,16.79
12/20/2007,20.58,19.1525,21.02,20.1629,21.67,20.1629,20.58,18.71
12/19/2007,21.68,20.4808,22.62,21.1878,22.68,21.3668,21.3,19.84
12/18/2007,22.64,21.0846,23.7,21.5782,24.6,21.5795,22.41,20.22
12/17/2007,24.52,21.746,24.13,21.4469,24.86,22.3029,23.42,21.26
12/14/2007,23.27,19.8926,23.53,19.3763,23.53,20.6445,22.26,19.15
12/13/2007,22.56,20.4149,23.53,18.6754,24.04,20.4149,22.41,18.14
12/12/2007,22.47,17.3886,20.82,19.3162,24.22,19.4867,20.49,16.81
12/11/2007,23.59,18.73,20.69,18.3895,23.7,19.1272,19.77,18.17
12/10/2007,20.74,18.3706,21.16,18.4879,21.46,18.6683,20.36,18.03
12/7/2007,20.85,17.777,20.69,18.2948,21.01,18.2948,20.29,17.49
12/6/2007,20.96,18.9496,22.68,18.7908,22.75,19.9454,19.65,18.43
12/5/2007,22.53,19.1296,22.72,20.3658,23.03,20.411,21.87,19.09
12/4/2007,23.79,21.1889,24.3,20.1865,24.59,21.9098,23.32,20.15
12/3/2007,23.61,20.2177,23.59,21.284,24.49,21.284,23.4,20.22
11/30/2007,22.87,20.4255,22.67,21.5255,23.39,21.5255,22,19.84
11/29/2007,23.97,22.1864,24.59,21.8782,24.61,22.8804,23.35,21.82
11/28/2007,24.11,22.9455,25.14,24.7469,25.14,24.9963,23.55,22.51
11/27/2007,26.28,24.8939,28.14,25.9695,28.24,26.8518,26.23,24.87
11/26/2007,28.91,25.3639,26.46,24.6589,28.95,25.5763,25.84,23.53
11/23/2007,25.61,24.2141,26.42,24.8172,26.42,24.8172,25.35,23.84
11/22/2007,,25.2801,,25.3154,,26.4406,,24.9
11/21/2007,26.84,26.3075,26.3,25.7491,27.77,27.0546,24.55,25.39
11/20/2007,24.88,24.2296,26.12,24.186,27.35,25.7242,23.62,24.1
11/19/2007,26.01,25.8939,26.74,24.0415,27.18,25.8939,25.74,22.98
11/16/2007,25.49,23.9477,27.04,24.7576,28.12,25.1515,25.12,23.15
11/15/2007,28.06,24.1229,26.96,23.9424,29.31,25.5665,25.98,23.93
11/14/2007,25.94,23.9079,23.35,22.8909,27.03,24.1042,23.07,22.45
11/13/2007,24.1,24.3942,27.47,26.257,27.5,26.4295,23.82,24.39
11/12/2007,31.09,25.7979,30.57,27.2032,31.09,27.3639,24.47,25.79
11/9/2007,28.5,26.2585,27.96,23.7437,28.84,26.6186,26.21,23
11/8/2007,26.16,24.2059,26.45,24.7348,29.15,25.3386,25.32,23.66
11/7/2007,26.49,23.1142,23.15,21.3207,26.85,23.6407,22.75,21.15
11/6/2007,21.39,22.2305,23.5,22.8233,23.74,22.8233,21.24,21.82
11/5/2007,24.31,23.5653,25.25,23.8881,25.46,24.0521,23.61,23.38
11/2/2007,23.01,22.5777,22.56,21.8864,25.17,23.3323,22.56,21.63
11/1/2007,23.21,20.8039,19.89,19.3149,24.15,21.5648,17.38,18.68
10/31/2007,18.53,19.9915,20.53,20.6687,22.09,20.9357,18.3,19.99
10/30/2007,21.07,20.5258,20.46,19.8,21.15,20.6676,20.31,19.59
10/29/2007,19.87,19.5547,19.93,19.5484,20.24,19.7316,16.84,19.46
10/26/2007,19.56,19.6521,19.84,20.0938,20.97,20.1161,19.48,19.17
10/25/2007,21.17,20.3871,20.84,21.2651,22.4,21.2651,20.04,20.22
10/24/2007,20.8,22.5706,21.16,22.2383,24.15,22.9302,20.59,21.12
10/23/2007,20.41,22.2771,21.29,21.9994,21.43,22.2783,20.13,21.36
10/22/2007,21.64,23.1405,23.89,22.9814,23.94,23.774,21.38,22.85
10/19/2007,22.96,19.7216,19.15,20.0649,22.96,20.0649,19.02,18.33
10/18/2007,18.5,19.9299,19.16,19.3971,19.56,20.9204,17.73,19.34
10/17/2007,18.54,20.0223,18.76,20.519,20.11,20.519,18.28,19.15
10/16/2007,20.02,20.4738,20.07,20.6431,20.75,21.0853,19.73,20.28
10/15/2007,19.25,20.0448,18.14,18.9734,20.01,20.0985,17.95,18.45
10/12/2007,17.73,18.3524,18.68,19.2006,18.74,19.5783,17.49,18.28
10/11/2007,18.88,18.2208,16.15,17.8024,19.73,18.2208,16.08,17.24
10/10/2007,16.67,17.8986,16.42,17.435,17.35,18.1513,16.39,17.35
10/9/2007,16.12,17.5228,17.15,18.4583,17.28,18.51,16.09,17.49
10/8/2007,17.46,18.1816,17.73,18.3798,17.83,18.3957,17.32,18.14
10/5/2007,16.91,17.8749,17.55,19.5132,17.56,19.5195,16.44,17.87
10/4/2007,18.44,19.784,18.65,20.7925,18.65,20.8309,18.26,19.66
10/3/2007,18.8,20.249,18.88,19.9246,18.99,20.3973,18.31,19.92
10/2/2007,18.49,19.9703,17.67,19.3928,18.89,20.1428,17.6,19.35
10/1/2007,17.84,19.9113,18.44,21.1593,18.44,21.3942,17.11,19.81
9/28/2007,18,19.7088,17.23,19.3457,18.22,20.2335,16.91,19.13
9/27/2007,17,19.1961,17.12,18.9681,17.47,19.5392,16.95,18.7
9/26/2007,17.63,19.73,17.92,20.3514,18.18,20.3514,17.3,19.5
9/25/2007,18.6,20.8683,20.25,20.7736,20.46,21.9735,18.44,20.73
9/24/2007,19.37,20.3965,19.04,21.348,19.62,21.348,18.32,20.09
9/21/2007,19,20.4261,19.44,22.3704,19.81,22.3704,18.37,20.43
9/20/2007,20.45,22.1601,20.47,23.8173,20.82,23.9879,19.55,22.16
9/19/2007,20.03,23.5658,19.96,23.2058,20.57,24.2547,19.17,22.72
9/18/2007,20.35,27.6565,25.79,29.424,26.23,29.5026,20.27,27.44
9/17/2007,26.48,29.0329,26.45,28.0435,27.08,29.6864,25.8,28.04
9/14/2007,24.92,26.5545,26.38,26.5429,26.48,27.5716,24.68,26.38
9/13/2007,24.76,25.9084,25.01,27.545,25.32,27.6014,23.83,25.53
9/12/2007,24.96,27.0705,25.97,27.8376,26.21,28.3723,24.57,26.96
9/11/2007,25.27,27.9485,27.11,28.2551,27.21,28.4726,25.19,27.62
9/10/2007,27.38,29.4452,26.91,28.0627,28.82,29.5486,26.56,27.82
9/7/2007,26.23,27.8225,25.98,25.4007,26.97,27.9796,25.6,24.84
9/6/2007,23.99,25.6304,24.43,25.3279,25.14,27.4184,23.66,25.16
9/5/2007,24.58,25.7805,24.03,23.5767,25.45,25.8239,23.8,23.51
9/4/2007,22.78,23.4818,21.93,24.7063,24.81,25.0261,21.71,23.33
9/3/2007,,24.1984,,24.7621,,24.888,,23.91
8/31/2007,23.38,24.4721,23.53,24.5321,24.07,24.8539,22.47,24.08
8/30/2007,25.06,25.2691,25.4,25.1136,25.58,26.294,23.69,24.68
8/29/2007,23.81,26.5383,25.87,28.0809,26.02,28.1473,23.44,26.01
8/28/2007,26.3,27.3264,23.87,24.9148,26.57,27.511,23.72,24.88
8/27/2007,22.72,24.4916,22.24,24.5854,22.83,24.6054,21.96,24
8/24/2007,20.72,24.4903,22.75,26.6364,23.03,26.7626,20.44,24.42
8/23/2007,22.62,26.0374,22.47,24.7398,23.61,26.0945,22.05,24.5
8/22/2007,22.89,26.4955,24.33,27.4125,24.44,27.4216,22.87,25.24
8/21/2007,25.25,29.0309,26.39,30.7467,26.72,31.7129,24.77,29.03
8/20/2007,26.33,31.1272,29.87,32.1793,29.95,32.1793,25.8,30.24
8/17/2007,29.99,32.4534,25.25,35.1924,31.46,36.8347,25.23,30.86
8/16/2007,30.83,34.7419,32.68,33.1999,37.5,36.1662,30.44,33.04
8/15/2007,30.67,29.1764,28.22,30.3914,31.76,31.1631,26.16,29.01
8/14/2007,27.68,29.0197,25.56,28.2776,28.29,29.4415,25.31,27.21
8/13/2007,26.57,27.704,28.02,29.6006,28.02,29.8851,25.48,27.64
8/10/2007,28.3,30.7365,28.04,28.0089,29.84,32.9482,26.91,27.08
8/9/2007,26.48,25.4669,24.46,22.7931,26.9,27.1398,23.84,22.79
8/8/2007,21.45,21.9195,20.97,23.0712,22.95,23.2458,19.33,21.45
8/7/2007,21.56,24.6108,23.33,24.5843,23.74,25.3482,20.79,23.89
8/6/2007,22.94,26.2291,25.32,27.3675,26.47,27.6627,22.44,25.86
8/3/2007,25.16,25.5517,21.52,24.1167,25.55,25.6987,21.09,23.52
8/2/2007,21.22,24.7526,22.94,26.0871,23,26.1808,21.2,24.38
8/1/2007,23.67,27.474,23.71,26.6487,26.22,28.523,23.26,25.77
7/31/2007,23.52,23.8246,20.08,24.487,23.93,24.487,19.68,23.33
7/30/2007,20.87,25.8376,23.64,25.7643,23.64,26.908,20.86,25.07
7/27/2007,24.17,25.2216,20.34,25.7625,24.17,26.2068,19.6,23.71
7/26/2007,20.74,25.1589,19.41,22.2761,23.36,25.3649,19.3,21.6
7/25/2007,18.1,22.19,17.77,21.3202,19.46,22.8035,17.38,20.95
7/24/2007,18.55,20.6952,17.63,19.263,19.09,21.3015,17.48,19.24
7/23/2007,16.81,19.1697,16.62,19.829,17.09,20.4038,16.39,19.17
7/20/2007,16.95,19.3499,15.39,17.7225,17.63,19.3499,15.36,17.24
7/19/2007,15.23,17.827,15.43,18.7836,15.62,18.8405,15.06,17.63
7/18/2007,16,19.2674,16.38,18.919,17.06,19.4982,15.95,18.71
7/17/2007,15.63,18.0287,15.58,17.8164,15.78,18.4948,15.31,17.82
7/16/2007,15.59,17.6558,15.57,17.7351,15.83,17.934,15.27,17.49
7/13/2007,15.15,17.3416,15.39,17.3379,15.51,17.6766,14.79,17.13
7/12/2007,15.54,17.519,16.39,18.4014,16.39,18.8579,14.93,17.46
7/11/2007,16.64,18.6717,17.69,19.2931,17.91,19.7552,16.64,18.63
7/10/2007,17.57,18.3362,15.88,16.9489,17.68,18.7402,15.83,16.79
7/9/2007,15.16,17.0812,15.34,17.1085,15.69,17.1736,15.03,16.77
7/6/2007,14.72,16.7459,15.36,17.7395,15.59,17.8715,14.67,16.75
7/5/2007,15.48,17.9114,15.37,16.7637,15.95,17.9873,15.17,16.76
7/4/2007,,16.8956,,16.6723,,16.9156,,16.57
7/3/2007,14.92,16.8133,15.29,17.0924,15.3,17.1148,14.85,16.71
7/2/2007,15.4,17.6313,16.48,17.8453,16.48,18.1443,15.31,17.54
6/29/2007,16.23,16.8985,15.25,17.4368,17.13,17.6142,14.62,16.68
6/28/2007,15.54,17.7652,15.7,18.2587,15.71,18.3226,14.98,17.68
6/27/2007,15.53,18.9061,18.87,19.7496,18.98,19.8242,15.44,18.86
6/26/2007,18.89,18.9275,16.46,18.4372,18.89,18.9676,16.21,18.18
6/25/2007,16.65,17.8097,16.5,18.3251,17.24,18.9583,15.41,17.81
6/22/2007,15.75,17.3112,14.45,16.6345,16.58,17.4688,14.31,16.61
6/21/2007,14.21,16.9599,14.8,16.4832,15.56,18.0632,14.17,16.45
6/20/2007,14.67,15.9242,12.77,15.6662,14.76,16.1624,12.75,15.36
6/19/2007,12.85,16.1299,13.78,16.5533,13.8,16.8545,12.79,16.05
6/18/2007,13.42,16.7665,14.42,16.454,14.51,16.9805,13.35,16.29
6/15/2007,13.94,15.9641,13.01,16.2407,13.97,16.2874,12.58,15.65
6/14/2007,13.64,16.872,14.76,17.711,14.82,17.8108,13.59,16.65
6/13/2007,14.73,18.5551,16.05,19.1289,16.1,19.5748,14.67,18.26
6/12/2007,16.67,18.8332,15.46,18.3316,16.7,19.277,14.77,18.08
6/11/2007,14.71,18.2508,15.31,18.645,15.47,18.7587,14.24,18.2
6/8/2007,14.84,18.8901,16.75,20.0667,16.78,20.2107,14.73,18.76
6/7/2007,17.06,19.5603,15.08,18.1355,17.09,19.7454,14.89,18.09
6/6/2007,14.87,18.537,14.07,16.8051,15.06,18.9133,14.06,16.75
6/5/2007,13.63,16.5452,13.58,16.3135,14.17,17.1453,13.54,16.1
6/4/2007,13.29,16.505,13.47,16.0826,13.54,16.8155,13.21,15.85
6/1/2007,12.78,15.2943,12.77,15.656,13.01,15.8118,12.43,15.09
5/31/2007,13.05,15.7865,12.78,15.7164,13.18,16.1581,12.62,15.65
5/30/2007,12.83,16.4949,14.18,17.2137,14.29,17.8151,12.82,16.43
5/29/2007,13.53,16.3646,13.86,16.3033,13.95,16.4467,13.31,16.11
5/25/2007,13.34,15.9927,13.81,16.6908,13.87,16.8815,13.23,15.84
5/24/2007,14.08,16.718,13.15,15.8819,14.36,16.7516,12.92,15.51
5/23/2007,13.24,15.6061,12.77,15.6303,13.28,15.6382,12.55,15.13
5/22/2007,13.06,15.9025,12.09,16.1399,13.38,16.3853,12.08,15.46
5/21/2007,13.3,16.1341,13.24,16.474,13.3,16.5364,12.7,15.93
5/18/2007,12.76,16.0852,13.01,17.1871,13.22,17.1871,12.69,15.63
5/17/2007,13.51,17.4461,13.62,17.2958,13.82,17.4634,13.25,16.97
5/16/2007,13.5,17.6907,14.02,17.804,14.18,17.9868,13.47,17.28
5/15/2007,14.01,17.6714,13.88,18.217,14.3,18.6566,13.27,17.5
5/14/2007,13.96,18.0399,13.26,17.4364,14.43,18.2084,13.01,17.44
5/11/2007,12.95,17.4643,13.47,18.4503,13.47,19.5283,12.63,17.34
5/10/2007,13.6,17.8736,13.31,17.1282,13.85,17.882,12.89,17.04
5/9/2007,12.88,17.2449,13.43,17.197,13.5,17.8314,12.54,17.18
5/8/2007,13.21,17.6021,13.48,17.298,13.69,18.0328,13.16,17.3
5/7/2007,13.15,17.1331,13.34,17.3111,13.37,17.5252,13.11,17.11
5/4/2007,12.91,17.0574,12.91,17.6814,13.36,17.7047,12.59,16.92
5/3/2007,13.09,17.7993,13.01,17.9365,13.36,18.5283,12.89,17.77
5/2/2007,13.08,18.1807,13.52,18.278,13.52,18.5251,12.55,18.04
5/1/2007,13.51,,14.1,,14.6,,13.48,
4/30/2007,14.22,18.3379,12.9,18.48,14.31,18.6247,12.78,17.97
4/27/2007,12.45,18.0183,13.12,17.5655,13.26,18.7248,12.41,17.56
4/26/2007,12.79,17.8182,13.16,17.24,13.67,18.111,12.67,17.07
4/25/2007,13.21,17.7795,12.74,18.2936,13.23,18.3903,12.58,17.43
4/24/2007,13.12,18.5654,13.12,18.3461,13.89,19.4333,13.04,18.18
4/23/2007,13.04,18.2799,12.6,18.6712,13.08,19.103,12.48,18.14
4/20/2007,12.07,18.1661,12.03,17.9756,12.67,18.2171,11.97,16.79
4/19/2007,12.54,18.6846,13.16,19.0421,13.27,20.1162,12.41,18.46
4/18/2007,12.42,18.123,12.48,17.4417,12.57,19.0745,11.95,17.44
4/17/2007,12.14,17.1855,11.7,17.1134,12.17,17.8386,11.5,16.86
4/16/2007,11.98,16.7432,11.86,16.2371,12.1,16.7901,11.46,16.2
4/13/2007,12.2,16.4958,12.67,16.6297,13,16.9059,12.13,16.22
4/12/2007,12.71,17.0933,13.65,17.3973,14.15,18.3102,12.58,17.08
4/11/2007,13.49,17.0061,12.72,15.6821,14.08,17.2103,12.72,15.28
4/10/2007,12.68,15.7042,13.33,16.2823,13.33,16.2953,12.56,15.39
4/9/2007,13.14,,13.26,,13.56,,12.89,
4/5/2007,13.23,15.4383,13.57,15.7096,13.66,15.7515,12.69,15.28
4/4/2007,13.24,15.7495,13.82,16.073,13.91,16.2639,13.2,15.75
4/3/2007,13.46,16.2711,14.02,16.957,14.06,16.9834,12.81,16.01
4/2/2007,14.53,17.7075,14.91,18.3527,15.46,18.4109,14.4,17.67
3/30/2007,14.64,17.5427,14.94,18.2795,15.82,18.4362,14.14,16.93
3/29/2007,15.14,18.3156,14.45,19.0053,16.05,19.0053,14.34,18.03
3/28/2007,14.98,19.7865,14.28,19.1407,15.51,20.2464,14.22,19.04
3/27/2007,13.48,18.7301,13.35,18.4803,13.9,19.1507,13.35,18.43
3/26/2007,13.16,19.0859,13.39,17.6194,14.7,19.5481,12.91,17.4
3/23/2007,12.95,17.065,13.13,17.3681,13.18,17.5999,12.46,16.67
3/22/2007,12.93,17.3756,12.29,17.246,12.95,17.7281,12.04,16.87
3/21/2007,12.19,18.7894,13.27,18.7171,13.67,18.923,11.21,18.17
3/20/2007,13.27,18.8199,15.01,19.4868,15.16,19.9472,13.25,18.82
3/19/2007,14.59,19.8187,15.82,20.4031,15.82,20.5682,14.58,19.7
3/16/2007,16.79,21.0814,15.38,21.4071,17.71,21.5509,15.29,20.17
3/15/2007,16.43,21.685,16.91,22.7573,16.91,23.0132,15.27,21.52
3/14/2007,17.27,23.5255,17.63,22.6434,21.25,23.6155,16.75,22.39
3/13/2007,18.13,20.4797,14.87,19.3792,18.42,20.5988,14.6,19.15
3/12/2007,13.99,19.247,14.96,18.0297,14.96,19.816,13.76,17.66
3/9/2007,14.09,18.0655,13.7,18.1303,14.62,19.3472,13.67,17.66
3/8/2007,14.29,18.153,14.34,18.7531,14.7,18.7531,13.48,17.97
3/7/2007,15.24,19.4295,16.25,19.9496,16.27,20.08,14.52,19.26
3/6/2007,15.96,20.3619,18.31,20.9167,18.34,21.0371,15.76,20.28
3/5/2007,19.63,21.8043,20.4,22.5112,20.41,23.1132,18.13,21.75
3/2/2007,18.61,20.2958,16.7,18.7978,18.63,21.2106,16.04,18.64
3/1/2007,15.82,20.0117,17.76,19.0286,19.4,22.2942,15.36,17.76
2/28/2007,15.42,19.4973,17.21,19.1187,17.29,20.8303,14.5,18.67
2/27/2007,18.31,17.7266,12.12,14.8239,19.01,17.7288,12.1,14.82
2/26/2007,11.15,13.7887,10.59,13.9135,11.44,13.9404,10.52,13.44
2/23/2007,10.58,13.7426,10.41,13.7284,10.7,14.1965,10.36,13.38
2/22/2007,10.18,13.873,10.23,13.7037,10.52,13.9444,10.01,13.3
2/21/2007,10.2,14.1864,10.48,13.4688,10.53,14.4471,10.17,13.47
2/20/2007,10.24,13.7441,10.62,13.5426,10.72,14.3381,10.14,13.52
2/19/2007,,13.4146,,13.7631,,13.7644,,13.29
2/16/2007,10.02,13.451,10.42,13.9177,10.44,13.9177,9.98,13.14
2/15/2007,10.22,13.8324,10.28,13.8997,10.32,14.0107,10.05,13.72
2/14/2007,10.23,13.9087,10.19,14.4043,10.26,14.5536,9.7,13.91
2/13/2007,10.34,14.7057,11.42,14.8514,11.42,15.1518,10.33,14.58
2/12/2007,11.61,15.1052,11.33,14.8597,11.88,15.3451,11.3,14.79
2/9/2007,11.1,13.9194,10.42,13.765,11.56,14.0699,10.25,13.55
2/8/2007,10.44,14.2559,10.49,14.0232,10.91,14.777,10.4,14.02
2/7/2007,10.32,13.9667,10.31,14.2076,10.56,14.223,10.24,13.88
2/6/2007,10.65,14.411,10.55,14.1198,10.88,14.464,10.44,13.83
2/5/2007,10.55,14.3621,10.53,14.7867,10.7,14.8297,10.44,14.31
2/2/2007,10.08,14.142,10.3,14.8746,10.36,14.9175,9.96,13.96
2/1/2007,10.31,15.1284,10.32,14.9143,10.43,15.1995,10.14,14.71
1/31/2007,10.42,15.9174,11.09,15.1743,11.26,16.055,10.27,15.13
1/30/2007,10.96,15.1698,11.28,16.1132,11.49,16.3132,10.95,15.15
1/29/2007,11.45,16.1201,11.5,16.4164,11.6,16.4366,10.92,15.81
1/26/2007,11.13,15.8256,10.95,16.2871,11.6,16.3679,10.92,15.48
1/25/2007,11.22,15.378,9.99,14.6669,11.38,15.5466,9.95,14.15
1/24/2007,9.89,14.8436,10.41,15.4666,10.41,15.4685,9.87,14.62
1/23/2007,10.34,16.0071,10.77,16.0764,10.94,16.6973,10.22,15.85
1/22/2007,10.77,16.02,10.77,15.2638,11.08,16.1327,10.62,14.85
1/19/2007,10.4,14.9526,10.8,16.4394,10.81,16.5291,10.24,14.82
1/18/2007,10.85,16.2548,10.65,15.5679,11.04,16.4971,10.45,15.08
1/17/2007,10.59,16.0961,10.9,15.5955,10.9,16.602,10.35,15.49
1/16/2007,10.74,15.7299,10.64,14.6948,10.89,15.7837,10.4,14.69
1/15/2007,,14.7277,,14.39,,14.7709,,14.23
1/12/2007,10.15,14.5839,10.93,15.0982,10.93,15.1589,10.14,14.58
1/11/2007,10.87,15.0516,11.42,16.5662,11.48,17.0586,10.5,15.05
1/10/2007,11.47,17.2546,12.34,17.2626,12.5,17.8277,11.43,17.09
1/9/2007,11.91,16.6287,11.86,16.2885,12.47,16.6287,11.69,16.04
1/8/2007,12,16.8783,12.48,16.5872,12.83,17.0227,11.78,16.27
1/5/2007,12.14,16.3518,11.84,15.3217,12.25,16.3518,11.68,15.32
1/4/2007,11.51,15.063,12.4,15.1834,12.42,15.6668,11.28,14.96
1/3/2007,12.04,14.7294,12.16,14.6095,12.75,15.0083,11.53,14.55
1/2/2007,,14.6795,,15.2007,,15.2007,,14.55
12/29/2006,11.56,14.83,10.95,14.1025,11.65,15.0788,10.71,14.02
12/28/2006,10.99,14.1402,10.84,14.1361,11.06,14.3612,10.73,13.92
12/27/2006,10.64,14.2715,11.12,15.2383,11.12,15.2383,10.59,14.21
12/26/2006,11.26,,12.03,,12.03,,11.24,
12/22/2006,11.36,14.4039,10.59,13.3077,11.46,14.4039,10.59,13.25
12/21/2006,10.53,13.0608,10.36,13.0906,10.89,13.3282,10.13,12.81
12/20/2006,10.26,12.9212,10.3,13.3929,10.33,13.3929,10.03,12.89
12/19/2006,10.3,14.1774,11.06,13.5712,11.31,14.5495,10.27,13.51
12/18/2006,10.6,13.2655,10.64,13.3635,10.91,13.3727,10.4,12.72
12/15/2006,10.05,12.8487,9.68,13.024,10.07,13.2155,9.39,12.26
12/14/2006,9.97,13.3398,10.74,12.9867,10.75,13.7253,9.64,12.97
12/13/2006,10.18,14.0522,10.45,14.5558,10.58,14.5745,10.15,14.05
12/12/2006,10.65,14.5589,11.2,14.8651,11.39,14.9327,10.62,14.48
12/11/2006,10.71,14.7925,11.88,14.9133,11.93,15.0377,10.71,14.66
12/8/2006,12.07,15.0764,12.58,15.6459,12.67,15.9147,11.91,15.05
12/7/2006,12.67,15.5133,11.35,16.0339,12.68,16.1056,11.17,15.15
12/6/2006,11.33,15.8557,11.39,15.2587,11.55,16.2176,11.19,15.22
12/5/2006,11.27,15.6308,11.13,16.4061,11.59,16.7584,10.85,15.56
12/4/2006,11.23,17.0827,12.01,17.2475,12.01,18.0208,10.98,17.03
12/1/2006,11.66,17.0511,11.07,15.1721,12.28,17.6009,10.96,14.92
11/30/2006,10.91,15.5561,10.88,14.5682,11.3,15.6228,10.58,14.3
11/29/2006,10.83,14.8246,11.41,15.3529,11.43,15.5135,10.67,14.81
11/28/2006,11.62,15.9572,12.48,16.8842,12.55,17.4205,11.56,15.94
11/27/2006,12.3,16.5885,11.26,14.891,12.33,16.5885,11.14,14.66
11/24/2006,10.73,14.3144,10.81,13.3022,10.86,15.103,10.56,13.28
11/23/2006,,13.2078,,12.6802,,13.5313,,12.54
11/22/2006,10.14,12.8486,10.02,12.2909,10.15,13.184,9.81,11.98
11/21/2006,9.9,12.7078,10.05,12.8904,10.06,12.8954,9.84,12.33
11/20/2006,9.97,13.3018,10.42,14.4068,10.48,14.6691,9.91,13.14
11/17/2006,10.05,13.4419,10.37,13.5434,10.48,13.8299,10.05,12.98
11/16/2006,10.16,13.4836,10.13,13.9035,10.35,13.9166,10.04,13.48
11/15/2006,10.31,13.7616,10.47,13.9998,10.61,14.1754,10.13,13.74
11/14/2006,10.5,14.3518,10.89,13.9504,11.31,14.5814,10.39,13.89
11/13/2006,10.86,14.0769,11.19,14.2073,11.26,14.3435,10.69,13.86
11/10/2006,10.79,13.7988,11.01,14.1331,11.12,14.4613,10.77,13.8
11/9/2006,11.01,14.0318,10.65,13.8709,11.07,14.3638,10.57,13.81
11/8/2006,10.75,14.0015,11.41,14.1799,11.49,14.4952,10.7,13.93
11/7/2006,11.09,13.8875,11.06,13.7439,11.19,14.0381,10.87,13.66
11/6/2006,11.16,13.9834,11.39,14.4527,11.41,14.5249,10.99,13.98
11/3/2006,11.16,14.4651,11.16,14.412,11.43,14.8541,10.97,14.09
11/2/2006,11.42,14.8847,11.61,14.534,11.76,15.2402,11.41,14.07
11/1/2006,11.51,13.9959,10.93,14.4041,11.68,14.4606,10.89,13.71
10/31/2006,11.1,14.5146,11.1,14.8935,11.39,14.9393,10.99,14.25
10/30/2006,11.2,14.9257,11.36,15.3868,11.43,15.5598,10.92,14.91
10/27/2006,10.8,14.2753,10.66,13.9943,10.99,14.798,10.53,13.84
10/26/2006,10.56,14.2664,10.56,13.9129,10.96,14.5013,10.47,13.62
10/25/2006,10.66,14.3105,10.88,14.2676,10.88,14.3606,10.6,13.92
10/24/2006,10.78,14.2983,11.25,14.5321,11.27,14.6418,10.78,14.3
10/23/2006,11.08,14.6179,11.15,14.9871,11.25,15.3538,10.8,14.5
10/20/2006,10.63,14.7278,11.06,15.5544,11.23,15.5567,10.44,14.43
10/19/2006,10.9,15.4457,11.51,15.8116,11.57,16.087,10.78,15.26
10/18/2006,11.34,15.6317,11.44,16.563,11.83,16.5649,11.33,15.16
10/17/2006,11.73,16.4103,11.36,15.2194,12.03,16.4103,11.35,15.22
10/16/2006,11.09,15.0645,11.07,15.3415,11.2,15.3517,10.91,14.99
10/13/2006,10.75,14.7672,11.17,15.1713,11.35,15.1733,10.75,14.61
10/12/2006,11.09,14.9913,11.5,15.6362,11.51,15.6384,11.09,14.94
10/11/2006,11.62,15.4926,11.75,15.9055,12.03,16.0397,11.31,15.45
10/10/2006,11.52,15.6974,11.77,16.5003,11.89,16.5022,11.47,15.69
10/9/2006,11.68,16.3807,12.07,16.4139,12.09,16.6162,11.58,16.35
10/6/2006,11.56,15.6778,11.99,16.1252,12.17,16.218,11.55,15.68
10/5/2006,11.98,15.9714,11.94,16.158,12.06,16.2696,11.65,15.6
10/4/2006,11.86,16.0214,12.64,17.2996,12.64,17.3016,11.62,16.02
10/3/2006,12.24,17.1133,12.68,17.3564,12.91,17.895,11.97,17.11
10/2/2006,12.57,17.0755,12.45,16.8544,12.72,17.4045,12.11,16.26
9/29/2006,11.98,16.2455,11.75,15.9601,12.1,16.2842,11.72,15.28
9/28/2006,11.72,15.8951,11.64,15.9275,12.06,15.9332,11.59,15.52
9/27/2006,11.58,15.7681,11.65,15.9238,11.9,16.3515,11.42,15.25
9/26/2006,11.53,15.7843,12.23,16.8179,12.23,16.8202,11.51,15.48
9/25/2006,12.12,16.6682,12.97,17.3595,13.41,17.3619,11.93,16.14
9/22/2006,12.59,16.542,12.47,15.4871,13.28,16.7999,12.47,15.49
9/21/2006,12.25,15.2623,11.43,15.7469,12.6,15.7487,11.28,15.05
9/20/2006,11.39,15.6285,11.75,16.7501,11.75,16.7664,11.34,15.43
9/19/2006,11.98,16.5144,11.96,16.2372,12.69,16.7545,11.86,15.82
9/18/2006,11.78,16.1522,12.28,16.5687,12.41,16.9337,11.58,15.93
9/15/2006,11.76,15.8518,11.49,16.608,11.85,16.6102,11.4,15.41
9/14/2006,11.55,16.5403,11.36,16.6354,11.91,16.6598,11.15,15.73
9/13/2006,11.18,16.646,11.4,16.7577,11.56,16.8758,10.99,16.08
9/12/2006,11.92,16.6865,13.04,18.1478,13.14,18.3199,11.55,16.62
9/11/2006,12.99,17.9936,13.95,17.9295,13.95,18.6885,12.75,17.86
9/8/2006,13.16,17.1908,13.79,18.2273,13.8,18.2295,13.05,16.9
9/7/2006,13.88,18.0193,14.07,17.6651,14.49,18.6098,13.67,17.67
9/6/2006,13.74,17.5849,13.06,16.6817,13.88,17.6892,13.06,16.42
9/5/2006,12.63,16.4321,12.8,15.9153,12.86,16.7197,12.43,15.83
9/4/2006,,15.7982,,16.4179,,16.42,,15.78
9/1/2006,11.96,15.6894,12.14,16.3605,12.33,16.3628,11.91,15.53
8/31/2006,12.31,16.1689,12.23,16.3953,12.33,16.6187,12.07,16.06
8/30/2006,12.22,16.2129,12.14,16.8342,12.35,16.8363,12.1,16.13
8/29/2006,12.28,16.6878,12.27,16.2306,12.83,16.7392,12.21,15.96
8/28/2006,12.18,16.1099,12.92,16.6657,12.92,16.8774,12.07,16.06
8/25/2006,12.31,15.9337,12.41,16.4332,12.47,16.4374,12.08,15.66
8/24/2006,12.4,16.2685,12.24,17.1242,12.58,17.2315,12.21,16.02
8/23/2006,12.4,16.9853,12.26,16.7266,12.73,17.0758,12.16,16.3
8/22/2006,12.19,16.5631,12.42,17.5933,12.42,17.6058,11.93,16.47
8/21/2006,12.22,17.4915,12.4,17.8719,12.62,18.1025,12.21,17.36
8/18/2006,11.64,17.1458,12.11,17.7918,12.52,17.882,11.57,16.76
8/17/2006,12.24,17.5862,12.69,17.61,12.72,17.7494,12.21,17.22
8/16/2006,12.41,17.3557,12.69,17.5947,12.95,18.0052,12.11,17.07
8/15/2006,13.42,17.4584,13.57,18.67,13.72,18.834,13.15,17.13
8/14/2006,14.26,18.5039,14.15,19.9167,14.43,19.9262,13.41,18.48
8/11/2006,14.3,19.1018,14.72,20.1734,14.85,20.1757,14.3,19.06
8/10/2006,14.46,19.9403,15.56,19.1011,15.73,20.8336,14.45,19.1
8/9/2006,15.2,18.9895,14.76,20.7902,15.41,20.7923,14.07,18.9
8/8/2006,15.23,20.6779,15.2,20.8021,15.55,20.8021,14.86,20.14
8/7/2006,15.23,20.679,14.98,19.0798,15.53,20.7529,14.97,19.08
8/4/2006,14.34,18.4072,14.03,19.3974,14.91,19.3996,13.65,18.04
8/3/2006,14.46,19.2039,15.1,18.6061,15.19,19.7518,14.2,18.27
8/2/2006,14.34,18.4996,14.93,19.9881,14.93,19.9904,13.92,18.48
8/1/2006,15.05,19.7592,15.49,18.7182,16.15,19.9389,15.03,18.4
7/31/2006,14.95,18.5171,15.01,18.0076,15.13,18.5849,14.86,17.82
7/28/2006,14.33,17.3297,14.73,18.1005,14.75,18.6197,14.06,17.32
7/27/2006,14.94,18.0301,14.26,18.9784,15.39,18.9806,14.07,17.96
7/26/2006,14.62,18.8477,15.04,19.6875,15.21,19.6898,14.09,18.7
7/25/2006,14.85,19.6107,15.44,19.0061,15.68,19.6794,14.31,18.71
7/24/2006,14.98,19.2059,17.08,21.0999,17.08,21.1025,14.89,19
7/21/2006,17.4,20.2251,16.23,20.1435,17.56,20.7602,16.23,19.79
7/20/2006,16.21,19.7917,15.1,20.0283,16.37,20.0306,14.87,19.03
7/19/2006,15.55,20.5026,17.62,23.0001,17.62,23.0028,14.47,20.43
7/18/2006,17.74,22.7733,18.2,23.0151,19.58,23.0227,17.66,22.05
7/17/2006,18.64,22.8298,18.73,23.2878,18.76,23.9846,17.75,22.8
7/14/2006,18.05,22.2434,17.57,21.0169,18.79,22.2434,17.28,20.77
7/13/2006,17.79,20.8361,15.17,19.2062,17.83,21.0595,15.17,19.21
7/12/2006,14.49,19.0527,13.39,19.4242,14.85,19.4262,13.26,17.99
7/11/2006,13.14,19.4222,14.31,18.3681,14.68,19.5851,13.1,18.37
7/10/2006,14.02,18.2504,14.17,19.4727,14.5,19.6448,13.67,18.21
7/7/2006,13.97,18.5834,13.9,18.4372,14.45,19.089,13.43,18.29
7/6/2006,13.65,18.3061,14.04,20.0613,14.04,20.0639,13.25,18.28
7/5/2006,14.15,19.8315,13.92,17.6195,14.77,20.0555,13.86,17.62
7/4/2006,,17.4514,,17.968,,18.0961,,17.45
7/3/2006,13.05,17.68,13.29,18.8921,13.51,18.8943,12.77,17.58
6/30/2006,13.08,18.3282,12.9,20.5157,13.47,20.921,12.74,18.04
6/29/2006,13.03,20.5377,15.28,21.6451,15.3,21.6572,12.93,20.27
6/28/2006,15.79,21.4942,16.02,21.7987,17,22.2506,15.78,21.12
6/27/2006,16.4,21.4847,15.58,20.9156,16.55,21.5471,15.27,20.08
6/26/2006,15.62,20.7021,16.55,20.9589,16.61,20.961,15.49,20.23
6/23/2006,15.89,20.0873,16.41,20.6053,16.58,20.6076,14.94,19.46
6/22/2006,15.88,20.3521,15.95,20.8903,16.66,21.1738,15.56,19.67
6/21/2006,15.52,20.936,16.67,21.5949,16.72,21.9379,14.88,20.88
6/20/2006,16.69,21.7896,17.52,22.9277,17.65,23.7965,16.39,21.79
6/19/2006,17.83,22.7968,16.06,24.7988,18.1,24.8022,15.73,22.11
6/16/2006,17.25,23.9522,16.56,24.3775,18.13,24.5439,16.52,21.71
6/15/2006,15.9,24.1402,21.05,27.5941,21.14,27.5966,15.65,24
6/14/2006,21.46,26.6852,23.45,27.0305,23.49,27.7121,21.45,26.42
6/13/2006,23.81,26.6163,20.95,24.5516,23.81,26.8454,20.27,24.55
6/12/2006,20.96,24.3492,18.13,24.1193,21.25,24.4043,17.89,23.81
6/9/2006,18.12,22.8714,17.9,25.0831,18.45,25.0857,17.07,22.81
6/8/2006,18.35,24.8105,17.92,22.8077,20.75,24.9803,17.88,22.81
6/7/2006,17.8,22.6092,15.83,23.8983,17.86,23.9007,15.83,22.59
6/6/2006,17.34,23.7789,16.72,21.9822,18.56,23.919,16.65,21.98
6/5/2006,16.65,21.7745,14.97,21.6285,17.14,22.4989,14.97,21.21
6/2/2006,14.32,20.7394,14.17,21.4393,14.97,21.8143,13.92,19.83
6/1/2006,14.52,21.5323,16.47,23.1533,16.56,23.9503,14.48,21.4
5/31/2006,16.44,23.0529,18.09,24.4447,18.09,25.9053,16.41,22.81
5/30/2006,18.66,24.0765,15.39,21.0823,18.72,24.2938,15.39,20.93
5/29/2006,,20.9911,,21.0367,,21.0389,,20.65
5/26/2006,14.26,20.3767,14.92,21.7484,15.04,22.158,14.26,20.36
5/25/2006,15.5,21.9235,16.67,24.5343,16.67,24.5353,15.31,21.5
5/24/2006,17.36,24.3648,17.87,22.2186,19.87,25.1594,17.13,22.22
5/23/2006,18.26,22.3335,16.7,24.9928,18.26,24.9944,15.36,21.32
5/22/2006,17.72,24.6675,18.55,21.1483,19.58,24.766,16.73,21.11
5/19/2006,17.18,20.6506,16.16,20.9486,18.01,21.1082,15.9,20.28
5/18/2006,16.99,21.4678,15.54,20.2925,17.09,21.4866,14.96,19.82
5/17/2006,16.26,18.6215,13.83,17.403,16.26,19.17,13.39,16.36
5/16/2006,13.35,17.2415,13.49,18.121,13.61,18.1298,12.98,16.81
5/15/2006,13.57,18.0434,15.12,17.0633,15.13,19.5584,13.44,17.06
5/12/2006,14.19,16.4524,12.71,15.1779,14.26,16.8197,12.71,15.18
5/11/2006,12.49,15.1787,12.33,14.8322,12.92,15.1787,11.99,13.91
5/10/2006,11.78,14.7,12.22,14.3892,12.32,14.7,11.78,14.15
5/9/2006,11.99,14.2821,12.1,14.6766,12.15,14.7128,11.88,14.27
5/8/2006,12,14.53,11.98,14.5327,12.06,14.6213,11.81,13.93
5/5/2006,11.62,14.0024,11.39,15.1105,11.62,15.1126,11.18,13.99
5/4/2006,11.86,14.8677,11.92,15.9677,12.16,15.9702,11.71,14.86
5/3/2006,11.99,15.8879,12.21,15.0637,12.45,15.9218,11.95,14.54
5/2/2006,11.99,15.0612,12.2,15.8831,12.27,15.8844,11.93,15.01
5/1/2006,12.54,,11.83,,12.59,,11.75,
4/28/2006,11.59,14.7089,12.13,14.9598,12.13,15.1516,11.42,14.39
4/27/2006,11.84,14.7209,12.27,14.4909,12.52,15.3902,11.55,14.22
4/26/2006,11.76,14.4282,11.76,15.022,11.79,15.0238,11.34,14.32
4/25/2006,11.75,14.8972,11.71,15.3743,12.19,15.3763,11.59,14.75
4/24/2006,11.75,15.2911,12.26,15.1374,12.42,15.3291,11.67,15.09
4/21/2006,11.59,14.4811,11.24,14.7585,11.98,14.7606,11.19,14.23
4/20/2006,11.64,14.7966,11.3,14.9711,11.67,14.9734,11.02,14.23
4/19/2006,11.32,14.9101,11.52,15.6224,11.8,15.6241,11.23,14.57
4/18/2006,11.4,15.3849,12.55,16.2198,12.55,16.2215,11.31,15.36
4/17/2006,12.58,,12.8,,13.02,,12.27,
4/13/2006,12.38,15.0837,12.93,15.7829,13,15.7835,12.28,14.75
4/12/2006,12.76,15.3774,13.08,15.5767,13.09,15.8713,12.66,15.35
4/11/2006,13,15.3593,12.09,14.6224,13.06,15.435,12.06,14.46
4/10/2006,12.19,14.4419,12.44,14.968,12.49,14.9696,12.04,14.44
4/7/2006,12.26,14.3497,11.44,13.7151,12.31,14.4077,11.2,13.28
4/6/2006,11.45,13.5542,11.34,13.9799,11.74,13.9816,11.25,13.48
4/5/2006,11.13,13.7946,11.24,14.4206,11.36,14.4223,11.06,13.79
4/4/2006,11.14,14.3142,11.66,13.9792,11.8,14.3507,11.09,13.98
4/3/2006,11.57,13.8832,11.47,14.635,11.62,14.8239,11.03,13.81
3/31/2006,11.39,14.0139,11.42,13.7601,11.65,14.0593,11.27,13.61
3/30/2006,11.57,13.6051,11.03,14.4375,11.73,14.5824,10.7,13.45
3/29/2006,10.95,14.3144,11.46,14.8878,11.57,14.8897,10.79,14.28
3/28/2006,11.58,14.7849,11.69,14.7557,11.9,15.0767,11.38,14.2
3/27/2006,11.46,14.6162,11.46,13.6353,11.72,14.6576,11.41,13.38
3/24/2006,11.19,13.0311,11.23,13.7465,11.48,13.7488,11.09,12.96
3/23/2006,11.17,13.6083,11.19,13.6993,11.57,13.7212,11.11,13.4
3/22/2006,11.21,13.5353,11.71,13.8192,11.79,13.9213,11.11,13.38
3/21/2006,11.62,13.6421,11.71,14.2233,11.89,14.3754,11.17,13.63
3/20/2006,11.79,14.0272,11.23,14.1411,12.21,14.1433,11.13,13.52
3/17/2006,12.12,13.3971,11.56,13.5608,12.2,13.5937,11.53,12.75
3/16/2006,11.98,13.4109,10.59,13.3844,12.05,13.636,10.57,13.2
3/15/2006,11.35,13.6402,11.17,13.9504,11.54,13.9534,10.98,13.56
3/14/2006,10.74,13.8621,11.61,14.2413,11.72,14.3221,10.53,13.83
3/13/2006,11.37,14.0297,11.72,14.7369,11.75,14.7385,11.13,13.98
3/10/2006,11.85,14.1788,12.52,15.4302,12.6,15.5455,11.79,14.18
3/9/2006,12.68,15.292,12.21,15.9945,12.69,16.0024,12.01,15.1
3/8/2006,12.32,15.7863,12.83,15.8078,13.34,16.2262,12.26,15.33
3/7/2006,12.66,15.6891,12.92,15.28,13.34,16.0923,12.64,15.27
3/6/2006,12.74,15.1907,12.22,15.9051,12.91,15.9356,12.22,14.84
3/3/2006,11.96,15.3114,12.03,15.0649,12.1,15.6426,11.36,14.46
3/2/2006,11.72,14.9328,11.79,14.5082,11.95,15.4075,11.56,14.12
3/1/2006,11.54,14.3989,12.05,15.2006,12.07,15.2024,11.52,14.38
2/28/2006,12.34,15.0449,11.74,14.1152,12.36,15.2273,11.71,13.96
2/27/2006,11.59,14.0339,11.79,14.8291,11.83,14.8307,11.4,14.03
2/24/2006,11.46,14.252,11.94,14.7854,12.06,14.7871,11.42,14.22
2/23/2006,11.87,14.6621,11.86,14.414,11.97,15.0168,11.58,14.12
2/22/2006,11.88,14.289,12.27,15.202,12.3,15.2037,11.68,14.28
2/21/2006,12.41,15.1253,12.36,14.9178,12.64,15.2063,12.28,14.52
2/20/2006,,14.7889,,15.2299,,15.2318,,14.72
2/17/2006,12.01,14.589,11.64,14.9912,12.21,14.9936,11.52,14.17
2/16/2006,11.48,14.8742,12.19,16.3836,12.29,16.3854,11.13,14.84
2/15/2006,12.31,16.2622,12.43,16.21,12.95,16.655,12.21,16.05
2/14/2006,12.25,16.0942,13.09,16.0478,13.15,16.4925,12.01,15.72
2/13/2006,13.35,15.903,13.34,16.4168,13.7,16.4797,13.05,15.9
2/10/2006,12.87,15.7219,13.35,15.7325,13.73,15.843,12.69,15.36
2/9/2006,13.12,15.5128,12.56,16.2467,13.15,16.4295,12.27,15.48
2/8/2006,12.83,16.1962,13.48,16.5207,13.61,16.9524,12.76,16.05
2/7/2006,13.59,16.397,13.2,16.4782,13.67,16.6657,12.97,16.02
2/6/2006,13.04,16.3376,13.43,16.7109,13.43,16.7129,12.99,15.85
2/3/2006,12.96,16.0434,13.37,16.2026,13.7,16.6328,12.64,15.83
2/2/2006,13.23,16.1795,12.54,15.457,13.47,16.1795,12.48,15.12
2/1/2006,12.36,15.4234,13.03,16.0225,13.03,16.1291,12.34,15.17
1/31/2006,12.95,15.8548,12.45,15.541,13.06,16.0702,12.45,15.1
1/30/2006,12.39,15.5187,12.22,15.8017,12.46,15.8035,12.07,15.46
1/27/2006,11.97,15.1492,12.27,14.9042,12.33,15.5103,11.72,14.18
1/26/2006,12.42,14.7677,12.89,15.1128,12.91,15.1145,12.19,14.38
1/25/2006,12.87,14.975,12.95,15.8161,13.38,15.8179,12.62,14.87
1/24/2006,13.31,15.6608,13.79,16.4161,13.83,16.4176,13.14,15.32
1/23/2006,13.93,16.307,14.44,16.7692,14.48,17.3261,13.58,16.31
1/20/2006,14.56,16.0032,12.1,15.5256,14.56,16.0032,11.89,14.66
1/19/2006,11.98,15.4303,12.12,15.8458,12.34,15.854,11.65,15.17
1/18/2006,12.25,15.8139,12.62,15.3945,12.7,16.9635,12.2,15.36
1/17/2006,11.91,15.2464,12.13,14.3038,12.46,15.2992,11.87,14.3
1/16/2006,,14.2488,,15.0426,,15.0445,,14.23
1/13/2006,11.23,14.3896,11.4,13.7683,11.61,14.6008,11.11,13.71
1/12/2006,11.2,13.6515,10.98,14.1641,11.38,14.1755,10.94,13.57
1/11/2006,10.94,13.9825,11.03,14.6601,11.16,14.6618,10.83,13.98
1/10/2006,10.86,14.5109,11.39,14.4983,11.39,15.01,10.84,14.48
1/9/2006,11.13,14.3612,11.35,14.3087,11.35,14.4266,10.98,13.95
1/6/2006,11,13.7315,11.23,14.2256,11.5,14.232,10.81,13.68
1/5/2006,11.31,14.1421,11.43,14.1712,11.84,14.2632,11.31,14
1/4/2006,11.37,13.9452,11.22,14.3647,11.71,14.3665,10.97,13.83
1/3/2006,11.14,14.3069,12.25,14.3624,12.51,14.4216,10.99,13.85
1/2/2006,,14.3599,,14.9374,,14.9393,,14.35
12/30/2005,12.07,14.477,11.96,13.4796,12.07,14.5924,11.55,13.4
12/29/2005,11.61,13.334,11.36,13.2838,11.67,13.4627,11.14,13
12/28/2005,11.35,13.1741,11.55,12.6983,11.64,13.2234,11.26,12.63
12/27/2005,11.57,12.6053,10.97,12.8803,11.65,12.8819,10.83,12.37
12/23/2005,10.27,12.0709,10.37,12.5985,10.48,12.6004,10.24,11.94
12/22/2005,10.29,12.4678,10.82,12.5438,10.89,12.5565,10.28,12.15
12/21/2005,10.81,12.4621,10.71,12.5671,11.07,12.6207,10.34,11.95
12/20/2005,11.19,12.4045,11.32,12.7434,11.45,12.7504,11,12.4
12/19/2005,11.38,12.5818,11.11,13.1409,11.38,13.1427,10.65,12.21
12/16/2005,10.68,12.3556,10.7,13.6255,10.75,13.6276,10.15,12.24
12/15/2005,10.73,13.4201,10.66,13.1137,11.11,13.654,10.37,12.74
12/14/2005,10.48,13.5334,10.75,13.0851,10.79,13.5563,10.39,12.86
12/13/2005,11.11,13.102,11.18,13.3388,11.42,13.3403,10.74,12.97
12/12/2005,11.47,13.2823,11.43,13.7106,11.81,13.7354,11.37,12.9
12/9/2005,11.69,13.1098,11.91,13.6067,12.2,13.8567,11.56,13.07
12/8/2005,12.21,13.5905,11.88,13.9998,12.41,14.1791,11.73,13.59
12/7/2005,12.18,13.8452,11.49,13.605,12.44,13.8452,11.45,13.27
12/6/2005,11.52,13.4236,11.16,13.8104,11.59,13.8121,10.96,13.35
12/5/2005,11.6,13.7529,11.45,13.3909,11.68,13.785,11.4,13.09
12/2/2005,11.01,12.9378,11.1,13.0691,11.23,13.175,10.94,12.73
12/1/2005,11.24,12.9933,12.09,14.0619,12.23,14.0634,11.14,12.99
11/30/2005,12.06,13.9602,11.84,14.0738,12.13,14.279,11.55,13.86
11/29/2005,11.89,14.036,11.77,13.9962,11.96,14.1043,11.61,13.57
11/28/2005,11.84,13.8849,11.34,13.8578,11.99,13.9929,11.33,13
11/25/2005,10.88,13.3416,11.04,13.3586,11.24,13.4461,10.88,13.05
11/24/2005,,13.2397,,12.967,,13.3879,,12.82
11/23/2005,10.96,13.1907,10.96,13.5581,11.03,13.6497,10.67,13.14
11/22/2005,10.6,13.5828,11.01,13.9677,11.1,14.0592,10.5,13.52
11/21/2005,10.82,13.8128,11.18,15.1163,11.38,15.2004,10.71,13.73
11/18/2005,11.12,14.7475,11.19,12.1426,11.67,15.3505,10.96,12.14
11/17/2005,11.25,14.8319,11.92,15.3142,12.2,15.3158,11.25,14.2
11/16/2005,12.26,15.0447,12.22,14.9934,12.68,15.7222,12.17,14.85
11/15/2005,12.23,15.3937,12.16,14.5848,12.69,15.7018,11.7,14.58
11/14/2005,12.18,14.6517,11.99,14.6568,12.34,14.9278,11.77,14.23
11/11/2005,11.63,14.3744,11.82,14.5185,11.96,14.7535,11.63,14.04
11/10/2005,11.9,14.849,12.68,14.9844,13.17,15.2747,11.73,14.31
11/9/2005,12.8,15.0848,13.14,15.7096,13.36,15.78,12.42,15.04
11/8/2005,13.08,15.865,13.61,10.9963,13.61,16.0949,13.04,11
11/7/2005,13.1,16.0806,13.11,16.2684,13.65,16.2704,12.76,15.67
11/4/2005,13.17,15.5152,12.88,15.62,13.62,16.032,12.69,15.27
11/3/2005,13,15.84,13.12,16.2936,13.23,16.3966,12.5,15.81
11/2/2005,13.48,16.9304,14.99,17.5165,14.99,17.5671,13.38,16.72
11/1/2005,14.85,17.5434,14.85,17.9429,15.66,17.9451,14.65,17.25
10/31/2005,15.32,17.4308,14.04,18.0196,15.39,18.0221,13.93,16.83
10/28/2005,14.25,17.8759,15.45,17.9112,15.61,18.3595,14.11,17.39
10/27/2005,16.02,17.6939,14.73,16.839,16.3,17.8573,14.57,16.73
10/26/2005,14.59,16.471,14.8,17.7329,14.88,17.7461,13.72,16.47
10/25/2005,14.53,17.2463,14.96,16.9505,15.3,17.2463,14.2,16.68
10/24/2005,14.74,17.1387,16.18,18.5738,16.44,18.5751,14.61,17.04
10/21/2005,16.13,18.3237,15.53,18.0019,16.27,18.5928,15.26,17.81
10/20/2005,16.11,18.545,14.18,18.064,16.19,18.5978,13.98,16.81
10/19/2005,13.5,18.7418,15.63,16.7062,15.86,19.0589,13.47,16.7
10/18/2005,15.33,16.5209,14.92,16.8566,15.4,16.8586,14.79,16.15
10/17/2005,14.67,16.5186,15.3,17.3534,15.3,17.3546,14.58,16.45
10/14/2005,14.87,16.6343,15.99,18.1653,16.03,18.1674,14.83,16.62
10/13/2005,16.47,17.7423,16.32,17.4531,17.19,18.1074,15.98,17.32
10/12/2005,16.22,17.0988,15.56,16.7305,16.27,17.1236,15.04,16.63
10/11/2005,15.63,16.4709,15.35,16.6027,15.7,16.6044,15.06,15.98
10/10/2005,15.55,16.6092,14.93,16.9912,15.61,16.993,14.87,16
10/7/2005,14.59,16.4641,14.56,17.1806,14.82,17.183,14.3,16.08
10/6/2005,14.96,16.4451,14.53,15.9689,15.63,17.1499,14.04,15.97
10/5/2005,14.55,15.8574,13.15,15.105,14.58,15.8737,12.97,15.1
10/4/2005,13.2,14.9727,12.5,14.6378,13.21,15.0365,12.11,14.48
10/3/2005,12.46,14.5633,12.37,15.0573,12.62,15.059,11.98,14.39
9/30/2005,11.92,14.5562,12.42,14.6565,12.44,14.9997,11.92,14.44
9/29/2005,12.24,15.2485,12.92,14.682,13.23,15.35,12.15,14.63
9/28/2005,12.63,14.6788,12.6,14.7482,12.98,14.75,12.37,14.21
9/27/2005,12.76,14.7934,13.06,14.4283,13.46,14.8805,12.51,14.43
9/26/2005,13.04,14.4536,13.27,15.6298,13.47,15.6318,12.64,14.01
9/23/2005,12.96,14.8485,13.64,15.6508,13.88,15.6527,12.75,14.75
9/22/2005,13.33,15.6048,13.85,16.0984,14.39,16.4895,13.31,15.5
9/21/2005,13.79,15.6703,13.07,14.6193,13.91,15.7335,12.96,14.57
9/20/2005,12.64,14.6666,12.23,14.6027,12.96,14.7905,11.83,14.47
9/19/2005,12.14,14.7522,12.17,15.6923,12.46,16.7556,12.04,14.35
9/16/2005,11.22,15.4826,11.89,15.7755,11.93,15.7773,11.07,14.41
9/15/2005,12.49,15.3107,12.72,15.6056,13.17,15.6056,12.28,14.81
9/14/2005,12.91,15.3469,12.79,15.6785,13.26,15.7104,12.67,15.21
9/13/2005,12.39,15.7792,11.76,14.9866,12.48,15.7899,11.75,14.79
9/12/2005,11.65,14.7351,11.66,14.1844,11.89,14.7668,11.45,13.84
9/9/2005,11.98,14.0772,12.46,14.2774,12.65,14.2793,11.96,13.87
9/8/2005,12.93,14.1908,12.72,14.138,12.94,14.6132,12.37,14.08
9/7/2005,12.52,14.2198,13.06,14.043,13.2,14.5307,12.44,13.86
9/6/2005,12.93,14.289,14.17,14.602,14.18,14.6325,12.9,14.1
9/5/2005,,14.6156,,15.3373,,15.3389,,14.62
9/2/2005,13.57,15.023,13.21,14.8672,13.72,15.2871,13.03,14.46
9/1/2005,13.15,14.7469,12.86,15.1854,13.33,15.2234,12.31,14.37
8/31/2005,12.6,15.1539,13.37,15.9517,13.63,16.0372,12.56,15.13
8/30/2005,13.65,15.9397,13.49,16.3316,14.18,16.3926,13.47,15.8
8/29/2005,13.52,16.6678,14.34,17.2924,14.41,17.6466,13.38,16.61
8/26/2005,13.72,16.7371,13.79,16.4154,14.2,16.8431,13.65,15.07
8/25/2005,13.73,15.8729,13.92,15.457,14.12,16.3286,13.66,15.46
8/24/2005,14.17,15.3001,13.56,15.7009,14.18,15.9025,13,15.22
8/23/2005,13.34,15.3299,13.63,15.0392,14.05,15.8371,13.3,15
8/22/2005,13.42,14.7976,13.67,15.1127,13.89,15.2245,13.2,14.37
8/19/2005,13.42,14.7124,12.84,16.1862,13.85,16.1877,12.61,14.54
8/18/2005,13.42,15.7719,13.47,15.9802,13.88,16.4717,13.01,15.72
8/17/2005,13.3,15.9175,13.35,15.956,13.76,16.2789,12.78,15.79
8/16/2005,13.52,15.6063,12.37,15.1571,13.89,15.6511,12.28,14.78
8/15/2005,12.26,15.3025,12.87,15.774,12.99,15.7742,12.08,14.96
8/12/2005,12.74,14.9645,12.36,14.9829,12.98,15.1327,12.18,14.6
8/11/2005,12.42,14.7486,12.34,14.3717,12.94,15.0428,11.88,14.2
8/10/2005,12.38,13.9786,12.03,14.431,12.56,14.4377,11.51,13.79
8/9/2005,12.4,14.4624,12.25,15.4269,12.78,15.4288,12.24,14.44
8/8/2005,13.21,15.2119,12.56,15.6058,13.29,15.8767,12.56,14.73
8/5/2005,12.48,14.9563,11.82,14.7143,12.92,14.9588,11.82,14.22
8/4/2005,12.52,14.1573,12.12,13.4479,12.57,14.2883,11.99,13.4
8/3/2005,11.83,13.3723,11.9,12.9764,12.01,13.4539,11.62,12.84
8/2/2005,11.75,12.809,12,13.5486,12.03,13.558,11.69,12.77
8/1/2005,12.08,13.5152,11.75,13.8131,12.23,13.8191,11.36,13.29
7/29/2005,11.57,13.2763,10.24,12.8966,11.73,13.3412,10.24,12.71
7/28/2005,10.52,12.9713,10.4,12.7368,10.58,12.9944,10.27,12.49
7/27/2005,10.36,12.8418,11.03,13.4762,11.03,13.4829,10.34,12.54
7/26/2005,10.99,13.3918,11.11,14.2706,11.25,14.2774,10.92,13.26
7/25/2005,11.1,14.1148,11.12,14.4428,11.26,14.6464,10.7,14.02
7/22/2005,10.52,13.65,11.01,14.2639,11.05,14.2657,10.51,13.31
7/21/2005,10.97,13.7472,10.23,12.6882,11.21,15.0811,10.23,12.69
7/20/2005,10.23,13.0295,10.8,12.4064,10.94,13.3038,9.88,12.22
7/19/2005,10.45,12.498,10.63,12.6535,10.79,12.6557,10.36,12.19
7/18/2005,10.77,12.6721,11.09,13.5484,11.09,13.5484,10.77,12.59
7/15/2005,10.33,12.7737,10.61,13.1117,10.9,13.2549,10.13,12.47
7/14/2005,10.81,12.9773,10.87,12.9006,11.13,13.0034,10.5,12.26
7/13/2005,10.84,13.1659,11.09,13.6673,11.44,13.8091,10.8,13.13
7/12/2005,10.95,13.8737,11.03,13.3462,11.37,13.9336,10.85,13.18
7/11/2005,11.28,13.1677,10.96,13.1228,11.41,13.228,10.53,12.59
7/8/2005,11.45,12.9572,12.24,14.5472,12.29,14.6178,11.09,12.96
7/7/2005,12.49,15.7155,13.91,12.4321,13.92,20.0155,12.48,12.42
7/6/2005,12.27,12.2459,11.67,12.7101,12.33,12.7115,11.54,12.22
7/5/2005,11.68,12.5991,12.41,12.3349,12.41,13.0781,11.53,12.22
7/4/2005,,12.0091,,12.2693,,12.4573,,11.93
7/1/2005,11.4,11.9381,11.75,12.3656,11.92,12.4486,11.38,11.87
6/30/2005,12.04,12.3777,11.72,12.541,12.1,12.5476,11.5,12.1
6/29/2005,11.77,12.2629,11.54,12.6132,11.78,12.615,11.44,12.08
6/28/2005,11.58,12.6795,12.31,13.6256,12.31,13.6392,11.55,12.62
6/27/2005,12.52,13.3037,12.73,13.279,12.78,13.6778,12.38,13.2
6/24/2005,12.18,12.5237,12.27,12.2591,12.32,12.7557,11.95,12.21
6/23/2005,12.13,11.9247,11.19,12.4231,12.13,12.4599,10.96,11.85
6/22/2005,11.05,12.3862,10.96,12.5803,11.31,12.5895,10.81,12.04
6/21/2005,11.08,12.4507,11.52,12.9541,11.67,12.9559,11.01,12.35
6/20/2005,11.47,12.9133,12.51,13.1019,12.53,13.5362,11.31,12.78
6/17/2005,11.48,12.5633,10.83,13.2034,11.64,13.2054,10.78,12.02
6/16/2005,11.15,13.0157,11.24,13.6551,11.36,13.6629,11.04,12.84
6/15/2005,11.46,13.4793,11.22,12.1728,11.96,13.6176,11.05,12.13
6/14/2005,11.79,12.3775,11.65,12.9546,12.02,12.9592,11.52,12.26
6/13/2005,11.65,12.7563,12.12,13.2353,12.12,13.2353,11.31,12.63
6/10/2005,11.96,12.7016,12.16,13.1259,12.4,13.1705,11.9,12.62
6/9/2005,12.08,13.22,12.69,13.0722,13.07,13.4327,12.06,13.05
6/8/2005,12.7,12.9902,12.05,12.7831,12.83,13.1208,12.05,12.71
6/7/2005,12.39,12.6671,12.22,13.3351,12.43,13.3367,11.47,12.5
6/6/2005,12.28,13.3629,12.68,13.679,12.98,13.681,12.21,13.17
6/3/2005,12.15,12.9397,11.78,12.9054,12.49,13.0295,11.52,12.61
6/2/2005,11.84,12.8725,12.35,12.6472,12.43,13.1978,11.8,12.65
6/1/2005,12.36,12.9959,13.34,13.3298,13.34,13.3966,12.17,12.75
5/31/2005,13.29,13.5138,12.69,12.7348,13.45,13.5512,12.67,12.69
5/30/2005,,12.8239,,13.1276,,13.2796,,12.78
5/27/2005,12.15,12.9451,12.06,12.5391,12.43,12.9906,12.06,12.35
5/26/2005,12.24,12.7135,12.23,13.5164,12.38,13.5178,11.65,12.49
5/25/2005,12.58,13.4681,12.83,13.5469,13.11,13.7282,12.58,13.13
5/24/2005,12.69,13.386,13.12,13.1166,13.3,13.9159,12.53,13.12
5/23/2005,12.95,13.2149,13.38,13.4347,13.45,13.7462,12.75,13.14
5/20/2005,13.14,13.5132,13.57,13.8882,13.73,13.9508,13.07,13.14
5/19/2005,13.32,13.7944,13.35,13.8428,14.02,13.9577,13.25,13.58
5/18/2005,13.63,14.0947,14.11,15.6681,14.18,15.67,13.3,14.06
5/17/2005,14.57,15.6896,15.92,15.3517,16.21,15.956,14.45,15.08
5/16/2005,15.68,15.5249,16.87,15.8961,16.87,15.8978,15.67,15.09
5/13/2005,16.32,15.0693,15.88,15.0408,17.7,15.5645,15.4,15.02
5/12/2005,16.12,14.8536,14.43,15.7623,16.23,15.7642,14.16,14.5
5/11/2005,14.45,15.6572,14.69,15.3976,15.8,15.8159,14.31,15.01
5/10/2005,14.91,15.2831,14.05,13.6429,15.11,15.2831,14.03,13.29
5/9/2005,13.75,14.2322,14.11,13.9949,14.56,14.4407,13.53,13.73
5/6/2005,14.05,13.3008,13.29,13.9001,14.06,13.9019,13.11,13.19
5/5/2005,13.98,13.5342,13.48,14.1524,14.62,14.1544,13.43,13.1
5/4/2005,13.85,14.3329,14.44,15.1404,14.94,15.1423,13.7,14.33
5/3/2005,14.53,15.148,15.19,15.9251,15.2,15.9275,14.53,14.99
5/2/2005,15.12,15.9563,15.45,17.468,15.79,17.47,15.08,15.73
4/29/2005,15.31,16.792,15.75,16.8611,16.92,17.3369,15.26,16.29
4/28/2005,16.86,16.5344,14.99,16.5739,16.87,17.1123,14.99,15.95
4/27/2005,14.87,16.5913,15.37,15.1164,15.93,17.0708,14.43,15.11
4/26/2005,14.91,15.0498,14.27,15.1658,15.15,15.4134,14.27,14.86
4/25/2005,14.62,15.1246,15.29,16.0933,15.47,16.0937,14.6,15.07
4/22/2005,15.38,15.2649,14.54,16.3133,16.32,16.3674,14.2,15.26
4/21/2005,14.41,16.7983,16.22,18.0844,16.22,18.2214,14.26,16.17
4/20/2005,16.92,17.3837,14.86,17.4546,17.25,17.7583,14.52,15.89
4/19/2005,14.96,17.18,15.28,,15.97,,14.81,
4/18/2005,16.56,18.31,18.33,,18.59,,16.41,
4/15/2005,17.74,15.39,14.92,,18.05,,14.71,
4/14/2005,14.53,12.24,13.4,,14.6,,12.67,
4/13/2005,13.31,12.21,11.68,,13.44,,11.27,
4/12/2005,11.3,12.47,11.66,,12.83,,11.19,
4/11/2005,11.98,12.02,12.09,,12.46,,11.82,
4/8/2005,12.62,11.79,12.06,,12.65,,11.52,
4/7/2005,12.33,11.72,12.92,,12.96,,12.3,
4/6/2005,13.15,12.29,13.75,,13.76,,12.89,
4/5/2005,13.68,12.72,14.1,,14.11,,13.66,
4/4/2005,14.11,13.67,14.53,,14.76,,13.96,
4/1/2005,14.09,12.61,13.64,,14.38,,12.92,
3/31/2005,14.02,13.24,13.71,,14.1,,13.57,
3/30/2005,13.64,13.27,14.47,,14.47,,13.64,
3/29/2005,14.49,13.06,13.96,,14.68,,13.38,
3/28/2005,13.75,,14.01,,14.01,,13.44,
3/25/2005,,12.48,,,,,,
3/24/2005,13.42,12.48,13.86,,13.88,,12.97,
3/23/2005,14.06,13.47,14.61,,14.67,,13.88,
3/22/2005,14.27,13.36,13.76,,14.28,,13.15,
3/21/2005,13.61,13.39,13.62,,13.98,,13.33,
3/18/2005,13.14,12.83,13.65,,13.67,,13.08,
3/17/2005,13.29,13.46,13.25,,13.67,,13.2,
3/16/2005,13.49,14.57,13.3,,13.81,,13.19,
3/15/2005,13.15,12.49,12.44,,13.22,,12.33,
3/14/2005,12.39,13.35,12.82,,12.99,,12.36,
3/11/2005,12.8,12.96,12.29,,12.98,,12.11,
3/10/2005,12.49,13.47,12.62,,12.97,,12.42,
3/9/2005,12.7,12.53,12.23,,12.72,,12.2,
3/8/2005,12.4,12,12.06,,12.5,,11.95,
3/7/2005,12.26,11.72,12.36,,12.6,,12.05,
3/4/2005,11.94,11.93,12.49,,12.5,,11.94,
3/3/2005,12.93,12.57,12.28,,13.07,,12.23,
3/2/2005,12.5,12.86,12.88,,12.91,,12.2,
3/1/2005,12.04,12.35,11.95,,12.1,,11.66,
2/28/2005,12.08,12.89,11.89,,12.5,,11.73,
2/25/2005,11.49,12.21,11.75,,11.78,,10.92,
2/24/2005,11.57,13.19,12.51,,12.51,,11.48,
2/23/2005,12.39,13.99,12.94,,12.94,,12.3,
2/22/2005,13.14,13.49,12.18,,13.2,,12.09,
2/21/2005,,13.24,,,,,,
2/18/2005,11.18,13.01,11.99,,12.12,,11.18,
2/17/2005,11.77,13.57,11.25,,11.91,,11.21,
2/16/2005,11.1,13.66,11.4,,11.5,,11.03,
2/15/2005,11.27,12.35,11.57,,11.76,,11.13,
2/14/2005,11.52,12.52,11.28,,11.86,,11.18,
2/11/2005,11.43,11.99,11.64,,11.82,,11.25,
2/10/2005,11.51,12.04,11.98,,11.99,,11.38,
2/9/2005,12,12.19,11.52,,12.02,,11.41,
2/8/2005,11.6,11.92,11.66,,11.67,,11.45,
2/7/2005,11.73,11.99,11.53,,11.75,,11.36,
2/4/2005,11.21,11.6,11.97,,11.97,,10.9,
2/3/2005,11.79,12.38,12.03,,12.12,,11.72,
2/2/2005,11.66,12.25,12.01,,12.06,,11.52,
2/1/2005,12.03,12.36,12.8,,13.05,,12.02,
1/31/2005,12.82,12.72,13.63,,13.63,,12.79,
1/28/2005,13.24,12.81,13.15,,13.56,,12.83,
1/27/2005,13.24,12.46,13.5,,13.57,,12.96,
1/26/2005,13.44,13.32,13.84,,13.84,,13.06,
1/25/2005,14.06,13.63,14.34,,14.36,,13.88,
1/24/2005,14.65,14.11,14.38,,14.75,,14.17,
1/21/2005,14.36,13.96,13.75,,14.46,,13.4,
1/20/2005,13.83,14.17,13.37,,14.11,,13.28,
1/19/2005,13.18,13.63,12.47,,13.21,,12.41,
1/18/2005,12.47,13.17,13.13,,13.15,,12.3,
1/17/2005,,13.2,,,,,,
1/14/2005,12.43,13.57,12.68,,12.82,,12.29,
1/13/2005,12.84,13.64,12.7,,12.86,,12.37,
1/12/2005,12.56,14.05,13.2,,13.26,,12.54,
1/11/2005,13.19,13.68,13.44,,13.68,,13.05,
1/10/2005,13.23,12.92,13.92,,13.93,,12.94,
1/7/2005,13.49,13.57,13.47,,13.51,,12.94,
1/6/2005,13.58,13.8,14.09,,14.09,,13.33,
1/5/2005,14.09,14.42,13.98,,14.09,,13.26,
1/4/2005,13.98,14.51,14.01,,14.45,,13.93,
1/3/2005,14.08,14.47,13.39,,14.23,,13.25,
12/31/2004,13.29,,12.42,,13.29,,12.42,
12/30/2004,12.56,14.07,12.25,,12.61,,12.18,
12/29/2004,11.62,13.74,11.61,,11.79,,11.61,
12/28/2004,12,13.1,12.25,,12.4,,11.97,
12/27/2004,12.14,12.96,11.53,,12.16,,11.53,
12/23/2004,11.23,12.94,11.41,,11.64,,11.14,
12/22/2004,11.45,12.99,11.42,,11.71,,11.37,
12/21/2004,11.55,12.64,11.78,,12,,11.37,
12/20/2004,11.83,13.36,12.26,,12.34,,11.77,
12/17/2004,11.95,14.15,12.34,,12.75,,11.87,
12/16/2004,12.27,13.44,12.34,,12.59,,11.96,
12/15/2004,12.35,14.72,12.41,,12.88,,12.23,
12/14/2004,12.73,15.14,12.55,,12.73,,12.21,
12/13/2004,12.54,15.11,12.37,,12.61,,12.13,
12/10/2004,12.76,15.67,13.05,,13.15,,12.68,
12/9/2004,12.88,15.82,13.52,,13.71,,12.77,
12/8/2004,13.19,15.61,13.52,,13.68,,13.18,
12/7/2004,13.67,15.74,13.07,,13.74,,12.96,
12/6/2004,13.19,15.73,12.95,,13.4,,12.93,
12/3/2004,12.96,15.71,13.02,,13.06,,12.4,
12/2/2004,12.98,15.67,12.97,,13.04,,12.72,
12/1/2004,12.97,15.64,13.1,,13.12,,12.77,
11/30/2004,13.24,16.56,13.27,,13.38,,13.07,
11/29/2004,13.3,15.59,12.99,,13.69,,12.93,
11/26/2004,12.78,15.62,12.91,,12.91,,12.59,
11/25/2004,,15.22,,,,,,
11/24/2004,12.72,15.81,12.58,,12.89,,12.56,
11/23/2004,12.67,15.92,12.78,,12.91,,12.57,
11/22/2004,12.97,15.69,13.71,,13.71,,12.94,
11/19/2004,13.5,15.43,12.79,,13.83,,12.77,
11/18/2004,12.98,14.81,13.22,,13.29,,12.96,
11/17/2004,13.21,14.69,13.2,,13.39,,12.77,
11/16/2004,13.21,15.12,13.41,,13.67,,13.2,
11/15/2004,13.38,14.98,14.05,,14.06,,13.25,
11/12/2004,13.33,14.37,13.24,,13.48,,13.04,
11/11/2004,13.04,14.36,13.11,,13.12,,12.64,
11/10/2004,13.08,14.62,13.16,,13.51,,12.79,
11/9/2004,13.61,15.08,13.56,,13.96,,13.27,
11/8/2004,13.8,15.54,14.18,,14.48,,13.68,
11/5/2004,13.84,15.6,13.67,,14.1,,13.43,
11/4/2004,13.97,15.38,13.83,,14.02,,12.95,
11/3/2004,14.04,16.35,15.05,,15.18,,13.79,
11/2/2004,16.18,16.9,15.99,,16.32,,15.21,
11/1/2004,16.27,18.13,16.43,,16.76,,16.18,
10/29/2004,16.27,17.37,15.3,,16.29,,14.96,
10/28/2004,15.39,17.57,16.02,,16.05,,15.36,
10/27/2004,15.72,18.1,16.48,,16.53,,15.66,
10/26/2004,16.39,18.71,16.72,,16.87,,15.97,
10/25/2004,16.58,19.24,16.07,,16.71,,16.02,
10/22/2004,15.28,17.01,14.59,,15.41,,14.31,
10/21/2004,14.54,17.45,14.98,,15.19,,14.28,
10/20/2004,14.85,17.75,15.46,,15.53,,14.8,
10/19/2004,15.13,16.97,14.73,,15.2,,14.32,
10/18/2004,14.71,17.55,16.16,,16.16,,14.64,
10/15/2004,15.04,16.82,16.28,,16.49,,14.72,
10/14/2004,16.43,17.82,15.22,,16.56,,15.22,
10/13/2004,15.42,17.64,13.92,,15.63,,13.92,
10/12/2004,15.05,17.48,15.21,,15.69,,14.91,
10/11/2004,14.71,16.69,14.69,,15.27,,14.28,
10/8/2004,15.05,17.12,14.7,,15.52,,13.78,
10/7/2004,14.5,16.75,13.33,,14.66,,13.33,
10/6/2004,13.28,16.29,14.01,,14.1,,13.24,
10/5/2004,13.95,16.35,13.51,,14.19,,13.51,
10/4/2004,13.41,16.16,13.05,,13.45,,12.99,
10/1/2004,12.75,15.57,13.11,,13.11,,12.6,
9/30/2004,13.34,16.51,13.49,,13.67,,13.2,
9/29/2004,13.21,16.54,14.09,,14.14,,13.2,
9/28/2004,13.83,17,14.73,,14.84,,13.69,
9/27/2004,14.62,17.32,14.86,,15.03,,14.55,
9/24/2004,14.28,16.51,14.93,,14.94,,14.08,
9/23/2004,14.8,17.48,14.85,,15.08,,14.61,
9/22/2004,14.74,17,13.99,,14.8,,13.95,
9/21/2004,13.66,16.09,14.44,,14.44,,13.38,
9/20/2004,14.43,16.76,13.98,,15.29,,13.98,
9/17/2004,14.03,16.2,14.11,,14.43,,13.93,
9/16/2004,14.39,16.79,14.29,,14.66,,14.27,
9/15/2004,14.64,16.65,13.88,,14.67,,13.68,
9/14/2004,13.56,16.11,13.5,,13.89,,13.5,
9/13/2004,13.17,16.32,13.64,,13.78,,13.16,
9/10/2004,13.76,16.34,13.9,,14.23,,13.69,
9/9/2004,14.01,16.61,14.12,,14.41,,13.7,
9/8/2004,14.06,16.24,14.16,,14.19,,13.86,
9/7/2004,14.07,16.23,14.52,,14.64,,14.03,
9/6/2004,,16.29,,,,,,
9/3/2004,13.91,16.55,14.36,,14.38,,13.79,
9/2/2004,14.28,17.61,14.97,,15.05,,14.18,
9/1/2004,14.91,17.96,15.39,,15.39,,14.72,
8/31/2004,15.29,18.75,15.64,,15.85,,15.28,
8/30/2004,15.44,17.57,15.35,,15.58,,15.3,
8/27/2004,14.71,16.55,14.91,,15.02,,14.67,
8/26/2004,14.91,17.16,15.22,,15.22,,14.76,
8/25/2004,14.98,17.66,15.4,,15.76,,14.81,
8/24/2004,15.33,17.56,15.63,,15.81,,15.33,
8/23/2004,15.88,18.44,16.68,,16.71,,15.79,
8/20/2004,16,18.7,16.99,,17.04,,15.78,
8/19/2004,16.96,20.59,16.54,,17.55,,16.31,
8/18/2004,16.23,20.69,17.55,,17.55,,16.13,
8/17/2004,17.02,21.42,16.58,,17.28,,16.4,
8/16/2004,17.57,21.26,18.77,,18.79,,17.42,
8/13/2004,17.98,23.44,18.91,,19.25,,17.97,
8/12/2004,19.08,23.17,18.61,,19.3,,18.36,
8/11/2004,18.04,22.47,18.15,,18.49,,17.84,
8/10/2004,17.47,21.29,18.8,,18.86,,17.25,
8/9/2004,18.89,22.9,19.97,,19.97,,18.63,
8/6/2004,19.34,22.3,18.21,,19.68,,18.18,
8/5/2004,18.32,18.97,16.19,,18.41,,16.17,
8/4/2004,16.21,19.1,16.33,,16.65,,15.82,
8/3/2004,16.03,18.68,15.56,,16.05,,15.28,
8/2/2004,15.37,19.32,16.42,,16.58,,15.22,
7/30/2004,15.32,18.24,15.85,,15.89,,15.27,
7/29/2004,15.68,18.49,16,,16.12,,15.42,
7/28/2004,16.15,19.84,16.77,,17.41,,15.94,
7/27/2004,16.55,19.43,17.24,,17.34,,16.3,
7/26/2004,17.3,20.58,17.22,,17.93,,16.98,
7/23/2004,16.5,19.66,15.82,,16.94,,15.82,
7/22/2004,15.75,19.17,16.65,,17.1,,15.29,
7/21/2004,16.41,17.56,14,,16.46,,13.91,
7/20/2004,14.17,18.18,15.53,,15.57,,13.98,
7/19/2004,15.17,18.31,15.17,,15.83,,14.86,
7/16/2004,14.34,17.26,14.27,,14.58,,13.95,
7/15/2004,14.71,18.17,13.94,,14.73,,13.6,
7/14/2004,13.76,18.67,14.9,,15.11,,13.34,
7/13/2004,14.46,18.74,14.86,,15.08,,14.28,
7/12/2004,14.96,19.26,15.25,,15.61,,14.61,
7/9/2004,15.78,18.43,16.01,,16.03,,15.71,
7/8/2004,16.2,19.08,15.86,,16.36,,15.5,
7/7/2004,15.81,19.32,16.36,,16.47,,15.59,
7/6/2004,16.25,19.89,16.25,,16.75,,16.13,
7/5/2004,,18.41,,,,,,
7/2/2004,15.08,18.7,15.23,,15.45,,14.8,
7/1/2004,15.2,19.04,14.74,,15.57,,14.41,
6/30/2004,14.34,18.5,15.27,,15.73,,14.25,
6/29/2004,15.47,18.28,16.27,,16.28,,15.4,
6/28/2004,16.07,18.29,15.28,,16.13,,15.19,
6/25/2004,15.19,18.11,14.78,,15.29,,14.47,
6/24/2004,14.81,17.83,14.39,,14.97,,14.16,
6/23/2004,13.98,17.92,14.6,,14.82,,13.75,
6/22/2004,14.31,18.8,15.44,,15.64,,14.31,
6/21/2004,15.26,17.72,15.61,,15.62,,14.96,
6/18/2004,14.99,18.18,14.74,,15.25,,14.51,
6/17/2004,15.15,18.75,15.06,,15.58,,15,
6/16/2004,14.79,17.67,14.83,,15.22,,14.48,
6/15/2004,15.05,18.15,15.34,,15.35,,14.72,
6/14/2004,16.07,20.5,15.54,,16.36,,15.54,
6/11/2004,,18.17,,,,,,
6/10/2004,15.04,18.41,15.33,,15.35,,14.92,
6/9/2004,15.39,19.52,14.9,,15.46,,14.81,
6/8/2004,15.01,19.07,15.79,,15.88,,15,
6/7/2004,15.39,19.43,16.6,,16.7,,15.33,
6/4/2004,16.78,19.33,16.24,,16.9,,15.82,
6/3/2004,17.03,20.76,16.43,,17.04,,16.16,
6/2/2004,16.08,20.74,16.05,,16.7,,15.95,
6/1/2004,16.3,22.45,16.6,,16.96,,16.19,
5/31/2004,,21.23,,,,,,
5/28/2004,15.5,20.26,15.44,,15.65,,15.39,
5/27/2004,15.28,20.7,15.74,,15.86,,15.19,
5/26/2004,15.97,21.05,16.09,,16.3,,15.78,
5/25/2004,15.96,21.35,18.41,,18.42,,15.73,
5/24/2004,18.08,24.88,18.79,,18.82,,17.96,
5/21/2004,18.49,22.38,18.73,,18.74,,18,
5/20/2004,18.67,23.6,18.6,,19.25,,18.55,
5/19/2004,18.93,23.29,18.48,,18.93,,17.58,
5/18/2004,19.33,25.34,19.6,,19.7,,19.14,
5/17/2004,19.96,26.76,19.7,,20.45,,19.65,
5/14/2004,18.47,25.28,18.66,,19.27,,18.06,
5/13/2004,18.86,25.42,18.78,,18.92,,17.97,
5/12/2004,18.14,25.99,18.79,,20.41,,18.14,
5/11/2004,18.57,24.04,19.23,,19.28,,17.94,
5/10/2004,19.77,26,19.44,,20.2,,18.99,
5/7/2004,18.13,22.99,17.22,,18.17,,16.44,
5/6/2004,17.05,22.91,16.45,,17.67,,16.45,
5/5/2004,15.77,19.88,16.43,,16.55,,15.64,
5/4/2004,16.55,21.83,16.8,,17.13,,15.97,
5/3/2004,16.62,22.02,17.69,,17.72,,16.61,
4/30/2004,17.19,22.73,16.27,,17.23,,16.14,
4/29/2004,16.6,22.28,16.36,,17.27,,15.87,
4/28/2004,16.29,21.14,15.55,,16.54,,15.55,
4/27/2004,15.07,18.93,15.05,,15.17,,14.37,
4/26/2004,14.77,19.5,14.75,,15.22,,14.39,
4/23/2004,14.01,18.59,14.42,,14.56,,13.89,
4/22/2004,14.61,18,15.89,,15.98,,13.86,
4/21/2004,15.6,19.84,16.61,,16.94,,15.55,
4/20/2004,16.67,19.3,15.24,,16.72,,14.79,
4/19/2004,15.42,19.87,15.73,,16.08,,15.33,
4/16/2004,14.94,19.56,15.59,,15.69,,14.77,
4/15/2004,15.74,22.37,16.02,,16.78,,15.22,
4/14/2004,15.62,22.03,17.29,,17.71,,15.6,
4/13/2004,17.26,20.84,15.29,,17.98,,15.29,
4/12/2004,15.28,,15.71,,16.12,,15,
4/8/2004,16.26,20.58,14.96,,16.82,,14.96,
4/7/2004,15.76,20.76,15.41,,16.36,,15.34,
4/6/2004,15.32,20.1,15.35,,15.53,,15.07,
4/5/2004,14.97,18.53,16.17,,16.64,,14.81,
4/2/2004,15.64,19.04,15.71,,16.55,,15.6,
4/1/2004,16.65,21.71,16.76,,17.25,,16.65,
3/31/2004,16.74,22.67,16.33,,16.96,,16.23,
3/30/2004,16.28,23.61,16.68,,16.8,,16.13,
3/29/2004,16.5,22.84,17.11,,17.17,,16.29,
3/26/2004,17.33,25.05,18.19,,18.23,,16.67,
3/25/2004,17.88,25.92,19.58,,19.58,,17.61,
3/24/2004,19.81,28.37,20.24,,20.83,,19.45,
3/23/2004,20.67,29.19,21.06,,21.33,,20.01,
3/22/2004,21.58,31.74,20.61,,22.67,,20.61,
3/19/2004,19.15,26,17.98,,19.25,,17.89,
3/18/2004,18.53,26.51,18.38,,19.23,,18.35,
3/17/2004,18.11,24.41,19.54,,19.55,,17.98,
3/16/2004,20.34,27.89,20.27,,20.94,,19.86,
3/15/2004,21.13,28.77,18.98,,21.39,,18.86,
3/12/2004,18.3,24.65,19.94,,20.08,,18.06,
3/11/2004,20.67,23.22,18.81,,20.69,,17.63,
3/10/2004,18.67,18.69,16.12,,18.7,,16.11,
3/9/2004,16.6,18.86,15.57,,16.74,,15.56,
3/8/2004,15.79,17.08,14.83,,15.83,,14.54,
3/5/2004,14.48,17.04,14.81,,14.82,,13.83,
3/4/2004,14.4,17.3,14.45,,14.5,,14.19,
3/3/2004,14.55,17.67,14.73,,15.27,,14.47,
3/2/2004,14.86,17.35,14.59,,14.89,,14.18,
3/1/2004,14.44,17.63,14.91,,15.05,,14.4,
2/27/2004,14.55,18.06,14.76,,14.77,,14.23,
2/26/2004,14.83,18.46,15.32,,15.33,,14.69,
2/25/2004,14.93,18.81,15.58,,16.05,,14.93,
2/24/2004,15.9,19.47,16.38,,16.76,,15.87,
2/23/2004,16.29,18.47,16.5,,16.78,,16.25,
2/20/2004,16.04,17.96,15.85,,16.55,,15.82,
2/19/2004,15.8,17.13,15.33,,15.97,,15.2,
2/18/2004,15.59,17.94,15.51,,15.76,,15.3,
2/17/2004,15.4,18.02,15.63,,15.96,,15.32,
2/16/2004,,18.37,,,,,,
2/13/2004,15.58,19.02,15.12,,16.03,,14.86,
2/12/2004,15.31,18.55,15.36,,15.72,,15.23,
2/11/2004,15.39,18.57,15.9,,16.16,,15.26,
2/10/2004,15.94,18.6,16.41,,16.76,,15.84,
2/9/2004,16.39,18.79,16.54,,16.82,,16.12,
2/6/2004,16,20.05,17.71,,17.71,,15.94,
2/5/2004,17.71,20.47,17.91,,17.99,,17.6,
2/4/2004,17.87,21.01,17.84,,18.06,,17.46,
2/3/2004,17.34,21.35,17.29,,17.78,,17.17,
2/2/2004,17.11,20.57,17.45,,17.56,,16.67,
1/30/2004,16.63,21.07,17.27,,17.35,,16.56,
1/29/2004,17.14,20.45,16.88,,17.66,,16.79,
1/28/2004,16.78,19.29,15.37,,17.06,,15.29,
1/27/2004,15.35,19.21,15.28,,15.44,,14.74,
1/26/2004,14.55,18.92,15.78,,15.78,,14.52,
1/23/2004,14.84,18.47,14.73,,15.05,,14.56,
1/22/2004,14.71,18.6,14.2,,14.87,,14.01,
1/21/2004,14.34,17.73,15.62,,15.62,,14.24,
1/20/2004,15.21,18.97,15.77,,16.13,,15.09,
1/19/2004,,19.02,,,,,,
1/16/2004,15,17.87,15.4,,15.44,,14.9,
1/15/2004,15.56,18.6,17.07,,17.31,,15.49,
1/14/2004,16.75,19.68,17.29,,17.3,,16.4,
1/13/2004,18.04,20.46,16.6,,18.33,,16.53,
1/12/2004,16.82,20.67,17.32,,17.46,,16.79,
1/9/2004,16.75,20.16,15.64,,16.88,,15.57,
1/8/2004,15.61,18.31,15.42,,15.68,,15.32,
1/7/2004,15.5,19.22,16.72,,16.75,,15.5,
1/6/2004,16.73,20.05,17.66,,17.67,,16.19,
1/5/2004,17.49,21.29,18.45,,18.49,,17.44,
1/2/2004,18.22,21.57,17.96,,18.68,,17.54,
12/31/2003,18.31,,17.49,,18.86,,17.41,
12/30/2003,17.68,21.16,17.32,,17.97,,17.2,
12/29/2003,17.09,20.57,17.81,,17.86,,17.07,
12/26/2003,17.45,,16.76,,17.49,,16.63,
12/24/2003,16.66,,16.65,,16.77,,16.24,
12/23/2003,16.49,19.45,17.32,,17.4,,16.29,
12/22/2003,16.94,19.69,17.06,,17.31,,16.61,
12/19/2003,16.42,19.87,16.66,,16.81,,15.71,
12/18/2003,16.16,19.81,15.59,,16.19,,14.66,
12/17/2003,15.58,21.04,16.12,,16.27,,15.52,
12/16/2003,15.93,20.81,17.27,,17.45,,15.9,
12/15/2003,17.23,20.77,15.8,,17.42,,15.79,
12/12/2003,16.41,20.95,16.19,,16.98,,16.09,
12/11/2003,16.73,20.11,17.95,,17.95,,16.51,
12/10/2003,17.87,20.92,17.66,,18.27,,17.58,
12/9/2003,17.63,20.63,16.63,,17.8,,16.56,
12/8/2003,16.54,21.4,17.55,,17.59,,16.52,
12/5/2003,17.09,20.73,16.76,,17.32,,16.5,
12/4/2003,16.3,20.95,16.48,,16.83,,16.29,
12/3/2003,16.63,20.98,16.08,,16.68,,15.77,
12/2/2003,16.27,22.46,16.89,,16.89,,16.17,
12/1/2003,16.77,22.94,16.74,,17.03,,16.17,
11/28/2003,16.32,22.08,16.51,,16.62,,16.16,
11/27/2003,,22.23,,,,,,
11/26/2003,16.23,23.21,16.11,,17.26,,16.02,
11/25/2003,16.71,22.8,17.4,,17.87,,16.4,
11/24/2003,17.44,23.36,18.91,,18.98,,17.19,
11/21/2003,18.98,27.24,19.08,,19.4,,18.82,
11/20/2003,19.48,29.01,19.09,,19.61,,18.46,
11/19/2003,18.8,27.92,19.14,,19.51,,18.65,
11/18/2003,19.11,29.2,18.09,,19.17,,17.78,
11/17/2003,18.6,26.83,18.14,,19.36,,18.04,
11/14/2003,16.94,22.56,16.63,,17,,16.17,
11/13/2003,16.47,22.34,17.05,,17.13,,16.43,
11/12/2003,16.75,22.02,17.78,,17.85,,16.55,
11/11/2003,17.54,22.83,18.14,,18.53,,17.5,
11/10/2003,17.62,22.68,17.79,,17.88,,17.53,
11/7/2003,16.93,22.49,16.63,,16.93,,16.5,
11/6/2003,16.74,21.65,17,,17.37,,16.62,
11/5/2003,16.86,22.69,16.99,,17.32,,16.55,
11/4/2003,16.55,22.78,16.57,,16.78,,16.45,
11/3/2003,16.55,21.75,16.33,,16.7,,16.22,
10/31/2003,16.1,22.52,16.11,,16.19,,15.79,
10/30/2003,16.33,23.04,16.04,,16.76,,16.01,
10/29/2003,16.43,24.43,16.85,,17.02,,16.34,
10/28/2003,16.82,23.98,17.79,,17.89,,16.77,
10/27/2003,18.05,25.32,17.97,,18.18,,17.74,
10/24/2003,17.71,26.03,18.25,,18.68,,17.67,
10/23/2003,17.68,26.86,18.51,,18.51,,17.48,
10/22/2003,17.67,27.76,17.1,,17.98,,17.1,
10/21/2003,16.55,24.61,17.16,,17.23,,16.19,
10/20/2003,17.04,24.79,17.84,,18.07,,17.04,
10/17/2003,17.62,25.95,16.97,,17.85,,16.97,
10/16/2003,17.19,25.36,17.58,,18.05,,16.86,
10/15/2003,17.69,26.74,17.73,,17.96,,16.98,
10/14/2003,17.37,26.97,17.4,,17.79,,17.2,
10/13/2003,17.55,26.58,17.62,,17.91,,17.42,
10/10/2003,18.45,27.04,18.92,,18.92,,18.42,
10/9/2003,18.82,27.06,18.51,,19.28,,18.26,
10/8/2003,19.18,29.5,19.26,,19.61,,19.08,
10/7/2003,19.41,31.04,20.14,,20.14,,19.4,
10/6/2003,19.51,29.48,20.69,,20.69,,19.45,
10/3/2003,19.5,28.08,19.94,,20.09,,18.95,
10/2/2003,20.8,30.85,21.23,,21.45,,20.71,
10/1/2003,21.07,31.59,22.81,,22.82,,20.99,
9/30/2003,22.72,33.5,22.04,,23.26,,22.03,
9/29/2003,21.67,32.29,22.85,,22.85,,21.64,
9/26/2003,22.23,32.38,22.28,,22.73,,21.85,
9/25/2003,22.26,32.13,21.11,,22.27,,21.04,
9/24/2003,21.22,30.55,19.53,,21.26,,19.44,
9/23/2003,19.47,29.83,19.91,,19.97,,19.31,
9/22/2003,19.65,28.89,19.08,,20.03,,19.03,
9/19/2003,17.54,23.99,17.83,,17.86,,17.52,
9/18/2003,17.57,22.96,18.14,,18.15,,17.56,
9/17/2003,18.15,24.04,18.03,,18.24,,17.98,
9/16/2003,18.03,24.59,18.94,,18.94,,17.95,
9/15/2003,19.28,26.59,19.15,,19.35,,18.85,
9/12/2003,18.68,27.66,20.58,,20.66,,18.51,
9/11/2003,19.25,26.48,19.87,,20.02,,19.19,
9/10/2003,20.01,26.97,19.26,,20.15,,19.26,
9/9/2003,18.85,25.91,18.48,,19.14,,18.45,
9/8/2003,18.26,24.89,18.3,,18.59,,18.25,
9/5/2003,18.17,25.11,18.64,,18.69,,18.15,
9/4/2003,18.71,25.21,19.58,,19.64,,18.7,
9/3/2003,19.44,25.78,19.31,,19.58,,19.21,
9/2/2003,19.02,26.08,19.31,,19.83,,18.95,
9/1/2003,,24.71,,,,,,
8/29/2003,18.63,24.66,18.53,,18.75,,18.52,
8/28/2003,18.48,24.52,19.09,,19.59,,18.45,
8/27/2003,19.13,25.33,19.91,,19.93,,19.09,
8/26/2003,19.49,26.49,19.77,,20.3,,19.45,
8/25/2003,19.53,24.85,19.45,,19.58,,19.21,
8/22/2003,18.55,23.82,17.74,,18.63,,17.73,
8/21/2003,17.84,23.51,17.64,,18.18,,17.64,
8/20/2003,17.82,24.28,18.07,,18.33,,17.81,
8/19/2003,17.86,24.34,17.99,,18.38,,17.79,
8/18/2003,18.18,24.13,18.72,,18.85,,18.01,
8/15/2003,18.27,24.52,18.65,,18.94,,18.15,
8/14/2003,18.47,24.63,18.96,,18.96,,18.2,
8/13/2003,18.77,26.79,18.31,,18.99,,18.05,
8/12/2003,17.94,26.89,19.11,,19.55,,17.75,
8/11/2003,19.75,27.92,20.04,,20.31,,19.51,
8/8/2003,19.59,28.76,19.78,,20.21,,19.48,
8/7/2003,20.26,29.97,21.51,,21.72,,20.09,
8/6/2003,21.5,29.28,23.26,,23.89,,21.48,
8/5/2003,22.68,26.62,21.61,,22.68,,21.36,
8/4/2003,21.27,27.33,22.16,,22.86,,21.25,
8/1/2003,20.75,25.3,20.06,,20.77,,20.06,
7/31/2003,19.49,24.54,18.82,,19.58,,18.36,
7/30/2003,18.85,25.38,18.88,,19.03,,18.73,
7/29/2003,18.67,25.8,18.6,,19.5,,18.32,
7/28/2003,18.36,25.72,18.69,,18.76,,18.25,
7/25/2003,17.75,25.73,18.6,,18.88,,17.65,
7/24/2003,18.6,25.66,18.37,,18.65,,17.88,
7/23/2003,18.64,27.37,19.44,,19.6,,18.6,
7/22/2003,19.17,28.08,19.85,,20.07,,19.1,
7/21/2003,19.78,29.25,20.06,,20.36,,19.78,
7/18/2003,19.11,28.15,20.14,,20.2,,19.1,
7/17/2003,20.22,28.63,19.8,,20.45,,19.8,
7/16/2003,19.76,25.96,19.71,,20.15,,19.66,
7/15/2003,19.55,26.16,19.7,,19.93,,19.38,
7/14/2003,19.59,25.78,18.88,,19.67,,18.7,
7/11/2003,18.47,25.95,18.75,,18.89,,18.26,
7/10/2003,19.19,26.84,19.26,,19.5,,19.05,
7/9/2003,18.93,26.32,19.5,,19.63,,18.93,
7/8/2003,19.48,26.27,19.96,,20.05,,19.37,
7/7/2003,20.06,25.81,19.99,,20.32,,19.84,
7/4/2003,,27.11,,,,,,
7/3/2003,19.39,28.15,19.33,,19.73,,18.86,
7/2/2003,19.03,27.56,18.91,,19.4,,18.84,
7/1/2003,19.46,29.63,20.49,,20.8,,19.29,
6/30/2003,19.52,27.53,19.31,,19.63,,19.21,
6/27/2003,19.16,26.59,19.4,,19.64,,18.87,
6/26/2003,19.4,26.8,20.19,,20.47,,19.4,
6/25/2003,20.81,27.94,21.14,,21.25,,20.48,
6/24/2003,20.75,28.15,20.29,,20.89,,20.24,
6/23/2003,20.58,27.38,20.16,,20.99,,20.16,
6/20/2003,19.14,26.12,19.54,,19.59,,18.89,
6/19/2003,19.8,27.21,19.83,,19.99,,19.51,
6/18/2003,19.76,26.91,20.25,,20.33,,19.74,
6/17/2003,20.01,27.25,20.3,,20.55,,19.78,
6/16/2003,20.22,26.29,21.28,,21.28,,20.22,
6/13/2003,20.66,27.51,20.57,,20.9,,20.5,
6/12/2003,20.41,26.49,20.74,,21.04,,20.39,
6/11/2003,20.21,26.94,20.61,,20.72,,20.1,
6/10/2003,20.64,28.03,21.87,,21.87,,20.64,
6/9/2003,22.15,29.66,22.2,,22.81,,22.12,
6/6/2003,21.25,28.38,20.41,,21.44,,20.16,
6/5/2003,20.83,30.75,21.21,,21.39,,20.81,
6/4/2003,20.62,29.41,20.95,,20.95,,20.5,
6/3/2003,20.84,30.92,20.85,,21.22,,20.7,
6/2/2003,20.85,28.55,20.35,,20.98,,20.06,
5/30/2003,19.47,28.54,19.83,,19.83,,19.44,
5/29/2003,20.43,30.49,19.72,,20.74,,19.66,
5/28/2003,20.03,30.79,19.79,,20.35,,19.79,
5/27/2003,19.99,32.02,20.68,,20.75,,19.66,
5/26/2003,,32.88,,,,,,
5/23/2003,19.17,33.54,20.07,,20.08,,19.14,
5/22/2003,19.78,33.28,20.99,,21,,19.56,
5/21/2003,21.21,36.2,21.69,,21.72,,21.21,
5/20/2003,21.29,34.84,20.49,,21.68,,20.3,
5/19/2003,20.51,34.78,19.49,,20.69,,19.45,
5/16/2003,18.4,28.64,19.26,,19.42,,18.24,
5/15/2003,19.24,29.32,19.55,,19.79,,19.22,
5/14/2003,20,31.23,20.02,,20.29,,19.82,
5/13/2003,19.91,32.65,19.51,,20.05,,19.35,
5/12/2003,19.52,33.27,19.96,,20.02,,19.39,
5/9/2003,19.69,32.89,20.85,,20.93,,19.66,
5/8/2003,21.24,34.02,21.66,,21.66,,20.7,
5/7/2003,21,30.64,21.45,,21.58,,20.94,
5/6/2003,20.8,30.09,21,,21.35,,20.4,
5/5/2003,21.13,31.02,21.32,,21.71,,21.06,
5/2/2003,20.63,31.72,21.09,,21.42,,20.63,
5/1/2003,21.59,,21.35,,22.33,,21.32,
4/30/2003,21.21,31.8,21.04,,21.56,,20.87,
4/29/2003,20.76,32.55,20.66,,21.33,,20.46,
4/28/2003,20.84,32.11,20.89,,20.96,,20.65,
4/25/2003,20.8,33.22,20.51,,20.89,,20.36,
4/24/2003,20.33,32.41,21.03,,21.27,,20.31,
4/23/2003,20.8,32.16,20.86,,21.07,,20.68,
4/22/2003,20.7,33.13,21.83,,21.86,,20.26,
4/21/2003,21.95,,21.81,,22.35,,21.56,
4/17/2003,21.5,32.6,22.11,,22.38,,21.33,
4/16/2003,22.52,32.76,22.5,,22.85,,21.95,
4/15/2003,22.56,32.96,23.24,,23.42,,22.44,
4/14/2003,23.41,34.81,24.83,,25,,23.32,
4/11/2003,24.44,37.5,24.42,,25.2,,24.31,
4/10/2003,25.6,38.45,26.92,,27.13,,25.51,
4/9/2003,27.11,39.21,27.08,,27.23,,26.13,
4/8/2003,27.13,40.59,27.87,,27.94,,26.86,
4/7/2003,28.45,41.43,28.86,,28.86,,27.68,
4/4/2003,29.13,43.98,28.35,,30.04,,28.35,
4/3/2003,28.21,45.69,28.32,,28.44,,27.54,
4/2/2003,28.02,45.03,27.5,,28.12,,27.45,
4/1/2003,28.36,46.74,29.58,,29.58,,28.18,
3/31/2003,29.15,48.27,29.95,,30.21,,28.57,
3/28/2003,27.75,45.9,28.21,,28.25,,27.58,
3/27/2003,27.96,46.61,28.94,,29.1,,27.62,
3/26/2003,28.23,48.06,28.62,,28.79,,27.89,
3/25/2003,28.75,49.74,30.27,,30.5,,28.75,
3/24/2003,30.39,50.15,30.53,,31,,30.33,
3/21/2003,28.67,45.84,29.41,,29.7,,28.44,
3/20/2003,30.44,50.45,31.81,,32,,30.41,
3/19/2003,31.54,52.88,30.82,,31.54,,30.4,
3/18/2003,30.43,52.23,31.51,,31.51,,30.24,
3/17/2003,31.75,50.33,31.85,,32.62,,31.67,
3/14/2003,30.98,46.95,30.85,,31.25,,30.45,
3/13/2003,31.76,45.98,32.98,,32.98,,31.67,
3/12/2003,33.51,50.04,33.69,,34.4,,33.32,
3/11/2003,33.61,45.24,33.32,,33.75,,32.97,
3/10/2003,33.31,47.17,33.37,,33.85,,33.08,
3/7/2003,31.08,45.01,32.64,,32.81,,30.84,
3/6/2003,31.37,43.85,31.04,,31.53,,30.69,
3/5/2003,30.38,43.65,31.25,,31.33,,30.38,
3/4/2003,31.83,44.61,31.05,,31.98,,30.98,
3/3/2003,30.43,43.91,29.78,,30.52,,29.71,
2/28/2003,29.63,44.5,29.84,,29.84,,29.06,
2/27/2003,30.53,46.71,31.76,,31.85,,30.47,
2/26/2003,31.94,48.11,32.12,,32.21,,31.75,
2/25/2003,31.74,49.33,32.71,,33.06,,31.6,
2/24/2003,31.98,44.66,31.46,,32.31,,31.46,
2/21/2003,30.25,40.69,30.98,,31.65,,30.16,
2/20/2003,31.16,41.71,30.97,,31.27,,30.86,
2/19/2003,31.31,41.3,31.17,,31.72,,31.13,
2/18/2003,31.11,40.31,32.12,,32.12,,31.11,
2/17/2003,,41.92,,,,,,
2/14/2003,32.62,42.53,33.74,,33.94,,32.42,
2/13/2003,33.7,44.4,34.99,,35.2,,33.33,
2/12/2003,34.33,44.37,33.88,,34.33,,33.77,
2/11/2003,33.68,43.25,33.18,,33.97,,32.72,
2/10/2003,33.99,45.79,35.21,,35.66,,33.99,
2/7/2003,34.01,46.4,33.3,,34.31,,33.19,
2/6/2003,33.35,46.86,34.03,,34.24,,33.12,
2/5/2003,33.04,45.26,32.76,,33.22,,31.98,
2/4/2003,32.76,47.24,32.74,,33.37,,32.7,
2/3/2003,31.02,42.54,32.45,,32.45,,30.87,
1/31/2003,31.17,44.35,31.15,,31.66,,30.61,
1/30/2003,31.32,47.19,31.38,,31.5,,30.66,
1/29/2003,31.26,51.29,32.45,,33.24,,31.05,
1/28/2003,31.93,52.41,34.42,,34.47,,31.82,
1/27/2003,34.69,53.14,33.31,,35.33,,32.97,
1/24/2003,31.51,47.16,28.47,,32.41,,28.45,
1/23/2003,27.53,47.57,28.72,,29.19,,27.35,
1/22/2003,29.01,48.85,28.16,,29.08,,27.77,
1/21/2003,27.59,45.96,26.75,,27.7,,26.73,
1/20/2003,,43.55,,,,,,
1/17/2003,25.7,41.46,25.39,,26,,25.2,
1/16/2003,25.01,38.33,24.92,,25.8,,24.69,
1/15/2003,25.51,39.62,24.85,,26.01,,24.85,
1/14/2003,24.57,39.82,25.01,,25.09,,24.38,
1/13/2003,24.9,40.59,24.95,,25.48,,24.68,
1/10/2003,24.32,41.41,24.62,,24.69,,24.15,
1/9/2003,24.25,43.93,24.9,,24.9,,24.02,
1/8/2003,25.53,45.72,25.62,,25.76,,25.07,
1/7/2003,25.13,44.87,25.13,,25.69,,24.91,
1/6/2003,24.91,44.59,25.32,,25.42,,24.29,
1/3/2003,24.68,45.33,25.55,,25.55,,24.68,
1/2/2003,25.39,46.51,28.74,,28.74,,25.32,
12/31/2002,28.62,,29.08,,29.62,,28.6,
12/30/2002,29.62,51.21,30.69,,30.83,,29.47,
12/27/2002,29.55,50.25,27.72,,29.97,,27.52,
12/26/2002,27.37,,26.32,,27.57,,26.16,
12/24/2002,26.49,,26.39,,26.82,,26.38,
12/23/2002,26.2,46.69,27.61,,27.69,,25.87,
12/20/2002,26.71,47.95,28.59,,28.75,,26.59,
12/19/2002,30.21,50.51,28.26,,30.84,,27.88,
12/18/2002,28.29,45.53,27.29,,28.55,,27.29,
12/17/2002,26.66,42.68,26.25,,26.82,,25.9,
12/16/2002,26.24,42.47,28.25,,28.29,,26.22,
12/13/2002,28.18,44.66,28.01,,28.67,,27.56,
12/12/2002,27.29,44.31,27.95,,28.16,,27.23,
12/11/2002,27.76,43.6,28.92,,29,,27.55,
12/10/2002,28.76,45.25,30.44,,30.49,,28.65,
12/9/2002,30.78,47.1,30.07,,31.2,,29.99,
12/6/2002,28.88,42.72,30.64,,30.64,,28.77,
12/5/2002,30.1,42.42,29.5,,30.2,,29.26,
12/4/2002,28.92,39.48,29.1,,29.51,,28.27,
12/3/2002,28.33,39.76,27.79,,28.41,,27.47,
12/2/2002,27.46,36.76,28.35,,28.61,,27.28,
11/29/2002,27.5,35.83,27.1,,27.7,,26.84,
11/28/2002,,34.27,,,,,,
11/27/2002,27.25,34.63,25.15,,27.42,,23.97,
11/26/2002,25.97,36.58,24.56,,26.15,,24.56,
11/25/2002,24.07,34.63,23.92,,25.42,,23.62,
11/22/2002,23.16,34.8,23.99,,24.22,,23.05,
11/21/2002,23.81,35.64,24.6,,24.75,,23.41,
11/20/2002,25.32,38.13,26.93,,26.93,,25.06,
11/19/2002,27.41,39.31,28.12,,28.15,,26.63,
11/18/2002,27.66,40.23,27.09,,27.66,,26.73,
11/15/2002,26.65,41.69,27.92,,28.23,,26.44,
11/14/2002,28.67,44.23,29.69,,29.76,,28.65,
11/13/2002,31.24,46.15,31.21,,31.9,,30.5,
11/12/2002,30.58,46.06,31.09,,31.2,,29.75,
11/11/2002,31.3,48.78,30.63,,31.64,,30.41,
11/8/2002,29.41,47.69,30.39,,31.03,,29.1,
11/7/2002,31.42,46.62,31.42,,31.85,,30.76,
11/6/2002,30.73,44.58,31.89,,32.6,,30.71,
11/5/2002,31.23,43.23,31.01,,31.72,,30.43,
11/4/2002,30.82,43.36,29.81,,30.9,,28.83,
11/1/2002,29.3,44.79,31.57,,31.7,,28.62,
10/31/2002,31.14,45.07,31.57,,31.57,,29.69,
10/30/2002,31.23,46.85,32.5,,32.5,,30.79,
10/29/2002,32.27,49.1,31.53,,33.53,,31.53,
10/28/2002,31.07,46.91,30.78,,31.67,,30.31,
10/25/2002,30,48.68,33.37,,33.37,,29.88,
10/24/2002,34.03,50.29,32.99,,34.43,,32.53,
10/23/2002,33.2,52.16,34.06,,35.61,,33.2,
10/22/2002,34.09,51.22,34.39,,34.76,,33.61,
10/21/2002,33.11,50.94,35.34,,35.55,,33,
10/18/2002,33.53,51.73,34.6,,34.73,,33.34,
10/17/2002,34.1,51.1,34.77,,35.13,,33.93,
10/16/2002,36,51.51,34.91,,36.27,,34.91,
10/15/2002,34.02,48.42,34.36,,34.71,,33.79,
10/14/2002,36.04,51.35,36.92,,37.18,,36.02,
10/11/2002,35.7,49.61,36.36,,36.53,,35.2,
10/10/2002,37.55,52.28,39.13,,39.39,,37.54,
10/9/2002,42.13,58.2,42.25,,42.58,,41.21,
10/8/2002,41.02,61.17,42.09,,43.44,,39.96,
10/7/2002,42.64,61.9,41.65,,42.95,,41.04,
10/4/2002,39.46,60.66,39.18,,40.29,,38.67,
10/3/2002,37.31,58.9,37.33,,37.75,,36.11,
10/2/2002,36.83,57.06,35.16,,36.97,,34.42,
10/1/2002,34.12,57.67,37.25,,37.61,,33.77,
9/30/2002,39.69,61.34,41.07,,41.86,,38.89,
9/27/2002,36.97,56.95,35.07,,36.97,,33.96,
9/26/2002,34.6,55.72,36.09,,36.15,,34.6,
9/25/2002,37.33,57.45,39.65,,39.92,,36.79,
9/24/2002,40.52,60.35,40.95,,41.34,,39.57,
9/23/2002,39.68,59.8,40.78,,41.18,,39.26,
9/20/2002,38.98,55.51,39.93,,40.23,,38.72,
9/19/2002,40.65,57.49,39.92,,40.7,,38.92,
9/18/2002,37.52,56.69,38.68,,39.71,,36.96,
9/17/2002,38.01,51.56,35.87,,38.06,,35.79,
9/16/2002,36.74,50.94,37.34,,38.55,,36.64,
9/13/2002,35.82,50.23,38.22,,38.52,,35.82,
9/12/2002,37.5,49.74,36.24,,37.74,,36.1,
9/11/2002,34.81,45.76,35.98,,34.81,,33.72,
9/10/2002,35.08,49.38,35.98,,35.98,,35.08,
9/9/2002,36.45,50.85,39.1,,39.63,,36.04,
9/6/2002,36.33,48.93,36.88,,37.35,,35.99,
9/5/2002,38.86,55.87,39.58,,40.41,,38.21,
9/4/2002,37.44,57.42,39.21,,39.71,,37.05,
9/3/2002,39.97,58.06,37.12,,39.97,,37.12,
9/2/2002,,49.62,,,,,,
8/30/2002,32.64,46.82,33.64,,33.64,,31.93,
8/29/2002,33.67,47.25,35.42,,35.42,,33.21,
8/28/2002,33.32,43.59,31.24,,33.6,,31.19,
8/27/2002,30.11,38.53,29.89,,30.8,,29.53,
8/26/2002,29.89,39.47,30.73,,31.93,,29.63,
8/23/2002,29.32,39.2,28.08,,29.54,,28.08,
8/22/2002,27.75,39.15,28.64,,28.64,,27.61,
8/21/2002,28.23,38.46,29.18,,30.06,,28.07,
8/20/2002,29.59,39.93,29.52,,30.22,,29.18,
8/19/2002,28.61,38.2,29.6,,29.73,,28.29,
8/16/2002,28.81,43.81,29.88,,29.95,,28.01,
8/15/2002,29.43,48.24,31.9,,32.1,,29.43,
8/14/2002,32.36,51.56,35.56,,35.99,,32.35,
8/13/2002,35.82,51.51,37.24,,37.31,,34.2,
8/12/2002,37.05,51.98,37.23,,37.52,,36.83,
8/9/2002,35.33,50.02,37.41,,37.48,,34.69,
8/8/2002,36.33,51.14,38.53,,39.06,,36.19,
8/7/2002,38.73,56.1,40.72,,41.37,,38.65,
8/6/2002,42.03,54.03,43.06,,43.06,,40.28,
8/5/2002,45.08,55.65,41.95,,45.21,,41.77,
8/2/2002,41.29,52.88,37.53,,43.93,,36.86,
8/1/2002,36.95,50.97,32.77,,36.95,,32.77,
7/31/2002,32.03,48.71,32.78,,33.68,,32.03,
7/30/2002,31.92,46.37,32.04,,32.77,,30.6,
7/29/2002,31.33,46.99,33.89,,33.89,,31.19,
7/26/2002,35.51,56.41,38.61,,38.8,,35.51,
7/25/2002,39.27,59.25,40.65,,42.05,,38.89,
7/24/2002,39.86,62.73,48.17,,48.46,,39.83,
7/23/2002,44.92,58.96,42.27,,46.13,,42.05,
7/22/2002,41.87,56.46,39.13,,42.58,,38.57,
7/19/2002,38.17,52.06,36.42,,38.17,,35.98,
7/18/2002,35.12,48.76,35.2,,35.42,,33.45,
7/17/2002,35.45,51.64,34.25,,36.73,,33.62,
7/16/2002,36.65,53.62,35.97,,36.82,,35.2,
7/15/2002,35.03,52.77,35.07,,38.38,,34.86,
7/12/2002,32.94,46.88,34.3,,34.3,,32.41,
7/11/2002,33.85,46.56,34.42,,36.35,,33.85,
7/10/2002,34.1,41.93,31.4,,34.17,,30.77,
7/9/2002,30.22,39.4,27.96,,30.34,,27.79,
7/8/2002,28.25,38.64,28.54,,28.78,,27.88,
7/5/2002,27.11,36.76,27.3,,27.3,,25.68,
7/4/2002,,40.08,,,,,,
7/3/2002,29.42,43.72,28.88,,31.03,,28.76,
7/2/2002,28.96,40.48,27.56,,29.78,,27.56,
7/1/2002,27.11,36.66,25.71,,27.16,,25.63,
6/28/2002,25.4,36.11,25.74,,25.88,,24.88,
6/27/2002,26.29,38.42,27.67,,29.24,,26.29,
6/26/2002,28.42,41.25,29.99,,30.98,,28.41,
6/25/2002,27.84,36.55,26.41,,27.92,,25.49,
6/24/2002,26.98,38.68,27.93,,29.02,,26.46,
6/21/2002,27.23,37.92,28.38,,28.5,,26.84,
6/20/2002,27.48,36.8,26.1,,27.56,,26,
6/19/2002,26.06,35.36,25.05,,26.08,,24.65,
6/18/2002,24.24,32.09,24.75,,24.81,,24.06,
6/17/2002,24.64,31.03,25.92,,25.92,,24.6,
6/14/2002,25.96,34.73,28.43,,28.78,,25.8,
6/13/2002,25.02,31.02,24.65,,25.56,,23.97,
6/12/2002,24.15,29.87,24.18,,25.5,,23.85,
6/11/2002,24.45,28.04,23.11,,24.5,,22.81,
6/10/2002,23.72,28.68,24.18,,24.28,,23.05,
6/7/2002,23.51,28.91,25.96,,26.15,,22.98,
6/6/2002,24.16,27.68,22.97,,24.64,,22.94,
6/5/2002,22.61,28.44,23.52,,23.77,,22.46,
6/4/2002,23.89,29.38,23.6,,24.82,,23.31,
6/3/2002,23.37,26.78,20.98,,23.37,,20.62,
5/31/2002,19.98,25.8,20.26,,20.26,,19.43,
5/30/2002,20.61,27.11,20.88,,21.58,,20.42,
5/29/2002,20.39,25.15,20.41,,20.79,,19.73,
5/28/2002,20.31,25.23,20.21,,20.77,,20.07,
5/27/2002,,24.74,,,,,,
5/24/2002,18.9,25.22,18.22,,19.03,,18.22,
5/23/2002,18.23,26.32,19.05,,19.16,,18.19,
5/22/2002,19.58,26.69,20.25,,20.71,,19.54,
5/21/2002,20.05,25.45,19.04,,20.11,,18.99,
5/20/2002,19.24,25.27,18.76,,19.42,,18.76,
5/17/2002,17.7,24.24,18.01,,18.57,,17.7,
5/16/2002,18.5,24.7,19.31,,19.31,,18.48,
5/15/2002,19.19,24.69,19.5,,19.65,,18.5,
5/14/2002,19.35,24.98,19.87,,20.08,,19.2,
5/13/2002,20.72,25.06,22.25,,22.25,,20.67,
5/10/2002,22.41,25.84,21.83,,22.71,,21.77,
5/9/2002,21.56,24.83,20.84,,21.62,,20.83,
5/8/2002,20.39,24.58,21.3,,21.31,,20.21,
5/7/2002,21.94,26.01,22.38,,22.59,,21.64,
5/6/2002,22.56,25.65,20.99,,22.57,,20.83,
5/3/2002,20.19,25.45,20.25,,20.96,,20.05,
5/2/2002,20.07,25,20.11,,20.51,,19.91,
5/1/2002,20.06,,21.44,,22.03,,19.91,
4/30/2002,21.91,24.85,24.03,,24.03,,21.64,
4/29/2002,24.05,25.29,23.23,,24.5,,22.91,
4/26/2002,22.14,24.72,20.72,,22.14,,20.67,
4/25/2002,20.95,24.75,21.56,,21.7,,20.86,
4/24/2002,20.77,23.15,20.01,,20.86,,19.71,
4/23/2002,20.28,23.09,19.23,,20.33,,19.2,
4/22/2002,19.77,23.08,19.41,,20.09,,19.34,
4/19/2002,18.3,22.17,18.41,,18.96,,17.73,
4/18/2002,19.29,23.34,17.82,,19.8,,17.82,
4/17/2002,18.43,22.51,18.34,,19.03,,17.9,
4/16/2002,18.11,21.53,18.58,,19.03,,18.06,
4/15/2002,19.82,22.28,20.13,,20.2,,19.47,
4/12/2002,19.42,22.71,19.96,,20.19,,19.31,
4/11/2002,20.3,23.12,18.72,,20.35,,18.56,
4/10/2002,18.19,22.38,19.22,,19.28,,18.17,
4/9/2002,19.47,23.16,19.31,,19.73,,19.3,
4/8/2002,19.61,24.05,20.35,,20.46,,19.57,
4/5/2002,19.13,21.76,19.33,,19.4,,18.78,
4/4/2002,19.78,21.83,19.9,,20.09,,19.46,
4/3/2002,20.2,21.06,19.41,,20.47,,19.4,
4/2/2002,19.16,21.25,19.12,,19.41,,19.12,
4/1/2002,18.73,,18.99,,19.5,,18.61,
3/28/2002,17.4,19.52,17.23,,17.51,,17.02,
3/27/2002,17.7,19.62,18.1,,18.16,,17.55,
3/26/2002,18.13,20.12,18.44,,18.44,,17.81,
3/25/2002,18.48,20.53,18.18,,18.72,,18.04,
3/22/2002,17.77,20.29,18.34,,18.38,,17.62,
3/21/2002,18.15,21.5,18.61,,18.84,,18.14,
3/20/2002,18.46,21.97,18.7,,18.75,,18.33,
3/19/2002,18.16,21.49,18.5,,18.66,,18.09,
3/18/2002,18.93,22.05,18.79,,19.4,,18.74,
3/15/2002,18.42,22.1,18.77,,18.84,,18.38,
3/14/2002,19.2,23.97,19.45,,19.56,,18.98,
3/13/2002,19.46,25.24,19.83,,19.89,,19.4,
3/12/2002,19.59,24.95,20.52,,20.57,,19.51,
3/11/2002,19.84,24.74,20.66,,20.77,,19.56,
3/8/2002,19.27,24.24,19.76,,20.22,,19.27,
3/7/2002,20.04,25.05,20.72,,20.81,,19.97,
3/6/2002,19.94,24.47,20.27,,20.49,,19.55,
3/5/2002,20.3,25,20.76,,21.12,,20.24,
3/4/2002,20.5,24.94,20.69,,20.95,,20.35,
3/1/2002,19.96,24.66,21.06,,21.06,,19.88,
2/28/2002,21.59,25.23,21.12,,21.59,,20.71,
2/27/2002,21.49,26.1,21.18,,22.42,,20.82,
2/26/2002,21.68,26.76,21.36,,22.25,,21.35,
2/25/2002,21.84,27.39,23.09,,23.11,,21.42,
2/22/2002,22.86,28.82,24.04,,24.44,,22.75,
2/21/2002,23.8,27.6,22.59,,23.96,,21.9,
2/20/2002,22.66,28.93,23.78,,24.94,,22.62,
2/19/2002,24.43,28.11,23.92,,24.59,,23.83,
2/18/2002,,26.18,,,,,,
2/15/2002,22.37,26.2,21.98,,22.79,,21.54,
2/14/2002,21.77,25.78,21.92,,21.92,,21.32,
2/13/2002,20.85,27.12,20.92,,21.17,,20.55,
2/12/2002,21.62,27.25,22.3,,22.44,,21.44,
2/11/2002,21.78,27.5,24.04,,24.04,,21.78,
2/8/2002,23.26,27.67,24.56,,24.67,,23.07,
2/7/2002,25.11,28.97,25.99,,26.54,,24.24,
2/6/2002,26.09,29.86,25.53,,27.32,,25.34,
2/5/2002,25.45,28.36,25.26,,26.19,,24.51,
2/4/2002,24.87,25.53,22.77,,25.15,,22.69,
2/1/2002,21.12,24.7,21.12,,21.43,,20.95,
1/31/2002,21.09,25.38,22.45,,22.7,,21.09,
1/30/2002,23.22,26.56,24.58,,26.88,,23.22,
1/29/2002,24.35,25.07,20.92,,24.99,,20.69,
1/28/2002,21.14,24.41,21.24,,21.88,,21.11,
1/25/2002,21.01,24.07,21.36,,21.57,,20.74,
1/24/2002,21.15,24.74,21.19,,21.34,,20.74,
1/23/2002,21.88,26.73,23.35,,23.54,,21.68,
1/22/2002,23.61,27.62,22.93,,23.83,,22.76,
1/21/2002,,29.1,,,,,,
1/18/2002,22.52,28.08,22.97,,23.07,,22.22,
1/17/2002,22.25,28.65,23.34,,23.55,,22.13,
1/16/2002,23.45,29.25,23.42,,23.6,,22.87,
1/15/2002,22.7,28.39,23.39,,23.74,,22.58,
1/14/2002,23.58,29.03,23.94,,24.04,,23.24,
1/11/2002,22.6,27.18,22.29,,22.84,,21.92,
1/10/2002,22.36,28.28,22.28,,22.78,,21.78,
1/9/2002,22.13,27.02,21.3,,22.42,,20.66,
1/8/2002,21.83,27.04,21.63,,22.29,,21.28,
1/7/2002,21.94,27.42,21.41,,22.15,,21.35,
1/4/2002,20.45,26.61,20.97,,21.53,,20.4,
1/3/2002,21.34,27.36,22.22,,22.43,,21.33,
1/2/2002,22.71,29.32,23.78,,24.2,,22.71,
12/31/2001,23.8,,22.5,,23.8,,22.46,
12/28/2001,21.4,26.71,21.4,,21.59,,21.12,
12/27/2001,21.59,27.55,22.01,,22.01,,21.59,
12/26/2001,22.29,,22.36,,22.42,,22.01,
12/24/2001,22.62,,23.06,,23.11,,22.62,
12/21/2001,22.5,28.55,23.13,,23.28,,22.38,
12/20/2001,23.67,29,22.56,,23.69,,22.48,
12/19/2001,22.58,28.38,23.34,,23.34,,22.26,
12/18/2001,23.29,28.49,23.43,,23.71,,23.19,
12/17/2001,24.26,27.78,25.02,,25.06,,23.96,
12/14/2001,24.63,30.03,25.28,,25.53,,24.23,
12/13/2001,25.91,29.79,25.48,,25.93,,25.03,
12/12/2001,24.87,28.93,25,,25.91,,24.66,
12/11/2001,25.3,28.57,25.25,,25.58,,24.22,
12/10/2001,25.62,28.64,24.97,,25.87,,24.58,
12/7/2001,23.49,27.58,23.76,,23.85,,23.18,
12/6/2001,23.71,27.6,23.5,,24.14,,23.35,
12/5/2001,23.02,26.82,23.15,,23.15,,22.58,
12/4/2001,24.08,28.17,25.41,,25.75,,24.08,
12/3/2001,25.77,30.11,25.92,,26.38,,25.52,
11/30/2001,23.84,28.77,25.05,,25.3,,23.6,
11/29/2001,25.18,30.17,26.16,,26.46,,25.14,
11/28/2001,25.9,30.09,24.57,,25.91,,24.29,
11/27/2001,24,29.18,23.6,,24.56,,22.96,
11/26/2001,23.79,27.7,24.22,,24.74,,23.75,
11/23/2001,23.25,27.55,23.93,,23.94,,23,
11/22/2001,,28.14,,,,,,
11/21/2001,24.19,30.73,23.86,,24.42,,23.84,
11/20/2001,24.12,31.82,24.35,,24.48,,23.5,
11/19/2001,24.46,31.84,25.43,,25.43,,24.46,
11/16/2001,25.07,33.09,25.76,,25.95,,25.03,
11/15/2001,25.56,36.88,26.33,,26.46,,25.53,
11/14/2001,26.56,35.23,26.27,,27.04,,26.26,
11/13/2001,26.47,34.42,27.95,,28.02,,26.34,
11/12/2001,29.35,39.45,31.94,,31.94,,29.04,
11/9/2001,27.44,33.61,28.99,,29.05,,27.34,
11/8/2001,28.62,34.34,28.51,,28.88,,27.43,
11/7/2001,29.13,36.89,29.41,,29.54,,28.11,
11/6/2001,28.8,37.66,30.64,,31.19,,28.72,
11/5/2001,30.5,37.18,31.14,,31.21,,30.23,
11/2/2001,30.71,38.45,32.45,,32.67,,30.46,
11/1/2001,32.31,39.77,33.97,,34.57,,32,
10/31/2001,33.56,40.75,33.12,,33.59,,32.27,
10/30/2001,33.46,42.76,33.24,,34.77,,33,
10/29/2001,31.64,39.6,30.43,,31.67,,30.31,
10/26/2001,28.42,38.07,30.02,,30.02,,28.11,
10/25/2001,29.46,40.73,32.4,,32.92,,29.45,
10/24/2001,30.95,39.25,31.74,,31.84,,30.8,
10/23/2001,32,39.38,32.24,,32.46,,31.3,
10/22/2001,32.25,42.61,34.47,,34.66,,32.17,
10/19/2001,34.11,46.39,34.76,,35.46,,33.89,
10/18/2001,34.95,44.66,35.42,,35.61,,34.85,
10/17/2001,35.08,40.99,32.44,,35.09,,32.44,
10/16/2001,32.88,42.32,34.81,,35.32,,32.85,
10/15/2001,35.31,43.87,36.75,,36.95,,35.24,
10/12/2001,35.27,38.31,32.48,,36.56,,32.27,
10/11/2001,31.5,38.58,30.93,,32.16,,30.83,
10/10/2001,31.6,39.18,34.17,,34.17,,31.34,
10/9/2001,34.83,42.19,35.25,,35.53,,34.48,
10/8/2001,35.12,43.26,35.66,,36.18,,34.84,
10/5/2001,33.39,41.45,32.68,,34.39,,32.64,
10/4/2001,31.97,38.91,31.37,,32.16,,30.31,
10/3/2001,31.34,41.63,32.4,,32.47,,31.15,
10/2/2001,31.18,42.83,32.41,,32.64,,31.16,
10/1/2001,32.32,43.22,33.42,,34.08,,32.29,
9/28/2001,31.93,40.89,33.08,,33.08,,31.74,
9/27/2001,34,45.19,35.45,,36.11,,33.99,
9/26/2001,35.26,47.05,35,,35.74,,34.49,
9/25/2001,35.81,48.73,37.06,,37.26,,35.81,
9/24/2001,37.75,50.28,41.32,,41.49,,37.2,
9/21/2001,42.66,57.54,48.93,,49.35,,42.66,
9/20/2001,43.74,52.45,41.4,,43.76,,41.17,
9/19/2001,40.56,46.67,37.88,,44.26,,37.5,
9/18/2001,38.87,46.86,41.07,,42.17,,38.87,
9/17/2001,41.76,45.63,43.2,,44.33,,39.77,
9/14/2001,,50.82,,,,,,
9/13/2001,,40.91,,,,,,
9/12/2001,,46.65,,,,,,
9/11/2001,,54.17,,,,,,
9/10/2001,31.84,34.99,33.11,,33.34,,31.84,
9/7/2001,30.99,33.08,29.89,,31.3,,28.92,
9/6/2001,28.61,31.64,27.23,,28.73,,27.23,
9/5/2001,26.35,29.94,26.22,,27.37,,26.22,
9/4/2001,25.85,28.6,26.11,,26.17,,24.19,
9/3/2001,,28.82,,,,,,
8/31/2001,24.92,27.49,25.31,,25.47,,24.41,
8/30/2001,25.41,27.7,23.16,,25.84,,23.16,
8/29/2001,23.03,26.25,21.85,,23.26,,21.84,
8/28/2001,22,26.26,20.9,,22.12,,20.9,
8/27/2001,20.56,24.92,20.5,,20.85,,20.13,
8/24/2001,19.71,24.12,21.3,,21.31,,19.7,
8/23/2001,22.23,25.27,22.05,,22.36,,21.85,
8/22/2001,22.44,26.94,22.71,,23.28,,22.34,
8/21/2001,24.4,26.77,22.55,,24.51,,21.63,
8/20/2001,22.87,28.68,24.83,,24.85,,22.87,
8/17/2001,23.84,28.96,21.94,,24.24,,21.91,
8/16/2001,21.54,25.95,21.26,,22.15,,21.06,
8/15/2001,20.91,24.24,20.14,,20.91,,19.84,
8/14/2001,20.48,24.09,19.95,,20.54,,19.93,
8/13/2001,20.42,25.24,20.58,,20.69,,20.24,
8/10/2001,20.55,25.79,20.56,,21.53,,20.37,
8/9/2001,21.75,25.99,22.02,,22.43,,21.64,
8/8/2001,22.32,23.46,21.52,,22.57,,20.72,
8/7/2001,21.01,22.79,21.43,,21.51,,20.73,
8/6/2001,21.89,22.9,21.07,,22.26,,20.88,
8/3/2001,19.89,22.86,20.23,,21.03,,19.83,
8/2/2001,20.09,22.06,20.33,,20.48,,19.69,
8/1/2001,20.56,21.72,20.97,,20.99,,20.13,
7/31/2001,21.62,22.31,22.31,,22.45,,20.79,
7/30/2001,22.69,23.57,22.48,,23.03,,22.48,
7/27/2001,22,24.92,23.02,,23.13,,21.93,
7/26/2001,23.01,26.91,24.02,,24.23,,22.98,
7/25/2001,24,28.1,24.92,,25.23,,23.92,
7/24/2001,25.24,26.39,24.2,,25.61,,24.16,
7/23/2001,23.74,25.72,22.64,,23.87,,22.51,
7/20/2001,22.34,26.1,22.67,,23.01,,22.19,
7/19/2001,22.51,26.07,22.58,,23.07,,21.84,
7/18/2001,23.6,28.4,23.19,,23.84,,23.07,
7/17/2001,22.61,26.16,23.54,,23.6,,22.46,
7/16/2001,22.91,25.56,21.69,,22.91,,21.58,
7/13/2001,21.14,24.46,22.03,,22.12,,21.02,
7/12/2001,22.09,25.03,23.29,,23.29,,22.09,
7/11/2001,24.01,27.77,24.17,,24.91,,23.59,
7/10/2001,23.25,25,22.28,,23.26,,22.28,
7/9/2001,22.48,25.35,22.71,,22.96,,22.3,
7/6/2001,21.63,24.72,20.96,,21.9,,20.96,
7/5/2001,20.09,20.98,20.14,,20.39,,19.7,
7/4/2001,,20.56,,,,,,
7/3/2001,18.92,20.43,19.21,,19.37,,18.92,
7/2/2001,18.76,19.63,19.75,,19.75,,18.74,
6/29/2001,19.06,20.34,19.9,,19.9,,18.83,
6/28/2001,20.01,21.75,20.18,,20.18,,19.52,
6/27/2001,20.88,23.19,21.55,,21.84,,20.54,
6/26/2001,21.2,23.53,21.45,,21.65,,20.75,
6/25/2001,20.67,21.41,20.36,,20.89,,20.25,
6/22/2001,20.02,20.94,19.82,,20.2,,19.59,
6/21/2001,19.38,22.25,21.31,,21.36,,19.34,
6/20/2001,21.71,23.08,22.05,,22.29,,21.6,
6/19/2001,22.34,22.89,22.4,,22.82,,21.93,
6/18/2001,23.17,24.43,23.26,,23.54,,22.93,
6/15/2001,22.81,24.27,23.98,,24.42,,22.44,
6/14/2001,23.12,23.62,22.13,,23.12,,22.12,
6/13/2001,21.45,21.31,20.79,,21.6,,20.7,
6/12/2001,20.7,21.95,21.21,,21.68,,20.43,
6/11/2001,20.7,19.6,20.62,,21.09,,20.37,
6/8/2001,19.92,19.01,19.62,,20.44,,19.58,
6/7/2001,19.67,19.97,20.35,,20.39,,19.67,
6/6/2001,20.39,19.96,20.09,,20.64,,19.93,
6/5/2001,19.58,19.86,20.8,,20.92,,19.47,
6/4/2001,21.38,20.67,21.64,,22.07,,21.33,
6/1/2001,21.59,20.98,23.02,,23.12,,21.52,
5/31/2001,22.64,21.33,22.96,,23.16,,22.33,
5/30/2001,22.76,21.54,22.4,,23.16,,22.25,
5/29/2001,22.14,20.47,22.16,,22.37,,21.93,
5/28/2001,,19.72,,,,,,
5/25/2001,20.6,19.52,20.6,,21.13,,20.46,
5/24/2001,20.57,19.59,21.85,,21.89,,20.55,
5/23/2001,22.08,20.07,21.6,,22.15,,21.58,
5/22/2001,21.35,20,21.53,,21.56,,21.09,
5/21/2001,20.76,20.62,21.9,,21.96,,20.74,
5/18/2001,21.23,20.68,21.46,,21.71,,21.17,
5/17/2001,21.47,21.13,22.5,,22.74,,21.32,
5/16/2001,21.89,21.83,23.17,,23.22,,21.17,
5/15/2001,23.71,21.68,24.41,,24.5,,23.34,
5/14/2001,24.26,22.29,24.23,,24.5,,24.06,
5/11/2001,23.54,21,23.14,,23.86,,23.14,
5/10/2001,24,21.2,23.69,,24.67,,23.55,
5/9/2001,24.35,22.67,24.94,,25.06,,24.27,
5/8/2001,24.44,22.41,24.49,,25.35,,24.44,
5/7/2001,24.86,22.52,25.1,,25.46,,24.53,
5/4/2001,23.91,22.9,26.49,,26.49,,23.88,
5/3/2001,25.78,22.92,25.52,,26.32,,25.43,
5/2/2001,24.23,21.7,24.6,,25.04,,23.97,
5/1/2001,24.2,,25.46,,25.57,,24.16,
4/30/2001,25.48,21.21,24.21,,25.74,,23.9,
4/27/2001,24.02,20.98,25,,25,,24.02,
4/26/2001,25.96,22.97,26.41,,26.41,,25.62,
4/25/2001,27.4,24.96,28.64,,28.68,,27.25,
4/24/2001,28.49,25.71,27.7,,28.61,,27.23,
4/23/2001,28.16,26.99,27.35,,28.6,,27.28,
4/20/2001,25.38,26.52,24.67,,25.45,,24.5,
4/19/2001,24.16,26.19,24.51,,24.62,,24.12,
4/18/2001,24.13,25.18,24.58,,24.65,,23.01,
4/17/2001,25.61,27.79,26.04,,26.22,,25.33,
4/16/2001,26.33,,26.85,,27.18,,26.22,
4/12/2001,26.12,25.16,28.09,,28.37,,26.12,
4/11/2001,28.46,25.35,28.94,,29.13,,28.4,
4/10/2001,29.44,26.52,30.67,,30.69,,29.33,
4/9/2001,31.91,28.7,31.94,,32.55,,31.38,
4/6/2001,31.69,29.74,30.39,,32.04,,30.22,
4/5/2001,29.94,30.52,32.51,,32.51,,29.88,
4/4/2001,34.07,32.6,34.28,,34.74,,33.21,
4/3/2001,34.72,33.08,32.92,,35.2,,32.92,
4/2/2001,31.21,29.55,29.4,,31.61,,29.16,
3/30/2001,28.64,29.84,28.76,,29.32,,28.3,
3/29/2001,29.17,30.18,29.27,,29.84,,28.16,
3/28/2001,28.58,29.65,28.26,,28.98,,28.21,
3/27/2001,27.04,27.08,28.52,,28.63,,27.03,
3/26/2001,29.04,28.79,30,,30.24,,29.04,
3/23/2001,30.45,31.44,33,,33,,30.41,
3/22/2001,32.84,30.56,32.41,,35.45,,32.35,
3/21/2001,31.93,28.35,31.41,,32.18,,30.26,
3/20/2001,30.96,27.72,30.02,,31.27,,29.3,
3/19/2001,29.78,28.25,30.61,,31.33,,29.5,
3/16/2001,29.91,27.71,28.78,,29.91,,28.56,
3/15/2001,28.56,27.21,28.53,,28.98,,28.25,
3/14/2001,29.61,27.19,30.37,,30.71,,28.86,
3/13/2001,27.55,24.2,30.77,,30.84,,27.55,
3/12/2001,30.32,23.47,27.88,,30.54,,27.74,
3/9/2001,25.62,21.14,24.47,,25.76,,24.46,
3/8/2001,24.29,20.57,24.42,,24.9,,24.23,
3/7/2001,24.12,20.79,25.28,,25.53,,24.12,
3/6/2001,25.89,20.88,26.26,,26.28,,25.58,
3/5/2001,27.12,22.21,28.32,,28.43,,27.08,
3/2/2001,27.43,22.8,29.08,,29.34,,26.82,
3/1/2001,28.08,23.38,29.66,,30.26,,28.08,
2/28/2001,28.35,23.31,26.37,,28.82,,26.05,
2/27/2001,26.49,22.91,25.57,,26.59,,25.02,
2/26/2001,25.43,23.74,27.18,,27.48,,25.43,
2/23/2001,27.21,23.81,27.18,,30.62,,26.94,
2/22/2001,26.76,23.96,25.96,,28.41,,25.96,
2/21/2001,25.75,22.65,24.81,,25.81,,24.24,
2/20/2001,24.69,21.45,23.43,,24.76,,23.16,
2/19/2001,,21.3,,,,,,
2/16/2001,22.12,21.01,21.65,,22.73,,21.43,
2/15/2001,20.27,19.67,21.51,,21.51,,20.22,
2/14/2001,21.52,21.03,21.84,,22.52,,21.52,
2/13/2001,21.37,19.89,21.64,,21.66,,21.12,
2/12/2001,21.92,19.7,23.06,,23.13,,21.83,
2/9/2001,22.03,20.39,21.67,,22.24,,21.16,
2/8/2001,21.46,20.16,21.46,,21.61,,20.92,
2/7/2001,21.67,20.78,21.63,,22.36,,21.44,
2/6/2001,21.98,20.51,22.04,,22.12,,21.42,
2/5/2001,22.19,21.53,22.75,,23.01,,22.18,
2/2/2001,21.95,21.17,20.87,,21.95,,20.81,
2/1/2001,21.66,21.75,22.39,,22.68,,21.61,
1/31/2001,22.02,22.25,22.94,,23.02,,21.98,
1/30/2001,22.57,22.52,23.07,,23.35,,22.47,
1/29/2001,22.61,22.06,22.8,,22.96,,22.56,
1/26/2001,22.57,21.92,22.52,,23.05,,22.44,
1/25/2001,22.64,22.01,22.44,,22.86,,22.27,
1/24/2001,22.03,22.46,21.98,,22.41,,21.87,
1/23/2001,21.57,23.1,23,,23.15,,21.47,
1/22/2001,23.25,23.32,24.27,,24.31,,23.24,
1/19/2001,23.24,22.79,23.62,,24.08,,23,
1/18/2001,23.37,23.3,24.48,,24.53,,23.18,
1/17/2001,24.93,23.44,24.4,,25.22,,24.28,
1/16/2001,25.28,24.13,25.59,,25.68,,24.88,
1/15/2001,,23.76,,,,,,
1/12/2001,24.56,23.65,25.31,,25.48,,24.5,
1/11/2001,25.79,24.84,26.68,,26.71,,25.65,
1/10/2001,26.8,26.47,28.44,,28.47,,26.7,
1/9/2001,27.99,27.1,29.47,,29.53,,27.77,
1/8/2001,29.84,27.27,29.98,,30.8,,29.72,
1/5/2001,28.67,26.59,27.81,,29.04,,27.21,
1/4/2001,26.97,26.92,26.35,,27.19,,26.13,
1/3/2001,26.6,28.62,29.63,,29.96,,25.99,
1/2/2001,29.99,27.73,27.93,,30.4,,27.92,
12/29/2000,26.85,26.23,26.35,,26.96,,26.32,
12/28/2000,26.57,26.73,27.99,,28.06,,26.53,
12/27/2000,28.14,27.03,28.88,,28.95,,27.96,
12/26/2000,28.73,,28.47,,29.13,,28.37,
12/22/2000,27.55,27.46,28.75,,28.83,,27.55,
12/21/2000,29.66,27.98,31.97,,32.32,,29.22,
12/20/2000,31.74,27.22,29.95,,32.02,,29.43,
12/19/2000,27.17,24.39,27.35,,27.54,,25.41,
12/18/2000,27.7,24.45,26.79,,27.89,,26.43,
12/15/2000,26.55,25.6,25.43,,26.87,,25.43,
12/14/2000,24.86,24.96,23.4,,25.41,,23.4,
12/13/2000,23.63,23.84,23.69,,24.32,,23.3,
12/12/2000,24.88,24.22,24.03,,25.36,,23.97,
12/11/2000,23.51,24.71,23.8,,23.99,,22.81,
12/8/2000,22.41,25.41,23.74,,23.84,,22.38,
12/7/2000,25.34,25.85,25.46,,25.55,,24.91,
12/6/2000,25.07,25.67,24.32,,25.21,,23.89,
12/5/2000,24.99,26.17,27.28,,27.31,,24.97,
12/4/2000,27.78,28.17,28.55,,28.74,,27.65,
12/1/2000,27.48,27.27,28.31,,28.39,,27.08,
11/30/2000,29.65,28.38,28.64,,31.11,,28.43,
11/29/2000,27.49,26.2,27.88,,28.22,,27.3,
11/28/2000,27.64,26.26,26.99,,27.84,,26.78,
11/27/2000,26.93,25.97,26.12,,26.98,,26.12,
11/24/2000,26,25.38,27.32,,27.32,,25.99,
11/23/2000,,26.16,,,,,,
11/22/2000,27.71,26.94,26.91,,27.83,,26.87,
11/21/2000,26.62,25.5,27.43,,27.64,,26.52,
11/20/2000,27.43,26.39,26.49,,27.6,,26.37,
11/17/2000,24.81,24.88,25.5,,25.88,,24.47,
11/16/2000,25.05,24.96,25.82,,25.82,,24.67,
11/15/2000,26.15,25.1,27.24,,27.25,,25.85,
11/14/2000,26.81,25.58,27.93,,27.93,,26.38,
11/13/2000,29.06,28.05,29.13,,30.57,,28.74,
11/10/2000,28.53,25.52,28.07,,28.81,,28,
11/9/2000,27.2,24.25,26.79,,28.46,,26.18,
11/8/2000,25.66,24.24,24.87,,25.74,,24.87,
11/7/2000,24.91,24.33,25.12,,25.41,,24.73,
11/6/2000,24.52,24.15,24.53,,24.75,,24.13,
11/3/2000,23.67,23.54,24.05,,24.06,,23.51,
11/2/2000,23.92,24.5,23.71,,24.24,,23.64,
11/1/2000,24.28,24.88,24.07,,24.86,,23.91,
10/31/2000,23.63,25.3,24.77,,24.87,,23.37,
10/30/2000,25.46,26.49,26.23,,26.48,,25.07,
10/27/2000,26.47,26.32,27.42,,28.05,,26.47,
10/26/2000,28.62,27.4,26.64,,30.08,,26.43,
10/25/2000,26.65,26.76,25.58,,26.78,,25.01,
10/24/2000,24.28,25.65,24.14,,24.81,,23.6,
10/23/2000,24.69,26.5,24.58,,25.13,,24.27,
10/20/2000,24.24,26.4,24.63,,24.63,,23.02,
10/19/2000,25.09,27.54,26.8,,27.02,,24.85,
10/18/2000,28.72,29.85,30.7,,30.8,,28.17,
10/17/2000,27.84,26.99,26.19,,28.29,,26.19,
10/16/2000,26.79,27.45,27.33,,27.65,,26.59,
10/13/2000,27.6,28.65,29.34,,29.42,,27.5,
10/12/2000,30.51,27.64,27.21,,30.55,,26.95,
10/11/2000,26.57,27.7,26.23,,28.37,,26.09,
10/10/2000,24.86,25.69,23.77,,25.02,,23.72,
10/9/2000,24.02,25.28,23.92,,24.67,,23.63,
10/6/2000,22.71,23.23,20.53,,23.35,,20.43,
10/5/2000,21.03,23.17,21.02,,21.3,,20.65,
10/4/2000,21.54,23.57,22.18,,22.66,,21.21,
10/3/2000,21.85,23.2,20.99,,21.85,,20.41,
10/2/2000,21.23,23.51,20.98,,21.56,,20.8,
9/29/2000,20.57,23.35,19.88,,20.57,,19.8,
9/28/2000,19.47,21.94,21.28,,21.31,,19.4,
9/27/2000,21.67,22.39,21.71,,22.1,,21.39,
9/26/2000,21.88,22.69,21.5,,22.09,,21.1,
9/25/2000,21.41,23.13,20.85,,21.66,,20.66,
9/22/2000,20.74,24.42,22.09,,22.66,,20.74,
9/21/2000,20.18,24.85,20.17,,20.71,,20.01,
9/20/2000,19.93,22.02,19.99,,21.18,,19.92,
9/19/2000,19.54,21.44,20.22,,20.25,,19.54,
9/18/2000,20.25,21.15,18.88,,20.35,,18.78,
9/15/2000,18.52,19.87,18.09,,18.72,,18.01,
9/14/2000,18.26,20.39,18.24,,18.51,,17.96,
9/13/2000,18.32,20.59,18.76,,18.76,,18.16,
9/12/2000,18.59,20.07,18.33,,19.04,,18.15,
9/11/2000,18.4,20.17,19.03,,19.1,,18.31,
9/8/2000,18.46,20.45,18.81,,19.07,,18.46,
9/7/2000,19.42,19.91,20.47,,20.51,,19.34,
9/6/2000,20.79,20.66,19.7,,20.92,,19.7,
9/5/2000,19.82,20.52,19.18,,20.06,,19.16,
9/4/2000,,19.61,,,,,,
9/1/2000,17.53,19.14,16.81,,17.77,,16.47,
8/31/2000,16.84,19.62,17.44,,17.45,,16.64,
8/30/2000,17.69,20.14,17.13,,17.96,,17.11,
8/29/2000,16.89,19.84,16.84,,17.1,,16.68,
8/28/2000,16.54,19.73,17.11,,17.11,,16.28,
8/25/2000,16.53,19.25,16.96,,17.06,,16.49,
8/24/2000,17.04,19.82,17.42,,17.59,,16.95,
8/23/2000,17.38,19.61,17.59,,17.74,,17.34,
8/22/2000,17.47,19.91,17.83,,17.83,,17.27,
8/21/2000,17.35,19.98,17.71,,17.71,,17.26,
8/18/2000,17.05,19.91,17.17,,17.51,,16.99,
8/17/2000,17.48,20.22,18,,18.06,,17.39,
8/16/2000,18.02,20.29,17.81,,18.12,,17.69,
8/15/2000,17.98,20.7,17.97,,18.27,,17.86,
8/14/2000,17.88,20.67,18.98,,18.99,,17.84,
8/11/2000,18.55,21.18,19.26,,19.36,,18.34,
8/10/2000,19.19,21.29,18.97,,19.19,,18.83,
8/9/2000,19.18,21.79,18.78,,19.28,,18.74,
8/8/2000,18.79,21.96,18.89,,19.07,,18.75,
8/7/2000,19.03,22.25,19.31,,19.36,,18.91,
8/4/2000,18.62,22.41,18.75,,18.97,,18.53,
8/3/2000,19.99,23.2,20.29,,20.38,,19.66,
8/2/2000,20,22.28,20.2,,20.2,,19.82,
8/1/2000,20.55,22.46,20.66,,20.84,,20.27,
7/31/2000,20.74,22.25,20.98,,21.17,,20.54,
7/28/2000,20.84,22.55,19.33,,20.98,,19.33,
7/27/2000,19.6,21.25,19.26,,20.19,,19.26,
7/26/2000,19.67,20.64,19.63,,19.99,,19.48,
7/25/2000,19.39,20.57,19.46,,19.74,,19.35,
7/24/2000,19.92,20.84,19.35,,19.99,,19.17,
7/21/2000,18.94,20.35,19.04,,19.39,,18.77,
7/20/2000,18.94,20.09,19.05,,19.19,,18.87,
7/19/2000,19.65,20.46,19.28,,19.83,,19.19,
7/18/2000,19.75,19.41,19.7,,19.92,,19.33,
7/17/2000,19.45,19.61,20.02,,20.13,,19.13,
7/14/2000,19.32,19.78,19.21,,19.59,,19.21,
7/13/2000,20.03,20.45,19.9,,20.17,,19.76,
7/12/2000,20.03,20.95,20.29,,20.3,,19.94,
7/11/2000,20.11,21.22,19.64,,20.45,,19.43,
7/10/2000,20.33,21.58,20.2,,20.63,,20.08,
7/7/2000,19.22,21.47,19.68,,20.25,,19.17,
7/6/2000,20.94,22.45,20.77,,21.51,,20.76,
7/5/2000,21.16,22.61,20.63,,21.65,,20.56,
7/4/2000,,21.86,,,,,,
7/3/2000,19.83,22.65,20.51,,20.51,,19.83,
6/30/2000,19.54,22.42,19.68,,19.78,,19.39,
6/29/2000,19.7,23.57,20.76,,21.16,,19.63,
6/28/2000,20.29,22.27,21.87,,21.87,,19.99,
6/27/2000,21.8,22.79,22.1,,22.17,,21.64,
6/26/2000,22.45,22.82,24.85,,25.01,,22.45,
6/23/2000,22.34,22.61,22.13,,22.82,,22.02,
6/22/2000,22,22.71,21.54,,22.29,,21.43,
6/21/2000,20.61,22.71,21.06,,21.25,,20.46,
6/20/2000,20.88,22.31,20.81,,21.23,,20.7,
6/19/2000,20.63,23.08,21.16,,21.36,,20.34,
6/16/2000,20.5,23.55,20.54,,20.9,,20.3,
6/15/2000,20.68,24.12,21.42,,21.63,,20.52,
6/14/2000,21.48,23.23,21.61,,21.74,,21,
6/13/2000,21.67,24.18,23.28,,23.39,,21.6,
6/12/2000,22.32,24.57,22.22,,22.75,,22.13,
6/9/2000,22.14,24.31,22.08,,22.49,,21.99,
6/8/2000,22.77,24.11,23.36,,23.53,,22.77,
6/7/2000,22.48,24.37,23.17,,23.4,,22.34,
6/6/2000,23.05,24.16,23.2,,23.24,,22.72,
6/5/2000,22.71,23.45,23.06,,23.29,,22.59,
6/2/2000,21.48,22.76,21.32,,21.68,,21.3,
6/1/2000,22.36,24.14,23.2,,23.21,,22.32,
5/31/2000,23.65,25.26,24.09,,24.09,,23.23,
5/30/2000,23.62,25.63,24.59,,24.78,,23.6,
5/29/2000,,26.25,,,,,,
5/26/2000,24.47,26.78,24.61,,24.91,,24.2,
5/25/2000,24.58,27.36,23.87,,25.03,,23.85,
5/24/2000,24.32,28.86,25.96,,26.73,,24.19,
5/23/2000,25.87,28.74,25.75,,26.12,,24.97,
5/22/2000,26,29.7,26.25,,27.9,,25.98,
5/19/2000,25.44,28.53,24.85,,26.15,,24.85,
5/18/2000,23.96,26.29,23.42,,24.03,,23.29,
5/17/2000,23.98,27.25,24.62,,25.11,,23.74,
5/16/2000,24.34,26.82,24.46,,25.15,,24.09,
5/15/2000,24.86,28.18,26.47,,26.7,,24.8,
5/12/2000,26.05,27.06,26.33,,26.33,,25.61,
5/11/2000,27.76,27.73,29.07,,29.12,,27.76,
5/10/2000,29.87,30.02,29.68,,30.6,,28.9,
5/9/2000,28.93,29.29,28.25,,29.68,,28.16,
5/8/2000,28.2,28.75,28.8,,29.05,,28.2,
5/5/2000,27.53,28.2,29.49,,29.54,,27.44,
5/4/2000,30.77,29.57,31.45,,32.06,,30.56,
5/3/2000,31.63,29.89,30,,32.89,,30,
5/2/2000,28.5,28.71,26.81,,28.5,,26.5,
5/1/2000,25.88,,26.07,,26.44,,25.26,
4/28/2000,26.2,28.13,25.62,,26.8,,25.61,
4/27/2000,26.19,29.99,29.43,,29.5,,25.95,
4/26/2000,26.97,28.29,25.39,,27.24,,25.27,
4/25/2000,25.24,28.31,26.26,,26.45,,25.2,
4/24/2000,27.37,,27.79,,28.5,,27.25,
4/20/2000,25.85,27.23,26.54,,27.21,,25.77,
4/19/2000,27.02,28.22,26.54,,27.23,,26.27,
4/18/2000,26.12,30.28,27.93,,28.13,,26.12,
4/17/2000,28.95,30.78,33.7,,34.31,,28.47,
4/14/2000,33.49,28.41,30.09,,33.79,,30.09,
4/13/2000,29.4,27.86,28.46,,29.4,,27.78,
4/12/2000,28.98,27.64,27.19,,28.98,,27.04,
4/11/2000,27.25,28.14,27.67,,28.08,,26.64,
4/10/2000,25.99,26.94,25.44,,26.04,,24.97,
4/7/2000,24.39,26.63,25.64,,25.64,,23.58,
4/6/2000,27.15,28.78,27.71,,27.83,,27.05,
4/5/2000,28.41,32.07,28.56,,30.01,,27.77,
4/4/2000,27.12,27.82,23.5,,31.16,,23.25,
4/3/2000,24.03,28.18,24.99,,25.86,,24.03,
3/31/2000,24.11,27.24,24.78,,24.97,,23.44,
3/30/2000,25.47,27.79,23.95,,25.87,,23.79,
3/29/2000,24.1,25.46,24.37,,25.02,,23.79,
3/28/2000,24.86,26.43,24.99,,25.2,,24.47,
3/27/2000,24.53,27.06,24.35,,24.8,,24.1,
3/24/2000,23.31,27.02,22.45,,23.96,,22.12,
3/23/2000,22.26,28.53,21.82,,22.42,,21.1,
3/22/2000,21.49,28.93,21.91,,22.02,,21.22,
3/21/2000,21.7,29.12,23.45,,23.45,,21.27,
3/20/2000,22.96,29.54,22.31,,23.26,,22.28,
3/17/2000,22.37,31.09,21.26,,22.56,,21.07,
3/16/2000,20.77,31.45,21.65,,21.92,,20.49,
3/15/2000,22.34,31.51,24.66,,24.76,,21.98,
3/14/2000,24.41,30.9,22.75,,24.41,,22.33,
3/13/2000,22.85,31.14,23.03,,23.26,,21.99,
3/10/2000,21.24,28.23,20.89,,21.69,,20.84,
3/9/2000,22.21,29.3,24.18,,24.18,,22.2,
3/8/2000,23.82,29.51,24.57,,25.2,,23.48,
3/7/2000,24.31,28.46,22.24,,24.49,,22.24,
3/6/2000,21.5,27.73,20.38,,21.74,,20.33,
3/3/2000,19.21,27.52,19.98,,20.04,,19.19,
3/2/2000,21.06,24.73,21.62,,22.1,,20.93,
3/1/2000,21.64,27.68,22.65,,22.72,,21.41,
2/29/2000,23.37,28.78,23.76,,23.88,,23.24,
2/28/2000,24.68,29.09,25.9,,26.19,,24.09,
2/25/2000,25.2,27.09,24.13,,25.37,,23.58,
2/24/2000,24.38,29.51,24.18,,25.94,,24.15,
2/23/2000,23.89,29.6,25.2,,25.37,,23.56,
2/22/2000,25.86,30.77,25.91,,28.12,,25.47,
2/21/2000,,30.97,,,,,,
2/18/2000,26,30.31,23.37,,26.37,,23.37,
2/17/2000,23.17,30.92,22.9,,23.48,,22.63,
2/16/2000,23.51,32.56,23.2,,23.83,,22.74,
2/15/2000,22.92,33.99,24.08,,24.75,,22.84,
2/14/2000,24.38,32.92,24.67,,24.89,,24.27,
2/11/2000,24.42,29.18,22.94,,24.8,,22.82,
2/10/2000,23.07,30.13,23.36,,23.55,,22.75,
2/9/2000,22.9,29.51,21.54,,22.9,,21.29,
2/8/2000,21.25,28.57,21.68,,22.08,,21.17,
2/7/2000,22.79,29.94,22.97,,23.27,,22.79,
2/4/2000,21.54,28.63,20.77,,21.77,,20.69,
2/3/2000,22.01,28.93,22.72,,23.73,,21.93,
2/2/2000,23.12,29.5,23.02,,24.74,,22.62,
2/1/2000,23.45,30.12,24.43,,24.74,,23.29,
1/31/2000,24.95,31.97,26.78,,27.43,,24.94,
1/28/2000,26.14,29.02,23.75,,26.54,,23.17,
1/27/2000,23.54,28.06,22.37,,24.39,,22.03,
1/26/2000,23.03,29.43,22.91,,23.19,,22.45,
1/25/2000,23.02,30.02,23.79,,24.28,,22.87,
1/24/2000,24.07,28.66,21.43,,24.44,,21.43,
1/21/2000,20.82,28.2,21.55,,21.91,,20.5,
1/20/2000,21.75,27.76,21.31,,22.6,,21.18,
1/19/2000,21.72,28.13,22.15,,22.16,,21.44,
1/18/2000,21.5,27.78,21.39,,21.63,,20.97,
1/17/2000,,25.99,,,,,,
1/14/2000,19.66,25.48,19.83,,20.15,,19.51,
1/13/2000,21.71,28.05,22.73,,23.1,,21.32,
1/12/2000,22.84,28.61,23.05,,23.49,,22.41,
1/11/2000,22.5,27.96,21.98,,22.63,,21.69,
1/10/2000,21.71,27.37,21.89,,22.49,,21.36,
1/7/2000,21.72,27.44,25.14,,25.17,,21.72,
1/6/2000,25.73,31.18,26.68,,26.71,,24.7,
1/5/2000,26.41,32.59,27.98,,29,,25.85,
1/4/2000,27.01,33.22,24.94,,27.18,,24.8,
1/3/2000,24.21,30.98,24.36,,26.15,,23.98,
12/31/1999,24.64,,25.03,,25.2,,24.45,
12/30/1999,24.76,31.1,23.51,,25.17,,23.15,
12/29/1999,23.09,31.52,23.08,,23.37,,22.8,
12/28/1999,22.97,31.87,23.61,,23.69,,22.86,
12/27/1999,23.07,31.99,22.88,,23.34,,22.85,
12/23/1999,21.12,29,21.59,,21.63,,20.87,
12/22/1999,22.43,28.42,22.14,,22.84,,22.14,
12/21/1999,22.66,29.42,22.98,,24.02,,22.09,
12/20/1999,23.78,28.93,22.18,,24.22,,22.14,
12/17/1999,21.35,29.43,21.39,,21.46,,20.84,
12/16/1999,21.91,29.6,21.36,,22.95,,21.14,
12/15/1999,22.03,28.23,23.25,,23.77,,21.83,
12/14/1999,23.06,26.7,22.25,,23.25,,22.05,
12/13/1999,21.72,25.81,21.96,,22.48,,21.57,
12/10/1999,21.48,25.19,21.61,,22.15,,21.03,
12/9/1999,21.19,23.95,20.8,,22.31,,20.72,
12/8/1999,21.25,23.6,21.21,,21.33,,20.62,
12/7/1999,21.09,23.69,20.93,,21.55,,20.8,
12/6/1999,20.58,22.95,21.12,,21.47,,20.21,
12/3/1999,19.32,22.42,19.74,,19.82,,18.69,
12/2/1999,21.77,23.54,21.69,,22.29,,21.67,
12/1/1999,22.23,23.67,23.41,,23.41,,22.23,
11/30/1999,24.18,23.4,23.81,,24.21,,22.86,
11/29/1999,23.57,23.06,24.27,,24.29,,23.11,
11/26/1999,22.33,22,20.35,,23.47,,20.22,
11/25/1999,,21.78,,,,,,
11/24/1999,20.26,22.8,20.7,,20.85,,20.1,
11/23/1999,21,22.82,21.07,,21.86,,20.8,
11/22/1999,19.98,22.5,20.37,,20.46,,19.66,
11/19/1999,19.11,20.15,18.8,,19.8,,18.64,
11/18/1999,19.76,20.51,20.59,,20.7,,19.56,
11/17/1999,20.96,21.27,20.78,,21.25,,20.55,
11/16/1999,20.73,21.11,22.13,,22.77,,20.73,
11/15/1999,22.74,21.61,21.78,,23.24,,21.55,
11/12/1999,21.65,20.78,21.99,,22.94,,21.64,
11/11/1999,22.07,20.95,22.24,,22.68,,22.02,
11/10/1999,22.26,21.22,22.6,,22.69,,21.98,
11/9/1999,22.7,21.27,22.06,,22.96,,22.06,
11/8/1999,21.87,21.33,22.57,,22.58,,21.72,
11/5/1999,21.66,20.89,21.47,,22.12,,21.29,
11/4/1999,23,21.81,22.47,,23.31,,22.43,
11/3/1999,23.16,22.35,23.08,,23.57,,22.76,
11/2/1999,23.1,22.04,22.09,,23.32,,21.29,
11/1/1999,22.09,21.86,22.7,,22.91,,22.05,
10/29/1999,22.2,21.94,20.63,,22.37,,20.3,
10/28/1999,21.34,22.01,22.37,,22.5,,21.28,
10/27/1999,24.2,24.76,24.32,,25.38,,24.07,
10/26/1999,24.26,24.37,22.94,,24.26,,22.68,
10/25/1999,23.6,25.27,23.78,,24.15,,23.16,
10/22/1999,21.64,23.4,22.02,,22.08,,20.83,
10/21/1999,24.02,25.95,25.53,,25.71,,23.99,
10/20/1999,23.9,25.49,25.15,,25.48,,23.87,
10/19/1999,26.56,26,26.25,,26.56,,24.85,
10/18/1999,28.19,29.43,29.34,,29.81,,28.15,
10/15/1999,28.75,27.18,27.31,,29.4,,27.31,
10/14/1999,26.05,24.01,26.68,,27.47,,25.6,
10/13/1999,25.96,24.71,22.62,,26.57,,22.57,
10/12/1999,22.84,23.47,21.56,,23.02,,21.54,
10/11/1999,20.63,22.68,20.71,,21.05,,20.36,
10/8/1999,20.49,23.17,22.44,,22.68,,20.37,
10/7/1999,23.58,23.5,22.44,,23.82,,22.32,
10/6/1999,22.06,25.28,23.72,,23.86,,21.99,
10/5/1999,24.79,26.32,24.68,,26.46,,24.33,
10/4/1999,24.46,26.59,25.26,,25.26,,24.45,
10/1/1999,24.93,27.87,25.58,,26.29,,24.93,
9/30/1999,25.41,27.85,26.15,,26.47,,24.84,
9/29/1999,26.49,27.85,25.51,,26.69,,24.86,
9/28/1999,26.06,26.91,26.34,,28.58,,25.94,
9/27/1999,26.4,26.3,27.06,,27.15,,26.06,
9/24/1999,27.79,27.13,28.2,,29.21,,27.76,
9/23/1999,27.84,25.03,24.13,,27.84,,24.02,
9/22/1999,25.19,25.82,25.88,,26.49,,24.64,
9/21/1999,25.65,25.4,24.51,,26.07,,24.2,
9/20/1999,24.03,23.8,24.08,,24.36,,23.95,
9/17/1999,23.3,23.84,24.33,,24.5,,23.14,
9/16/1999,25.25,25.13,25.46,,27.54,,25.07,
9/15/1999,24.56,24.72,22.97,,24.89,,22.75,
9/14/1999,23.77,23.62,23.38,,24.17,,23.38,
9/13/1999,22.89,22.72,22.8,,23.35,,22.7,
9/10/1999,22.03,21.64,22.19,,22.54,,21.67,
9/9/1999,23.01,22.22,23.91,,24.08,,23.01,
9/8/1999,23.82,23.09,24.21,,24.27,,22.94,
9/7/1999,23.44,23.04,22.4,,23.65,,22.35,
9/6/1999,,22.94,,,,,,
9/3/1999,20.98,23.04,21.5,,21.55,,20.87,
9/2/1999,24.53,25.84,24.25,,25.56,,24.25,
9/1/1999,22.93,24.47,23.86,,24.18,,22.93,
8/31/1999,24.45,24.96,24.41,,25.54,,23.74,
8/30/1999,24.63,23.23,23.3,,24.65,,23.29,
8/27/1999,21.83,22.31,20.9,,22.01,,20.9,
8/26/1999,21.21,22.78,20.25,,21.26,,20.12,
8/25/1999,20.96,23.07,21.92,,22.41,,20.83,
8/24/1999,22.4,24.99,23.41,,23.63,,22.12,
8/23/1999,22.55,24.63,23.13,,23.13,,22.52,
8/20/1999,22.95,25.81,24.05,,24.07,,22.95,
8/19/1999,24.39,27.3,24.57,,24.96,,24.22,
8/18/1999,23.3,26.7,22.78,,23.31,,22.72,
8/17/1999,21.67,26.18,22.09,,22.86,,21.67,
8/16/1999,23.07,26.97,23.75,,23.75,,22.91,
8/13/1999,22.31,26.01,23.66,,23.8,,22.27,
8/12/1999,25.03,29.41,24.58,,25.06,,24.08,
8/11/1999,25.39,32.48,27.19,,27.27,,25.37,
8/10/1999,28.45,32.7,27.61,,30,,27.61,
8/9/1999,27.66,31.38,27.41,,27.98,,27.09,
8/6/1999,26.6,32.15,26.31,,27.18,,25.98,
8/5/1999,27.01,32.88,28.83,,29.92,,26.94,
8/4/1999,27.4,29.65,25.63,,27.5,,25.01,
8/3/1999,26.27,28.85,25.25,,26.54,,25.25,
8/2/1999,25.59,28.07,25.75,,25.79,,24.75,
7/30/1999,24.64,26.9,23.81,,24.71,,23.29,
7/29/1999,24.52,28,23.51,,25.08,,23.5,
7/28/1999,22.85,26.34,23.34,,23.73,,22.57,
7/27/1999,23.23,27.44,24.45,,24.54,,22.87,
7/26/1999,24.98,28.26,24.76,,25.74,,24.26,
7/23/1999,23.32,25.62,22.36,,23.69,,22.36,
7/22/1999,23.05,25.29,21.9,,23.38,,21.73,
7/21/1999,21.46,24.26,21.26,,21.78,,21.03,
7/20/1999,21.79,21.83,19.96,,21.95,,19.96,
7/19/1999,19.07,19.92,18.5,,19.49,,18.38,
7/16/1999,17.42,19.77,18.05,,18.48,,17.07,
7/15/1999,18.68,20.11,18.67,,19.33,,18.62,
7/14/1999,19.71,22.54,19.44,,20.38,,19.38,
7/13/1999,19.95,22.48,19.35,,20.74,,19.16,
7/12/1999,19.73,21.04,19.3,,20.12,,19.3,
7/9/1999,17.96,20.73,18.55,,18.75,,17.9,
7/8/1999,20.24,21.47,20.97,,21.01,,19.88,
7/7/1999,20.35,21.32,21.11,,21.24,,20.35,
7/6/1999,20.73,20.61,19.93,,20.75,,19.64,
7/5/1999,,19.93,,,,,,
7/2/1999,18.66,20.42,19.24,,19.45,,18.66,
7/1/1999,19.69,21.63,20.57,,21.43,,19.63,
6/30/1999,21.09,23.34,22.99,,23.34,,20.8,
6/29/1999,22.51,23.15,23.54,,23.55,,22.49,
6/28/1999,22.63,23.05,22.48,,22.97,,22.28,
6/25/1999,21.76,22.33,21.36,,22.25,,20.85,
6/24/1999,23.06,22.78,20.67,,23.94,,20.67,
6/23/1999,21.32,22.19,22.21,,22.48,,21.31,
6/22/1999,21.7,21.02,21.68,,21.89,,20.76,
6/21/1999,21.81,20.65,22.32,,22.9,,21.77,
6/18/1999,21.75,21.1,22.19,,23.03,,21.75,
6/17/1999,21.95,20.89,22.74,,23.12,,21.77,
6/16/1999,22.4,21.77,24.39,,24.57,,22.14,
6/15/1999,25.91,23.09,26.16,,26.23,,25.33,
6/14/1999,26.51,23.37,26.08,,26.8,,26.08,
6/11/1999,25.9,22.42,24.87,,27.01,,24.69,
6/10/1999,25.32,23.46,24.78,,26.15,,24.71,
6/9/1999,23.9,22.64,23.84,,24.26,,23.63,
6/8/1999,24.02,23.13,23.56,,24.28,,23.42,
6/7/1999,23.78,23.24,24.4,,24.49,,23.66,
6/4/1999,23.43,23.38,25.31,,25.46,,23.43,
6/3/1999,26.2,25.64,25.82,,26.7,,25.66,
6/2/1999,26.21,25.21,26.53,,27.78,,25.99,
6/1/1999,26.62,25.16,27.12,,27.99,,26.6,
5/31/1999,,24.99,,,,,,
5/28/1999,25.39,25.57,27.26,,27.26,,25.34,
5/27/1999,28.12,27.25,27.59,,28.68,,27.55,
5/26/1999,27.57,26.66,28.83,,29.62,,27.57,
5/25/1999,28.9,26.62,27.71,,29.14,,26.87,
5/24/1999,27.62,,24.93,,27.8,,24.84,
5/21/1999,24.4,23.45,24.12,,24.84,,24.05,
5/20/1999,24.46,25.34,25.1,,25.26,,24.05,
5/19/1999,25.08,28.18,25.86,,26.41,,25.08,
5/18/1999,27.26,30.83,27.55,,28.76,,27.2,
5/17/1999,27.28,30.53,27.98,,29.21,,27.27,
5/14/1999,26.86,28.31,26.59,,27.78,,26.48,
5/13/1999,25.02,,25.56,,25.56,,24.76,
5/12/1999,26.13,27.59,26.71,,27.08,,26.06,
5/11/1999,25.62,26.56,25.86,,26.21,,25.33,
5/10/1999,26.62,27.31,26.39,,26.98,,25.73,
5/7/1999,25.36,27.08,26.15,,26.42,,25.36,
5/6/1999,27.44,26.95,25.34,,28.58,,25.34,
5/5/1999,25.19,25.65,25.72,,27.22,,25.17,
5/4/1999,25.62,24.47,24.23,,25.7,,24.23,
5/3/1999,24.15,24.1,24.41,,25.77,,24.11,
4/30/1999,25.07,23.74,24.41,,26.47,,23.62,
4/29/1999,25.06,24.78,24.5,,25.55,,24.32,
4/28/1999,24.4,24.47,23.53,,24.48,,23.45,
4/27/1999,23.36,24.32,23.04,,23.71,,23.02,
4/26/1999,23.53,25.78,23.93,,23.94,,23.21,
4/23/1999,22.76,25.24,22.6,,23.13,,22.37,
4/22/1999,22.62,25.25,22.42,,22.81,,22.4,
4/21/1999,23.31,25.77,24.86,,24.88,,23.31,
4/20/1999,25.02,26.79,25.84,,26.09,,24.79,
4/19/1999,26.42,25.09,23.59,,26.5,,22.93,
4/16/1999,23.9,25.74,24.07,,24.24,,23.6,
4/15/1999,23.93,26.58,25.22,,26.24,,23.91,
4/14/1999,24.94,25.47,23.33,,24.96,,23.07,
4/13/1999,22.73,24.4,22.16,,23.35,,22.01,
4/12/1999,21.93,25.29,21.13,,23.41,,20.47,
4/9/1999,21.77,24.38,22.16,,22.59,,21.55,
4/8/1999,22.59,24.91,23.38,,23.51,,22.01,
4/7/1999,22.81,25.03,22.53,,23.26,,22.1,
4/6/1999,22.65,24.61,22.53,,23.04,,22.12,
4/5/1999,22.19,,22.88,,23.2,,22.18,
4/1/1999,22.06,24.61,22.03,,22.87,,22.06,
3/31/1999,23.26,25.25,22.03,,23.3,,22,
3/30/1999,22.73,27.23,24.34,,24.34,,22.71,
3/29/1999,23.54,27.32,23.87,,23.96,,23.45,
3/26/1999,24.04,28.57,24.79,,24.81,,23.83,
3/25/1999,24.33,28.05,25.32,,25.38,,24.33,
3/24/1999,26.6,29.9,26.99,,27.31,,26.59,
3/23/1999,27.27,28.84,25.97,,27.74,,25.84,
3/22/1999,25,27.14,25.3,,25.55,,24.8,
3/19/1999,24.32,26.99,24.07,,24.35,,23.39,
3/18/1999,24.13,28.17,25.14,,25.24,,24.03,
3/17/1999,25.57,28.16,24.93,,26.49,,24.9,
3/16/1999,25.15,27.49,25.34,,25.56,,24.98,
3/15/1999,25.24,27.77,25.81,,25.9,,25.18,
3/12/1999,24.84,26.98,24.79,,25.36,,24.74,
3/11/1999,24.37,27.06,24.31,,24.98,,23.82,
3/10/1999,24.79,27.95,24.86,,25.39,,24.61,
3/9/1999,25.02,28.96,25.28,,25.29,,24.25,
3/8/1999,24.54,29.86,24.87,,25.21,,24.48,
3/5/1999,24.08,29.26,24.78,,25.44,,24.08,
3/4/1999,26.67,30.88,27.81,,27.81,,26.42,
3/3/1999,29.04,31.93,28.85,,29.9,,28.82,
3/2/1999,29.22,32.03,27.96,,29.28,,27.49,
3/1/1999,28.37,32.46,29.34,,29.87,,28.14,
2/26/1999,27.88,30.8,28.41,,29,,27.63,
2/25/1999,28.01,31.78,27.95,,29.71,,27.8,
2/24/1999,27.21,30.78,25.7,,27.21,,25.22,
2/23/1999,26.49,31.26,25.92,,26.9,,25.92,
2/22/1999,25.87,32.09,28.83,,28.83,,25.78,
2/19/1999,29.3,33.91,30.01,,30.12,,28.61,
2/18/1999,30.45,35.56,30.99,,31.14,,30.32,
2/17/1999,30.65,36.69,30.21,,30.95,,29.16,
2/16/1999,29.65,36.01,28.88,,30.04,,28.73,
2/15/1999,,37.67,,,,,,
2/12/1999,29.76,36.06,27.85,,30.46,,27.85,
2/11/1999,27.42,37.83,30.03,,30.16,,27.42,
2/10/1999,30.45,40.3,31.59,,31.75,,30.45,
2/9/1999,31.36,39.55,29.96,,31.41,,29.84,
2/8/1999,30.27,38.77,29.53,,30.77,,29.53,
2/5/1999,29.67,37.81,29.69,,30.54,,29.46,
2/4/1999,29.48,38.79,27.62,,29.49,,27.58,
2/3/1999,27.88,39.96,28.59,,29.03,,27.62,
2/2/1999,28.16,38.61,28.19,,29.46,,28.11,
2/1/1999,27.67,37.03,27.21,,27.74,,26.76,
1/29/1999,26.25,37.61,27.77,,28.55,,25.9,
1/28/1999,28.11,39.15,29.25,,29.51,,28.01,
1/27/1999,29.73,41.76,28.28,,29.81,,28.24,
1/26/1999,29.23,42.75,30.92,,30.96,,29.23,
1/25/1999,31.13,40.7,32.22,,32.71,,31.13,
1/22/1999,31.95,39.94,32.26,,32.81,,31.1,
1/21/1999,30.92,36.92,29.55,,31.37,,29.23,
1/20/1999,28.6,35.55,28.62,,29.04,,27.62,
1/19/1999,29.24,38.79,28.86,,30.61,,28.8,
1/18/1999,,38.54,,,,,,
1/15/1999,29.24,38.67,32.56,,32.56,,29.14,
1/14/1999,32.98,39.14,30.46,,33.66,,30.2,
1/13/1999,30.11,39.74,32.62,,32.85,,28.78,
1/12/1999,28.1,37.57,25.59,,28.32,,25.55,
1/11/1999,25.46,36.84,21.41,,25.81,,21.38,
1/8/1999,23.28,33.23,22.95,,24.08,,22.81,
1/7/1999,24.37,32.52,24.42,,24.9,,24.04,
1/6/1999,23.34,25.17,23.36,,23.38,,22.68,
1/5/1999,24.46,29.69,25.92,,25.98,,24.36,
1/4/1999,26.17,18.2,25.38,,26.96,,24.74,
12/31/1998,24.42,,23.74,,24.76,,23.67,
12/30/1998,23.34,,22.03,,23.56,,22.03,
12/29/1998,22.18,,23.68,,24,,22.11,
12/28/1998,23.5,,22.92,,23.97,,22.91,
12/24/1998,21.48,,21,,21.78,,20.66,
12/23/1998,20.21,,21.89,,22.06,,20.08,
12/22/1998,22.78,,24.05,,24.45,,22.75,
12/21/1998,23.86,,24.64,,24.64,,23.09,
12/18/1998,25.04,,26.8,,26.96,,25.04,
12/17/1998,27.96,,29.42,,29.42,,27.94,
12/16/1998,29.96,,29.13,,30.28,,29.13,
12/15/1998,29.42,,31.38,,31.38,,29.42,
12/14/1998,31.31,,29.86,,31.67,,29.57,
12/11/1998,27.72,,27.93,,28.83,,27.29,
12/10/1998,26.81,,25.73,,26.91,,25.73,
12/9/1998,25.66,,25.78,,26.48,,25.49,
12/8/1998,25.58,,25.05,,26.25,,24.64,
12/7/1998,24.9,,25.59,,25.96,,24.82,
12/4/1998,25.31,,26.28,,26.76,,25.08,
12/3/1998,28.7,,25.53,,28.77,,25.13,
12/2/1998,25.43,,25.63,,26.52,,25.28,
12/1/1998,24.97,,27.38,,27.4,,24.84,
11/30/1998,26.01,,22.79,,26.01,,22.79,
11/27/1998,22.09,,22.43,,22.47,,21.98,
11/25/1998,22.15,,23.48,,23.68,,22.08,
11/24/1998,23.28,,22.32,,23.65,,22.1,
11/23/1998,21.84,,22.2,,22.23,,21.24,
11/20/1998,22.47,,26.1,,24.01,,22.43,
11/19/1998,25.5,,26.1,,26.4,,25.31,
11/18/1998,27.13,,28.13,,28.46,,27.13,
11/17/1998,27.95,,29.34,,30.56,,27.21,
11/16/1998,28.9,,28.79,,29.58,,28.78,
11/13/1998,29.03,,29.49,,29.6,,28.93,
11/12/1998,29.28,,28.63,,29.66,,27.93,
11/11/1998,28.47,,27.28,,29.07,,27.25,
11/10/1998,28.17,,28.2,,28.59,,27.31,
11/9/1998,28.09,,26.93,,28.72,,26.89,
11/6/1998,25.7,,25.91,,26.47,,25.6,
11/5/1998,26.01,,27.52,,28.31,,26,
11/4/1998,27.37,,26.98,,27.94,,26.5,
11/3/1998,27.76,,26.6,,28.19,,26.6,
11/2/1998,27.26,,28.31,,28.72,,27.2,
10/30/1998,28.05,,28.28,,28.71,,27.54,
10/29/1998,29.5,,32.09,,32.26,,29.39,
10/28/1998,32.42,,33.77,,33.77,,31.97,
10/27/1998,32.95,,31.2,,33.27,,30.74,
10/26/1998,32.38,,33.25,,33.26,,31.38,
10/23/1998,32.27,,31.9,,32.7,,31.69,
10/22/1998,31.53,,33.9,,34.17,,31.32,
10/21/1998,33.21,,33.27,,34.55,,32.99,
10/20/1998,33.11,,30.81,,33.36,,29.82,
10/19/1998,33.13,,35.94,,36.01,,32.41,
10/16/1998,34.82,,34.01,,35.78,,33.62,
10/15/1998,33.34,,39.61,,39.66,,32.41,
10/14/1998,38.96,,40.92,,40.93,,38.01,
10/13/1998,40.23,,40.97,,41.6,,39.96,
10/12/1998,40.07,,40.55,,40.56,,39.4,
10/9/1998,42.2,,43.28,,45.36,,41.85,
10/8/1998,45.74,,47.07,,49.53,,45.58,
10/7/1998,43.51,,40.98,,44.84,,40.66,
10/6/1998,41.2,,40.16,,42.05,,39.72,
10/5/1998,42.81,,42.65,,45.56,,42.3,
10/2/1998,40.47,,42.17,,43.38,,40.25,
10/1/1998,43.48,,41.9,,43.98,,41.85,
9/30/1998,40.95,,37.16,,41.15,,37.1,
9/29/1998,36.08,,37.17,,38.39,,35.74,
9/28/1998,34.87,,34.2,,35.24,,33.52,
9/25/1998,34.55,,37.14,,37.29,,33.91,
9/24/1998,34.66,,33.78,,35.9,,33.06,
9/23/1998,32.47,,35.03,,35.14,,32.44,
9/22/1998,36.62,,37.85,,38.91,,36.47,
9/21/1998,38.58,,42.74,,42.74,,38.39,
9/18/1998,38.63,,39.44,,39.84,,38.51,
9/17/1998,39.23,,39.43,,40.11,,38.82,
9/16/1998,35.94,,35.93,,37.73,,35.72,
9/15/1998,36.58,,38.37,,38.73,,36.43,
9/14/1998,38.57,,40.89,,40.89,,37.53,
9/11/1998,43.74,,47.95,,48.06,,43.74,
9/10/1998,45.29,,43.89,,46.56,,43.72,
9/9/1998,39.66,,37.86,,39.8,,37.56,
9/8/1998,37.9,,40.11,,40.34,,37.7,
9/4/1998,43.31,,40.66,,44.19,,40.58,
9/3/1998,41.43,,40.96,,42.68,,40.01,
9/2/1998,36.76,,35.21,,36.76,,34.02,
9/1/1998,36.48,,41.74,,44.94,,36.08,
8/31/1998,44.28,,39.74,,45.02,,38.8,
8/28/1998,39.6,,38.4,,42.78,,38.4,
8/27/1998,38.55,,33.65,,39.48,,33.65,
8/26/1998,31.14,,31.95,,32.65,,30.44,
8/25/1998,30.33,,29.31,,30.82,,28.49,
8/24/1998,31.8,,31.69,,32.58,,31.3,
8/21/1998,33.14,,32.59,,36.93,,32.59,
8/20/1998,30,,29.27,,30.54,,29.24,
8/19/1998,28.69,,27.56,,29.26,,27.35,
8/18/1998,28.4,,30.66,,30.81,,28.36,
8/17/1998,31.86,,34.77,,34.77,,31.86,
8/14/1998,34.34,,29.86,,34.61,,29.84,
8/13/1998,29.92,,28.2,,29.98,,28.17,
8/12/1998,28.55,,29.41,,29.75,,28.51,
8/11/1998,31.91,,32.54,,33.67,,31.91,
8/10/1998,28.75,,28.05,,29.13,,27.99,
8/7/1998,27.02,,27.66,,27.66,,25.35,
8/6/1998,28.2,,29.45,,29.93,,28.06,
8/5/1998,29.83,,31.78,,32.59,,28.73,
8/4/1998,31.06,,25.57,,31.06,,25.57,
8/3/1998,25.98,,26.15,,26.31,,25.38,
7/31/1998,24.8,,22.29,,25.12,,22.11,
7/30/1998,22.66,,23.81,,23.81,,22.66,
7/29/1998,24.79,,23.29,,25.15,,23.29,
7/28/1998,25.25,,23.69,,26.68,,23.43,
7/27/1998,23.13,,24.43,,24.69,,23.13,
7/24/1998,23.01,,22.54,,24.54,,22.54,
7/23/1998,23.01,,20.54,,24.08,,20.31,
7/22/1998,20.32,,20.53,,21.3,,20.16,
7/21/1998,20.1,,17.45,,20.35,,17.45,
7/20/1998,17.34,,17.73,,17.73,,16.81,
7/17/1998,16.23,,16.42,,16.5,,16.1,
7/16/1998,16.97,,17.56,,18.07,,16.86,
7/15/1998,17.89,,17.88,,18.65,,17.65,
7/14/1998,17.88,,18.32,,18.32,,17.6,
7/13/1998,18.26,,18.36,,18.51,,18.09,
7/10/1998,17.92,,17.86,,18.54,,17.58,
7/9/1998,18.16,,18.05,,18.49,,17.78,
7/8/1998,17.82,,18.24,,18.32,,17.52,
7/7/1998,18.62,,18.4,,18.85,,18.31,
7/6/1998,18.63,,19.06,,19.18,,18.59,
7/2/1998,17.67,,18.49,,18.68,,17.63,
7/1/1998,18,,18.99,,19.35,,18,
6/30/1998,19.71,,19.85,,19.88,,19.12,
6/29/1998,19.57,,19.39,,19.58,,18.93,
6/26/1998,19.36,,19.84,,19.95,,19.18,
6/25/1998,20.25,,19.5,,20.32,,19.36,
6/24/1998,20.02,,20.18,,20.55,,19.46,
6/23/1998,20.17,,21.18,,21.18,,20.14,
6/22/1998,21.94,,22.96,,23.08,,21.59,
6/19/1998,21.92,,21.48,,22.12,,21.31,
6/18/1998,22.4,,22.87,,23.06,,22.34,
6/17/1998,22.89,,23.38,,23.51,,22.27,
6/16/1998,24.8,,26.49,,26.49,,24.8,
6/15/1998,25.94,,24.77,,26.03,,23.89,
6/12/1998,22.78,,23.57,,25.05,,22.73,
6/11/1998,23.57,,21.87,,23.65,,21.87,
6/10/1998,21.48,,21.26,,21.93,,20.42,
6/9/1998,20.52,,20.45,,21.05,,20.34,
6/8/1998,20.58,,19.02,,20.86,,18.97,
6/5/1998,19.78,,20.48,,20.52,,19.77,
6/4/1998,21.22,,22.82,,23.15,,21.11,
6/3/1998,22.85,,21.1,,22.89,,21.04,
6/2/1998,22,,22.22,,22.66,,21.68,
6/1/1998,22.83,,22.71,,23.32,,22.15,
5/29/1998,21.32,,19.93,,21.53,,19.93,
5/28/1998,20.74,,21.79,,21.92,,20.51,
5/27/1998,22.59,,24.33,,25.1,,22.59,
5/26/1998,22.07,,19.66,,22.07,,19.63,
5/22/1998,18.99,,18.66,,19.55,,18.6,
5/21/1998,19.38,,19.7,,19.95,,19.22,
5/20/1998,19.89,,19.66,,20.34,,19.55,
5/19/1998,20.39,,20.74,,21.13,,20.11,
5/18/1998,21.69,,20.84,,22.21,,20.8,
5/15/1998,20.44,,19.61,,21.05,,19.33,
5/14/1998,19.64,,19.9,,20.83,,19.63,
5/13/1998,20.44,,20.29,,20.72,,20.22,
5/12/1998,20.98,,21.23,,21.7,,20.71,
5/11/1998,21.05,,20.08,,21.4,,19.67,
5/8/1998,20.57,,20.94,,21.1,,20.18,
5/7/1998,23.39,,23.65,,23.9,,22.93,
5/6/1998,22.79,,21.9,,22.89,,21.84,
5/5/1998,21.46,,20.94,,21.73,,20.73,
5/4/1998,20.32,,19.57,,20.56,,19.49,
5/1/1998,19.34,,20.72,,20.92,,19.3,
4/30/1998,21.18,,21.16,,21.37,,20.51,
4/29/1998,22.78,,23.36,,23.69,,22.54,
4/28/1998,24.17,,24.04,,24.88,,23.69,
4/27/1998,26.09,,20.28,,27.47,,24.95,
4/24/1998,21.97,,20.28,,22.42,,20.15,
4/23/1998,20.6,,20.4,,20.77,,19.43,
4/22/1998,19.44,,19.74,,19.83,,19.25,
4/21/1998,19.91,,20.51,,20.54,,19.64,
4/20/1998,20.39,,21.22,,21.25,,20.38,
4/17/1998,20.76,,22.32,,22.32,,20.69,
4/16/1998,22.06,,21.44,,22.36,,21.44,
4/15/1998,20.89,,21.46,,21.71,,20.78,
4/14/1998,21.61,,23.37,,23.94,,21.61,
4/13/1998,22.77,,22.99,,23.57,,22.77,
4/9/1998,21.51,,21.39,,22.39,,21.25,
4/8/1998,23.17,,23.01,,23.5,,22.72,
4/7/1998,23.66,,23.31,,24.3,,23.14,
4/6/1998,22.47,,21.84,,22.64,,21.84,
4/3/1998,21.82,,21.94,,22.25,,21.46,
4/2/1998,21.98,,23.07,,23.07,,21.81,
4/1/1998,23.37,,24.85,,24.97,,23.29,
3/31/1998,24.22,,24.23,,24.35,,23.41,
3/30/1998,24.66,,24.32,,24.92,,24.18,
3/27/1998,23.47,,22.44,,24.23,,22.41,
3/26/1998,22.81,,23.02,,23.54,,22.28,
3/25/1998,22.54,,20.59,,23.55,,20.59,
3/24/1998,20.51,,20.11,,20.65,,19.87,
3/23/1998,19.98,,19.65,,20.18,,19.55,
3/20/1998,18.69,,17.61,,18.84,,17.6,
3/19/1998,17.76,,17.9,,18.53,,17.7,
3/18/1998,18.29,,18.71,,19.06,,18.11,
3/17/1998,18.66,,18.42,,19.04,,18.25,
3/16/1998,18.51,,19.27,,19.34,,18.46,
3/13/1998,18.71,,17.69,,19.43,,17.58,
3/12/1998,18.25,,18.76,,19.21,,18.04,
3/11/1998,18.89,,19.41,,19.56,,18.76,
3/10/1998,19.43,,19.9,,20.01,,19.39,
3/9/1998,20.23,,20.2,,20.45,,19.72,
3/6/1998,19.14,,19.97,,19.97,,19.13,
3/5/1998,20.93,,20.87,,21.06,,20.26,
3/4/1998,19.58,,19.27,,19.83,,19.27,
3/3/1998,19.04,,19.43,,19.58,,19.04,
3/2/1998,19.19,,18.97,,19.38,,18.8,
2/27/1998,18.55,,18.66,,18.94,,18.39,
2/26/1998,18.63,,18.96,,19.02,,18.53,
2/25/1998,18.62,,19.01,,19.29,,18.39,
2/24/1998,19.35,,19.13,,19.69,,18.77,
2/23/1998,18.99,,19.14,,19.72,,18.97,
2/20/1998,19,,19.56,,19.87,,18.97,
2/19/1998,19.88,,19.89,,20.19,,19.72,
2/18/1998,19.66,,20.24,,20.38,,19.66,
2/17/1998,20.76,,20.43,,21,,20.23,
2/13/1998,19.84,,20.48,,20.52,,19.73,
2/12/1998,19.73,,20.62,,21.22,,19.66,
2/11/1998,20.38,,21.04,,21.04,,20.36,
2/10/1998,20.66,,21.21,,21.27,,20.36,
2/9/1998,21.55,,21.23,,21.9,,21.2,
2/6/1998,20.51,,20.97,,21.25,,20.48,
2/5/1998,21.29,,19.18,,21.45,,19.18,
2/4/1998,20.55,,21,,21.17,,20.31,
2/3/1998,20.67,,21.31,,21.48,,20.67,
2/2/1998,21.36,,21.32,,21.56,,21.23,
1/30/1998,21.47,,21.67,,21.78,,21.05,
1/29/1998,21.65,,21.97,,21.97,,21.08,
1/28/1998,22.06,,21.88,,22.4,,21.53,
1/27/1998,22.27,,23.16,,23.17,,22,
1/26/1998,23.97,,23.74,,24.43,,23.47,
1/23/1998,23.32,,22.72,,24.41,,22.7,
1/22/1998,23.16,,23.22,,23.69,,22.97,
1/21/1998,22.53,,22.75,,23.59,,22.38,
1/20/1998,21.65,,22.21,,23.14,,21.65,
1/16/1998,21.65,,21.45,,22.36,,20.55,
1/15/1998,23.45,,23.92,,24.4,,23.33,
1/14/1998,23.75,,25.04,,25.04,,23.62,
1/13/1998,25.17,,26.7,,26.79,,25.12,
1/12/1998,28.02,,25.79,,31.08,,28.02,
1/9/1998,28.69,,25.79,,29.35,,25.69,
1/8/1998,26.01,,26.24,,26.7,,25.62,
1/7/1998,25.07,,26.15,,27.43,,25.07,
1/6/1998,25.66,,25.2,,25.97,,24.87,
1/5/1998,24.36,,24.11,,25.02,,23.02,
1/2/1998,23.42,,24.34,,24.93,,23.42,
12/31/1997,24.01,,24.21,,24.52,,23.59,
12/30/1997,24.38,,26.27,,26.28,,24.35,
12/29/1997,26.79,,28.71,,28.77,,26.79,
12/26/1997,29.27,,29.39,,30.04,,29.26,
12/24/1997,30.27,,29.94,,30.83,,29.52,
12/23/1997,29.86,,28.69,,29.86,,28.21,
12/22/1997,28.56,,28.83,,29.42,,28.56,
12/19/1997,29.18,,29.23,,33.08,,29.11,
12/18/1997,27.19,,26.21,,27.63,,26.11,
12/17/1997,26.33,,25.57,,26.79,,25.41,
12/16/1997,26.11,,26.03,,26.51,,25.48,
12/15/1997,27.37,,28.18,,28.81,,27.32,
12/12/1997,27.92,,26.55,,27.92,,26.49,
12/11/1997,27.63,,26.82,,28.01,,26.56,
12/10/1997,24.55,,23.06,,25.22,,22.88,
12/9/1997,23.36,,23.45,,23.79,,23.1,
12/8/1997,23.22,,22.88,,23.53,,22.88,
12/5/1997,22.65,,22.34,,23.05,,20.41,
12/4/1997,23.84,,22.8,,24.06,,22.64,
12/3/1997,23.92,,25.21,,25.55,,23.46,
12/2/1997,25.66,,25.69,,26.06,,25.51,
12/1/1997,26.01,,27.86,,27.86,,25.97,
11/28/1997,27.43,,28.04,,28.27,,27.03,
11/25/1997,28.95,,28.94,,30.32,,28.89,
11/24/1997,29.8,,28.91,,30.12,,28.58,
11/21/1997,26.65,,26.68,,27.67,,26.42,
11/20/1997,27.32,,28.73,,28.81,,27.17,
11/19/1997,29.93,,31.12,,31.27,,29.84,
11/18/1997,31.55,,31.33,,32.34,,31,
11/17/1997,31.58,,32.56,,32.62,,31.13,
11/14/1997,33.66,,36.19,,36.3,,33.54,
11/13/1997,36.64,,37.24,,38.46,,36.43,
11/12/1997,37.84,,37.82,,37.86,,35.73,
11/11/1997,36.38,,36.92,,36.92,,36.3,
11/10/1997,36.63,,35.21,,36.76,,35.04,
11/7/1997,36.27,,36.2,,38.22,,34.77,
11/6/1997,32.57,,33.06,,33.45,,32.33,
11/5/1997,32.18,,32.31,,32.66,,31.18,
11/4/1997,32.24,,31.44,,33.28,,31.23,
11/3/1997,32.09,,32.18,,32.67,,31.9,
10/31/1997,35.09,,35.08,,37.25,,35.02,
10/30/1997,38.2,,36.71,,38.56,,35.84,
10/29/1997,33.75,,29.32,,34.43,,28.83,
10/28/1997,31.22,,45.69,,48.64,,30.69,
10/27/1997,31.12,,24.91,,32.64,,24.77,
10/24/1997,23.17,,20.93,,23.49,,20.88,
10/23/1997,22.99,,22.55,,24.11,,21.66,
10/22/1997,19.86,,19.56,,20.17,,19.56,
10/21/1997,19.53,,20.2,,20.21,,19.48,
10/20/1997,20.72,,21.4,,21.46,,20.67,
10/17/1997,21.69,,20.32,,22.85,,20.09,
10/16/1997,20.53,,19.74,,21.05,,19.49,
10/15/1997,20.05,,19.61,,21.01,,19.28,
10/14/1997,19.99,,19.86,,20.97,,19.85,
10/13/1997,20.26,,19.82,,20.7,,19.78,
10/10/1997,19.75,,20.29,,20.54,,19.75,
10/9/1997,22.31,,23.35,,23.5,,22.05,
10/8/1997,20.77,,20.39,,21.91,,20.39,
10/7/1997,20.29,,21.35,,21.65,,20.27,
10/6/1997,21.61,,21.98,,22.23,,21.59,
10/3/1997,21.54,,20.81,,22.17,,20.75,
10/2/1997,22.27,,22.55,,22.73,,22.26,
10/1/1997,22.32,,22.95,,22.99,,22.27,
9/30/1997,22.91,,22.32,,22.91,,22.05,
9/29/1997,22.23,,23.21,,23.23,,22.15,
9/26/1997,22.26,,21.96,,22.67,,21.82,
9/25/1997,22.96,,22.6,,23.33,,22.46,
9/24/1997,22.64,,22.13,,23.88,,21.43,
9/23/1997,22,,22.18,,22.62,,21.94,
9/22/1997,22.08,,22.87,,22.87,,21.99,
9/19/1997,22.74,,22.51,,23.06,,21.67,
9/18/1997,23.48,,23.76,,23.87,,22.76,
9/17/1997,24.1,,23.88,,24.8,,23.69,
9/16/1997,23.77,,24.77,,25.1,,23.61,
9/15/1997,25.74,,25.77,,26.15,,25.1,
9/12/1997,25.17,,25.6,,26.36,,24.94,
9/11/1997,25.99,,25.53,,27.33,,25.47,
9/10/1997,24.64,,24.2,,24.64,,24.09,
9/9/1997,23.89,,24.76,,24.77,,23.53,
9/8/1997,24.4,,24.5,,24.54,,23.97,
9/5/1997,24.31,,24.17,,24.86,,23.95,
9/4/1997,25.27,,25.01,,25.6,,24.75,
9/3/1997,24.95,,24.41,,24.96,,24.41,
9/2/1997,24.53,,25.85,,25.91,,24.46,
8/29/1997,24.76,,24.52,,25.06,,24.41,
8/28/1997,24.51,,24.79,,25.53,,23.79,
8/27/1997,24.26,,25.06,,25.38,,24.18,
8/26/1997,24.73,,24.4,,24.91,,24.2,
8/25/1997,24.1,,24.46,,24.46,,23.63,
8/22/1997,24.74,,25.3,,26.24,,24.67,
8/21/1997,23.83,,21.35,,24.08,,21.33,
8/20/1997,21.09,,22.57,,22.63,,21.03,
8/19/1997,22.64,,23.31,,23.31,,22.61,
8/18/1997,24.37,,26.11,,26.31,,24.37,
8/15/1997,24.45,,23.2,,25.05,,22.91,
8/14/1997,23.11,,23.7,,23.88,,23.11,
8/13/1997,24.52,,23.58,,25.47,,23.52,
8/12/1997,23.75,,22.13,,23.9,,22.03,
8/11/1997,22.77,,22.86,,23.58,,22.59,
8/8/1997,22.46,,21.37,,23.23,,21.03,
8/7/1997,19.77,,19.54,,19.98,,19.33,
8/6/1997,20.05,,20.87,,20.89,,19.96,
8/5/1997,20.64,,21.78,,21.78,,20.64,
8/4/1997,21.94,,23,,23.34,,21.92,
8/1/1997,22.29,,21.29,,22.97,,21.29,
7/31/1997,21.48,,21.34,,21.98,,21.24,
7/30/1997,21.39,,21.95,,22.06,,21.34,
7/29/1997,22.02,,22.28,,22.37,,21.81,
7/28/1997,21.84,,20.57,,22.14,,20.57,
7/25/1997,20.82,,20.64,,20.97,,20.48,
7/24/1997,20.96,,21.57,,22.1,,20.91,
7/23/1997,21.3,,21.31,,21.57,,21.04,
7/22/1997,21.77,,23.11,,23.17,,21.76,
7/21/1997,23.51,,23.55,,23.71,,23.34,
7/18/1997,22.28,,21.01,,23.05,,21.01,
7/17/1997,20.54,,19.97,,20.82,,19.9,
7/16/1997,19.36,,19.8,,19.84,,19.15,
7/15/1997,19,,19.51,,20.1,,18.98,
7/14/1997,19.58,,19.02,,19.84,,18.93,
7/11/1997,19.06,,19.29,,19.34,,18.72,
7/10/1997,19.92,,19.89,,20.29,,19.62,
7/9/1997,20.4,,18.58,,20.51,,18.57,
7/8/1997,18.76,,19.08,,19.22,,18.76,
7/7/1997,19.13,,18.71,,19.38,,18.44,
7/3/1997,17.82,,18.46,,18.64,,17.82,
7/2/1997,19.7,,20.74,,20.74,,19.64,
7/1/1997,21,,21.54,,21.54,,20.92,
6/30/1997,21.53,,21.47,,21.91,,21.34,
6/27/1997,21.22,,21.26,,21.35,,20.86,
6/26/1997,21.82,,21.75,,22.13,,21.4,
6/25/1997,21.5,,21.01,,22.28,,20.56,
6/24/1997,20.74,,20.73,,21.58,,20.5,
6/23/1997,21.19,,20.7,,21.64,,20.25,
6/20/1997,20.2,,20.24,,20.36,,19.8,
6/19/1997,20.1,,20.18,,21,,19.91,
6/18/1997,20.45,,20.38,,20.66,,20.26,
6/17/1997,20.17,,20.66,,20.96,,19.87,
6/16/1997,19.77,,19.77,,20.21,,19.73,
6/13/1997,19.27,,19.3,,19.76,,18.99,
6/12/1997,18.51,,18.7,,18.94,,18.2,
6/11/1997,18.85,,18.96,,19.24,,18.85,
6/10/1997,19.04,,19.28,,19.28,,18.79,
6/9/1997,19.46,,19.66,,19.66,,19.36,
6/6/1997,18.94,,19.44,,19.48,,18.92,
6/5/1997,20.36,,20.19,,20.37,,20.05,
6/4/1997,20.1,,19.99,,20.39,,19.88,
6/3/1997,20.01,,19.91,,20.01,,19.56,
6/2/1997,20.85,,21.08,,21.19,,20.76,
5/30/1997,19.19,,19.48,,19.48,,18.85,
5/29/1997,19.02,,19.1,,19.77,,18.82,
5/28/1997,19.28,,19.39,,19.58,,19.22,
5/27/1997,19.36,,19.26,,19.92,,19.12,
5/23/1997,18.08,,18.46,,18.52,,18.01,
5/22/1997,18.77,,19.01,,19.24,,18.68,
5/21/1997,19.28,,19.19,,19.62,,18.82,
5/20/1997,19.26,,21.49,,21.72,,19.13,
5/19/1997,21.48,,21.88,,21.95,,21.26,
5/16/1997,21.57,,18.73,,21.82,,18.58,
5/15/1997,19.91,,21.14,,21.14,,19.87,
5/14/1997,21.09,,20.48,,21.32,,20.48,
5/13/1997,20.81,,20.53,,21.02,,20.53,
5/12/1997,20.25,,20.44,,20.85,,20.07,
5/9/1997,20.11,,21.49,,21.5,,20.01,
5/8/1997,21.26,,21.4,,21.48,,20.35,
5/7/1997,21.34,,21.19,,21.53,,20.63,
5/6/1997,20.85,,21.37,,22.26,,20.83,
5/5/1997,20.13,,18.49,,20.13,,18.37,
5/2/1997,17.51,,18.88,,18.88,,17.28,
5/1/1997,19.87,,20.18,,20.88,,19.87,
4/30/1997,20.06,,20,,20.29,,19.2,
4/29/1997,19.81,,20.64,,20.66,,19.46,
4/28/1997,21.34,,22.21,,22.26,,21.04,
4/25/1997,21.15,,21.25,,21.47,,20.88,
4/24/1997,20.83,,20.26,,20.99,,20.15,
4/23/1997,20.48,,19.84,,20.55,,19.82,
4/22/1997,19.52,,19.88,,20,,19.06,
4/21/1997,20.1,,19.22,,20.46,,19.18,
4/18/1997,18.75,,18.14,,19.14,,18.13,
4/17/1997,18.71,,18.38,,18.77,,18.12,
4/16/1997,17.64,,18.43,,18.51,,17.57,
4/15/1997,18.25,,19.02,,19.02,,18,
4/14/1997,19.09,,19.82,,20.13,,19.09,
4/11/1997,19.76,,19.51,,20.02,,19.27,
4/10/1997,19.01,,18.62,,19.02,,18.62,
4/9/1997,18.56,,18.09,,18.9,,18.06,
4/8/1997,18.44,,18.65,,18.78,,18.42,
4/7/1997,18.51,,19.24,,19.27,,18.35,
4/4/1997,19.23,,20.7,,20.72,,19.15,
4/3/1997,21.19,,21.24,,21.49,,20.62,
4/2/1997,21.3,,21.29,,21.76,,20.46,
4/1/1997,20.84,,22.85,,23.04,,20.67,
3/31/1997,22.14,,21.54,,22.44,,21.21,
3/27/1997,20.5,,17.38,,20.79,,17.3,
3/26/1997,18.32,,18.6,,18.75,,18.23,
3/25/1997,19.26,,19.75,,19.94,,19.14,
3/24/1997,20.06,,20,,20.72,,19.95,
3/21/1997,19.69,,17.54,,20.67,,17.44,
3/20/1997,21.22,,21.52,,21.91,,21.02,
3/19/1997,21.74,,21.68,,21.95,,21.29,
3/18/1997,21.26,,20.85,,21.56,,20.77,
3/17/1997,20.95,,21.18,,21.91,,20.92,
3/14/1997,19.81,,19.86,,19.95,,19.58,
3/13/1997,19.79,,19.32,,20.49,,19.24,
3/12/1997,19.61,,18.72,,19.81,,18.71,
3/11/1997,19.25,,19.24,,19.46,,19.14,
3/10/1997,19,,20.14,,20.14,,18.98,
3/7/1997,19.32,,19.52,,19.55,,19.21,
3/6/1997,20.48,,19.48,,20.51,,19.47,
3/5/1997,19.49,,20.01,,20.08,,19.41,
3/4/1997,20.62,,20.75,,20.83,,20.27,
3/3/1997,20.89,,21.89,,21.89,,20.88,
2/28/1997,21.1,,21.55,,21.55,,20.76,
2/27/1997,21.08,,20.43,,21.32,,20.41,
2/26/1997,20.74,,19.4,,21.25,,19.4,
2/25/1997,19.98,,20.11,,20.2,,19.9,
2/24/1997,19.84,,20.94,,20.96,,19.84,
2/21/1997,20.55,,21.29,,21.41,,20.49,
2/20/1997,21.41,,20.93,,21.54,,20.69,
2/19/1997,20.61,,19.94,,20.65,,19.82,
2/18/1997,19.7,,19.76,,20.06,,19.65,
2/14/1997,19.18,,19.21,,19.36,,19,
2/13/1997,19.23,,19.3,,19.73,,19.1,
2/12/1997,19.48,,19.57,,19.89,,19.42,
2/11/1997,19.97,,20.31,,20.72,,19.97,
2/10/1997,20.65,,19.65,,21.13,,19.65,
2/7/1997,18.9,,18.82,,19.88,,18.71,
2/6/1997,20.16,,20.58,,20.68,,20.04,
2/5/1997,21.06,,19.55,,21.39,,19.5,
2/4/1997,19.43,,19.59,,19.69,,19.43,
2/3/1997,19.58,,19.89,,20.07,,19.56,
1/30/1997,19.47,,19.81,,20.08,,19.47,
1/29/1997,20.23,,20.6,,20.69,,20.22,
1/28/1997,20.74,,19.96,,21.06,,19.41,
1/27/1997,20.16,,20.17,,20.52,,19.76,
1/24/1997,19.33,,18.45,,20.07,,18.35,
1/23/1997,18.47,,16.67,,18.59,,16.36,
1/22/1997,17.09,,18.02,,18.02,,17.07,
1/21/1997,17.81,,18.69,,18.7,,17.8,
1/20/1997,18.6,,19.18,,19.18,,18.41,
1/17/1997,18.63,,19.78,,19.82,,18.6,
1/16/1997,19.61,,19.59,,20.07,,19.22,
1/15/1997,19.4,,19.39,,19.74,,19.14,
1/14/1997,19.27,,20.1,,20.1,,18.83,
1/13/1997,19.84,,19.47,,20.23,,19.28,
1/10/1997,19.63,,20.75,,20.82,,19.51,
1/9/1997,20.91,,19.99,,21.1,,19.87,
1/8/1997,20.24,,18.6,,20.53,,18.6,
1/7/1997,19.35,,20.46,,20.71,,19.31,
1/6/1997,19.89,,19.84,,20.44,,19.42,
1/3/1997,19.13,,19.82,,19.92,,19.04,
1/2/1997,21.14,,21.54,,22.8,,21.1,
12/31/1996,20.92,,19.86,,20.92,,19.8,
12/30/1996,19.51,,19.7,,19.72,,19.23,
12/27/1996,19.13,,18.67,,19.13,,18.67,
12/26/1996,18.59,,18.33,,18.71,,18.19,
12/24/1996,18.68,,19.22,,19.22,,18.68,
12/23/1996,19.5,,19.27,,19.67,,18.99,
12/20/1996,18.85,,16.84,,19.72,,16.83,
12/19/1996,18.77,,18.94,,18.97,,18.46,
12/18/1996,19.42,,20.07,,20.08,,18.94,
12/17/1996,20.77,,21.99,,22.13,,20.4,
12/16/1996,21.99,,21.04,,22.04,,20.73,
12/13/1996,21.09,,20.85,,21.32,,19.81,
12/12/1996,20.45,,18.69,,20.45,,18.66,
12/11/1996,19.68,,18.61,,20.43,,18.61,
12/10/1996,17.88,,17.36,,17.91,,17.19,
12/9/1996,17.75,,18.5,,18.52,,17.75,
12/6/1996,18.82,,20.36,,21.88,,18.44,
12/5/1996,18.14,,17.59,,18.52,,17.38,
12/4/1996,17.93,,18.76,,18.92,,17.91,
12/3/1996,18.68,,17.7,,18.82,,17.59,
12/2/1996,17.93,,18.66,,18.73,,17.93,
11/29/1996,17.14,,16.76,,18.26,,16.68,
11/27/1996,16.96,,17,,17.22,,16.86,
11/26/1996,16.97,,16.67,,17.67,,16.55,
11/25/1996,15.91,,15.47,,16.03,,15.17,
11/22/1996,14.92,,15.06,,15.24,,14.68,
11/21/1996,15.77,,16.08,,16.53,,15.77,
11/20/1996,15.94,,15.39,,16.1,,15.23,
11/19/1996,15.23,,15.04,,15.61,,14.96,
11/18/1996,15.12,,14.71,,15.48,,14.71,
11/15/1996,14.36,,13.61,,14.88,,13.45,
11/14/1996,13.79,,14.62,,14.62,,13.63,
11/13/1996,14.89,,14.94,,15.41,,14.7,
11/12/1996,15.36,,15.89,,16.14,,15.22,
11/11/1996,14.04,,14.73,,14.73,,13.88,
11/8/1996,15.78,,16.52,,16.55,,15.62,
11/7/1996,17.21,,16.84,,17.52,,16.66,
11/6/1996,16.97,,16.74,,17.33,,16.05,
11/5/1996,17.65,,17.32,,17.67,,16.97,
11/4/1996,18.04,,18.33,,18.61,,18.03,
11/1/1996,17.89,,17.29,,18.3,,17.26,
10/31/1996,18.11,,18.14,,18.33,,17.82,
10/30/1996,18.48,,18.17,,19.21,,18.17,
10/29/1996,18.28,,18.44,,18.84,,18.09,
10/28/1996,18.34,,17.27,,18.36,,17.13,
10/25/1996,17.29,,17.09,,17.62,,16.84,
10/24/1996,16.89,,16.17,,17,,16.17,
10/23/1996,16.45,,16.66,,17.16,,16.2,
10/22/1996,16.4,,16.29,,16.79,,16.24,
10/21/1996,15.98,,15.53,,16.23,,15.25,
10/18/1996,15.08,,15.52,,15.55,,15.02,
10/17/1996,15.41,,15.25,,15.46,,14.99,
10/16/1996,15.6,,15.82,,16.07,,15.59,
10/15/1996,15.83,,14.82,,16.77,,14.82,
10/14/1996,15.13,,14.77,,15.38,,14.63,
10/11/1996,15.07,,15.5,,15.57,,14.96,
10/10/1996,16.26,,16.33,,16.35,,15.92,
10/9/1996,16.09,,15.66,,16.3,,15.62,
10/8/1996,15.58,,15.35,,15.63,,15.02,
10/7/1996,15.11,,15.06,,15.51,,14.96,
10/4/1996,14.8,,15.46,,15.46,,14.78,
10/3/1996,16.77,,16.73,,16.98,,16.48,
10/2/1996,16.78,,16.92,,17.12,,16.69,
10/1/1996,17.05,,16.9,,17.52,,16.8,
9/30/1996,16.95,,16.33,,17.08,,16.21,
9/27/1996,16.1,,16.57,,16.66,,16.04,
9/26/1996,16.11,,16.13,,16.51,,15.7,
9/25/1996,16.22,,15.86,,16.33,,15.82,
9/24/1996,16.45,,16.55,,16.9,,16.13,
9/23/1996,16.46,,16.33,,16.74,,16.32,
9/20/1996,15.65,,14.57,,16.18,,14.55,
9/19/1996,16.03,,16.09,,16.49,,15.93,
9/18/1996,15.86,,16.27,,16.46,,15.76,
9/17/1996,15.74,,15.86,,16.22,,15.56,
9/16/1996,15.43,,15.4,,15.96,,15.24,
9/13/1996,15.2,,15.51,,15.89,,15.15,
9/12/1996,15.97,,15.36,,16.09,,15.36,
9/11/1996,16.06,,16.56,,16.56,,15.91,
9/10/1996,16.25,,16.42,,16.8,,16.25,
9/9/1996,16.36,,17.1,,17.13,,16.29,
9/6/1996,17.1,,18.15,,18.19,,16.84,
9/5/1996,20.51,,19.07,,20.53,,18.96,
9/4/1996,18.64,,18.61,,19.07,,18.55,
9/3/1996,18.47,,19.78,,19.78,,18.27,
8/30/1996,17.01,,16.09,,17.25,,16.09,
8/29/1996,16.22,,15.43,,16.69,,15.43,
8/28/1996,15.1,,14.88,,15.98,,14.84,
8/27/1996,15.11,,14.57,,15.62,,14.54,
8/26/1996,15.38,,14.74,,15.66,,14.7,
8/23/1996,14.18,,13.71,,15.08,,13.67,
8/22/1996,13.71,,13.9,,13.91,,13.22,
8/21/1996,14.52,,14.91,,15.1,,14.51,
8/20/1996,14.73,,15.19,,15.54,,14.73,
8/19/1996,15.27,,15.27,,15.49,,15.22,
8/16/1996,14.81,,15,,15.73,,14.57,
8/15/1996,15.46,,16.09,,16.09,,15.29,
8/14/1996,15.96,,16.53,,16.61,,15.84,
8/13/1996,16.41,,16.29,,17,,15.71,
8/12/1996,15.57,,16.14,,16.5,,15.45,
8/9/1996,15.77,,16.01,,16.53,,15.25,
8/8/1996,16.04,,16.28,,16.58,,15.97,
8/7/1996,16.24,,16.88,,17.17,,16.22,
8/6/1996,16.93,,17.75,,17.88,,16.93,
8/5/1996,17.36,,17.12,,17.54,,16.84,
8/2/1996,16.19,,16.38,,17.49,,16.16,
8/1/1996,18.76,,19.39,,19.39,,18.23,
7/31/1996,19.46,,19.88,,20.2,,19.27,
7/30/1996,20.53,,19.83,,21.57,,19.83,
7/29/1996,20.09,,18.56,,20.51,,18.44,
7/26/1996,17.45,,18.69,,18.8,,17.35,
7/25/1996,19.39,,19.59,,19.69,,18.61,
7/24/1996,21.44,,23.9,,24.19,,21.43,
7/23/1996,21.55,,19.3,,21.8,,19.28,
7/22/1996,20.41,,19.3,,21.31,,19.3,
7/19/1996,17.26,,16.74,,17.86,,16.73,
7/18/1996,17.93,,18.78,,19.57,,17.92,
7/17/1996,19.22,,19.38,,20.34,,19.12,
7/16/1996,20.1,,20.28,,27.05,,19.48,
7/15/1996,20.11,,17.14,,20.11,,17.13,
7/12/1996,17.09,,16.99,,17.5,,16.79,
7/11/1996,17.81,,15.81,,19.2,,15.76,
7/10/1996,15.51,,16.06,,16.47,,15.51,
7/9/1996,15.49,,16.02,,16.02,,15.43,
7/8/1996,16.42,,16.68,,16.83,,15.93,
7/5/1996,16.09,,16.25,,16.84,,14.92,
7/3/1996,14.21,,13.88,,14.66,,13.8,
7/2/1996,14.19,,13.93,,14.45,,13.92,
7/1/1996,13.78,,13.83,,14.08,,13.75,
6/28/1996,13.68,,13.92,,13.92,,13.55,
6/27/1996,14.19,,15.08,,15.1,,14.15,
6/26/1996,15.23,,15.07,,15.57,,14.95,
6/25/1996,15.43,,15.5,,15.85,,15.39,
6/24/1996,15.91,,16.08,,16.38,,15.75,
6/21/1996,15.8,,14.9,,16.12,,14.53,
6/20/1996,16.97,,17.08,,17.31,,16.73,
6/19/1996,17.54,,17.55,,17.71,,17.18,
6/18/1996,17.45,,16.69,,17.47,,16.64,
6/17/1996,17.46,,17.27,,17.9,,17.11,
6/14/1996,18.64,,17.1,,18.88,,16.7,
6/13/1996,17.12,,16.82,,17.67,,16.8,
6/12/1996,17,,16.47,,17.2,,16.35,
6/11/1996,16.68,,16.38,,16.82,,16,
6/10/1996,16.78,,16.57,,17.16,,16.55,
6/7/1996,16.1,,17.67,,17.69,,16.1,
6/6/1996,16.84,,16.34,,16.86,,16.33,
6/5/1996,16.04,,16.04,,16.45,,15.93,
6/4/1996,16.18,,16.35,,16.39,,16.12,
6/3/1996,16.86,,16.8,,17.03,,16.58,
5/31/1996,16.07,,15.74,,16.29,,15.5,
5/30/1996,16.02,,17.06,,17.14,,16.01,
5/29/1996,17.15,,16.97,,17.75,,16.75,
5/28/1996,16.92,,16.1,,16.97,,16.04,
5/24/1996,15.54,,15.58,,15.76,,15.44,
5/23/1996,16.17,,15.79,,16.41,,15.73,
5/22/1996,15.5,,16,,16.1,,15.46,
5/21/1996,16,,15.66,,16.37,,15.59,
5/20/1996,15.8,,15.05,,16.36,,14.89,
5/17/1996,15.13,,14.74,,15.2,,14.56,
5/16/1996,15.71,,16.01,,16.01,,15.53,
5/15/1996,15.59,,14.57,,15.83,,14.57,
5/14/1996,14.9,,15.01,,15.18,,14.66,
5/13/1996,15.16,,16.26,,16.26,,14.88,
5/10/1996,15.61,,16.2,,16.32,,15.3,
5/9/1996,16.99,,15.48,,17.05,,15.38,
5/8/1996,15.78,,17.2,,18.69,,15.78,
5/7/1996,16.87,,16.62,,17.24,,16.52,
5/6/1996,16.92,,16.89,,17.87,,16.72,
5/3/1996,16.7,,16.61,,17.39,,15.56,
5/2/1996,18.62,,16.75,,18.96,,16.72,
5/1/1996,16.07,,15.89,,16.87,,15.75,
4/30/1996,15.83,,15.75,,16.01,,15.71,
4/29/1996,15.45,,15.54,,15.67,,15.35,
4/26/1996,14.75,,14.56,,14.93,,14.46,
4/25/1996,14.72,,14.69,,15.35,,14.59,
4/24/1996,14.91,,14.01,,15.13,,13.99,
4/23/1996,15.01,,14.95,,15.46,,14.89,
4/22/1996,15.38,,14.76,,15.7,,14.76,
4/19/1996,15.12,,14.56,,15.4,,14.3,
4/18/1996,16.41,,16.69,,17.06,,16.24,
4/17/1996,17.07,,16.5,,17.3,,16.36,
4/16/1996,16.45,,16.51,,16.56,,16.21,
4/15/1996,16.83,,17.54,,17.54,,16.82,
4/12/1996,17.38,,18.69,,18.73,,17.31,
4/11/1996,19.65,,19.41,,21.09,,19.23,
4/10/1996,20.22,,17.79,,20.46,,17.52,
4/9/1996,17.32,,16.96,,17.42,,16.96,
4/8/1996,18.72,,16.15,,20.78,,18.15,
4/4/1996,16.18,,16.15,,16.2,,15.89,
4/3/1996,16.33,,16.36,,16.56,,16.16,
4/2/1996,16.45,,16.98,,17.34,,16.27,
4/1/1996,17.9,,18.42,,18.71,,17.88,
3/29/1996,18.88,,18.25,,18.88,,18.03,
3/28/1996,18.16,,17.8,,18.32,,17.68,
3/27/1996,17.89,,17.31,,18.3,,17.31,
3/26/1996,17.8,,18.23,,18.26,,17.66,
3/25/1996,17.84,,17.13,,17.98,,17.12,
3/22/1996,17.05,,17.41,,17.42,,16.93,
3/21/1996,17.74,,18.36,,18.36,,17.58,
3/20/1996,18.66,,18.3,,19.45,,18.28,
3/19/1996,18.35,,16.93,,18.42,,16.81,
3/18/1996,17.31,,16.5,,17.39,,16.49,
3/15/1996,16.54,,15.15,,17.1,,14.98,
3/14/1996,16.93,,17.79,,18.2,,16.93,
3/13/1996,18.13,,18.52,,18.87,,18.02,
3/12/1996,19.09,,18.37,,19.81,,18.22,
3/11/1996,19.4,,17.34,,21.26,,17.29,
3/8/1996,20.7,,18.86,,21.36,,17.5,
3/7/1996,16.49,,16.85,,17.1,,16.41,
3/6/1996,16.56,,16.03,,16.58,,16.03,
3/5/1996,16.1,,16.64,,16.68,,16.1,
3/4/1996,16.67,,16.78,,17.03,,16.2,
3/1/1996,16.72,,17.13,,17.92,,16.67,
2/29/1996,17.04,,16.88,,17.39,,16.37,
2/28/1996,16.72,,15.51,,16.84,,15.36,
2/27/1996,16.63,,16.51,,17.03,,16.45,
2/26/1996,16.38,,15.47,,16.39,,15.44,
2/23/1996,14.78,,14.93,,15.81,,14.64,
2/22/1996,14.56,,14.14,,14.57,,14,
2/21/1996,14.47,,15.53,,15.56,,14.47,
2/20/1996,16.8,,16.23,,17.18,,16.17,
2/16/1996,15.37,,14.93,,16.35,,14.93,
2/15/1996,16.13,,15.7,,16.31,,15.64,
2/14/1996,15.59,,15.02,,15.6,,14.68,
2/13/1996,14.94,,14.53,,15.42,,14.61,
2/12/1996,14.69,,14.53,,14.99,,14.43,
2/9/1996,14.63,,14.27,,15.4,,14.17,
2/8/1996,13.89,,13.96,,14.11,,13.43,
2/7/1996,14.11,,14.29,,14.77,,14.04,
2/6/1996,14.59,,13.99,,14.68,,13.51,
2/5/1996,13.46,,13.79,,14.04,,13.37,
2/2/1996,13.23,,12.51,,13.48,,12.42,
2/1/1996,12.65,,11.44,,12.87,,11.11,
1/31/1996,12.53,,12.37,,13.04,,12.35,
1/30/1996,12.42,,11.45,,12.42,,11.39,
1/29/1996,12.19,,12.07,,12.34,,12.05,
1/26/1996,12,,12.64,,12.65,,11.91,
1/25/1996,12.94,,12.31,,12.99,,12.28,
1/24/1996,12.54,,12.92,,12.99,,12.5,
1/23/1996,13.56,,13.56,,13.67,,13.32,
1/22/1996,13.34,,12.88,,13.53,,12.52,
1/19/1996,12.7,,13.55,,13.57,,12.59,
1/18/1996,13.58,,13.72,,14.36,,13.54,
1/17/1996,14.25,,14,,14.31,,13.55,
1/16/1996,14.09,,14.62,,15.33,,14.09,
1/15/1996,14.99,,14.12,,15.13,,14.03,
1/12/1996,14.23,,14.28,,15,,14.15,
1/11/1996,14.69,,15.76,,16.1,,14.62,
1/10/1996,16.4,,16.55,,16.87,,15.65,
1/9/1996,15.21,,13.04,,15.48,,13.04,
1/8/1996,13.11,,14.02,,13.22,,12.44,
1/5/1996,13.58,,14.02,,14.74,,13.55,
1/4/1996,13.78,,11.24,,14.23,,11.23,
1/3/1996,12.1,,11.53,,12.29,,11.45,
1/2/1996,12.19,,13.39,,13.39,,12.19,
12/29/1995,12.52,,12.59,,13.14,,12.31,
12/28/1995,12.25,,11.91,,12.37,,11.9,
12/27/1995,11.98,,11.24,,12.65,,11.19,
12/26/1995,11.49,,11.72,,11.87,,11.48,
12/22/1995,11.51,,11.29,,11.58,,10.97,
12/21/1995,10.77,,13.01,,13.01,,10.65,
12/20/1995,12.2,,11.84,,12.34,,11.11,
12/19/1995,13.16,,15.42,,15.42,,13.11,
12/18/1995,14.55,,11.22,,14.86,,11.02,
12/15/1995,11.44,,11.22,,12.22,,11.12,
12/14/1995,11.07,,10.67,,11.44,,10.27,
12/13/1995,10.36,,11.51,,11.51,,10.15,
12/12/1995,10.63,,10.38,,11.34,,10.07,
12/11/1995,11.06,,12.14,,12.21,,10.88,
12/8/1995,11.12,,12.5,,12.67,,10.15,
12/7/1995,12.74,,12.5,,13.18,,12.14,
12/6/1995,12.7,,10.84,,13.17,,10.82,
12/5/1995,11.65,,11.12,,11.98,,10.47,
12/4/1995,10.66,,11.12,,11.35,,10.06,
12/1/1995,11.11,,11.12,,11.64,,11.04,
11/30/1995,11.58,,10.9,,11.92,,10.9,
11/29/1995,11.65,,11,,11.96,,10.93,
11/28/1995,11.57,,11.94,,12.26,,11.52,
11/27/1995,12.43,,10.57,,12.7,,10.57,
11/24/1995,11.87,,11.91,,12.8,,11.81,
11/22/1995,11.81,,11.91,,11.96,,11.61,
11/21/1995,11.74,,11.89,,12.34,,11.73,
11/20/1995,12.37,,12.75,,13.27,,12.17,
11/17/1995,12.49,,12.61,,12.8,,12.35,
11/16/1995,12.57,,12.88,,13.01,,12.47,
11/15/1995,12.95,,13.44,,13.9,,12.94,
11/14/1995,13.38,,13.77,,13.97,,13.14,
11/13/1995,13.2,,13.52,,14.1,,13.01,
11/10/1995,12.97,,12.62,,13.45,,12.61,
11/9/1995,12.46,,12.35,,13.19,,12.31,
11/8/1995,12.16,,12.85,,13.03,,12.11,
11/7/1995,13.05,,12.92,,13.99,,12.78,
11/6/1995,12.74,,13.09,,13.45,,12.66,
11/3/1995,12.26,,12.12,,13.08,,12.12,
11/2/1995,13.19,,13.37,,13.64,,13.09,
11/1/1995,13.41,,13.98,,13.98,,13.39,
10/31/1995,13.83,,13.9,,14.08,,13.43,
10/30/1995,14.26,,14.48,,14.8,,14.25,
10/27/1995,14.63,,15.79,,15.9,,14.63,
10/26/1995,15.59,,14.47,,16.99,,14.41,
10/25/1995,14.49,,13.41,,14.72,,13.39,
10/24/1995,13.85,,14.01,,14.33,,13.85,
10/23/1995,14.17,,14.63,,14.7,,14.03,
10/20/1995,13.46,,13.46,,13.77,,13.13,
10/19/1995,13.55,,14.38,,14.38,,13.48,
10/18/1995,14.05,,12.57,,14.56,,12.55,
10/17/1995,14.03,,14.63,,14.86,,14.03,
10/16/1995,14.62,,15.04,,15.35,,14.57,
10/13/1995,13.67,,13.95,,14.39,,13.49,
10/12/1995,14.24,,14.34,,14.64,,13.66,
10/11/1995,14.57,,14.74,,14.82,,14.43,
10/10/1995,14.97,,14.61,,16.47,,14.97,
10/9/1995,14.85,,14.61,,15.52,,14.58,
10/6/1995,13.98,,13.45,,14.71,,13.45,
10/5/1995,15.74,,14.15,,16.29,,14.12,
10/4/1995,14.86,,13.31,,15.42,,13.31,
10/3/1995,14.5,,14.52,,14.94,,14.26,
10/2/1995,13.95,,12.4,,14.37,,12.29,
9/29/1995,12.74,,12.2,,13.25,,12.09,
9/28/1995,12.46,,11.72,,12.87,,11.67,
9/27/1995,12.9,,12.73,,13.95,,12.48,
9/26/1995,12.9,,12.21,,13.23,,12.08,
9/25/1995,13.22,,12.33,,13.43,,12.31,
9/22/1995,12.46,,12.79,,12.94,,12.37,
9/21/1995,12.5,,11.95,,13.18,,11.89,
9/20/1995,12.35,,12.75,,12.81,,12.35,
9/19/1995,12.67,,12.5,,13.31,,12.4,
9/18/1995,12.34,,12.38,,12.72,,12.3,
9/15/1995,11.58,,11.13,,11.84,,11,
9/14/1995,11.1,,11.29,,11.93,,10.87,
9/13/1995,11.35,,11.66,,12,,11.18,
9/12/1995,11.46,,11.67,,12.15,,11.32,
9/11/1995,11.51,,11.79,,12.09,,11.31,
9/8/1995,11.16,,11.01,,11.94,,10.49,
9/7/1995,11.85,,10.65,,12.53,,10.65,
9/6/1995,11.65,,10.31,,12.08,,10.19,
9/5/1995,11.65,,11.44,,12.03,,11.28,
9/1/1995,11.29,,11.15,,11.68,,10.83,
8/31/1995,11.52,,11.61,,11.95,,11.36,
8/30/1995,12.03,,11.77,,12.42,,11.74,
8/29/1995,12.65,,11.68,,13.8,,11.63,
8/28/1995,12.48,,12.15,,13.2,,12.05,
8/25/1995,12.33,,12.23,,12.69,,12.11,
8/24/1995,12.94,,13.31,,13.52,,12.86,
8/23/1995,13.17,,11.82,,13.37,,11.8,
8/22/1995,12.6,,12.54,,12.98,,12.43,
8/21/1995,13.42,,12.08,,13.78,,11.89,
8/18/1995,12.03,,11.47,,12.27,,11.36,
8/17/1995,12.13,,12.17,,12.83,,12.09,
8/16/1995,12.45,,11.6,,12.59,,11.47,
8/15/1995,12.35,,12.31,,12.76,,12.27,
8/14/1995,13.24,,12.69,,14.35,,12.67,
8/11/1995,12.9,,12.45,,13.34,,12.45,
8/10/1995,13,,12.87,,13.35,,12.57,
8/9/1995,12.75,,12.78,,13.02,,12.6,
8/8/1995,13.06,,13.25,,13.31,,13.06,
8/7/1995,13.1,,13.62,,13.99,,13.06,
8/4/1995,13.21,,12.9,,13.81,,12.83,
8/3/1995,13.78,,14.46,,14.49,,13.76,
8/2/1995,13.66,,13.28,,13.98,,13.09,
8/1/1995,13.56,,13.44,,14.15,,13.39,
7/31/1995,13.49,,13.22,,13.87,,13.22,
7/28/1995,13.18,,13.05,,13.82,,13.03,
7/27/1995,13.18,,13.34,,13.35,,13.02,
7/26/1995,13.18,,12.85,,13.67,,12.85,
7/25/1995,12.77,,12.73,,13.05,,12.54,
7/24/1995,12.55,,12.64,,12.77,,12.39,
7/21/1995,12.37,,11.94,,13.27,,11.73,
7/20/1995,12.78,,13.46,,13.8,,12.77,
7/19/1995,13.49,,13.48,,15.26,,12.99,
7/18/1995,12.68,,12.55,,13.05,,12.45,
7/17/1995,12.26,,12.35,,12.69,,12.22,
7/14/1995,12.08,,12.73,,12.96,,11.99,
7/13/1995,12.56,,11.13,,13.3,,10.92,
7/12/1995,12.31,,12.25,,12.75,,12.07,
7/11/1995,12.25,,11.97,,13.06,,11.87,
7/10/1995,12.19,,11.19,,12.87,,10.93,
7/7/1995,11.77,,11.76,,12.11,,11.72,
7/6/1995,11.52,,12.35,,12.39,,11.43,
7/5/1995,12.1,,11.86,,12.39,,11.19,
7/3/1995,11.57,,11.36,,12.55,,11.23,
6/30/1995,11.38,,11.07,,11.51,,10.75,
6/29/1995,11.59,,11.59,,12.19,,11.47,
6/28/1995,11.74,,12.3,,12.41,,11.61,
6/27/1995,12.37,,11.85,,12.57,,11.66,
6/26/1995,11.8,,10.98,,12.12,,10.98,
6/23/1995,11.12,,11.43,,11.51,,10.97,
6/22/1995,11.44,,10.92,,11.73,,10.88,
6/21/1995,11.32,,11.52,,11.6,,11.19,
6/20/1995,11.16,,11.26,,11.47,,11.1,
6/19/1995,11.21,,10.6,,11.35,,10.6,
6/16/1995,10.75,,10.36,,10.95,,10.36,
6/15/1995,11.23,,11.72,,12.05,,10.95,
6/14/1995,11.29,,12.16,,12.19,,11.01,
6/13/1995,11.29,,11.35,,12,,11.05,
6/12/1995,11.91,,12,,12.72,,11.71,
6/9/1995,12.76,,12.62,,13.45,,12.36,
6/8/1995,12.89,,13.01,,13.03,,12.63,
6/7/1995,12.84,,13.22,,13.99,,12.78,
6/6/1995,13,,12.96,,13.63,,12.91,
6/5/1995,13.45,,13.5,,14.05,,13.27,
6/2/1995,12.98,,12.77,,13.31,,12.41,
6/1/1995,12.21,,12.16,,12.85,,12.12,
5/31/1995,12.85,,12.49,,12.96,,12.05,
5/30/1995,12.52,,12.13,,12.97,,12.1,
5/26/1995,12.2,,11.63,,12.56,,11.63,
5/25/1995,11.63,,11.76,,11.99,,11.31,
5/24/1995,11.26,,10.29,,11.85,,10.08,
5/23/1995,11.55,,11.14,,11.74,,11.05,
5/22/1995,11.68,,12.22,,12.27,,11.49,
5/19/1995,12.81,,12.73,,13.6,,12.6,
5/18/1995,13.13,,11.89,,13.49,,11.89,
5/17/1995,12.36,,12.28,,12.65,,12.11,
5/16/1995,12.2,,12.13,,12.65,,12.03,
5/15/1995,12.38,,12.09,,12.64,,11.78,
5/12/1995,11.84,,11.2,,12.61,,11.18,
5/11/1995,12.98,,13.29,,13.59,,12.87,
5/10/1995,13.08,,12.94,,13.44,,12.81,
5/9/1995,12.75,,12.26,,13.01,,12.17,
5/8/1995,12.22,,11.37,,12.37,,11.29,
5/5/1995,12.06,,11.91,,12.66,,11.82,
5/4/1995,12.64,,11.46,,13.46,,11.4,
5/3/1995,11.69,,11.8,,11.82,,11.44,
5/2/1995,11.88,,12.18,,12.33,,11.78,
5/1/1995,12.14,,11.21,,12.68,,11.12,
4/28/1995,11.75,,11.54,,12.37,,11.51,
4/27/1995,11.93,,11.81,,12.15,,11.71,
4/26/1995,12.28,,12.78,,12.84,,12.25,
4/25/1995,12.41,,11.93,,12.53,,11.93,
4/24/1995,11.92,,11.78,,12.09,,11.55,
4/21/1995,11.86,,11.21,,12.26,,10.95,
4/20/1995,12.1,,12.16,,12.94,,12.09,
4/19/1995,13.09,,13.11,,14.48,,13.09,
4/18/1995,12.96,,12.21,,13.07,,12.16,
4/17/1995,12.33,,11.49,,12.89,,11.26,
4/13/1995,11.48,,11.22,,11.87,,11.1,
4/12/1995,12.04,,12.29,,12.84,,11.8,
4/11/1995,12.73,,12.59,,13.6,,11.64,
4/10/1995,12.79,,13.3,,13.42,,12.62,
4/7/1995,12.85,,13.14,,13.66,,12.72,
4/6/1995,12.81,,11.72,,13.22,,11.65,
4/5/1995,12.96,,12.98,,13.34,,12.73,
4/4/1995,12.62,,12.24,,12.95,,11.76,
4/3/1995,13.5,,12.52,,14.09,,12.42,
3/31/1995,13.37,,13.6,,13.79,,12.95,
3/30/1995,12.62,,12.59,,13.03,,12.3,
3/29/1995,12.51,,11.68,,12.93,,11.62,
3/28/1995,11.33,,11.51,,11.65,,11.29,
3/27/1995,11.83,,11.97,,12.11,,11.78,
3/24/1995,11.19,,11.23,,11.24,,10.98,
3/23/1995,11.43,,11.39,,11.75,,11.25,
3/22/1995,11.29,,11.36,,11.72,,11.27,
3/21/1995,11.53,,11.35,,11.83,,10.79,
3/20/1995,11.34,,11.88,,11.9,,11.34,
3/17/1995,11.8,,12.05,,12.13,,11.6,
3/16/1995,11.95,,12.27,,12.38,,11.78,
3/15/1995,12.42,,12.27,,12.68,,12.19,
3/14/1995,12.1,,11.68,,12.61,,11.4,
3/13/1995,12.15,,12.11,,12.46,,11.99,
3/10/1995,12.38,,13.27,,13.27,,11.7,
3/9/1995,13.36,,13.09,,13.98,,12.89,
3/8/1995,13.72,,13.21,,14.27,,13.21,
3/7/1995,14.22,,12.39,,14.77,,12.33,
3/6/1995,12.17,,12.19,,12.65,,11.84,
3/3/1995,11.45,,11.48,,11.91,,11.4,
3/2/1995,12.02,,11.66,,12.02,,11.46,
3/1/1995,11.65,,11.49,,11.93,,11.36,
2/28/1995,11.75,,12.33,,12.39,,11.73,
2/27/1995,12.51,,10.93,,13.01,,10.89,
2/24/1995,10.84,,10.95,,11.32,,10.78,
2/23/1995,11.15,,10.8,,11.35,,10.77,
2/22/1995,11.39,,11.03,,11.76,,11.03,
2/21/1995,12.05,,11.44,,12.52,,12.05,
2/17/1995,11.71,,11.44,,12.06,,11.29,
2/16/1995,11.61,,11.62,,11.99,,11.55,
2/15/1995,11.52,,11.49,,11.74,,11.28,
2/14/1995,11.43,,11.35,,11.78,,11.32,
2/13/1995,11.41,,11.74,,11.77,,11.29,
2/10/1995,11.28,,11.5,,11.71,,11.16,
2/9/1995,11.63,,11.42,,11.98,,11.23,
2/8/1995,11.42,,11.29,,11.49,,11.03,
2/7/1995,11.17,,11.01,,11.41,,11,
2/6/1995,11.22,,11.24,,11.67,,10.94,
2/3/1995,10.98,,10.56,,11.47,,10.51,
2/2/1995,11.13,,11.59,,11.63,,11.09,
2/1/1995,11.73,,11.74,,11.95,,11.53,
1/31/1995,11.96,,12.12,,12.25,,11.77,
1/30/1995,12.26,,11.63,,12.67,,11.43,
1/27/1995,11.25,,10.77,,11.41,,10.76,
1/26/1995,11.25,,10.9,,11.52,,10.89,
1/25/1995,11.46,,11.94,,12.26,,11.17,
1/24/1995,11.94,,12.13,,12.51,,11.84,
1/23/1995,12.79,,13.89,,13.89,,12.78,
1/20/1995,12.15,,12.08,,12.48,,12,
1/19/1995,11.86,,12.08,,12.34,,11.52,
1/18/1995,11.57,,11.24,,11.9,,11.21,
1/17/1995,11.79,,12.45,,12.48,,11.61,
1/16/1995,11.14,,11.45,,11.53,,11.06,
1/13/1995,11.1,,11.46,,11.86,,11.02,
1/12/1995,12.83,,12.74,,13.56,,12.64,
1/11/1995,12.15,,12.03,,13.13,,11.95,
1/10/1995,12.52,,12.49,,13.25,,11.97,
1/9/1995,13.33,,13.53,,14.08,,13.21,
1/6/1995,13.13,,13.67,,13.76,,12.79,
1/5/1995,13.5,,13.7,,14.19,,13.37,
1/4/1995,13.53,,13.87,,14.15,,13.53,
1/3/1995,14.25,,14.09,,14.71,,13.39,
12/30/1994,13.2,,12.48,,13.48,,12.34,
12/29/1994,12.86,,12.87,,12.87,,12.34,
12/28/1994,12.81,,11.4,,13.21,,11.36,
12/27/1994,12.07,,11.83,,12.37,,11.61,
12/23/1994,11.82,,11.96,,12.04,,11.74,
12/22/1994,12.42,,12.17,,12.59,,12.12,
12/21/1994,12.05,,12.9,,12.94,,11.91,
12/20/1994,12.98,,12.94,,13.48,,12.78,
12/19/1994,13.02,,12.87,,13.67,,13.02,
12/16/1994,12.79,,12.87,,13.13,,11.87,
12/15/1994,12.87,,13.79,,13.79,,12.67,
12/14/1994,13.03,,15.09,,15.11,,12.66,
12/13/1994,14.48,,15.04,,15.17,,14.33,
12/12/1994,15.46,,17.44,,17.44,,15.46,
12/9/1994,16.04,,17,,17.22,,16.01,
12/8/1994,18.15,,16.13,,18.16,,16.12,
12/7/1994,16.28,,16.61,,17.64,,16.17,
12/6/1994,16.05,,15.8,,16.86,,15.66,
12/5/1994,16.1,,15.88,,17.03,,15.69,
12/2/1994,16.55,,16.11,,17.14,,16.1,
12/1/1994,16.69,,15.49,,17.04,,15.42,
11/30/1994,15.95,,15.99,,16.87,,15.53,
11/29/1994,16.15,,16.01,,16.76,,15.65,
11/28/1994,16.83,,17.09,,17.62,,16.83,
11/25/1994,17.44,,17.64,,18.51,,17.23,
11/23/1994,18.41,,18.27,,19.57,,18.27,
11/22/1994,17.24,,16.57,,17.39,,16.02,
11/21/1994,16.13,,15.47,,16.38,,15.28,
11/18/1994,16,,15.77,,16.27,,15.61,
11/17/1994,15.91,,15.02,,16.14,,14.99,
11/16/1994,15.56,,15.73,,16.03,,15.56,
11/15/1994,16.66,,14.75,,17.01,,14.75,
11/14/1994,16.68,,16.96,,16.99,,16.68,
11/11/1994,16.5,,15.07,,16.91,,14.99,
11/10/1994,16,,16.11,,16.74,,15.67,
11/9/1994,16.42,,15.95,,17.33,,15.83,
11/8/1994,16.3,,15.57,,16.92,,15.54,
11/7/1994,17.37,,16.88,,17.87,,16.82,
11/4/1994,16.75,,14.99,,16.87,,14.87,
11/3/1994,15.58,,14.32,,16.43,,14.32,
11/2/1994,15.34,,15.28,,15.47,,14.41,
11/1/1994,14.84,,14.61,,15.18,,14.61,
10/31/1994,14.56,,14.73,,15.17,,14.2,
10/28/1994,14.56,,15.11,,15.22,,14.56,
10/27/1994,15.67,,15.2,,15.9,,15.2,
10/26/1994,15.7,,15.7,,16.03,,15.53,
10/25/1994,16.13,,17.18,,17.18,,16.11,
10/24/1994,16.97,,15.97,,17.22,,15.87,
10/21/1994,15.91,,16.14,,16.46,,15.81,
10/20/1994,15.99,,15.5,,16.45,,15.5,
10/19/1994,15.13,,13.91,,15.33,,13.87,
10/18/1994,14.59,,14.4,,15.6,,14.38,
10/17/1994,14.76,,14.25,,15.31,,14.13,
10/14/1994,13.32,,14.33,,14.33,,13.18,
10/13/1994,14.9,,12.75,,14.97,,12.75,
10/12/1994,14.51,,13.66,,15.21,,13.59,
10/11/1994,13.55,,13.93,,14.16,,13.4,
10/10/1994,14.72,,14.26,,15.62,,14.26,
10/7/1994,14.92,,15.31,,15.73,,14.85,
10/6/1994,16.24,,15.65,,16.37,,15.3,
10/5/1994,15.92,,16.26,,16.72,,15,
10/4/1994,16.66,,14.08,,16.97,,14.08,
10/3/1994,15.44,,15.69,,16.4,,15.42,
9/30/1994,14.28,,13.33,,14.56,,12.85,
9/29/1994,13.97,,13.55,,14.4,,13.23,
9/28/1994,13.25,,13.62,,13.82,,12.97,
9/27/1994,14.13,,14.9,,15.13,,14.13,
9/26/1994,14.56,,14.94,,15.01,,14.52,
9/23/1994,14.53,,13.79,,14.87,,13.79,
9/22/1994,13.89,,13.56,,13.94,,13.43,
9/21/1994,14.49,,13.65,,16.08,,13.63,
9/20/1994,14.45,,12.89,,14.45,,13.35,
9/19/1994,13.06,,12.89,,13.26,,12.71,
9/16/1994,12.8,,12.06,,13.12,,11.75,
9/15/1994,11.88,,11.87,,13,,11.43,
9/14/1994,13.09,,13.95,,14.38,,12.92,
9/13/1994,13.77,,12.96,,14.59,,12.96,
9/12/1994,14.01,,13.47,,14.91,,13.44,
9/9/1994,13.12,,11.62,,13.56,,11.62,
9/8/1994,11.86,,12.01,,12.03,,11.4,
9/7/1994,11.81,,11.83,,12.49,,11.6,
9/6/1994,11.69,,11.5,,12.24,,11.48,
9/2/1994,11.4,,11.21,,11.73,,11.17,
9/1/1994,11.86,,12.17,,12.66,,11.86,
8/31/1994,11.97,,11.18,,12.43,,11.18,
8/30/1994,11.23,,11.73,,11.81,,11.22,
8/29/1994,11.82,,12.81,,12.81,,11.66,
8/26/1994,12.19,,11.16,,12.84,,11.02,
8/25/1994,12.02,,11.62,,12.27,,11.52,
8/24/1994,11.57,,12.03,,12.05,,11.56,
8/23/1994,11.75,,11.78,,11.85,,11.14,
8/22/1994,12.62,,12.87,,13.23,,12.55,
8/19/1994,12.83,,12.71,,13.34,,12.44,
8/18/1994,12.07,,11.76,,12.6,,11.65,
8/17/1994,11.54,,11.17,,11.62,,11.16,
8/16/1994,11.39,,11.72,,12.79,,11.17,
8/15/1994,12.06,,11.92,,12.73,,11.65,
8/12/1994,11.09,,11.98,,12.13,,11.03,
8/11/1994,12.13,,11.55,,12.89,,11.27,
8/10/1994,11.91,,12.61,,12.63,,11.66,
8/9/1994,12.54,,11.12,,13.32,,11.12,
8/8/1994,12.41,,11.71,,12.7,,11.69,
8/5/1994,12.34,,12.85,,12.98,,12.33,
8/4/1994,12.18,,11.5,,12.3,,11.46,
8/3/1994,11.35,,11.42,,11.61,,11.15,
8/2/1994,11.27,,10.91,,11.43,,10.75,
8/1/1994,11.17,,11.71,,11.76,,11.13,
7/29/1994,11.13,,11.23,,11.74,,11.05,
7/28/1994,12.03,,11.99,,12.15,,11.69,
7/27/1994,11.93,,11.93,,12.26,,11.86,
7/26/1994,11.66,,11.78,,12.02,,11.65,
7/25/1994,11.46,,11.87,,12.38,,11.44,
7/22/1994,11.22,,10.96,,11.89,,10.96,
7/21/1994,11.65,,12.49,,12.56,,11.62,
7/20/1994,11.7,,11.51,,12.13,,11.5,
7/19/1994,11.65,,11.49,,11.91,,11,
7/18/1994,11.44,,11.49,,11.68,,11.16,
7/15/1994,11.28,,11.13,,11.54,,11,
7/14/1994,11.64,,12.69,,12.88,,11.39,
7/13/1994,12.42,,12.94,,12.98,,12.17,
7/12/1994,13.4,,13.9,,14.16,,13.04,
7/11/1994,13.83,,13.3,,14.61,,13.03,
7/8/1994,13.26,,14.88,,14.88,,12.85,
7/7/1994,14.01,,13.24,,14.64,,13.24,
7/6/1994,14.7,,15.12,,15.63,,14.44,
7/5/1994,14.92,,14.84,,15.48,,14.6,
7/1/1994,14.36,,14.89,,15.26,,14.36,
6/30/1994,14.97,,13.92,,15.43,,13.86,
6/29/1994,14.42,,14.63,,14.75,,14.26,
6/28/1994,15.04,,13.39,,15.75,,13.39,
6/27/1994,15.53,,17.36,,17.71,,15.51,
6/24/1994,16.72,,15.35,,17.27,,15.31,
6/23/1994,14.12,,13.31,,14.28,,13.29,
6/22/1994,14.02,,14.75,,14.76,,14.02,
6/21/1994,14.7,,13.7,,14.99,,13.6,
6/20/1994,13.96,,13.77,,14.21,,13.38,
6/17/1994,12.31,,10.52,,12.33,,10.48,
6/16/1994,11.22,,11.36,,11.89,,11.2,
6/15/1994,11.52,,11.36,,12.39,,11.21,
6/14/1994,11.6,,11.62,,11.93,,11.38,
6/13/1994,11.92,,12.34,,12.61,,11.66,
6/10/1994,12.69,,13.04,,13.04,,12.45,
6/9/1994,13.21,,13.27,,13.28,,13.1,
6/8/1994,13.32,,12.81,,13.72,,12.69,
6/7/1994,13.05,,13.35,,14.12,,13.04,
6/6/1994,13.03,,11.78,,13.03,,11.76,
6/3/1994,12.19,,13.28,,13.36,,12.1,
6/2/1994,12.73,,12.77,,13.06,,12.45,
6/1/1994,12.72,,13.16,,13.47,,12.54,
5/31/1994,13.03,,13.39,,13.46,,12.77,
5/27/1994,12.49,,12.84,,13.01,,12.42,
5/26/1994,12.5,,12.46,,12.66,,12.26,
5/25/1994,12.43,,13.01,,13.47,,12.39,
5/24/1994,12.73,,12.59,,13.17,,12.42,
5/23/1994,13.49,,13.26,,13.94,,13.24,
5/20/1994,12.79,,11.89,,13.03,,11.8,
5/19/1994,12.33,,12.09,,12.46,,11.44,
5/18/1994,12.55,,13.1,,13.82,,12.53,
5/17/1994,14.08,,14.67,,15.22,,14.08,
5/16/1994,14.67,,14.85,,15,,14.15,
5/13/1994,14.54,,15.55,,16.11,,14.48,
5/12/1994,15.46,,15.01,,16.16,,14.76,
5/11/1994,15.55,,14.93,,16.28,,14.75,
5/10/1994,15.19,,15.87,,16.07,,15.1,
5/9/1994,16.16,,16.4,,16.65,,15.86,
5/6/1994,15.08,,15.11,,15.54,,14.79,
5/5/1994,14.56,,13.62,,15.34,,13.62,
5/4/1994,14.29,,13.77,,14.8,,13.71,
5/3/1994,13.81,,13.03,,14.45,,13.03,
5/2/1994,14.11,,14.42,,14.78,,13.99,
4/29/1994,13.77,,13.05,,14.34,,13.05,
4/28/1994,14.51,,13.23,,14.88,,13.21,
4/26/1994,13.8,,14.19,,14.8,,13.78,
4/25/1994,14.26,,15.19,,15.31,,14.07,
4/22/1994,14.94,,14.16,,15.4,,14.07,
4/21/1994,14.93,,16.43,,16.56,,14.87,
4/20/1994,17.01,,16.8,,18.14,,16.48,
4/19/1994,16.93,,16.69,,17.76,,16.67,
4/18/1994,17.22,,16.08,,17.88,,15.98,
4/15/1994,15.98,,15.54,,16.66,,15.5,
4/14/1994,16.27,,17.13,,17.26,,16.15,
4/13/1994,17.02,,15.97,,17.96,,14.72,
4/12/1994,16.42,,16.5,,17.45,,16.24,
4/11/1994,16.61,,16.5,,17.66,,16.43,
4/8/1994,16.92,,16.5,,17.58,,16.42,
4/7/1994,16.98,,17.92,,18.24,,16.88,
4/6/1994,17.38,,16.84,,18.34,,16.8,
4/5/1994,18.13,,21.63,,21.63,,18.13,
4/4/1994,23.87,,18.5,,28.3,,23.61,
3/31/1994,20.45,,18.5,,21.94,,18.42,
3/30/1994,18.59,,17.11,,18.84,,17.11,
3/29/1994,16.49,,13.66,,16.96,,13.65,
3/28/1994,14.9,,15.69,,16.24,,14.9,
3/25/1994,13.67,,13.4,,13.83,,12.88,
3/24/1994,13.43,,12.22,,14.14,,12.22,
3/23/1994,12.31,,11.88,,12.76,,11.58,
3/22/1994,13.39,,13.94,,13.97,,12.75,
3/21/1994,14.34,,14.5,,15.07,,14.3,
3/18/1994,13.32,,13.74,,13.74,,13.2,
3/17/1994,12.76,,13.23,,13.33,,12.76,
3/16/1994,14.51,,15.35,,15.89,,14.49,
3/15/1994,14.78,,14.49,,15.18,,13.78,
3/14/1994,16.61,,14.77,,17.48,,16.52,
3/11/1994,14.87,,14.77,,16.14,,13.89,
3/10/1994,16.55,,14.68,,16.93,,16.08,
3/9/1994,14.41,,14.68,,15,,14.35,
3/8/1994,16.23,,12.2,,16.39,,16.07,
3/7/1994,14.26,,12.2,,14.96,,12.2,
3/4/1994,16,,15.65,,16.63,,15.63,
3/3/1994,16.36,,15.99,,16.67,,15.82,
3/2/1994,16.08,,17.82,,17.94,,16.08,
3/1/1994,15.83,,12.58,,17.04,,12.54,
2/28/1994,14.87,,15.01,,15.21,,13.86,
2/25/1994,14.8,,15.01,,15.19,,14.58,
2/24/1994,15.96,,15.54,,16.31,,14.78,
2/23/1994,13.91,,14.95,,14.14,,11.81,
2/22/1994,13.52,,14.95,,15.17,,13.52,
2/18/1994,14.7,,13.97,,15.4,,13.8,
2/17/1994,13.79,,12.75,,14.33,,12.59,
2/16/1994,13.13,,13.12,,13.39,,12.98,
2/15/1994,13.4,,14.15,,14.15,,13.4,
2/14/1994,14.28,,14.25,,14.62,,13.88,
2/11/1994,14.46,,15.18,,15.18,,14.2,
2/10/1994,14.24,,12.69,,14.96,,12.69,
2/9/1994,13.3,,12.91,,13.89,,12.75,
2/8/1994,13.66,,12.49,,14.44,,12.49,
2/7/1994,13.96,,13.86,,15.37,,13.86,
2/4/1994,15.25,,10.71,,15.63,,10.21,
2/3/1994,10.75,,10.63,,11.26,,10.63,
2/2/1994,10.61,,10.54,,10.86,,10.37,
2/1/1994,10.65,,10.81,,11.21,,10.51,
1/31/1994,10.63,,9.86,,11.2,,10.01,
1/28/1994,9.94,,9.86,,10.31,,9.59,
1/27/1994,10.3,,10.69,,11.28,,10.21,
1/26/1994,11.17,,11.76,,11.87,,11.07,
1/25/1994,11.38,,10.94,,11.96,,10.94,
1/24/1994,11.6,,11.59,,11.93,,11.23,
1/21/1994,11.09,,10.9,,11.21,,10.9,
1/20/1994,11.16,,11.81,,11.83,,11.16,
1/19/1994,11.76,,11.74,,12.15,,11.62,
1/18/1994,11.63,,11.7,,11.72,,11.31,
1/17/1994,11.88,,11.99,,12.07,,11.72,
1/14/1994,11.15,,11.14,,11.22,,11,
1/13/1994,12.08,,12.75,,12.84,,12.05,
1/12/1994,11.65,,12.21,,12.41,,11.56,
1/11/1994,11.29,,12.04,,12.08,,11.26,
1/10/1994,10.74,,10.64,,11.3,,10.28,
1/7/1994,10.96,,11.47,,12.14,,10,
1/6/1994,11.27,,11.47,,11.74,,10.34,
1/5/1994,10.94,,12.87,,11.47,,10.37,
1/4/1994,11.91,,12.87,,12.87,,11.81,
1/3/1994,12.57,,11.28,,13.42,,11.28,
12/31/1993,11.66,,10.59,,11.66,,10.52,
12/30/1993,10.69,,10.32,,11.09,,10.2,
12/29/1993,10.46,,10.11,,10.84,,10.03,
12/28/1993,9.82,,9.81,,9.96,,9.7,
12/27/1993,9.7,,9.5,,9.79,,8.89,
12/23/1993,9.48,,9.5,,9.55,,9.17,
12/22/1993,9.31,,10.03,,10.03,,9.28,
12/21/1993,10.08,,10.53,,10.6,,10.05,
12/20/1993,10.75,,11.11,,11.47,,10.73,
12/17/1993,11.08,,11.67,,11.67,,11.03,
12/16/1993,10.9,,11.15,,11.18,,10.59,
12/15/1993,11.03,,11.49,,11.49,,10.92,
12/14/1993,11.13,,10.71,,11.23,,10.64,
12/13/1993,10.98,,9.7,,11.51,,9.65,
12/10/1993,12.6,,12.62,,12.69,,12.15,
12/9/1993,12.43,,11.58,,13.24,,11.51,
12/8/1993,12.46,,14.2,,14.24,,12.46,
12/7/1993,12.41,,14.76,,14.76,,12.3,
12/6/1993,12.84,,14.5,,14.53,,12.78,
12/3/1993,12.69,,13.34,,13.4,,12.67,
12/2/1993,13.51,,14.22,,14.22,,13.51,
12/1/1993,13.83,,12.93,,14.4,,12.92,
11/30/1993,13.76,,13.39,,14.63,,13.48,
11/29/1993,14.12,,13.39,,14.65,,13.39,
11/26/1993,13.77,,13.3,,14.53,,13.29,
11/24/1993,13.51,,16.2,,13.89,,13.19,
11/23/1993,14.27,,16.2,,14.86,,13.86,
11/22/1993,15.9,,16.2,,16.45,,15.77,
11/19/1993,15.03,,14.99,,15.51,,14.53,
11/18/1993,14.65,,15.44,,15.62,,14.56,
11/17/1993,15.57,,15.69,,16.29,,15.17,
11/16/1993,15.11,,15.03,,15.73,,14.97,
11/15/1993,14.46,,13.79,,15.3,,13.78,
11/12/1993,13.33,,14.47,,14.61,,12.99,
11/11/1993,13.88,,13.25,,14.66,,13.02,
11/10/1993,13.72,,13.18,,14.34,,12.99,
11/9/1993,13.94,,13.92,,14.36,,13.16,
11/8/1993,14.31,,16.12,,16.12,,14.19,
11/5/1993,14.97,,14.57,,16.46,,14.56,
11/4/1993,14.68,,13.52,,15.16,,13.13,
11/3/1993,13.26,,11.72,,13.87,,11.53,
11/2/1993,11.74,,11.68,,12.37,,11.49,
11/1/1993,11.78,,12.02,,12.19,,11.77,
10/29/1993,11.46,,11.95,,11.8,,10.8,
10/28/1993,11.88,,11.95,,12.1,,11.72,
10/27/1993,12.01,,10.04,,12.31,,11.64,
10/26/1993,11.83,,10.04,,12.2,,10,
10/25/1993,11.83,,11.67,,12.34,,11.67,
10/22/1993,11.48,,10.75,,11.75,,10.75,
10/21/1993,11.2,,10.7,,11.64,,10.6,
10/20/1993,11.32,,11.2,,11.68,,11.2,
10/19/1993,11.61,,11.73,,12.08,,11.31,
10/18/1993,11.33,,12.27,,12.27,,11.18,
10/15/1993,10.87,,12.35,,11.63,,10.44,
10/14/1993,11,,12.35,,12.4,,11,
10/13/1993,11.38,,10.62,,13.35,,10.6,
10/12/1993,12.41,,14.64,,14.79,,12.01,
10/11/1993,12.26,,13.08,,13.37,,12.04,
10/8/1993,12.04,,12.65,,13.42,,11.6,
10/7/1993,13.14,,12.65,,13.56,,12.44,
10/6/1993,12.68,,13.07,,13.13,,12.38,
10/5/1993,12.97,,13.15,,13.76,,12.52,
10/4/1993,12.85,,13.27,,13.6,,12.75,
10/1/1993,11.83,,12.56,,12.56,,11.76,
9/30/1993,12.99,,13.08,,13.23,,12.54,
9/29/1993,12.63,,12,,13.11,,11.9,
9/28/1993,12.19,,11.91,,12.86,,11.84,
9/27/1993,12.49,,12.76,,12.85,,12.31,
9/24/1993,12.47,,12.58,,12.78,,12.35,
9/23/1993,13.36,,13.47,,13.85,,13.21,
9/22/1993,13.75,,14.78,,14.81,,13.73,
9/21/1993,17.3,,14.57,,18.31,,14.52,
9/20/1993,14.6,,13.66,,14.73,,13.42,
9/17/1993,13.39,,11.32,,14.05,,11.3,
9/16/1993,13.36,,13.49,,13.78,,12.73,
9/15/1993,12.7,,13.49,,13.43,,12.47,
9/14/1993,13.15,,13.49,,13.83,,12.67,
9/13/1993,12.16,,11.67,,12.44,,11.66,
9/10/1993,11.7,,12.16,,12.16,,11.29,
9/9/1993,12.67,,13.38,,13.38,,12.54,
9/8/1993,13.24,,12.26,,13.89,,12.24,
9/7/1993,12.9,,11.8,,13.33,,11.79,
9/3/1993,11.16,,11.56,,11.73,,10.75,
9/2/1993,11.87,,11.91,,12.64,,11.76,
9/1/1993,11.48,,11.3,,12.22,,11.3,
8/31/1993,11.85,,12.55,,13.1,,11.77,
8/30/1993,11.74,,11.34,,12.28,,11.23,
8/27/1993,11.91,,11.85,,12.55,,11.65,
8/26/1993,12.14,,11.85,,12.77,,11.54,
8/25/1993,12.1,,11.78,,12.68,,11.73,
8/24/1993,11.8,,11.94,,12.66,,11.7,
8/23/1993,12.15,,12.36,,12.47,,12.11,
8/20/1993,11.62,,11.29,,12.11,,11.24,
8/19/1993,11.63,,12.07,,12.07,,11.38,
8/18/1993,11.52,,12.06,,12.25,,11.38,
8/17/1993,11.59,,11.78,,12.71,,11.52,
8/16/1993,12.01,,12.37,,12.44,,11.77,
8/13/1993,12.19,,12.8,,13.25,,12.17,
8/12/1993,12.38,,12.22,,13.17,,12.15,
8/11/1993,12.07,,12.36,,12.72,,12.04,
8/10/1993,12.31,,11.97,,13.1,,11.9,
8/9/1993,12.39,,12.15,,13.14,,11.91,
8/6/1993,12.33,,12.18,,13.18,,12.01,
8/5/1993,12.03,,11.94,,12.63,,11.66,
8/4/1993,11.71,,10.92,,12.23,,10.81,
8/3/1993,11.49,,10.95,,12.3,,10.8,
8/2/1993,11.47,,11.81,,12.06,,11.43,
7/30/1993,11.73,,11.54,,12.06,,10.34,
7/29/1993,11.25,,11.54,,11.85,,11.15,
7/28/1993,11.37,,11.87,,11.87,,10.64,
7/27/1993,11.34,,11.87,,12.22,,11.31,
7/26/1993,11.32,,11.65,,11.77,,11.22,
7/23/1993,11.32,,11.15,,11.78,,10.86,
7/22/1993,11.69,,11.94,,11.94,,11.11,
7/21/1993,11.97,,12.05,,12.28,,11.91,
7/20/1993,11.05,,11.1,,12.12,,10.95,
7/19/1993,11.46,,11.44,,11.74,,11.09,
7/16/1993,10.96,,10.66,,11.17,,10.05,
7/15/1993,10.6,,10.94,,10.95,,10.45,
7/14/1993,10.78,,9.18,,11.67,,10.04,
7/13/1993,11.02,,9.18,,11.81,,10.27,
7/12/1993,10.85,,9.18,,11.15,,9.11,
7/9/1993,10.8,,11.28,,11.84,,10.19,
7/8/1993,12.24,,11.19,,13.43,,11.19,
7/7/1993,13.05,,13.43,,14.15,,12.95,
7/6/1993,13.87,,13,,14.37,,12.56,
7/2/1993,11.33,,11.6,,11.67,,11.26,
7/1/1993,11.51,,10.49,,12.24,,10.47,
6/30/1993,11.26,,11.22,,11.72,,10.86,
6/29/1993,11.29,,11.46,,11.79,,11.27,
6/28/1993,11.11,,12.13,,12.88,,11.07,
6/25/1993,11.25,,12.15,,12.15,,11.11,
6/24/1993,12.25,,12.91,,12.97,,12.24,
6/23/1993,12.04,,11.24,,12.33,,11.14,
6/22/1993,11.65,,11.67,,12.07,,11.39,
6/21/1993,12.25,,12.57,,12.65,,12.23,
6/18/1993,12.24,,11.73,,12.4,,11.73,
6/17/1993,11.66,,12.85,,12.87,,11.54,
6/16/1993,11.87,,12.32,,12.84,,11.87,
6/15/1993,11.99,,12.32,,12.97,,11.93,
6/14/1993,12.33,,12.32,,12.36,,12.18,
6/11/1993,12.71,,13.35,,13.42,,12.71,
6/10/1993,13.31,,13.59,,14.24,,13.29,
6/9/1993,13.96,,15.74,,15.88,,13.75,
6/8/1993,14.74,,15.22,,15.22,,14.27,
6/7/1993,14.07,,12.76,,14.78,,12.63,
6/4/1993,12.86,,12.96,,13.51,,12.86,
6/3/1993,13.54,,13.67,,14.12,,13.47,
6/2/1993,13.48,,13.59,,14.21,,13.18,
6/1/1993,13.67,,13.21,,14.63,,13.64,
5/28/1993,13.47,,13.21,,13.86,,13.12,
5/27/1993,13.1,,13.58,,13.73,,13.09,
5/26/1993,12.88,,13.2,,13.82,,12.88,
5/25/1993,14.04,,13.73,,14.34,,13.73,
5/24/1993,14.1,,14.16,,14.8,,14.09,
5/21/1993,14.51,,14.16,,14.96,,13.67,
5/20/1993,13.98,,14.46,,15.11,,13.31,
5/19/1993,14.29,,14.46,,15.02,,13.76,
5/18/1993,14.19,,14.52,,14.62,,14.08,
5/17/1993,14.13,,14.85,,14.85,,14.1,
5/14/1993,14.39,,14.63,,14.97,,14.02,
5/13/1993,14.76,,14.63,,14.79,,14.18,
5/12/1993,13.56,,12.98,,14.11,,12.87,
5/11/1993,13.35,,13.62,,14.19,,13.35,
5/10/1993,13.72,,13.42,,14.71,,13.25,
5/7/1993,13.01,,12.93,,13.48,,12.87,
5/6/1993,13.22,,12.83,,13.72,,12.58,
5/5/1993,12.38,,12.12,,12.75,,11.96,
5/4/1993,12.14,,13.05,,13.07,,12.1,
5/3/1993,12.9,,13.25,,13.52,,12.79,
4/30/1993,12.42,,11.26,,12.67,,11.25,
4/29/1993,12.8,,13.24,,13.44,,12.8,
4/28/1993,13.12,,15.39,,13.78,,11.28,
4/27/1993,13.93,,15.39,,15.45,,13.93,
4/26/1993,15.25,,14.06,,15.45,,13.99,
4/23/1993,13.36,,13.2,,13.98,,12.92,
4/22/1993,12.68,,11.58,,13.01,,11.45,
4/21/1993,12.11,,12.41,,12.82,,12.02,
4/20/1993,11.94,,11.82,,12.54,,11.75,
4/19/1993,12.06,,11.11,,12.35,,11.39,
4/16/1993,11.29,,11.11,,11.5,,10.74,
4/15/1993,10.96,,11.96,,11.97,,10.71,
4/14/1993,11.76,,12.33,,12.41,,11.61,
4/13/1993,11.7,,12.59,,12.95,,11.48,
4/12/1993,11.93,,12.33,,12.78,,11.52,
4/8/1993,12.83,,12.33,,13.65,,12.16,
4/7/1993,13.64,,13.75,,14.58,,13.58,
4/6/1993,14.24,,13.73,,14.84,,13.72,
4/5/1993,14.12,,14.43,,15.06,,14.06,
4/2/1993,14.5,,14.27,,14.85,,13.99,
4/1/1993,13.02,,13.04,,14.05,,12.7,
3/31/1993,12.53,,12.29,,12.9,,12.19,
3/30/1993,12.23,,12.58,,12.82,,12.23,
3/29/1993,12.63,,13.04,,13.04,,12.27,
3/26/1993,12.21,,10.66,,12.38,,10.66,
3/25/1993,12.08,,12.71,,12.81,,12.04,
3/24/1993,12.44,,12.23,,12.89,,12.06,
3/23/1993,13.02,,12.71,,13.37,,12.69,
3/22/1993,13.66,,13.97,,14.42,,13.65,
3/19/1993,13.23,,14.33,,13.89,,13.11,
3/18/1993,14.17,,14.33,,15.07,,14.17,
3/17/1993,14.53,,15.06,,15.18,,14.4,
3/16/1993,14.51,,13.05,,14.68,,13.05,
3/15/1993,14.74,,15.01,,15.06,,14.63,
3/12/1993,15.66,,15.6,,16.37,,14.91,
3/11/1993,14.26,,13.97,,14.27,,13.92,
3/10/1993,13.91,,14.63,,14.72,,13.85,
3/9/1993,14.17,,14.02,,15.43,,13.78,
3/8/1993,16.22,,15,,16.3,,14.95,
3/5/1993,14.08,,13.2,,14.13,,12.98,
3/4/1993,13.44,,12.52,,14.02,,12.5,
3/3/1993,13.13,,13.14,,13.71,,12.93,
3/2/1993,12.49,,13.76,,13.8,,12.49,
3/1/1993,13.6,,13.13,,14.11,,13.07,
2/26/1993,13.16,,13.47,,13.82,,13.12,
2/25/1993,13.76,,12.99,,14.79,,12.95,
2/24/1993,14.72,,14,,15.03,,14,
2/23/1993,15.04,,15.1,,15.43,,14.6,
2/22/1993,14.7,,15.03,,15.25,,14.34,
2/19/1993,15.02,,15.74,,15.74,,15,
2/18/1993,15.56,,14.69,,16.65,,14.32,
2/17/1993,15.9,,15.96,,16.34,,15.57,
2/16/1993,15.76,,13.44,,16.45,,13.35,
2/12/1993,12.38,,13.58,,13.66,,12.32,
2/11/1993,12.69,,13.05,,13.65,,12.63,
2/10/1993,13.43,,13.58,,14.26,,13,
2/9/1993,13.48,,13.63,,13.76,,13.43,
2/8/1993,13.22,,13.15,,13.94,,12.2,
2/5/1993,12.9,,12.56,,13.45,,12.49,
2/4/1993,12.29,,11.86,,12.84,,11.69,
2/3/1993,12.12,,11.98,,12.34,,11.79,
2/2/1993,12.25,,12.47,,12.89,,12.22,
2/1/1993,12.33,,12.51,,12.92,,12.18,
1/29/1993,12.42,,12.49,,13.16,,12.42,
1/28/1993,12.04,,12.08,,12.46,,11.9,
1/27/1993,12.01,,11.66,,12.61,,11.44,
1/26/1993,11.45,,11.08,,11.5,,10.98,
1/25/1993,11.38,,11.42,,11.65,,11.26,
1/22/1993,11.3,,11.63,,11.74,,11.22,
1/21/1993,11.69,,12.41,,12.45,,11.69,
1/20/1993,12.15,,12.21,,12.34,,11.85,
1/19/1993,12.06,,11.64,,12.17,,11.62,
1/18/1993,11.49,,12.15,,12.17,,11.49,
1/15/1993,11.57,,11.9,,11.96,,11.25,
1/14/1993,11.99,,12.29,,12.33,,11.93,
1/13/1993,12.42,,13.02,,13.02,,12.15,
1/12/1993,12.78,,11.82,,13.87,,11.74,
1/11/1993,12.86,,13.27,,13.57,,12.43,
1/8/1993,13.77,,13.75,,14.39,,13.61,
1/7/1993,14.72,,12.9,,15.06,,12.65,
1/6/1993,13.37,,12.88,,14.17,,11.86,
1/5/1993,13.35,,12.99,,14.08,,12.92,
1/4/1993,13.36,,12.96,,13.92,,12.91,
12/31/1992,12.57,,11.87,,13.05,,11.75,
12/30/1992,12.6,,12.14,,13.6,,12.14,
12/29/1992,12.29,,12.27,,12.84,,11.72,
12/28/1992,12.22,,12.67,,12.85,,12.11,
12/24/1992,11.57,,11.5,,11.99,,11.3,
12/23/1992,11.51,,10.57,,11.9,,11.27,
12/22/1992,11.75,,10.57,,12.81,,10.36,
12/21/1992,11.65,,12.03,,11.97,,11.2,
12/18/1992,11.66,,12.03,,12.58,,10.64,
12/17/1992,12.14,,12.03,,12.6,,11.86,
12/16/1992,12.58,,12.61,,12.88,,12.15,
12/15/1992,12.41,,12.61,,12.92,,12.37,
12/14/1992,12.66,,12.61,,12.83,,12.36,
12/11/1992,12.34,,12.36,,13.52,,11.01,
12/10/1992,12.75,,12.36,,13.37,,12.26,
12/9/1992,12.58,,10.29,,13.34,,10.93,
12/8/1992,11.73,,10.29,,12.38,,10.29,
12/7/1992,12,,12,,12.61,,11.7,
12/4/1992,11.81,,11.69,,12.46,,11.54,
12/3/1992,12.03,,12.09,,12.78,,11.84,
12/2/1992,12.56,,12.06,,13.49,,11.99,
12/1/1992,12.8,,12.94,,13.89,,12.76,
11/30/1992,13.01,,11.38,,13.67,,11.38,
11/27/1992,12.58,,11.63,,12.67,,11.52,
11/25/1992,12.5,,12.48,,12.95,,12.48,
11/24/1992,12.66,,12.54,,13.37,,12.46,
11/23/1992,13.4,,12.93,,13.95,,12.89,
11/20/1992,13.67,,14.98,,14.2,,13.44,
11/19/1992,14.33,,14.98,,15.1,,14.14,
11/18/1992,14.55,,14.98,,14.98,,14.18,
11/17/1992,15.01,,15.74,,15.85,,14.44,
11/16/1992,14.86,,14.68,,14.89,,14.64,
11/13/1992,14.61,,14.8,,14.86,,14.03,
11/12/1992,14.37,,16.36,,16.36,,14.32,
11/11/1992,13.99,,14.6,,15.02,,13.99,
11/10/1992,14.37,,14.51,,14.71,,14.27,
11/9/1992,14.23,,15.66,,15.14,,14.06,
11/6/1992,14.69,,15.66,,15.68,,14.65,
11/5/1992,15.38,,16.1,,16.1,,15.35,
11/4/1992,16.28,,16.33,,16.87,,16.17,
11/3/1992,17.33,,16.01,,17.92,,15.96,
11/2/1992,16.67,,17.02,,17.13,,16.57,
10/30/1992,16.15,,15.9,,16.6,,15.57,
10/29/1992,15.47,,15.68,,15.83,,15.39,
10/28/1992,15.95,,16.33,,16.66,,15.81,
10/27/1992,16.24,,16.33,,16.75,,16.13,
10/26/1992,16.32,,16.93,,17.32,,16.31,
10/23/1992,16.46,,17.11,,17.21,,16.46,
10/22/1992,15.84,,15.83,,16.24,,15.72,
10/21/1992,16.62,,17.08,,17.08,,16.62,
10/20/1992,16.87,,16,,17.1,,15.74,
10/19/1992,17.31,,16.89,,17.35,,16.43,
10/16/1992,17.01,,15.8,,17.67,,15.47,
10/15/1992,17.11,,18.11,,18.15,,16.91,
10/14/1992,18.42,,15.77,,18.52,,15.58,
10/13/1992,17.9,,16.84,,18.44,,16.15,
10/12/1992,19.49,,20.61,,20.62,,19.48,
10/9/1992,20.51,,19.57,,21,,19.67,
10/8/1992,19.26,,19.57,,19.94,,18.95,
10/7/1992,21.02,,19.07,,21.08,,18.9,
10/6/1992,19.95,,20.37,,20.42,,19.49,
10/5/1992,20.01,,19.77,,25.13,,19.37,
10/2/1992,17.79,,15.33,,17.8,,15.32,
10/1/1992,16.31,,15.44,,16.31,,15.03,
9/30/1992,14.28,,13.96,,14.89,,13.96,
9/29/1992,14.97,,15.23,,15.36,,14.87,
9/28/1992,15.19,,15.42,,15.42,,15.11,
9/25/1992,14.8,,13.77,,14.98,,13.54,
9/24/1992,13.44,,13.76,,13.86,,13.42,
9/23/1992,13.83,,13.72,,14.11,,13.71,
9/22/1992,13.88,,13.57,,14.1,,13.53,
9/21/1992,13.45,,12.99,,13.72,,12.96,
9/18/1992,13.74,,13.61,,13.94,,12.8,
9/17/1992,14.31,,13.61,,14.41,,13.61,
9/16/1992,14.72,,11.53,,14.86,,13.52,
9/15/1992,13.63,,11.53,,13.75,,11.53,
9/14/1992,13,,13.37,,13.37,,12.51,
9/11/1992,12.47,,12.39,,13.02,,11.96,
9/10/1992,12.92,,12.64,,13.28,,12.59,
9/9/1992,13.36,,13.03,,13.92,,13.01,
9/8/1992,13.65,,13.36,,13.9,,13.36,
9/4/1992,12.98,,12.92,,13.16,,12.75,
9/3/1992,12.88,,10.77,,12.88,,10.69,
9/2/1992,12.73,,12.69,,13.09,,12.57,
9/1/1992,13.4,,11.87,,13.44,,11.85,
8/31/1992,13.58,,12.66,,13.89,,12.66,
8/28/1992,13.14,,12.57,,13.42,,12.52,
8/27/1992,13.66,,14.05,,13.86,,12.88,
8/26/1992,14.5,,14.05,,15.41,,14.05,
8/25/1992,15.62,,14.87,,16.52,,14.87,
8/24/1992,16.19,,13.74,,16.48,,15.21,
8/21/1992,15.01,,13.74,,15.48,,13.4,
8/20/1992,14.48,,14.37,,14.72,,14.13,
8/19/1992,14.35,,14.67,,14.84,,13.91,
8/18/1992,13.84,,14.67,,14.81,,13.84,
8/17/1992,14.61,,14.32,,15.54,,13.83,
8/14/1992,14.66,,15.63,,15.7,,14.66,
8/13/1992,15.34,,13.45,,15.79,,13.44,
8/12/1992,14.88,,14.28,,15.57,,13.51,
8/11/1992,15.09,,15.32,,15.92,,15.09,
8/10/1992,14.51,,13.87,,15.43,,13.83,
8/7/1992,13.94,,13.93,,14.28,,13.17,
8/6/1992,14.23,,12.4,,14.79,,12.34,
8/5/1992,13.82,,12.41,,14.34,,12.41,
8/4/1992,13.58,,13.34,,14.33,,13.11,
8/3/1992,13.83,,14.05,,14.33,,13.2,
7/31/1992,13.17,,12.55,,13.64,,12.55,
7/30/1992,13.5,,13.45,,13.79,,12.98,
7/29/1992,13.44,,12.21,,13.79,,12.21,
7/28/1992,13.05,,11.5,,14,,11.5,
7/27/1992,13.9,,13.34,,14.95,,13.34,
7/24/1992,13.37,,12.25,,14.16,,12.25,
7/23/1992,13.33,,13.33,,13.9,,13.24,
7/22/1992,13.57,,11.36,,14.01,,11.36,
7/21/1992,12.6,,12.2,,12.81,,12.17,
7/20/1992,12.66,,13.54,,13.54,,12.62,
7/17/1992,12.6,,13.15,,13.48,,12.4,
7/16/1992,12.27,,12.13,,12.88,,11.78,
7/15/1992,12.52,,12.41,,13.08,,12.31,
7/14/1992,13.5,,14.26,,14.39,,13.29,
7/13/1992,14.01,,12.47,,14.57,,12.47,
7/10/1992,13.7,,13.93,,14.12,,13.56,
7/9/1992,14.6,,14.34,,15.41,,14.05,
7/8/1992,15.53,,14.17,,16.36,,14.17,
7/7/1992,15.83,,14.03,,15.86,,14.03,
7/6/1992,14.87,,14.27,,15.43,,14.27,
7/2/1992,13.88,,12.69,,14.83,,12.68,
7/1/1992,13.34,,13.43,,13.57,,12.98,
6/30/1992,13.35,,13.66,,14.31,,13.19,
6/29/1992,13.21,,13.94,,14.41,,13.21,
6/26/1992,14.67,,14.13,,15,,14.13,
6/25/1992,14.4,,13.93,,15,,13.85,
6/24/1992,14.4,,14.26,,14.75,,14.12,
6/23/1992,14.53,,14.27,,15.29,,14.17,
6/22/1992,16.66,,14.66,,17.79,,14.64,
6/19/1992,16.31,,17.43,,17.53,,16.28,
6/18/1992,18.2,,18.23,,18.53,,17.64,
6/17/1992,18.08,,15.76,,18.08,,15.74,
6/16/1992,15.22,,15.12,,15.23,,14.82,
6/15/1992,14.76,,16.11,,16.11,,14.72,
6/12/1992,14.95,,15.37,,15.48,,14.71,
6/11/1992,16.29,,16.91,,16.95,,16.29,
6/10/1992,16.62,,15.9,,16.62,,15.75,
6/9/1992,15.97,,15.28,,15.98,,15.17,
6/8/1992,15.19,,15.6,,15.6,,15.1,
6/5/1992,14.65,,14.57,,14.96,,14.5,
6/4/1992,13.66,,13.21,,14.32,,13.14,
6/3/1992,14.35,,13.24,,14.97,,13.24,
6/2/1992,14.57,,12.92,,15.22,,12.73,
6/1/1992,14.43,,14.47,,14.84,,13.92,
5/29/1992,13.86,,12.77,,14.28,,12.77,
5/28/1992,13.77,,14.25,,14.57,,13.72,
5/27/1992,13.99,,13.84,,14.36,,13.59,
5/26/1992,14.92,,13.93,,15.28,,13.77,
5/22/1992,13.73,,14.03,,14.31,,13.53,
5/21/1992,13.92,,14.01,,15.12,,13.92,
5/20/1992,13.62,,12.98,,14.19,,12.98,
5/19/1992,13.57,,13.95,,14.4,,13.44,
5/18/1992,14.62,,15.17,,15.46,,14.58,
5/15/1992,14.82,,14.38,,16.06,,14.1,
5/14/1992,15.49,,14.38,,16.19,,14.35,
5/13/1992,15.19,,15.88,,15.88,,15.19,
5/12/1992,15.68,,15.4,,15.87,,15.32,
5/11/1992,15.17,,15.87,,15.9,,15.17,
5/8/1992,15.65,,16.18,,16.34,,15.52,
5/7/1992,16.54,,15.8,,17.29,,15.67,
5/6/1992,16.81,,16.11,,17.33,,15.9,
5/5/1992,16.66,,15.56,,17.12,,15.49,
5/4/1992,16.92,,16.7,,17.76,,16.48,
5/1/1992,16.61,,14.87,,17.36,,14.84,
4/30/1992,15.53,,15.86,,15.94,,15.53,
4/29/1992,15.95,,16.38,,16.4,,15.86,
4/28/1992,16.24,,16.56,,16.9,,16.24,
4/27/1992,16.49,,16.93,,16.93,,16.38,
4/24/1992,15.71,,15.73,,16.83,,15.53,
4/23/1992,15.83,,16.1,,16.75,,15.83,
4/22/1992,15.96,,16.03,,16.15,,15.86,
4/21/1992,16.53,,16,,16.86,,15.74,
4/20/1992,15.93,,16.15,,16.54,,15.7,
4/16/1992,14.85,,15.17,,15.58,,14.83,
4/15/1992,15.15,,16.36,,16.45,,15.15,
4/14/1992,15.98,,16.82,,16.82,,15.88,
4/13/1992,16.99,,17.42,,17.51,,16.93,
4/10/1992,16.85,,17.39,,17.43,,16.79,
4/9/1992,17.89,,18.95,,18.96,,17.48,
4/8/1992,20.15,,20.06,,21.44,,19.66,
4/7/1992,18.81,,17.26,,18.81,,16.56,
4/6/1992,16.72,,17.18,,17.2,,16.59,
4/3/1992,16.72,,18.22,,18.32,,16.71,
4/2/1992,17.06,,16.25,,17.17,,16.11,
4/1/1992,16.48,,16.93,,17.11,,16.43,
3/31/1992,16.18,,16.45,,16.56,,15.98,
3/30/1992,15.97,,16.43,,16.53,,15.9,
3/27/1992,16.02,,15.88,,16.09,,15.46,
3/26/1992,16.29,,16.55,,16.6,,16.1,
3/25/1992,16.19,,16.41,,16.41,,16.08,
3/24/1992,16.32,,16.27,,16.7,,16.18,
3/23/1992,16.73,,17.63,,17.63,,16.73,
3/20/1992,16.82,,16.73,,16.9,,16.58,
3/19/1992,16.52,,16.73,,16.85,,16.44,
3/18/1992,16.69,,16.95,,16.97,,16.61,
3/17/1992,16.79,,17.78,,17.84,,16.79,
3/16/1992,18.46,,19.13,,19.13,,18.44,
3/13/1992,18.35,,18.39,,18.88,,17.98,
3/12/1992,19.72,,19.47,,21.06,,19.47,
3/11/1992,19.79,,19.23,,20.34,,19.18,
3/10/1992,18.68,,19.62,,19.63,,18.6,
3/9/1992,19.68,,20.67,,20.68,,19.66,
3/6/1992,19.75,,18.25,,20.04,,18.14,
3/5/1992,18.47,,18.57,,18.89,,17.94,
3/4/1992,17.89,,17.82,,17.92,,17.43,
3/3/1992,17.26,,17.36,,17.41,,16.92,
3/2/1992,16.88,,17.44,,17.5,,16.88,
2/28/1992,16.68,,15.34,,17.17,,15.34,
2/27/1992,16.51,,16.97,,17.08,,16.36,
2/26/1992,16.64,,15.66,,16.74,,15.66,
2/25/1992,16.35,,15.86,,17.1,,15.52,
2/24/1992,17.13,,17.47,,17.55,,17.07,
2/21/1992,16.87,,15.75,,17.41,,15.75,
2/20/1992,16.72,,15.66,,17.32,,15.59,
2/19/1992,17.16,,17.79,,17.69,,16.85,
2/18/1992,18.22,,17.79,,18.32,,17.38,
2/14/1992,17.03,,17.52,,17.62,,16.81,
2/13/1992,17.45,,15.42,,18.03,,15.35,
2/12/1992,17.37,,18.22,,18.23,,17.37,
2/11/1992,17.7,,19.24,,18.57,,17.61,
2/10/1992,18.56,,19.24,,19.25,,18.55,
2/7/1992,18.51,,18.43,,19.31,,18.13,
2/6/1992,18.79,,18.8,,18.93,,18.64,
2/5/1992,18.22,,18.15,,18.35,,17.98,
2/4/1992,17.96,,17.16,,18.72,,16.84,
2/3/1992,18.2,,17.08,,19.21,,17.01,
1/31/1992,17.4,,14.16,,17.51,,14.12,
1/30/1992,17.49,,16.87,,17.75,,16.87,
1/29/1992,17.62,,16.57,,18.04,,16.05,
1/28/1992,17.67,,17.07,,17.7,,16.99,
1/27/1992,16.67,,16.15,,16.82,,16.15,
1/24/1992,16.24,,16.23,,16.33,,15.65,
1/23/1992,16.46,,15.48,,16.73,,15.4,
1/22/1992,16.75,,17.54,,17.58,,16.72,
1/21/1992,17.92,,16.74,,18.19,,16.6,
1/20/1992,16.42,,16.57,,16.72,,16.24,
1/17/1992,16.32,,16.59,,16.77,,16.01,
1/16/1992,17.64,,18.43,,18.43,,17.42,
1/15/1992,17.39,,17.81,,17.91,,17.31,
1/14/1992,17.01,,17.73,,17.73,,16.16,
1/13/1992,18.01,,19.05,,19.05,,18.01,
1/10/1992,18.45,,18.5,,18.89,,18.3,
1/9/1992,18.96,,17.58,,19.41,,17.58,
1/8/1992,18.72,,17.53,,19.27,,17.3,
1/7/1992,19.23,,20.3,,20.3,,19.12,
1/6/1992,18.96,,16.23,,19.49,,16.08,
1/3/1992,18.75,,17.04,,19.23,,17.04,
1/2/1992,18.95,,19.69,,20.15,,18.88,
12/31/1991,19.31,,,,,,,
12/30/1991,17.63,,,,,,,
12/27/1991,15.7,,,,,,,
12/26/1991,15.44,,,,,,,
12/24/1991,15.67,,,,,,,
12/23/1991,16.61,,,,,,,
12/20/1991,17.65,,,,,,,
12/19/1991,17.96,,,,,,,
12/18/1991,17.78,,,,,,,
12/17/1991,18.12,,,,,,,
12/16/1991,17.62,,,,,,,
12/13/1991,17.88,,,,,,,
12/12/1991,19.08,,,,,,,
12/11/1991,20.57,,,,,,,
12/10/1991,19.89,,,,,,,
12/9/1991,19.74,,,,,,,
12/6/1991,19.04,,,,,,,
12/5/1991,20.19,,,,,,,
12/4/1991,19.54,,,,,,,
12/3/1991,19.7,,,,,,,
12/2/1991,20.18,,,,,,,
11/29/1991,20.26,,,,,,,
11/27/1991,19.84,,,,,,,
11/26/1991,19.8,,,,,,,
11/25/1991,21.92,,,,,,,
11/22/1991,21.2,,,,,,,
11/21/1991,19.11,,,,,,,
11/20/1991,20.4,,,,,,,
11/19/1991,20.34,,,,,,,
11/18/1991,18.28,,,,,,,
11/15/1991,21.18,,,,,,,
11/14/1991,13.96,,,,,,,
11/13/1991,13.95,,,,,,,
11/12/1991,14.04,,,,,,,
11/11/1991,14.89,,,,,,,
11/8/1991,15.43,,,,,,,
11/7/1991,15.97,,,,,,,
11/6/1991,16.47,,,,,,,
11/5/1991,16.48,,,,,,,
11/4/1991,16.35,,,,,,,
11/1/1991,15.6,,,,,,,
10/31/1991,15.48,,,,,,,
10/30/1991,15.46,,,,,,,
10/29/1991,15.55,,,,,,,
10/28/1991,15.45,,,,,,,
10/25/1991,15.75,,,,,,,
10/24/1991,15.62,,,,,,,
10/23/1991,16.26,,,,,,,
10/22/1991,16.55,,,,,,,
10/21/1991,16.66,,,,,,,
10/18/1991,15.87,,,,,,,
10/17/1991,16.32,,,,,,,
10/16/1991,14.85,,,,,,,
10/15/1991,16.22,,,,,,,
10/14/1991,16.71,,,,,,,
10/11/1991,17.6,,,,,,,
10/10/1991,17.8,,,,,,,
10/9/1991,18.54,,,,,,,
10/8/1991,17.81,,,,,,,
10/7/1991,18.58,,,,,,,
10/4/1991,15.63,,,,,,,
10/3/1991,17.04,,,,,,,
10/2/1991,15.81,,,,,,,
10/1/1991,14.81,,,,,,,
9/30/1991,15.85,,,,,,,
9/27/1991,16.31,,,,,,,
9/26/1991,15.35,,,,,,,
9/25/1991,15.68,,,,,,,
9/24/1991,16.04,,,,,,,
9/23/1991,16.38,,,,,,,
9/20/1991,17.08,,,,,,,
9/19/1991,17.56,,,,,,,
9/18/1991,17.56,,,,,,,
9/17/1991,17.68,,,,,,,
9/16/1991,17.82,,,,,,,
9/13/1991,17.88,,,,,,,
9/12/1991,16.21,,,,,,,
9/11/1991,17.96,,,,,,,
9/10/1991,18.22,,,,,,,
9/9/1991,17.73,,,,,,,
9/6/1991,16.76,,,,,,,
9/5/1991,17.31,,,,,,,
9/4/1991,17.18,,,,,,,
9/3/1991,16.57,,,,,,,
8/30/1991,14.46,,,,,,,
8/29/1991,14.82,,,,,,,
8/28/1991,15.31,,,,,,,
8/27/1991,15.46,,,,,,,
8/26/1991,14.81,,,,,,,
8/23/1991,14.41,,,,,,,
8/22/1991,14.59,,,,,,,
8/21/1991,15.62,,,,,,,
8/20/1991,18.86,,,,,,,
8/19/1991,21.19,,,,,,,
8/16/1991,16.01,,,,,,,
8/15/1991,15.19,,,,,,,
8/14/1991,15.09,,,,,,,
8/13/1991,14.73,,,,,,,
8/12/1991,15.26,,,,,,,
8/9/1991,15.45,,,,,,,
8/8/1991,15.98,,,,,,,
8/7/1991,15.56,,,,,,,
8/6/1991,15.54,,,,,,,
8/5/1991,15.92,,,,,,,
8/2/1991,15.26,,,,,,,
8/1/1991,15.47,,,,,,,
7/31/1991,15.18,,,,,,,
7/30/1991,15.47,,,,,,,
7/29/1991,15.67,,,,,,,
7/26/1991,15.45,,,,,,,
7/25/1991,15.74,,,,,,,
7/24/1991,16.41,,,,,,,
7/23/1991,16.58,,,,,,,
7/22/1991,16.9,,,,,,,
7/19/1991,15.5,,,,,,,
7/18/1991,15.77,,,,,,,
7/17/1991,17.52,,,,,,,
7/16/1991,17.49,,,,,,,
7/15/1991,17.78,,,,,,,
7/12/1991,18.29,,,,,,,
7/11/1991,17.39,,,,,,,
7/10/1991,19.19,,,,,,,
7/9/1991,19.76,,,,,,,
7/8/1991,20.29,,,,,,,
7/5/1991,18.35,,,,,,,
7/3/1991,19.47,,,,,,,
7/2/1991,17.63,,,,,,,
7/1/1991,18.64,,,,,,,
6/28/1991,19.55,,,,,,,
6/27/1991,17.87,,,,,,,
6/26/1991,17.98,,,,,,,
6/25/1991,17.85,,,,,,,
6/24/1991,18.28,,,,,,,
6/21/1991,16.51,,,,,,,
6/20/1991,16.75,,,,,,,
6/19/1991,17.44,,,,,,,
6/18/1991,16.14,,,,,,,
6/17/1991,15.5,,,,,,,
6/14/1991,15.98,,,,,,,
6/13/1991,16.99,,,,,,,
6/12/1991,17.72,,,,,,,
6/11/1991,17.32,,,,,,,
6/10/1991,17.47,,,,,,,
6/7/1991,16.98,,,,,,,
6/6/1991,16.93,,,,,,,
6/5/1991,16.4,,,,,,,
6/4/1991,16.17,,,,,,,
6/3/1991,16.87,,,,,,,
5/31/1991,15.93,,,,,,,
5/30/1991,16.02,,,,,,,
5/29/1991,15.9,,,,,,,
5/28/1991,15.67,,,,,,,
5/24/1991,15.23,,,,,,,
5/23/1991,16.11,,,,,,,
5/22/1991,16.16,,,,,,,
5/21/1991,16.07,,,,,,,
5/20/1991,17.1,,,,,,,
5/17/1991,16.64,,,,,,,
5/16/1991,17.24,,,,,,,
5/15/1991,18.38,,,,,,,
5/14/1991,18,,,,,,,
5/13/1991,17.66,,,,,,,
5/10/1991,17.54,,,,,,,
5/9/1991,17.17,,,,,,,
5/8/1991,17.78,,,,,,,
5/7/1991,17.46,,,,,,,
5/6/1991,17.92,,,,,,,
5/3/1991,17.24,,,,,,,
5/2/1991,17.52,,,,,,,
5/1/1991,17.77,,,,,,,
4/30/1991,18.24,,,,,,,
4/29/1991,18.27,,,,,,,
4/26/1991,17.27,,,,,,,
4/25/1991,17.15,,,,,,,
4/24/1991,16.72,,,,,,,
4/23/1991,17.02,,,,,,,
4/22/1991,16.78,,,,,,,
4/19/1991,15.68,,,,,,,
4/18/1991,16.26,,,,,,,
4/17/1991,15.47,,,,,,,
4/16/1991,15.82,,,,,,,
4/15/1991,16.5,,,,,,,
4/12/1991,18.45,,,,,,,
4/11/1991,17.24,,,,,,,
4/10/1991,19.73,,,,,,,
4/9/1991,20.12,,,,,,,
4/8/1991,17.41,,,,,,,
4/5/1991,17.63,,,,,,,
4/4/1991,18.01,,,,,,,
4/3/1991,17.61,,,,,,,
4/2/1991,17.4,,,,,,,
4/1/1991,17.42,,,,,,,
3/28/1991,16.88,,,,,,,
3/27/1991,16.55,,,,,,,
3/26/1991,16.31,,,,,,,
3/25/1991,16.76,,,,,,,
3/22/1991,16.49,,,,,,,
3/21/1991,16.86,,,,,,,
3/20/1991,16.04,,,,,,,
3/19/1991,16.11,,,,,,,
3/18/1991,15.79,,,,,,,
3/15/1991,14.9,,,,,,,
3/14/1991,14.94,,,,,,,
3/13/1991,16.09,,,,,,,
3/12/1991,18.82,,,,,,,
3/11/1991,20.88,,,,,,,
3/8/1991,20.81,,,,,,,
3/7/1991,21.05,,,,,,,
3/6/1991,20.55,,,,,,,
3/5/1991,20.45,,,,,,,
3/4/1991,20.86,,,,,,,
2/28/1991,21.23,,,,,,,
2/27/1991,21.26,,,,,,,
2/26/1991,20.38,,,,,,,
2/25/1991,22.86,,,,,,,
2/22/1991,21.01,,,,,,,
2/21/1991,20.78,,,,,,,
2/20/1991,22.26,,,,,,,
2/19/1991,19.84,,,,,,,
2/15/1991,19.57,,,,,,,
2/14/1991,21.48,,,,,,,
2/13/1991,20.86,,,,,,,
2/12/1991,22.26,,,,,,,
2/11/1991,22.56,,,,,,,
2/8/1991,23.38,,,,,,,
2/7/1991,23.6,,,,,,,
2/6/1991,22.68,,,,,,,
2/5/1991,21.46,,,,,,,
2/4/1991,21.86,,,,,,,
2/1/1991,21.04,,,,,,,
1/31/1991,20.91,,,,,,,
1/30/1991,21.37,,,,,,,
1/29/1991,23.17,,,,,,,
1/28/1991,23.05,,,,,,,
1/25/1991,22.2,,,,,,,
1/24/1991,22.86,,,,,,,
1/23/1991,23.92,,,,,,,
1/22/1991,24.9,,,,,,,
1/21/1991,24.33,,,,,,,
1/18/1991,25.39,,,,,,,
1/17/1991,27.45,,,,,,,
1/16/1991,33.2,,,,,,,
1/15/1991,36.16,,,,,,,
1/14/1991,36.2,,,,,,,
1/11/1991,32.63,,,,,,,
1/10/1991,31.33,,,,,,,
1/9/1991,33.3,,,,,,,
1/8/1991,30.38,,,,,,,
1/7/1991,28.95,,,,,,,
1/4/1991,27.19,,,,,,,
1/3/1991,27.93,,,,,,,
1/2/1991,26.62,,,,,,,
12/31/1990,26.38,,,,,,,
12/28/1990,25.05,,,,,,,
12/27/1990,24.81,,,,,,,
12/26/1990,24.18,,,,,,,
12/24/1990,24.03,,,,,,,
12/21/1990,22.66,,,,,,,
12/20/1990,23.13,,,,,,,
12/19/1990,23.08,,,,,,,
12/18/1990,23.11,,,,,,,
12/17/1990,24.85,,,,,,,
12/14/1990,23.85,,,,,,,
12/13/1990,23.05,,,,,,,
12/12/1990,21.28,,,,,,,
12/11/1990,23.75,,,,,,,
12/10/1990,23.58,,,,,,,
12/7/1990,22.59,,,,,,,
12/6/1990,22.62,,,,,,,
12/5/1990,20.94,,,,,,,
12/4/1990,22.03,,,,,,,
12/3/1990,22.29,,,,,,,
11/30/1990,22.16,,,,,,,
11/29/1990,23.91,,,,,,,
11/28/1990,22.96,,,,,,,
11/27/1990,22.86,,,,,,,
11/26/1990,22.76,,,,,,,
11/23/1990,20.98,,,,,,,
11/21/1990,21.09,,,,,,,
11/20/1990,20.09,,,,,,,
11/19/1990,20.95,,,,,,,
11/16/1990,21.34,,,,,,,
11/15/1990,22.57,,,,,,,
11/14/1990,22.89,,,,,,,
11/13/1990,24.58,,,,,,,
11/12/1990,25.6,,,,,,,
11/9/1990,26.96,,,,,,,
11/8/1990,30.79,,,,,,,
11/7/1990,30.87,,,,,,,
11/6/1990,29.11,,,,,,,
11/5/1990,29.85,,,,,,,
11/2/1990,30.03,,,,,,,
11/1/1990,30.25,,,,,,,
10/31/1990,30.04,,,,,,,
10/30/1990,30.52,,,,,,,
10/29/1990,31.54,,,,,,,
10/26/1990,30.75,,,,,,,
10/25/1990,29.04,,,,,,,
10/24/1990,28.28,,,,,,,
10/23/1990,27.57,,,,,,,
10/22/1990,27.27,,,,,,,
10/19/1990,27.86,,,,,,,
10/18/1990,29.6,,,,,,,
10/17/1990,31.37,,,,,,,
10/16/1990,31.45,,,,,,,
10/15/1990,31.64,,,,,,,
10/12/1990,31.94,,,,,,,
10/11/1990,33.98,,,,,,,
10/10/1990,31.19,,,,,,,
10/9/1990,30.71,,,,,,,
10/8/1990,28.04,,,,,,,
10/5/1990,27.85,,,,,,,
10/4/1990,27.51,,,,,,,
10/3/1990,27.9,,,,,,,
10/2/1990,27.28,,,,,,,
10/1/1990,28.06,,,,,,,
9/28/1990,29.11,,,,,,,
9/27/1990,28.67,,,,,,,
9/26/1990,28.19,,,,,,,
9/25/1990,28.81,,,,,,,
9/24/1990,30.56,,,,,,,
9/21/1990,30.04,,,,,,,
9/20/1990,28.66,,,,,,,
9/19/1990,27.88,,,,,,,
9/18/1990,28.82,,,,,,,
9/17/1990,29.55,,,,,,,
9/14/1990,30.56,,,,,,,
9/13/1990,29.33,,,,,,,
9/12/1990,28.12,,,,,,,
9/11/1990,28.38,,,,,,,
9/10/1990,29.34,,,,,,,
9/7/1990,28.73,,,,,,,
9/6/1990,30.19,,,,,,,
9/5/1990,28.52,,,,,,,
9/4/1990,29.58,,,,,,,
8/31/1990,29.9,,,,,,,
8/30/1990,29.89,,,,,,,
8/29/1990,27.38,,,,,,,
8/28/1990,29.12,,,,,,,
8/27/1990,29.63,,,,,,,
8/24/1990,33.93,,,,,,,
8/23/1990,36.47,,,,,,,
8/22/1990,30.55,,,,,,,
8/21/1990,28.9,,,,,,,
8/20/1990,26.46,,,,,,,
8/17/1990,27.53,,,,,,,
8/16/1990,27.16,,,,,,,
8/15/1990,23.31,,,,,,,
8/14/1990,24.18,,,,,,,
8/13/1990,25.74,,,,,,,
8/10/1990,25.75,,,,,,,
8/9/1990,24.39,,,,,,,
8/8/1990,28.27,,,,,,,
8/7/1990,32.75,,,,,,,
8/6/1990,35.91,,,,,,,
8/3/1990,28.74,,,,,,,
8/2/1990,20.43,,,,,,,
8/1/1990,21.64,,,,,,,
7/31/1990,21.11,,,,,,,
7/30/1990,21.16,,,,,,,
7/27/1990,21.12,,,,,,,
7/26/1990,20.26,,,,,,,
7/25/1990,20.19,,,,,,,
7/24/1990,21.79,,,,,,,
7/23/1990,23.68,,,,,,,
7/20/1990,15.63,,,,,,,
7/19/1990,18.56,,,,,,,
7/18/1990,18.9,,,,,,,
7/17/1990,16.66,,,,,,,
7/16/1990,16.75,,,,,,,
7/13/1990,17.09,,,,,,,
7/12/1990,17.06,,,,,,,
7/11/1990,16.68,,,,,,,
7/10/1990,16.92,,,,,,,
7/9/1990,16.66,,,,,,,
7/6/1990,16.41,,,,,,,
7/5/1990,17.25,,,,,,,
7/3/1990,16.11,,,,,,,
7/2/1990,16.26,,,,,,,
6/29/1990,15.5,,,,,,,
6/28/1990,16.18,,,,,,,
6/27/1990,16,,,,,,,
6/26/1990,16.29,,,,,,,
6/25/1990,17.06,,,,,,,
6/22/1990,19.36,,,,,,,
6/21/1990,14.72,,,,,,,
6/20/1990,15.27,,,,,,,
6/19/1990,15.23,,,,,,,
6/18/1990,17.71,,,,,,,
6/15/1990,15.9,,,,,,,
6/14/1990,17.4,,,,,,,
6/13/1990,17.38,,,,,,,
6/12/1990,16.6,,,,,,,
6/11/1990,16.34,,,,,,,
6/8/1990,17.58,,,,,,,
6/7/1990,16.88,,,,,,,
6/6/1990,17.42,,,,,,,
6/5/1990,18.97,,,,,,,
6/4/1990,18.39,,,,,,,
6/1/1990,17.09,,,,,,,
5/31/1990,17.37,,,,,,,
5/30/1990,17.44,,,,,,,
5/29/1990,18.75,,,,,,,
5/25/1990,17.32,,,,,,,
5/24/1990,17.7,,,,,,,
5/23/1990,17.18,,,,,,,
5/22/1990,17.84,,,,,,,
5/21/1990,16.72,,,,,,,
5/18/1990,17.2,,,,,,,
5/17/1990,17.27,,,,,,,
5/16/1990,17.71,,,,,,,
5/15/1990,19.49,,,,,,,
5/14/1990,20.14,,,,,,,
5/11/1990,19.81,,,,,,,
5/10/1990,18.59,,,,,,,
5/9/1990,18.64,,,,,,,
5/8/1990,18.49,,,,,,,
5/7/1990,17.65,,,,,,,
5/4/1990,17.28,,,,,,,
5/3/1990,17.81,,,,,,,
5/2/1990,19.32,,,,,,,
5/1/1990,18.43,,,,,,,
4/30/1990,19.52,,,,,,,
4/27/1990,22.19,,,,,,,
4/26/1990,20.25,,,,,,,
4/25/1990,20.86,,,,,,,
4/24/1990,21.7,,,,,,,
4/23/1990,24.16,,,,,,,
4/20/1990,23.33,,,,,,,
4/19/1990,22.46,,,,,,,
4/18/1990,22.67,,,,,,,
4/17/1990,20.38,,,,,,,
4/16/1990,20.75,,,,,,,
4/12/1990,19.8,,,,,,,
4/11/1990,17.73,,,,,,,
4/10/1990,21.69,,,,,,,
4/9/1990,22.3,,,,,,,
4/6/1990,21.76,,,,,,,
4/5/1990,21.21,,,,,,,
4/4/1990,22.03,,,,,,,
4/3/1990,20.44,,,,,,,
4/2/1990,22.84,,,,,,,
3/30/1990,19.73,,,,,,,
3/29/1990,18.46,,,,,,,
3/28/1990,19.77,,,,,,,
3/27/1990,21.01,,,,,,,
3/26/1990,19.59,,,,,,,
3/23/1990,20.46,,,,,,,
3/22/1990,22.74,,,,,,,
3/21/1990,20.1,,,,,,,
3/20/1990,19.06,,,,,,,
3/19/1990,18.29,,,,,,,
3/16/1990,17.62,,,,,,,
3/15/1990,18.81,,,,,,,
3/14/1990,19.65,,,,,,,
3/13/1990,21.05,,,,,,,
3/12/1990,20.07,,,,,,,
3/9/1990,20.3,,,,,,,
3/8/1990,19.74,,,,,,,
3/7/1990,19.1,,,,,,,
3/6/1990,20.55,,,,,,,
3/5/1990,22.03,,,,,,,
3/2/1990,21.34,,,,,,,
3/1/1990,21.9,,,,,,,
2/28/1990,21.99,,,,,,,
2/27/1990,22.69,,,,,,,
2/26/1990,23.56,,,,,,,
2/23/1990,23.69,,,,,,,
2/22/1990,22.54,,,,,,,
2/21/1990,23.89,,,,,,,
2/20/1990,22.78,,,,,,,
2/16/1990,20.78,,,,,,,
2/15/1990,19.71,,,,,,,
2/14/1990,22.05,,,,,,,
2/13/1990,23.76,,,,,,,
2/12/1990,24.38,,,,,,,
2/9/1990,23.69,,,,,,,
2/8/1990,23.77,,,,,,,
2/7/1990,24.29,,,,,,,
2/6/1990,24.69,,,,,,,
2/5/1990,24.54,,,,,,,
2/2/1990,24.32,,,,,,,
2/1/1990,24.87,,,,,,,
1/31/1990,25.36,,,,,,,
1/30/1990,27.25,,,,,,,
1/29/1990,26.44,,,,,,,
1/26/1990,26.28,,,,,,,
1/25/1990,25.63,,,,,,,
1/24/1990,25.39,,,,,,,
1/23/1990,24.72,,,,,,,
1/22/1990,26.7,,,,,,,
1/19/1990,22.5,,,,,,,
1/18/1990,24.34,,,,,,,
1/17/1990,24.16,,,,,,,
1/16/1990,24.18,,,,,,,
1/15/1990,26.34,,,,,,,
1/12/1990,24.64,,,,,,,
1/11/1990,20.05,,,,,,,
1/10/1990,22.44,,,,,,,
1/9/1990,22.2,,,,,,,
1/8/1990,20.26,,,,,,,
1/5/1990,20.11,,,,,,,
1/4/1990,19.22,,,,,,,
1/3/1990,18.19,,,,,,,
1/2/1990,17.24,,,,,,,
